[2026-09-19T05:13:44.970+0000][0.003s][info][gc,init] CardTable entry size: 512
[2026-09-19T05:13:44.970+0000][0.003s][debug][gc,heap] Minimum heap 268435456  Initial heap 268435456  Maximum heap 419430400
[2026-09-19T05:13:44.970+0000][0.003s][info ][gc     ] Using Serial
[2026-09-19T05:13:44.970+0000][0.003s][info ][gc,init] Version: 21.0.12.1+9-LTS (release)
[2026-09-19T05:13:44.970+0000][0.003s][info ][gc,init] CPUs: 8 total, 1 available
[2026-09-19T05:13:44.970+0000][0.003s][info ][gc,init] Memory: 512M
[2026-09-19T05:13:44.970+0000][0.003s][info ][gc,init] Large Page Support: Disabled
[2026-09-19T05:13:44.970+0000][0.003s][info ][gc,init] NUMA Support: Disabled
[2026-09-19T05:13:44.970+0000][0.003s][info ][gc,init] Compressed Oops: Enabled (32-bit)
[2026-09-19T05:13:44.970+0000][0.003s][info ][gc,init] Heap Min Capacity: 256M
[2026-09-19T05:13:44.970+0000][0.003s][info ][gc,init] Heap Initial Capacity: 256M
[2026-09-19T05:13:44.970+0000][0.003s][info ][gc,init] Heap Max Capacity: 400M
[2026-09-19T05:13:44.970+0000][0.003s][info ][gc,init] Pre-touch: Disabled
[2026-09-19T05:13:44.977+0000][0.010s][info ][gc,metaspace] CDS archive(s) mapped at: [0x00007f3bd2000000-0x00007f3bd2c9c000-0x00007f3bd2c9c000), size 13221888, SharedBaseAddress: 0x00007f3bd2000000, ArchiveRelocationMode: 1.
[2026-09-19T05:13:44.977+0000][0.010s][info ][gc,metaspace] Compressed class space mapped at: 0x00007f3bd3000000-0x00007f3c13000000, reserved size: 1073741824
[2026-09-19T05:13:44.977+0000][0.010s][info ][gc,metaspace] Narrow klass base: 0x00007f3bd2000000, Narrow klass shift: 0, Narrow klass range: 0x100000000
[2026-09-19T05:13:46.010+0000][1.043s][info ][gc,start    ] GC(0) Pause Young (Allocation Failure)
[2026-09-19T05:13:46.010+0000][1.043s][debug][gc,heap     ] GC(0) Heap before GC invocations=0 (full 0):
[2026-09-19T05:13:46.010+0000][1.043s][debug][gc,heap     ] GC(0)  def new generation   total 78656K, used 69952K [0x00000000e7000000, 0x00000000ec550000, 0x00000000ef550000)
[2026-09-19T05:13:46.010+0000][1.043s][debug][gc,heap     ] GC(0)   eden space 69952K, 100% used [0x00000000e7000000, 0x00000000eb450000, 0x00000000eb450000)
[2026-09-19T05:13:46.010+0000][1.043s][debug][gc,heap     ] GC(0)   from space 8704K,   0% used [0x00000000eb450000, 0x00000000eb450000, 0x00000000ebcd0000)
[2026-09-19T05:13:46.010+0000][1.043s][debug][gc,heap     ] GC(0)   to   space 8704K,   0% used [0x00000000ebcd0000, 0x00000000ebcd0000, 0x00000000ec550000)
[2026-09-19T05:13:46.010+0000][1.043s][debug][gc,heap     ] GC(0)  tenured generation   total 174784K, used 1073K [0x00000000ef550000, 0x00000000fa000000, 0x0000000100000000)
[2026-09-19T05:13:46.010+0000][1.043s][debug][gc,heap     ] GC(0)    the space 174784K,   0% used [0x00000000ef550000, 0x00000000ef65c660, 0x00000000ef65c800, 0x00000000fa000000)
[2026-09-19T05:13:46.010+0000][1.043s][debug][gc,heap     ] GC(0)  Metaspace       used 4351K, committed 4608K, reserved 1114112K
[2026-09-19T05:13:46.010+0000][1.043s][debug][gc,heap     ] GC(0)   class space    used 464K, committed 576K, reserved 1048576K
[2026-09-19T05:13:46.015+0000][1.049s][info ][gc,heap     ] GC(0) DefNew: 69952K(78656K)->3608K(78656K) Eden: 69952K(69952K)->0K(69952K) From: 0K(8704K)->3608K(8704K)
[2026-09-19T05:13:46.015+0000][1.049s][info ][gc,heap     ] GC(0) Tenured: 1073K(174784K)->1073K(174784K)
[2026-09-19T05:13:46.015+0000][1.049s][info ][gc,metaspace] GC(0) Metaspace: 4351K(4608K)->4351K(4608K) NonClass: 3887K(4032K)->3887K(4032K) Class: 464K(576K)->464K(576K)
[2026-09-19T05:13:46.015+0000][1.049s][debug][gc,heap     ] GC(0) Heap after GC invocations=1 (full 0):
[2026-09-19T05:13:46.015+0000][1.049s][debug][gc,heap     ] GC(0)  def new generation   total 78656K, used 3608K [0x00000000e7000000, 0x00000000ec550000, 0x00000000ef550000)
[2026-09-19T05:13:46.015+0000][1.049s][debug][gc,heap     ] GC(0)   eden space 69952K,   0% used [0x00000000e7000000, 0x00000000e7000000, 0x00000000eb450000)
[2026-09-19T05:13:46.015+0000][1.049s][debug][gc,heap     ] GC(0)   from space 8704K,  41% used [0x00000000ebcd0000, 0x00000000ec0563e0, 0x00000000ec550000)
[2026-09-19T05:13:46.015+0000][1.049s][debug][gc,heap     ] GC(0)   to   space 8704K,   0% used [0x00000000eb450000, 0x00000000eb450000, 0x00000000ebcd0000)
[2026-09-19T05:13:46.015+0000][1.049s][debug][gc,heap     ] GC(0)  tenured generation   total 174784K, used 1073K [0x00000000ef550000, 0x00000000fa000000, 0x0000000100000000)
[2026-09-19T05:13:46.015+0000][1.049s][debug][gc,heap     ] GC(0)    the space 174784K,   0% used [0x00000000ef550000, 0x00000000ef65c660, 0x00000000ef65c800, 0x00000000fa000000)
[2026-09-19T05:13:46.015+0000][1.049s][debug][gc,heap     ] GC(0)  Metaspace       used 4351K, committed 4608K, reserved 1114112K
[2026-09-19T05:13:46.015+0000][1.049s][debug][gc,heap     ] GC(0)   class space    used 464K, committed 576K, reserved 1048576K
[2026-09-19T05:13:46.015+0000][1.049s][info ][gc          ] GC(0) Pause Young (Allocation Failure) 69M->4M(247M) 5.711ms
[2026-09-19T05:13:46.015+0000][1.049s][info ][gc,cpu      ] GC(0) User=0.01s Sys=0.00s Real=0.01s
[2026-09-19T05:13:46.807+0000][1.841s][info ][gc,start    ] GC(1) Pause Young (Allocation Failure)
[2026-09-19T05:13:46.807+0000][1.841s][debug][gc,heap     ] GC(1) Heap before GC invocations=1 (full 0):
[2026-09-19T05:13:46.807+0000][1.841s][debug][gc,heap     ] GC(1)  def new generation   total 78656K, used 73560K [0x00000000e7000000, 0x00000000ec550000, 0x00000000ef550000)
[2026-09-19T05:13:46.807+0000][1.841s][debug][gc,heap     ] GC(1)   eden space 69952K, 100% used [0x00000000e7000000, 0x00000000eb450000, 0x00000000eb450000)
[2026-09-19T05:13:46.807+0000][1.841s][debug][gc,heap     ] GC(1)   from space 8704K,  41% used [0x00000000ebcd0000, 0x00000000ec0563e0, 0x00000000ec550000)
[2026-09-19T05:13:46.807+0000][1.841s][debug][gc,heap     ] GC(1)   to   space 8704K,   0% used [0x00000000eb450000, 0x00000000eb450000, 0x00000000ebcd0000)
[2026-09-19T05:13:46.807+0000][1.841s][debug][gc,heap     ] GC(1)  tenured generation   total 174784K, used 1073K [0x00000000ef550000, 0x00000000fa000000, 0x0000000100000000)
[2026-09-19T05:13:46.807+0000][1.841s][debug][gc,heap     ] GC(1)    the space 174784K,   0% used [0x00000000ef550000, 0x00000000ef65c660, 0x00000000ef65c800, 0x00000000fa000000)
[2026-09-19T05:13:46.807+0000][1.841s][debug][gc,heap     ] GC(1)  Metaspace       used 10386K, committed 10752K, reserved 1114112K
[2026-09-19T05:13:46.807+0000][1.841s][debug][gc,heap     ] GC(1)   class space    used 1312K, committed 1472K, reserved 1048576K
[2026-09-19T05:13:46.816+0000][1.849s][info ][gc,heap     ] GC(1) DefNew: 73560K(78656K)->5497K(78656K) Eden: 69952K(69952K)->0K(69952K) From: 3608K(8704K)->5497K(8704K)
[2026-09-19T05:13:46.816+0000][1.849s][info ][gc,heap     ] GC(1) Tenured: 1073K(174784K)->1073K(174784K)
[2026-09-19T05:13:46.816+0000][1.849s][info ][gc,metaspace] GC(1) Metaspace: 10386K(10752K)->10386K(10752K) NonClass: 9073K(9280K)->9073K(9280K) Class: 1312K(1472K)->1312K(1472K)
[2026-09-19T05:13:46.816+0000][1.849s][debug][gc,heap     ] GC(1) Heap after GC invocations=2 (full 0):
[2026-09-19T05:13:46.816+0000][1.849s][debug][gc,heap     ] GC(1)  def new generation   total 78656K, used 5497K [0x00000000e7000000, 0x00000000ec550000, 0x00000000ef550000)
[2026-09-19T05:13:46.816+0000][1.849s][debug][gc,heap     ] GC(1)   eden space 69952K,   0% used [0x00000000e7000000, 0x00000000e7000000, 0x00000000eb450000)
[2026-09-19T05:13:46.816+0000][1.849s][debug][gc,heap     ] GC(1)   from space 8704K,  63% used [0x00000000eb450000, 0x00000000eb9ae590, 0x00000000ebcd0000)
[2026-09-19T05:13:46.816+0000][1.849s][debug][gc,heap     ] GC(1)   to   space 8704K,   0% used [0x00000000ebcd0000, 0x00000000ebcd0000, 0x00000000ec550000)
[2026-09-19T05:13:46.816+0000][1.849s][debug][gc,heap     ] GC(1)  tenured generation   total 174784K, used 1073K [0x00000000ef550000, 0x00000000fa000000, 0x0000000100000000)
[2026-09-19T05:13:46.816+0000][1.849s][debug][gc,heap     ] GC(1)    the space 174784K,   0% used [0x00000000ef550000, 0x00000000ef65c660, 0x00000000ef65c800, 0x00000000fa000000)
[2026-09-19T05:13:46.816+0000][1.849s][debug][gc,heap     ] GC(1)  Metaspace       used 10386K, committed 10752K, reserved 1114112K
[2026-09-19T05:13:46.816+0000][1.849s][debug][gc,heap     ] GC(1)   class space    used 1312K, committed 1472K, reserved 1048576K
[2026-09-19T05:13:46.816+0000][1.849s][info ][gc          ] GC(1) Pause Young (Allocation Failure) 72M->6M(247M) 8.600ms
[2026-09-19T05:13:46.816+0000][1.849s][info ][gc,cpu      ] GC(1) User=0.01s Sys=0.00s Real=0.01s
[2026-09-19T05:13:47.602+0000][2.636s][info ][gc,start    ] GC(2) Pause Young (Allocation Failure)
[2026-09-19T05:13:47.602+0000][2.636s][debug][gc,heap     ] GC(2) Heap before GC invocations=2 (full 0):
[2026-09-19T05:13:47.602+0000][2.636s][debug][gc,heap     ] GC(2)  def new generation   total 78656K, used 75449K [0x00000000e7000000, 0x00000000ec550000, 0x00000000ef550000)
[2026-09-19T05:13:47.602+0000][2.636s][debug][gc,heap     ] GC(2)   eden space 69952K, 100% used [0x00000000e7000000, 0x00000000eb450000, 0x00000000eb450000)
[2026-09-19T05:13:47.602+0000][2.636s][debug][gc,heap     ] GC(2)   from space 8704K,  63% used [0x00000000eb450000, 0x00000000eb9ae590, 0x00000000ebcd0000)
[2026-09-19T05:13:47.602+0000][2.636s][debug][gc,heap     ] GC(2)   to   space 8704K,   0% used [0x00000000ebcd0000, 0x00000000ebcd0000, 0x00000000ec550000)
[2026-09-19T05:13:47.602+0000][2.636s][debug][gc,heap     ] GC(2)  tenured generation   total 174784K, used 1073K [0x00000000ef550000, 0x00000000fa000000, 0x0000000100000000)
[2026-09-19T05:13:47.602+0000][2.636s][debug][gc,heap     ] GC(2)    the space 174784K,   0% used [0x00000000ef550000, 0x00000000ef65c660, 0x00000000ef65c800, 0x00000000fa000000)
[2026-09-19T05:13:47.602+0000][2.636s][debug][gc,heap     ] GC(2)  Metaspace       used 14480K, committed 14848K, reserved 1114112K
[2026-09-19T05:13:47.602+0000][2.636s][debug][gc,heap     ] GC(2)   class space    used 1866K, committed 2048K, reserved 1048576K
[2026-09-19T05:13:47.675+0000][2.708s][info ][gc,heap     ] GC(2) DefNew: 75449K(78656K)->4872K(78656K) Eden: 69952K(69952K)->0K(69952K) From: 5497K(8704K)->4872K(8704K)
[2026-09-19T05:13:47.675+0000][2.708s][info ][gc,heap     ] GC(2) Tenured: 1073K(174784K)->4594K(174784K)
[2026-09-19T05:13:47.675+0000][2.708s][info ][gc,metaspace] GC(2) Metaspace: 14480K(14848K)->14480K(14848K) NonClass: 12614K(12800K)->12614K(12800K) Class: 1866K(2048K)->1866K(2048K)
[2026-09-19T05:13:47.675+0000][2.708s][debug][gc,heap     ] GC(2) Heap after GC invocations=3 (full 0):
[2026-09-19T05:13:47.675+0000][2.708s][debug][gc,heap     ] GC(2)  def new generation   total 78656K, used 4872K [0x00000000e7000000, 0x00000000ec550000, 0x00000000ef550000)
[2026-09-19T05:13:47.675+0000][2.708s][debug][gc,heap     ] GC(2)   eden space 69952K,   0% used [0x00000000e7000000, 0x00000000e7000000, 0x00000000eb450000)
[2026-09-19T05:13:47.675+0000][2.708s][debug][gc,heap     ] GC(2)   from space 8704K,  55% used [0x00000000ebcd0000, 0x00000000ec1923d8, 0x00000000ec550000)
[2026-09-19T05:13:47.675+0000][2.708s][debug][gc,heap     ] GC(2)   to   space 8704K,   0% used [0x00000000eb450000, 0x00000000eb450000, 0x00000000ebcd0000)
[2026-09-19T05:13:47.675+0000][2.708s][debug][gc,heap     ] GC(2)  tenured generation   total 174784K, used 4594K [0x00000000ef550000, 0x00000000fa000000, 0x0000000100000000)
[2026-09-19T05:13:47.675+0000][2.708s][debug][gc,heap     ] GC(2)    the space 174784K,   2% used [0x00000000ef550000, 0x00000000ef9cc858, 0x00000000ef9cca00, 0x00000000fa000000)
[2026-09-19T05:13:47.675+0000][2.708s][debug][gc,heap     ] GC(2)  Metaspace       used 14480K, committed 14848K, reserved 1114112K
[2026-09-19T05:13:47.675+0000][2.708s][debug][gc,heap     ] GC(2)   class space    used 1866K, committed 2048K, reserved 1048576K
[2026-09-19T05:13:47.675+0000][2.708s][info ][gc          ] GC(2) Pause Young (Allocation Failure) 74M->9M(247M) 72.743ms
[2026-09-19T05:13:47.675+0000][2.708s][info ][gc,cpu      ] GC(2) User=0.01s Sys=0.01s Real=0.08s
[2026-09-19T05:13:48.312+0000][3.345s][info ][gc,start    ] GC(3) Pause Young (Allocation Failure)
[2026-09-19T05:13:48.312+0000][3.345s][debug][gc,heap     ] GC(3) Heap before GC invocations=3 (full 0):
[2026-09-19T05:13:48.312+0000][3.345s][debug][gc,heap     ] GC(3)  def new generation   total 78656K, used 74824K [0x00000000e7000000, 0x00000000ec550000, 0x00000000ef550000)
[2026-09-19T05:13:48.312+0000][3.345s][debug][gc,heap     ] GC(3)   eden space 69952K, 100% used [0x00000000e7000000, 0x00000000eb450000, 0x00000000eb450000)
[2026-09-19T05:13:48.312+0000][3.345s][debug][gc,heap     ] GC(3)   from space 8704K,  55% used [0x00000000ebcd0000, 0x00000000ec1923d8, 0x00000000ec550000)
[2026-09-19T05:13:48.312+0000][3.345s][debug][gc,heap     ] GC(3)   to   space 8704K,   0% used [0x00000000eb450000, 0x00000000eb450000, 0x00000000ebcd0000)
[2026-09-19T05:13:48.312+0000][3.345s][debug][gc,heap     ] GC(3)  tenured generation   total 174784K, used 4594K [0x00000000ef550000, 0x00000000fa000000, 0x0000000100000000)
[2026-09-19T05:13:48.312+0000][3.345s][debug][gc,heap     ] GC(3)    the space 174784K,   2% used [0x00000000ef550000, 0x00000000ef9cc858, 0x00000000ef9cca00, 0x00000000fa000000)
[2026-09-19T05:13:48.312+0000][3.345s][debug][gc,heap     ] GC(3)  Metaspace       used 18361K, committed 18752K, reserved 1114112K
[2026-09-19T05:13:48.312+0000][3.345s][debug][gc,heap     ] GC(3)   class space    used 2268K, committed 2432K, reserved 1048576K
[2026-09-19T05:13:48.384+0000][3.417s][info ][gc,heap     ] GC(3) DefNew: 74824K(78656K)->5708K(78656K) Eden: 69952K(69952K)->0K(69952K) From: 4872K(8704K)->5708K(8704K)
[2026-09-19T05:13:48.384+0000][3.417s][info ][gc,heap     ] GC(3) Tenured: 4594K(174784K)->6387K(174784K)
[2026-09-19T05:13:48.384+0000][3.417s][info ][gc,metaspace] GC(3) Metaspace: 18361K(18752K)->18361K(18752K) NonClass: 16093K(16320K)->16093K(16320K) Class: 2268K(2432K)->2268K(2432K)
[2026-09-19T05:13:48.384+0000][3.417s][debug][gc,heap     ] GC(3) Heap after GC invocations=4 (full 0):
[2026-09-19T05:13:48.384+0000][3.417s][debug][gc,heap     ] GC(3)  def new generation   total 78656K, used 5708K [0x00000000e7000000, 0x00000000ec550000, 0x00000000ef550000)
[2026-09-19T05:13:48.384+0000][3.417s][debug][gc,heap     ] GC(3)   eden space 69952K,   0% used [0x00000000e7000000, 0x00000000e7000000, 0x00000000eb450000)
[2026-09-19T05:13:48.384+0000][3.417s][debug][gc,heap     ] GC(3)   from space 8704K,  65% used [0x00000000eb450000, 0x00000000eb9e3170, 0x00000000ebcd0000)
[2026-09-19T05:13:48.384+0000][3.417s][debug][gc,heap     ] GC(3)   to   space 8704K,   0% used [0x00000000ebcd0000, 0x00000000ebcd0000, 0x00000000ec550000)
[2026-09-19T05:13:48.384+0000][3.417s][debug][gc,heap     ] GC(3)  tenured generation   total 174784K, used 6387K [0x00000000ef550000, 0x00000000fa000000, 0x0000000100000000)
[2026-09-19T05:13:48.384+0000][3.417s][debug][gc,heap     ] GC(3)    the space 174784K,   3% used [0x00000000ef550000, 0x00000000efb8cf08, 0x00000000efb8d000, 0x00000000fa000000)
[2026-09-19T05:13:48.384+0000][3.417s][debug][gc,heap     ] GC(3)  Metaspace       used 18361K, committed 18752K, reserved 1114112K
[2026-09-19T05:13:48.384+0000][3.417s][debug][gc,heap     ] GC(3)   class space    used 2268K, committed 2432K, reserved 1048576K
[2026-09-19T05:13:48.384+0000][3.417s][info ][gc          ] GC(3) Pause Young (Allocation Failure) 77M->11M(247M) 72.132ms
[2026-09-19T05:13:48.384+0000][3.417s][info ][gc,cpu      ] GC(3) User=0.01s Sys=0.00s Real=0.08s
[2026-09-19T05:13:48.906+0000][3.939s][info ][gc,start    ] GC(4) Pause Full (Metadata GC Threshold)
[2026-09-19T05:13:48.906+0000][3.939s][debug][gc,heap     ] GC(4) Heap before GC invocations=4 (full 0):
[2026-09-19T05:13:48.906+0000][3.939s][debug][gc,heap     ] GC(4)  def new generation   total 78656K, used 63274K [0x00000000e7000000, 0x00000000ec550000, 0x00000000ef550000)
[2026-09-19T05:13:48.906+0000][3.939s][debug][gc,heap     ] GC(4)   eden space 69952K,  82% used [0x00000000e7000000, 0x00000000ea837820, 0x00000000eb450000)
[2026-09-19T05:13:48.906+0000][3.939s][debug][gc,heap     ] GC(4)   from space 8704K,  65% used [0x00000000eb450000, 0x00000000eb9e3170, 0x00000000ebcd0000)
[2026-09-19T05:13:48.906+0000][3.939s][debug][gc,heap     ] GC(4)   to   space 8704K,   0% used [0x00000000ebcd0000, 0x00000000ebcd0000, 0x00000000ec550000)
[2026-09-19T05:13:48.906+0000][3.939s][debug][gc,heap     ] GC(4)  tenured generation   total 174784K, used 6387K [0x00000000ef550000, 0x00000000fa000000, 0x0000000100000000)
[2026-09-19T05:13:48.906+0000][3.939s][debug][gc,heap     ] GC(4)    the space 174784K,   3% used [0x00000000ef550000, 0x00000000efb8cf08, 0x00000000efb8d000, 0x00000000fa000000)
[2026-09-19T05:13:48.906+0000][3.939s][debug][gc,heap     ] GC(4)  Metaspace       used 21159K, committed 21504K, reserved 1114112K
[2026-09-19T05:13:48.906+0000][3.939s][debug][gc,heap     ] GC(4)   class space    used 2600K, committed 2752K, reserved 1048576K
[2026-09-19T05:13:48.906+0000][3.939s][info ][gc,phases,start] GC(4) Phase 1: Mark live objects
[2026-09-19T05:13:48.922+0000][3.955s][info ][gc,phases      ] GC(4) Phase 1: Mark live objects 16.121ms
[2026-09-19T05:13:48.922+0000][3.955s][info ][gc,phases,start] GC(4) Phase 2: Compute new object addresses
[2026-09-19T05:13:48.983+0000][4.016s][info ][gc,phases      ] GC(4) Phase 2: Compute new object addresses 60.924ms
[2026-09-19T05:13:48.983+0000][4.016s][info ][gc,phases,start] GC(4) Phase 3: Adjust pointers
[2026-09-19T05:13:48.992+0000][4.025s][info ][gc,phases      ] GC(4) Phase 3: Adjust pointers 8.430ms
[2026-09-19T05:13:48.992+0000][4.025s][info ][gc,phases,start] GC(4) Phase 4: Move objects
[2026-09-19T05:13:48.997+0000][4.030s][info ][gc,phases      ] GC(4) Phase 4: Move objects 4.752ms
[2026-09-19T05:13:48.997+0000][4.030s][info ][gc,heap        ] GC(4) DefNew: 63274K(78656K)->0K(78720K) Eden: 57566K(69952K)->0K(70016K) From: 5708K(8704K)->0K(8704K)
[2026-09-19T05:13:48.997+0000][4.030s][info ][gc,heap        ] GC(4) Tenured: 6387K(174784K)->13827K(174784K)
[2026-09-19T05:13:48.997+0000][4.030s][info ][gc,metaspace   ] GC(4) Metaspace: 21159K(21504K)->21159K(21504K) NonClass: 18558K(18752K)->18558K(18752K) Class: 2600K(2752K)->2600K(2752K)
[2026-09-19T05:13:48.997+0000][4.030s][debug][gc,heap        ] GC(4) Heap after GC invocations=5 (full 1):
[2026-09-19T05:13:48.997+0000][4.030s][debug][gc,heap        ] GC(4)  def new generation   total 78720K, used 0K [0x00000000e7000000, 0x00000000ec560000, 0x00000000ef550000)
[2026-09-19T05:13:48.997+0000][4.030s][debug][gc,heap        ] GC(4)   eden space 70016K,   0% used [0x00000000e7000000, 0x00000000e7000000, 0x00000000eb460000)
[2026-09-19T05:13:48.997+0000][4.030s][debug][gc,heap        ] GC(4)   from space 8704K,   0% used [0x00000000eb460000, 0x00000000eb460000, 0x00000000ebce0000)
[2026-09-19T05:13:48.997+0000][4.030s][debug][gc,heap        ] GC(4)   to   space 8704K,   0% used [0x00000000ebce0000, 0x00000000ebce0000, 0x00000000ec560000)
[2026-09-19T05:13:48.997+0000][4.030s][debug][gc,heap        ] GC(4)  tenured generation   total 174784K, used 13827K [0x00000000ef550000, 0x00000000fa000000, 0x0000000100000000)
[2026-09-19T05:13:48.997+0000][4.030s][debug][gc,heap        ] GC(4)    the space 174784K,   7% used [0x00000000ef550000, 0x00000000f02d0c70, 0x00000000f02d0e00, 0x00000000fa000000)
[2026-09-19T05:13:48.997+0000][4.030s][debug][gc,heap        ] GC(4)  Metaspace       used 21159K, committed 21504K, reserved 1114112K
[2026-09-19T05:13:48.997+0000][4.030s][debug][gc,heap        ] GC(4)   class space    used 2600K, committed 2752K, reserved 1048576K
[2026-09-19T05:13:48.997+0000][4.030s][info ][gc             ] GC(4) Pause Full (Metadata GC Threshold) 68M->13M(247M) 90.856ms
[2026-09-19T05:13:48.997+0000][4.030s][info ][gc,cpu         ] GC(4) User=0.03s Sys=0.01s Real=0.09s
[2026-09-19T05:13:49.480+0000][4.513s][info ][gc,start       ] GC(5) Pause Young (Allocation Failure)
[2026-09-19T05:13:49.480+0000][4.513s][debug][gc,heap        ] GC(5) Heap before GC invocations=5 (full 1):
[2026-09-19T05:13:49.480+0000][4.513s][debug][gc,heap        ] GC(5)  def new generation   total 78720K, used 70016K [0x00000000e7000000, 0x00000000ec560000, 0x00000000ef550000)
[2026-09-19T05:13:49.480+0000][4.513s][debug][gc,heap        ] GC(5)   eden space 70016K, 100% used [0x00000000e7000000, 0x00000000eb460000, 0x00000000eb460000)
[2026-09-19T05:13:49.480+0000][4.513s][debug][gc,heap        ] GC(5)   from space 8704K,   0% used [0x00000000eb460000, 0x00000000eb460000, 0x00000000ebce0000)
[2026-09-19T05:13:49.480+0000][4.513s][debug][gc,heap        ] GC(5)   to   space 8704K,   0% used [0x00000000ebce0000, 0x00000000ebce0000, 0x00000000ec560000)
[2026-09-19T05:13:49.480+0000][4.513s][debug][gc,heap        ] GC(5)  tenured generation   total 174784K, used 13827K [0x00000000ef550000, 0x00000000fa000000, 0x0000000100000000)
[2026-09-19T05:13:49.480+0000][4.513s][debug][gc,heap        ] GC(5)    the space 174784K,   7% used [0x00000000ef550000, 0x00000000f02d0c70, 0x00000000f02d0e00, 0x00000000fa000000)
[2026-09-19T05:13:49.480+0000][4.513s][debug][gc,heap        ] GC(5)  Metaspace       used 24594K, committed 25024K, reserved 1114112K
[2026-09-19T05:13:49.480+0000][4.513s][debug][gc,heap        ] GC(5)   class space    used 3137K, committed 3328K, reserved 1048576K
[2026-09-19T05:13:49.484+0000][4.517s][info ][gc,heap        ] GC(5) DefNew: 70016K(78720K)->1230K(78720K) Eden: 70016K(70016K)->0K(70016K) From: 0K(8704K)->1230K(8704K)
[2026-09-19T05:13:49.484+0000][4.517s][info ][gc,heap        ] GC(5) Tenured: 13827K(174784K)->13827K(174784K)
[2026-09-19T05:13:49.484+0000][4.517s][info ][gc,metaspace   ] GC(5) Metaspace: 24594K(25024K)->24594K(25024K) NonClass: 21457K(21696K)->21457K(21696K) Class: 3137K(3328K)->3137K(3328K)
[2026-09-19T05:13:49.484+0000][4.517s][debug][gc,heap        ] GC(5) Heap after GC invocations=6 (full 1):
[2026-09-19T05:13:49.484+0000][4.517s][debug][gc,heap        ] GC(5)  def new generation   total 78720K, used 1230K [0x00000000e7000000, 0x00000000ec560000, 0x00000000ef550000)
[2026-09-19T05:13:49.484+0000][4.517s][debug][gc,heap        ] GC(5)   eden space 70016K,   0% used [0x00000000e7000000, 0x00000000e7000000, 0x00000000eb460000)
[2026-09-19T05:13:49.484+0000][4.517s][debug][gc,heap        ] GC(5)   from space 8704K,  14% used [0x00000000ebce0000, 0x00000000ebe13a70, 0x00000000ec560000)
[2026-09-19T05:13:49.484+0000][4.517s][debug][gc,heap        ] GC(5)   to   space 8704K,   0% used [0x00000000eb460000, 0x00000000eb460000, 0x00000000ebce0000)
[2026-09-19T05:13:49.484+0000][4.517s][debug][gc,heap        ] GC(5)  tenured generation   total 174784K, used 13827K [0x00000000ef550000, 0x00000000fa000000, 0x0000000100000000)
[2026-09-19T05:13:49.484+0000][4.517s][debug][gc,heap        ] GC(5)    the space 174784K,   7% used [0x00000000ef550000, 0x00000000f02d0c70, 0x00000000f02d0e00, 0x00000000fa000000)
[2026-09-19T05:13:49.484+0000][4.517s][debug][gc,heap        ] GC(5)  Metaspace       used 24594K, committed 25024K, reserved 1114112K
[2026-09-19T05:13:49.484+0000][4.517s][debug][gc,heap        ] GC(5)   class space    used 3137K, committed 3328K, reserved 1048576K
[2026-09-19T05:13:49.484+0000][4.517s][info ][gc             ] GC(5) Pause Young (Allocation Failure) 81M->14M(247M) 4.229ms
[2026-09-19T05:13:49.484+0000][4.517s][info ][gc,cpu         ] GC(5) User=0.01s Sys=0.00s Real=0.01s
[2026-09-19T05:13:49.915+0000][4.948s][info ][gc,start       ] GC(6) Pause Young (Allocation Failure)
[2026-09-19T05:13:49.915+0000][4.949s][debug][gc,heap        ] GC(6) Heap before GC invocations=6 (full 1):
[2026-09-19T05:13:49.915+0000][4.949s][debug][gc,heap        ] GC(6)  def new generation   total 78720K, used 71246K [0x00000000e7000000, 0x00000000ec560000, 0x00000000ef550000)
[2026-09-19T05:13:49.915+0000][4.949s][debug][gc,heap        ] GC(6)   eden space 70016K, 100% used [0x00000000e7000000, 0x00000000eb460000, 0x00000000eb460000)
[2026-09-19T05:13:49.915+0000][4.949s][debug][gc,heap        ] GC(6)   from space 8704K,  14% used [0x00000000ebce0000, 0x00000000ebe13a70, 0x00000000ec560000)
[2026-09-19T05:13:49.915+0000][4.949s][debug][gc,heap        ] GC(6)   to   space 8704K,   0% used [0x00000000eb460000, 0x00000000eb460000, 0x00000000ebce0000)
[2026-09-19T05:13:49.915+0000][4.949s][debug][gc,heap        ] GC(6)  tenured generation   total 174784K, used 13827K [0x00000000ef550000, 0x00000000fa000000, 0x0000000100000000)
[2026-09-19T05:13:49.915+0000][4.949s][debug][gc,heap        ] GC(6)    the space 174784K,   7% used [0x00000000ef550000, 0x00000000f02d0c70, 0x00000000f02d0e00, 0x00000000fa000000)
[2026-09-19T05:13:49.915+0000][4.949s][debug][gc,heap        ] GC(6)  Metaspace       used 26903K, committed 27392K, reserved 1114112K
[2026-09-19T05:13:49.915+0000][4.949s][debug][gc,heap        ] GC(6)   class space    used 3546K, committed 3776K, reserved 1048576K
[2026-09-19T05:13:49.920+0000][4.954s][info ][gc,heap        ] GC(6) DefNew: 71246K(78720K)->2529K(78720K) Eden: 70016K(70016K)->0K(70016K) From: 1230K(8704K)->2529K(8704K)
[2026-09-19T05:13:49.920+0000][4.954s][info ][gc,heap        ] GC(6) Tenured: 13827K(174784K)->13827K(174784K)
[2026-09-19T05:13:49.920+0000][4.954s][info ][gc,metaspace   ] GC(6) Metaspace: 26903K(27392K)->26903K(27392K) NonClass: 23357K(23616K)->23357K(23616K) Class: 3546K(3776K)->3546K(3776K)
[2026-09-19T05:13:49.920+0000][4.954s][debug][gc,heap        ] GC(6) Heap after GC invocations=7 (full 1):
[2026-09-19T05:13:49.920+0000][4.954s][debug][gc,heap        ] GC(6)  def new generation   total 78720K, used 2529K [0x00000000e7000000, 0x00000000ec560000, 0x00000000ef550000)
[2026-09-19T05:13:49.920+0000][4.954s][debug][gc,heap        ] GC(6)   eden space 70016K,   0% used [0x00000000e7000000, 0x00000000e7000000, 0x00000000eb460000)
[2026-09-19T05:13:49.920+0000][4.954s][debug][gc,heap        ] GC(6)   from space 8704K,  29% used [0x00000000eb460000, 0x00000000eb6d8428, 0x00000000ebce0000)
[2026-09-19T05:13:49.920+0000][4.954s][debug][gc,heap        ] GC(6)   to   space 8704K,   0% used [0x00000000ebce0000, 0x00000000ebce0000, 0x00000000ec560000)
[2026-09-19T05:13:49.920+0000][4.954s][debug][gc,heap        ] GC(6)  tenured generation   total 174784K, used 13827K [0x00000000ef550000, 0x00000000fa000000, 0x0000000100000000)
[2026-09-19T05:13:49.920+0000][4.954s][debug][gc,heap        ] GC(6)    the space 174784K,   7% used [0x00000000ef550000, 0x00000000f02d0c70, 0x00000000f02d0e00, 0x00000000fa000000)
[2026-09-19T05:13:49.920+0000][4.954s][debug][gc,heap        ] GC(6)  Metaspace       used 26903K, committed 27392K, reserved 1114112K
[2026-09-19T05:13:49.920+0000][4.954s][debug][gc,heap        ] GC(6)   class space    used 3546K, committed 3776K, reserved 1048576K
[2026-09-19T05:13:49.920+0000][4.954s][info ][gc             ] GC(6) Pause Young (Allocation Failure) 83M->15M(247M) 5.154ms
[2026-09-19T05:13:49.974+0000][5.007s][info ][gc,cpu         ] GC(6) User=0.00s Sys=0.00s Real=0.00s
[2026-09-19T05:13:50.701+0000][5.734s][info ][gc,start       ] GC(7) Pause Young (Allocation Failure)
[2026-09-19T05:13:50.701+0000][5.734s][debug][gc,heap        ] GC(7) Heap before GC invocations=7 (full 1):
[2026-09-19T05:13:50.701+0000][5.734s][debug][gc,heap        ] GC(7)  def new generation   total 78720K, used 72545K [0x00000000e7000000, 0x00000000ec560000, 0x00000000ef550000)
[2026-09-19T05:13:50.701+0000][5.734s][debug][gc,heap        ] GC(7)   eden space 70016K, 100% used [0x00000000e7000000, 0x00000000eb460000, 0x00000000eb460000)
[2026-09-19T05:13:50.701+0000][5.734s][debug][gc,heap        ] GC(7)   from space 8704K,  29% used [0x00000000eb460000, 0x00000000eb6d8428, 0x00000000ebce0000)
[2026-09-19T05:13:50.701+0000][5.734s][debug][gc,heap        ] GC(7)   to   space 8704K,   0% used [0x00000000ebce0000, 0x00000000ebce0000, 0x00000000ec560000)
[2026-09-19T05:13:50.701+0000][5.734s][debug][gc,heap        ] GC(7)  tenured generation   total 174784K, used 13827K [0x00000000ef550000, 0x00000000fa000000, 0x0000000100000000)
[2026-09-19T05:13:50.701+0000][5.734s][debug][gc,heap        ] GC(7)    the space 174784K,   7% used [0x00000000ef550000, 0x00000000f02d0c70, 0x00000000f02d0e00, 0x00000000fa000000)
[2026-09-19T05:13:50.701+0000][5.734s][debug][gc,heap        ] GC(7)  Metaspace       used 31689K, committed 32128K, reserved 1114112K
[2026-09-19T05:13:50.701+0000][5.734s][debug][gc,heap        ] GC(7)   class space    used 4159K, committed 4352K, reserved 1048576K
[2026-09-19T05:13:50.711+0000][5.744s][info ][gc,heap        ] GC(7) DefNew: 72545K(78720K)->4997K(78720K) Eden: 70016K(70016K)->0K(70016K) From: 2529K(8704K)->4997K(8704K)
[2026-09-19T05:13:50.711+0000][5.744s][info ][gc,heap        ] GC(7) Tenured: 13827K(174784K)->13827K(174784K)
[2026-09-19T05:13:50.711+0000][5.744s][info ][gc,metaspace   ] GC(7) Metaspace: 31689K(32128K)->31689K(32128K) NonClass: 27530K(27776K)->27530K(27776K) Class: 4159K(4352K)->4159K(4352K)
[2026-09-19T05:13:50.711+0000][5.744s][debug][gc,heap        ] GC(7) Heap after GC invocations=8 (full 1):
[2026-09-19T05:13:50.711+0000][5.744s][debug][gc,heap        ] GC(7)  def new generation   total 78720K, used 4997K [0x00000000e7000000, 0x00000000ec560000, 0x00000000ef550000)
[2026-09-19T05:13:50.711+0000][5.744s][debug][gc,heap        ] GC(7)   eden space 70016K,   0% used [0x00000000e7000000, 0x00000000e7000000, 0x00000000eb460000)
[2026-09-19T05:13:50.711+0000][5.744s][debug][gc,heap        ] GC(7)   from space 8704K,  57% used [0x00000000ebce0000, 0x00000000ec1c1630, 0x00000000ec560000)
[2026-09-19T05:13:50.711+0000][5.744s][debug][gc,heap        ] GC(7)   to   space 8704K,   0% used [0x00000000eb460000, 0x00000000eb460000, 0x00000000ebce0000)
[2026-09-19T05:13:50.711+0000][5.744s][debug][gc,heap        ] GC(7)  tenured generation   total 174784K, used 13827K [0x00000000ef550000, 0x00000000fa000000, 0x0000000100000000)
[2026-09-19T05:13:50.711+0000][5.744s][debug][gc,heap        ] GC(7)    the space 174784K,   7% used [0x00000000ef550000, 0x00000000f02d0c70, 0x00000000f02d0e00, 0x00000000fa000000)
[2026-09-19T05:13:50.711+0000][5.744s][debug][gc,heap        ] GC(7)  Metaspace       used 31689K, committed 32128K, reserved 1114112K
[2026-09-19T05:13:50.711+0000][5.744s][debug][gc,heap        ] GC(7)   class space    used 4159K, committed 4352K, reserved 1048576K
[2026-09-19T05:13:50.711+0000][5.744s][info ][gc             ] GC(7) Pause Young (Allocation Failure) 84M->18M(247M) 9.611ms
[2026-09-19T05:13:50.711+0000][5.744s][info ][gc,cpu         ] GC(7) User=0.02s Sys=0.00s Real=0.01s
[2026-09-19T05:13:51.284+0000][6.317s][info ][gc,start       ] GC(8) Pause Full (Metadata GC Threshold)
[2026-09-19T05:13:51.284+0000][6.317s][debug][gc,heap        ] GC(8) Heap before GC invocations=8 (full 1):
[2026-09-19T05:13:51.284+0000][6.317s][debug][gc,heap        ] GC(8)  def new generation   total 78720K, used 66440K [0x00000000e7000000, 0x00000000ec560000, 0x00000000ef550000)
[2026-09-19T05:13:51.284+0000][6.317s][debug][gc,heap        ] GC(8)   eden space 70016K,  87% used [0x00000000e7000000, 0x00000000eac00cf0, 0x00000000eb460000)
[2026-09-19T05:13:51.284+0000][6.317s][debug][gc,heap        ] GC(8)   from space 8704K,  57% used [0x00000000ebce0000, 0x00000000ec1c1630, 0x00000000ec560000)
[2026-09-19T05:13:51.284+0000][6.317s][debug][gc,heap        ] GC(8)   to   space 8704K,   0% used [0x00000000eb460000, 0x00000000eb460000, 0x00000000ebce0000)
[2026-09-19T05:13:51.284+0000][6.317s][debug][gc,heap        ] GC(8)  tenured generation   total 174784K, used 13827K [0x00000000ef550000, 0x00000000fa000000, 0x0000000100000000)
[2026-09-19T05:13:51.284+0000][6.317s][debug][gc,heap        ] GC(8)    the space 174784K,   7% used [0x00000000ef550000, 0x00000000f02d0c70, 0x00000000f02d0e00, 0x00000000fa000000)
[2026-09-19T05:13:51.284+0000][6.317s][debug][gc,heap        ] GC(8)  Metaspace       used 35312K, committed 35840K, reserved 1114112K
[2026-09-19T05:13:51.284+0000][6.317s][debug][gc,heap        ] GC(8)   class space    used 4676K, committed 4928K, reserved 1048576K
[2026-09-19T05:13:51.284+0000][6.317s][info ][gc,phases,start] GC(8) Phase 1: Mark live objects
[2026-09-19T05:13:51.309+0000][6.342s][info ][gc,phases      ] GC(8) Phase 1: Mark live objects 25.027ms
[2026-09-19T05:13:51.309+0000][6.342s][info ][gc,phases,start] GC(8) Phase 2: Compute new object addresses
[2026-09-19T05:13:51.323+0000][6.356s][info ][gc,phases      ] GC(8) Phase 2: Compute new object addresses 14.096ms
[2026-09-19T05:13:51.323+0000][6.356s][info ][gc,phases,start] GC(8) Phase 3: Adjust pointers
[2026-09-19T05:13:51.386+0000][6.419s][info ][gc,phases      ] GC(8) Phase 3: Adjust pointers 63.004ms
[2026-09-19T05:13:51.386+0000][6.420s][info ][gc,phases,start] GC(8) Phase 4: Move objects
[2026-09-19T05:13:51.391+0000][6.424s][info ][gc,phases      ] GC(8) Phase 4: Move objects 4.316ms
[2026-09-19T05:13:51.391+0000][6.424s][info ][gc,heap        ] GC(8) DefNew: 66440K(78720K)->0K(78720K) Eden: 61443K(70016K)->0K(70016K) From: 4997K(8704K)->0K(8704K)
[2026-09-19T05:13:51.391+0000][6.424s][info ][gc,heap        ] GC(8) Tenured: 13827K(174784K)->20363K(174784K)
[2026-09-19T05:13:51.391+0000][6.424s][info ][gc,metaspace   ] GC(8) Metaspace: 35312K(35840K)->35312K(35840K) NonClass: 30636K(30912K)->30636K(30912K) Class: 4676K(4928K)->4676K(4928K)
[2026-09-19T05:13:51.391+0000][6.424s][debug][gc,heap        ] GC(8) Heap after GC invocations=9 (full 2):
[2026-09-19T05:13:51.391+0000][6.424s][debug][gc,heap        ] GC(8)  def new generation   total 78720K, used 0K [0x00000000e7000000, 0x00000000ec560000, 0x00000000ef550000)
[2026-09-19T05:13:51.391+0000][6.424s][debug][gc,heap        ] GC(8)   eden space 70016K,   0% used [0x00000000e7000000, 0x00000000e7000000, 0x00000000eb460000)
[2026-09-19T05:13:51.391+0000][6.424s][debug][gc,heap        ] GC(8)   from space 8704K,   0% used [0x00000000ebce0000, 0x00000000ebce0000, 0x00000000ec560000)
[2026-09-19T05:13:51.391+0000][6.424s][debug][gc,heap        ] GC(8)   to   space 8704K,   0% used [0x00000000eb460000, 0x00000000eb460000, 0x00000000ebce0000)
[2026-09-19T05:13:51.391+0000][6.424s][debug][gc,heap        ] GC(8)  tenured generation   total 174784K, used 20363K [0x00000000ef550000, 0x00000000fa000000, 0x0000000100000000)
[2026-09-19T05:13:51.391+0000][6.424s][debug][gc,heap        ] GC(8)    the space 174784K,  11% used [0x00000000ef550000, 0x00000000f0932f10, 0x00000000f0933000, 0x00000000fa000000)
[2026-09-19T05:13:51.391+0000][6.424s][debug][gc,heap        ] GC(8)  Metaspace       used 35312K, committed 35840K, reserved 1114112K
[2026-09-19T05:13:51.391+0000][6.424s][debug][gc,heap        ] GC(8)   class space    used 4676K, committed 4928K, reserved 1048576K
[2026-09-19T05:13:51.391+0000][6.424s][info ][gc             ] GC(8) Pause Full (Metadata GC Threshold) 78M->19M(247M) 107.210ms
[2026-09-19T05:13:51.391+0000][6.424s][info ][gc,cpu         ] GC(8) User=0.12s Sys=0.00s Real=0.10s
[2026-09-19T05:13:52.005+0000][7.039s][info ][gc,start       ] GC(9) Pause Young (Allocation Failure)
[2026-09-19T05:13:52.006+0000][7.039s][debug][gc,heap        ] GC(9) Heap before GC invocations=9 (full 2):
[2026-09-19T05:13:52.006+0000][7.039s][debug][gc,heap        ] GC(9)  def new generation   total 78720K, used 70016K [0x00000000e7000000, 0x00000000ec560000, 0x00000000ef550000)
[2026-09-19T05:13:52.006+0000][7.039s][debug][gc,heap        ] GC(9)   eden space 70016K, 100% used [0x00000000e7000000, 0x00000000eb460000, 0x00000000eb460000)
[2026-09-19T05:13:52.006+0000][7.039s][debug][gc,heap        ] GC(9)   from space 8704K,   0% used [0x00000000ebce0000, 0x00000000ebce0000, 0x00000000ec560000)
[2026-09-19T05:13:52.006+0000][7.039s][debug][gc,heap        ] GC(9)   to   space 8704K,   0% used [0x00000000eb460000, 0x00000000eb460000, 0x00000000ebce0000)
[2026-09-19T05:13:52.006+0000][7.039s][debug][gc,heap        ] GC(9)  tenured generation   total 174784K, used 20363K [0x00000000ef550000, 0x00000000fa000000, 0x0000000100000000)
[2026-09-19T05:13:52.006+0000][7.039s][debug][gc,heap        ] GC(9)    the space 174784K,  11% used [0x00000000ef550000, 0x00000000f0932f10, 0x00000000f0933000, 0x00000000fa000000)
[2026-09-19T05:13:52.006+0000][7.039s][debug][gc,heap        ] GC(9)  Metaspace       used 39759K, committed 40384K, reserved 1114112K
[2026-09-19T05:13:52.006+0000][7.039s][debug][gc,heap        ] GC(9)   class space    used 5207K, committed 5504K, reserved 1048576K
[2026-09-19T05:13:52.012+0000][7.045s][info ][gc,heap        ] GC(9) DefNew: 70016K(78720K)->2498K(78720K) Eden: 70016K(70016K)->0K(70016K) From: 0K(8704K)->2498K(8704K)
[2026-09-19T05:13:52.012+0000][7.045s][info ][gc,heap        ] GC(9) Tenured: 20363K(174784K)->20363K(174784K)
[2026-09-19T05:13:52.012+0000][7.045s][info ][gc,metaspace   ] GC(9) Metaspace: 39759K(40384K)->39759K(40384K) NonClass: 34551K(34880K)->34551K(34880K) Class: 5207K(5504K)->5207K(5504K)
[2026-09-19T05:13:52.012+0000][7.045s][debug][gc,heap        ] GC(9) Heap after GC invocations=10 (full 2):
[2026-09-19T05:13:52.012+0000][7.046s][debug][gc,heap        ] GC(9)  def new generation   total 78720K, used 2498K [0x00000000e7000000, 0x00000000ec560000, 0x00000000ef550000)
[2026-09-19T05:13:52.012+0000][7.046s][debug][gc,heap        ] GC(9)   eden space 70016K,   0% used [0x00000000e7000000, 0x00000000e7000000, 0x00000000eb460000)
[2026-09-19T05:13:52.012+0000][7.046s][debug][gc,heap        ] GC(9)   from space 8704K,  28% used [0x00000000eb460000, 0x00000000eb6d09f0, 0x00000000ebce0000)
[2026-09-19T05:13:52.012+0000][7.046s][debug][gc,heap        ] GC(9)   to   space 8704K,   0% used [0x00000000ebce0000, 0x00000000ebce0000, 0x00000000ec560000)
[2026-09-19T05:13:52.012+0000][7.046s][debug][gc,heap        ] GC(9)  tenured generation   total 174784K, used 20363K [0x00000000ef550000, 0x00000000fa000000, 0x0000000100000000)
[2026-09-19T05:13:52.012+0000][7.046s][debug][gc,heap        ] GC(9)    the space 174784K,  11% used [0x00000000ef550000, 0x00000000f0932f10, 0x00000000f0933000, 0x00000000fa000000)
[2026-09-19T05:13:52.012+0000][7.046s][debug][gc,heap        ] GC(9)  Metaspace       used 39759K, committed 40384K, reserved 1114112K
[2026-09-19T05:13:52.012+0000][7.046s][debug][gc,heap        ] GC(9)   class space    used 5207K, committed 5504K, reserved 1048576K
[2026-09-19T05:13:52.012+0000][7.046s][info ][gc             ] GC(9) Pause Young (Allocation Failure) 88M->22M(247M) 6.896ms
[2026-09-19T05:13:52.012+0000][7.046s][info ][gc,cpu         ] GC(9) User=0.00s Sys=0.00s Real=0.00s
[2026-09-19T05:13:52.379+0000][7.412s][info ][gc,start       ] GC(10) Pause Young (Allocation Failure)
[2026-09-19T05:13:52.379+0000][7.412s][debug][gc,heap        ] GC(10) Heap before GC invocations=10 (full 2):
[2026-09-19T05:13:52.379+0000][7.412s][debug][gc,heap        ] GC(10)  def new generation   total 78720K, used 72514K [0x00000000e7000000, 0x00000000ec560000, 0x00000000ef550000)
[2026-09-19T05:13:52.379+0000][7.412s][debug][gc,heap        ] GC(10)   eden space 70016K, 100% used [0x00000000e7000000, 0x00000000eb460000, 0x00000000eb460000)
[2026-09-19T05:13:52.379+0000][7.412s][debug][gc,heap        ] GC(10)   from space 8704K,  28% used [0x00000000eb460000, 0x00000000eb6d09f0, 0x00000000ebce0000)
[2026-09-19T05:13:52.379+0000][7.412s][debug][gc,heap        ] GC(10)   to   space 8704K,   0% used [0x00000000ebce0000, 0x00000000ebce0000, 0x00000000ec560000)
[2026-09-19T05:13:52.379+0000][7.412s][debug][gc,heap        ] GC(10)  tenured generation   total 174784K, used 20363K [0x00000000ef550000, 0x00000000fa000000, 0x0000000100000000)
[2026-09-19T05:13:52.379+0000][7.412s][debug][gc,heap        ] GC(10)    the space 174784K,  11% used [0x00000000ef550000, 0x00000000f0932f10, 0x00000000f0933000, 0x00000000fa000000)
[2026-09-19T05:13:52.379+0000][7.412s][debug][gc,heap        ] GC(10)  Metaspace       used 45427K, committed 46080K, reserved 1114112K
[2026-09-19T05:13:52.379+0000][7.412s][debug][gc,heap        ] GC(10)   class space    used 5874K, committed 6144K, reserved 1048576K
[2026-09-19T05:13:52.384+0000][7.418s][info ][gc,heap        ] GC(10) DefNew: 72514K(78720K)->3222K(78720K) Eden: 70016K(70016K)->0K(70016K) From: 2498K(8704K)->3222K(8704K)
[2026-09-19T05:13:52.384+0000][7.418s][info ][gc,heap        ] GC(10) Tenured: 20363K(174784K)->20363K(174784K)
[2026-09-19T05:13:52.384+0000][7.418s][info ][gc,metaspace   ] GC(10) Metaspace: 45427K(46080K)->45427K(46080K) NonClass: 39552K(39936K)->39552K(39936K) Class: 5874K(6144K)->5874K(6144K)
[2026-09-19T05:13:52.384+0000][7.418s][debug][gc,heap        ] GC(10) Heap after GC invocations=11 (full 2):
[2026-09-19T05:13:52.384+0000][7.418s][debug][gc,heap        ] GC(10)  def new generation   total 78720K, used 3222K [0x00000000e7000000, 0x00000000ec560000, 0x00000000ef550000)
[2026-09-19T05:13:52.384+0000][7.418s][debug][gc,heap        ] GC(10)   eden space 70016K,   0% used [0x00000000e7000000, 0x00000000e7000000, 0x00000000eb460000)
[2026-09-19T05:13:52.384+0000][7.418s][debug][gc,heap        ] GC(10)   from space 8704K,  37% used [0x00000000ebce0000, 0x00000000ec005808, 0x00000000ec560000)
[2026-09-19T05:13:52.384+0000][7.418s][debug][gc,heap        ] GC(10)   to   space 8704K,   0% used [0x00000000eb460000, 0x00000000eb460000, 0x00000000ebce0000)
[2026-09-19T05:13:52.384+0000][7.418s][debug][gc,heap        ] GC(10)  tenured generation   total 174784K, used 20363K [0x00000000ef550000, 0x00000000fa000000, 0x0000000100000000)
[2026-09-19T05:13:52.384+0000][7.418s][debug][gc,heap        ] GC(10)    the space 174784K,  11% used [0x00000000ef550000, 0x00000000f0932f10, 0x00000000f0933000, 0x00000000fa000000)
[2026-09-19T05:13:52.384+0000][7.418s][debug][gc,heap        ] GC(10)  Metaspace       used 45427K, committed 46080K, reserved 1114112K
[2026-09-19T05:13:52.384+0000][7.418s][debug][gc,heap        ] GC(10)   class space    used 5874K, committed 6144K, reserved 1048576K
[2026-09-19T05:13:52.385+0000][7.418s][info ][gc             ] GC(10) Pause Young (Allocation Failure) 90M->23M(247M) 5.793ms
[2026-09-19T05:13:52.385+0000][7.418s][info ][gc,cpu         ] GC(10) User=0.01s Sys=0.00s Real=0.01s
[2026-09-19T05:13:53.294+0000][8.327s][info ][gc,start       ] GC(11) Pause Young (Allocation Failure)
[2026-09-19T05:13:53.294+0000][8.327s][debug][gc,heap        ] GC(11) Heap before GC invocations=11 (full 2):
[2026-09-19T05:13:53.294+0000][8.327s][debug][gc,heap        ] GC(11)  def new generation   total 78720K, used 73238K [0x00000000e7000000, 0x00000000ec560000, 0x00000000ef550000)
[2026-09-19T05:13:53.294+0000][8.327s][debug][gc,heap        ] GC(11)   eden space 70016K, 100% used [0x00000000e7000000, 0x00000000eb460000, 0x00000000eb460000)
[2026-09-19T05:13:53.294+0000][8.327s][debug][gc,heap        ] GC(11)   from space 8704K,  37% used [0x00000000ebce0000, 0x00000000ec005808, 0x00000000ec560000)
[2026-09-19T05:13:53.294+0000][8.327s][debug][gc,heap        ] GC(11)   to   space 8704K,   0% used [0x00000000eb460000, 0x00000000eb460000, 0x00000000ebce0000)
[2026-09-19T05:13:53.294+0000][8.327s][debug][gc,heap        ] GC(11)  tenured generation   total 174784K, used 20363K [0x00000000ef550000, 0x00000000fa000000, 0x0000000100000000)
[2026-09-19T05:13:53.294+0000][8.327s][debug][gc,heap        ] GC(11)    the space 174784K,  11% used [0x00000000ef550000, 0x00000000f0932f10, 0x00000000f0933000, 0x00000000fa000000)
[2026-09-19T05:13:53.294+0000][8.327s][debug][gc,heap        ] GC(11)  Metaspace       used 52824K, committed 53440K, reserved 1114112K
[2026-09-19T05:13:53.294+0000][8.327s][debug][gc,heap        ] GC(11)   class space    used 6817K, committed 7104K, reserved 1048576K
[2026-09-19T05:13:53.304+0000][8.337s][info ][gc,heap        ] GC(11) DefNew: 73238K(78720K)->5127K(78720K) Eden: 70016K(70016K)->0K(70016K) From: 3222K(8704K)->5127K(8704K)
[2026-09-19T05:13:53.304+0000][8.337s][info ][gc,heap        ] GC(11) Tenured: 20363K(174784K)->20363K(174784K)
[2026-09-19T05:13:53.304+0000][8.337s][info ][gc,metaspace   ] GC(11) Metaspace: 52824K(53440K)->52824K(53440K) NonClass: 46007K(46336K)->46007K(46336K) Class: 6817K(7104K)->6817K(7104K)
[2026-09-19T05:13:53.304+0000][8.337s][debug][gc,heap        ] GC(11) Heap after GC invocations=12 (full 2):
[2026-09-19T05:13:53.304+0000][8.337s][debug][gc,heap        ] GC(11)  def new generation   total 78720K, used 5127K [0x00000000e7000000, 0x00000000ec560000, 0x00000000ef550000)
[2026-09-19T05:13:53.304+0000][8.337s][debug][gc,heap        ] GC(11)   eden space 70016K,   0% used [0x00000000e7000000, 0x00000000e7000000, 0x00000000eb460000)
[2026-09-19T05:13:53.304+0000][8.337s][debug][gc,heap        ] GC(11)   from space 8704K,  58% used [0x00000000eb460000, 0x00000000eb961f60, 0x00000000ebce0000)
[2026-09-19T05:13:53.304+0000][8.337s][debug][gc,heap        ] GC(11)   to   space 8704K,   0% used [0x00000000ebce0000, 0x00000000ebce0000, 0x00000000ec560000)
[2026-09-19T05:13:53.304+0000][8.337s][debug][gc,heap        ] GC(11)  tenured generation   total 174784K, used 20363K [0x00000000ef550000, 0x00000000fa000000, 0x0000000100000000)
[2026-09-19T05:13:53.304+0000][8.337s][debug][gc,heap        ] GC(11)    the space 174784K,  11% used [0x00000000ef550000, 0x00000000f0932f10, 0x00000000f0933000, 0x00000000fa000000)
[2026-09-19T05:13:53.304+0000][8.337s][debug][gc,heap        ] GC(11)  Metaspace       used 52824K, committed 53440K, reserved 1114112K
[2026-09-19T05:13:53.304+0000][8.337s][debug][gc,heap        ] GC(11)   class space    used 6817K, committed 7104K, reserved 1048576K
[2026-09-19T05:13:53.304+0000][8.337s][info ][gc             ] GC(11) Pause Young (Allocation Failure) 91M->24M(247M) 9.931ms
[2026-09-19T05:13:53.304+0000][8.337s][info ][gc,cpu         ] GC(11) User=0.02s Sys=0.00s Real=0.01s
[2026-09-19T05:13:54.089+0000][9.122s][info ][gc,start       ] GC(12) Pause Young (Allocation Failure)
[2026-09-19T05:13:54.089+0000][9.122s][debug][gc,heap        ] GC(12) Heap before GC invocations=12 (full 2):
[2026-09-19T05:13:54.089+0000][9.122s][debug][gc,heap        ] GC(12)  def new generation   total 78720K, used 75143K [0x00000000e7000000, 0x00000000ec560000, 0x00000000ef550000)
[2026-09-19T05:13:54.089+0000][9.122s][debug][gc,heap        ] GC(12)   eden space 70016K, 100% used [0x00000000e7000000, 0x00000000eb460000, 0x00000000eb460000)
[2026-09-19T05:13:54.089+0000][9.122s][debug][gc,heap        ] GC(12)   from space 8704K,  58% used [0x00000000eb460000, 0x00000000eb961f60, 0x00000000ebce0000)
[2026-09-19T05:13:54.089+0000][9.122s][debug][gc,heap        ] GC(12)   to   space 8704K,   0% used [0x00000000ebce0000, 0x00000000ebce0000, 0x00000000ec560000)
[2026-09-19T05:13:54.089+0000][9.122s][debug][gc,heap        ] GC(12)  tenured generation   total 174784K, used 20363K [0x00000000ef550000, 0x00000000fa000000, 0x0000000100000000)
[2026-09-19T05:13:54.089+0000][9.122s][debug][gc,heap        ] GC(12)    the space 174784K,  11% used [0x00000000ef550000, 0x00000000f0932f10, 0x00000000f0933000, 0x00000000fa000000)
[2026-09-19T05:13:54.089+0000][9.122s][debug][gc,heap        ] GC(12)  Metaspace       used 57478K, committed 58176K, reserved 1114112K
[2026-09-19T05:13:54.089+0000][9.122s][debug][gc,heap        ] GC(12)   class space    used 7547K, committed 7872K, reserved 1048576K
[2026-09-19T05:13:54.101+0000][9.134s][info ][gc,heap        ] GC(12) DefNew: 75143K(78720K)->4116K(78720K) Eden: 70016K(70016K)->0K(70016K) From: 5127K(8704K)->4116K(8704K)
[2026-09-19T05:13:54.101+0000][9.134s][info ][gc,heap        ] GC(12) Tenured: 20363K(174784K)->22757K(174784K)
[2026-09-19T05:13:54.101+0000][9.134s][info ][gc,metaspace   ] GC(12) Metaspace: 57478K(58176K)->57478K(58176K) NonClass: 49930K(50304K)->49930K(50304K) Class: 7547K(7872K)->7547K(7872K)
[2026-09-19T05:13:54.101+0000][9.134s][debug][gc,heap        ] GC(12) Heap after GC invocations=13 (full 2):
[2026-09-19T05:13:54.101+0000][9.134s][debug][gc,heap        ] GC(12)  def new generation   total 78720K, used 4116K [0x00000000e7000000, 0x00000000ec560000, 0x00000000ef550000)
[2026-09-19T05:13:54.101+0000][9.134s][debug][gc,heap        ] GC(12)   eden space 70016K,   0% used [0x00000000e7000000, 0x00000000e7000000, 0x00000000eb460000)
[2026-09-19T05:13:54.101+0000][9.134s][debug][gc,heap        ] GC(12)   from space 8704K,  47% used [0x00000000ebce0000, 0x00000000ec0e5098, 0x00000000ec560000)
[2026-09-19T05:13:54.101+0000][9.134s][debug][gc,heap        ] GC(12)   to   space 8704K,   0% used [0x00000000eb460000, 0x00000000eb460000, 0x00000000ebce0000)
[2026-09-19T05:13:54.101+0000][9.134s][debug][gc,heap        ] GC(12)  tenured generation   total 174784K, used 22757K [0x00000000ef550000, 0x00000000fa000000, 0x0000000100000000)
[2026-09-19T05:13:54.101+0000][9.134s][debug][gc,heap        ] GC(12)    the space 174784K,  13% used [0x00000000ef550000, 0x00000000f0b89530, 0x00000000f0b89600, 0x00000000fa000000)
[2026-09-19T05:13:54.101+0000][9.134s][debug][gc,heap        ] GC(12)  Metaspace       used 57478K, committed 58176K, reserved 1114112K
[2026-09-19T05:13:54.101+0000][9.134s][debug][gc,heap        ] GC(12)   class space    used 7547K, committed 7872K, reserved 1048576K
[2026-09-19T05:13:54.101+0000][9.134s][info ][gc             ] GC(12) Pause Young (Allocation Failure) 93M->26M(247M) 11.973ms
[2026-09-19T05:13:54.101+0000][9.134s][info ][gc,cpu         ] GC(12) User=0.02s Sys=0.01s Real=0.01s
[2026-09-19T05:13:54.376+0000][9.409s][info ][gc,start       ] GC(13) Pause Full (Metadata GC Threshold)
[2026-09-19T05:13:54.376+0000][9.409s][debug][gc,heap        ] GC(13) Heap before GC invocations=13 (full 2):
[2026-09-19T05:13:54.376+0000][9.409s][debug][gc,heap        ] GC(13)  def new generation   total 78720K, used 43016K [0x00000000e7000000, 0x00000000ec560000, 0x00000000ef550000)
[2026-09-19T05:13:54.376+0000][9.409s][debug][gc,heap        ] GC(13)   eden space 70016K,  55% used [0x00000000e7000000, 0x00000000e95fcfa8, 0x00000000eb460000)
[2026-09-19T05:13:54.376+0000][9.409s][debug][gc,heap        ] GC(13)   from space 8704K,  47% used [0x00000000ebce0000, 0x00000000ec0e5098, 0x00000000ec560000)
[2026-09-19T05:13:54.376+0000][9.409s][debug][gc,heap        ] GC(13)   to   space 8704K,   0% used [0x00000000eb460000, 0x00000000eb460000, 0x00000000ebce0000)
[2026-09-19T05:13:54.376+0000][9.409s][debug][gc,heap        ] GC(13)  tenured generation   total 174784K, used 22757K [0x00000000ef550000, 0x00000000fa000000, 0x0000000100000000)
[2026-09-19T05:13:54.376+0000][9.409s][debug][gc,heap        ] GC(13)    the space 174784K,  13% used [0x00000000ef550000, 0x00000000f0b89530, 0x00000000f0b89600, 0x00000000fa000000)
[2026-09-19T05:13:54.376+0000][9.409s][debug][gc,heap        ] GC(13)  Metaspace       used 59134K, committed 59776K, reserved 1114112K
[2026-09-19T05:13:54.376+0000][9.409s][debug][gc,heap        ] GC(13)   class space    used 7942K, committed 8256K, reserved 1048576K
[2026-09-19T05:13:54.376+0000][9.409s][info ][gc,phases,start] GC(13) Phase 1: Mark live objects
[2026-09-19T05:13:54.407+0000][9.440s][info ][gc,phases      ] GC(13) Phase 1: Mark live objects 31.180ms
[2026-09-19T05:13:54.407+0000][9.440s][info ][gc,phases,start] GC(13) Phase 2: Compute new object addresses
[2026-09-19T05:13:54.420+0000][9.453s][info ][gc,phases      ] GC(13) Phase 2: Compute new object addresses 12.561ms
[2026-09-19T05:13:54.420+0000][9.453s][info ][gc,phases,start] GC(13) Phase 3: Adjust pointers
[2026-09-19T05:13:54.435+0000][9.468s][info ][gc,phases      ] GC(13) Phase 3: Adjust pointers 15.220ms
[2026-09-19T05:13:54.435+0000][9.468s][info ][gc,phases,start] GC(13) Phase 4: Move objects
[2026-09-19T05:13:54.438+0000][9.471s][info ][gc,phases      ] GC(13) Phase 4: Move objects 3.188ms
[2026-09-19T05:13:54.439+0000][9.472s][info ][gc,heap        ] GC(13) DefNew: 43016K(78720K)->0K(78720K) Eden: 38899K(70016K)->0K(70016K) From: 4116K(8704K)->0K(8704K)
[2026-09-19T05:13:54.439+0000][9.472s][info ][gc,heap        ] GC(13) Tenured: 22757K(174784K)->27844K(174784K)
[2026-09-19T05:13:54.439+0000][9.472s][info ][gc,metaspace   ] GC(13) Metaspace: 59134K(59776K)->59134K(59776K) NonClass: 51192K(51520K)->51192K(51520K) Class: 7942K(8256K)->7942K(8256K)
[2026-09-19T05:13:54.439+0000][9.472s][debug][gc,heap        ] GC(13) Heap after GC invocations=14 (full 3):
[2026-09-19T05:13:54.439+0000][9.472s][debug][gc,heap        ] GC(13)  def new generation   total 78720K, used 0K [0x00000000e7000000, 0x00000000ec560000, 0x00000000ef550000)
[2026-09-19T05:13:54.439+0000][9.472s][debug][gc,heap        ] GC(13)   eden space 70016K,   0% used [0x00000000e7000000, 0x00000000e7000000, 0x00000000eb460000)
[2026-09-19T05:13:54.439+0000][9.472s][debug][gc,heap        ] GC(13)   from space 8704K,   0% used [0x00000000ebce0000, 0x00000000ebce0000, 0x00000000ec560000)
[2026-09-19T05:13:54.439+0000][9.472s][debug][gc,heap        ] GC(13)   to   space 8704K,   0% used [0x00000000eb460000, 0x00000000eb460000, 0x00000000ebce0000)
[2026-09-19T05:13:54.439+0000][9.472s][debug][gc,heap        ] GC(13)  tenured generation   total 174784K, used 27844K [0x00000000ef550000, 0x00000000fa000000, 0x0000000100000000)
[2026-09-19T05:13:54.439+0000][9.472s][debug][gc,heap        ] GC(13)    the space 174784K,  15% used [0x00000000ef550000, 0x00000000f1081098, 0x00000000f1081200, 0x00000000fa000000)
[2026-09-19T05:13:54.439+0000][9.472s][debug][gc,heap        ] GC(13)  Metaspace       used 59134K, committed 59776K, reserved 1114112K
[2026-09-19T05:13:54.439+0000][9.472s][debug][gc,heap        ] GC(13)   class space    used 7942K, committed 8256K, reserved 1048576K
[2026-09-19T05:13:54.439+0000][9.472s][info ][gc             ] GC(13) Pause Full (Metadata GC Threshold) 64M->27M(247M) 62.982ms
[2026-09-19T05:13:54.439+0000][9.472s][info ][gc,cpu         ] GC(13) User=0.07s Sys=0.00s Real=0.06s
[2026-09-19T05:13:54.894+0000][9.927s][info ][gc,start       ] GC(14) Pause Young (Allocation Failure)
[2026-09-19T05:13:54.894+0000][9.927s][debug][gc,heap        ] GC(14) Heap before GC invocations=14 (full 3):
[2026-09-19T05:13:54.894+0000][9.927s][debug][gc,heap        ] GC(14)  def new generation   total 78720K, used 70016K [0x00000000e7000000, 0x00000000ec560000, 0x00000000ef550000)
[2026-09-19T05:13:54.894+0000][9.927s][debug][gc,heap        ] GC(14)   eden space 70016K, 100% used [0x00000000e7000000, 0x00000000eb460000, 0x00000000eb460000)
[2026-09-19T05:13:54.894+0000][9.927s][debug][gc,heap        ] GC(14)   from space 8704K,   0% used [0x00000000ebce0000, 0x00000000ebce0000, 0x00000000ec560000)
[2026-09-19T05:13:54.894+0000][9.927s][debug][gc,heap        ] GC(14)   to   space 8704K,   0% used [0x00000000eb460000, 0x00000000eb460000, 0x00000000ebce0000)
[2026-09-19T05:13:54.894+0000][9.927s][debug][gc,heap        ] GC(14)  tenured generation   total 174784K, used 27844K [0x00000000ef550000, 0x00000000fa000000, 0x0000000100000000)
[2026-09-19T05:13:54.894+0000][9.927s][debug][gc,heap        ] GC(14)    the space 174784K,  15% used [0x00000000ef550000, 0x00000000f1081098, 0x00000000f1081200, 0x00000000fa000000)
[2026-09-19T05:13:54.894+0000][9.927s][debug][gc,heap        ] GC(14)  Metaspace       used 63122K, committed 63808K, reserved 1114112K
[2026-09-19T05:13:54.894+0000][9.927s][debug][gc,heap        ] GC(14)   class space    used 8576K, committed 8896K, reserved 1048576K
[2026-09-19T05:13:54.898+0000][9.931s][info ][gc,heap        ] GC(14) DefNew: 70016K(78720K)->881K(78720K) Eden: 70016K(70016K)->0K(70016K) From: 0K(8704K)->881K(8704K)
[2026-09-19T05:13:54.898+0000][9.931s][info ][gc,heap        ] GC(14) Tenured: 27844K(174784K)->27844K(174784K)
[2026-09-19T05:13:54.898+0000][9.931s][info ][gc,metaspace   ] GC(14) Metaspace: 63122K(63808K)->63122K(63808K) NonClass: 54546K(54912K)->54546K(54912K) Class: 8576K(8896K)->8576K(8896K)
[2026-09-19T05:13:54.898+0000][9.931s][debug][gc,heap        ] GC(14) Heap after GC invocations=15 (full 3):
[2026-09-19T05:13:54.898+0000][9.931s][debug][gc,heap        ] GC(14)  def new generation   total 78720K, used 881K [0x00000000e7000000, 0x00000000ec560000, 0x00000000ef550000)
[2026-09-19T05:13:54.898+0000][9.931s][debug][gc,heap        ] GC(14)   eden space 70016K,   0% used [0x00000000e7000000, 0x00000000e7000000, 0x00000000eb460000)
[2026-09-19T05:13:54.898+0000][9.931s][debug][gc,heap        ] GC(14)   from space 8704K,  10% used [0x00000000eb460000, 0x00000000eb53c638, 0x00000000ebce0000)
[2026-09-19T05:13:54.898+0000][9.931s][debug][gc,heap        ] GC(14)   to   space 8704K,   0% used [0x00000000ebce0000, 0x00000000ebce0000, 0x00000000ec560000)
[2026-09-19T05:13:54.898+0000][9.931s][debug][gc,heap        ] GC(14)  tenured generation   total 174784K, used 27844K [0x00000000ef550000, 0x00000000fa000000, 0x0000000100000000)
[2026-09-19T05:13:54.898+0000][9.931s][debug][gc,heap        ] GC(14)    the space 174784K,  15% used [0x00000000ef550000, 0x00000000f1081098, 0x00000000f1081200, 0x00000000fa000000)
[2026-09-19T05:13:54.898+0000][9.931s][debug][gc,heap        ] GC(14)  Metaspace       used 63122K, committed 63808K, reserved 1114112K
[2026-09-19T05:13:54.898+0000][9.931s][debug][gc,heap        ] GC(14)   class space    used 8576K, committed 8896K, reserved 1048576K
[2026-09-19T05:13:54.898+0000][9.931s][info ][gc             ] GC(14) Pause Young (Allocation Failure) 95M->28M(247M) 4.036ms
[2026-09-19T05:13:54.898+0000][9.931s][info ][gc,cpu         ] GC(14) User=0.00s Sys=0.00s Real=0.00s
[2026-09-19T05:13:55.587+0000][10.620s][info ][gc,start       ] GC(15) Pause Young (Allocation Failure)
[2026-09-19T05:13:55.587+0000][10.620s][debug][gc,heap        ] GC(15) Heap before GC invocations=15 (full 3):
[2026-09-19T05:13:55.587+0000][10.620s][debug][gc,heap        ] GC(15)  def new generation   total 78720K, used 70897K [0x00000000e7000000, 0x00000000ec560000, 0x00000000ef550000)
[2026-09-19T05:13:55.587+0000][10.620s][debug][gc,heap        ] GC(15)   eden space 70016K, 100% used [0x00000000e7000000, 0x00000000eb460000, 0x00000000eb460000)
[2026-09-19T05:13:55.587+0000][10.620s][debug][gc,heap        ] GC(15)   from space 8704K,  10% used [0x00000000eb460000, 0x00000000eb53c638, 0x00000000ebce0000)
[2026-09-19T05:13:55.587+0000][10.620s][debug][gc,heap        ] GC(15)   to   space 8704K,   0% used [0x00000000ebce0000, 0x00000000ebce0000, 0x00000000ec560000)
[2026-09-19T05:13:55.587+0000][10.620s][debug][gc,heap        ] GC(15)  tenured generation   total 174784K, used 27844K [0x00000000ef550000, 0x00000000fa000000, 0x0000000100000000)
[2026-09-19T05:13:55.587+0000][10.620s][debug][gc,heap        ] GC(15)    the space 174784K,  15% used [0x00000000ef550000, 0x00000000f1081098, 0x00000000f1081200, 0x00000000fa000000)
[2026-09-19T05:13:55.587+0000][10.620s][debug][gc,heap        ] GC(15)  Metaspace       used 68830K, committed 69568K, reserved 1114112K
[2026-09-19T05:13:55.587+0000][10.620s][debug][gc,heap        ] GC(15)   class space    used 9287K, committed 9600K, reserved 1048576K
[2026-09-19T05:13:55.593+0000][10.626s][info ][gc,heap        ] GC(15) DefNew: 70897K(78720K)->2592K(78720K) Eden: 70016K(70016K)->0K(70016K) From: 881K(8704K)->2592K(8704K)
[2026-09-19T05:13:55.593+0000][10.626s][info ][gc,heap        ] GC(15) Tenured: 27844K(174784K)->27844K(174784K)
[2026-09-19T05:13:55.593+0000][10.626s][info ][gc,metaspace   ] GC(15) Metaspace: 68830K(69568K)->68830K(69568K) NonClass: 59542K(59968K)->59542K(59968K) Class: 9287K(9600K)->9287K(9600K)
[2026-09-19T05:13:55.593+0000][10.626s][debug][gc,heap        ] GC(15) Heap after GC invocations=16 (full 3):
[2026-09-19T05:13:55.593+0000][10.626s][debug][gc,heap        ] GC(15)  def new generation   total 78720K, used 2592K [0x00000000e7000000, 0x00000000ec560000, 0x00000000ef550000)
[2026-09-19T05:13:55.593+0000][10.626s][debug][gc,heap        ] GC(15)   eden space 70016K,   0% used [0x00000000e7000000, 0x00000000e7000000, 0x00000000eb460000)
[2026-09-19T05:13:55.593+0000][10.626s][debug][gc,heap        ] GC(15)   from space 8704K,  29% used [0x00000000ebce0000, 0x00000000ebf68290, 0x00000000ec560000)
[2026-09-19T05:13:55.593+0000][10.626s][debug][gc,heap        ] GC(15)   to   space 8704K,   0% used [0x00000000eb460000, 0x00000000eb460000, 0x00000000ebce0000)
[2026-09-19T05:13:55.593+0000][10.626s][debug][gc,heap        ] GC(15)  tenured generation   total 174784K, used 27844K [0x00000000ef550000, 0x00000000fa000000, 0x0000000100000000)
[2026-09-19T05:13:55.593+0000][10.626s][debug][gc,heap        ] GC(15)    the space 174784K,  15% used [0x00000000ef550000, 0x00000000f1081098, 0x00000000f1081200, 0x00000000fa000000)
[2026-09-19T05:13:55.593+0000][10.626s][debug][gc,heap        ] GC(15)  Metaspace       used 68830K, committed 69568K, reserved 1114112K
[2026-09-19T05:13:55.593+0000][10.626s][debug][gc,heap        ] GC(15)   class space    used 9287K, committed 9600K, reserved 1048576K
[2026-09-19T05:13:55.593+0000][10.626s][info ][gc             ] GC(15) Pause Young (Allocation Failure) 96M->29M(247M) 6.297ms
[2026-09-19T05:13:55.593+0000][10.626s][info ][gc,cpu         ] GC(15) User=0.00s Sys=0.00s Real=0.00s
[2026-09-19T05:13:56.111+0000][11.144s][info ][gc,start       ] GC(16) Pause Young (Allocation Failure)
[2026-09-19T05:13:56.111+0000][11.144s][debug][gc,heap        ] GC(16) Heap before GC invocations=16 (full 3):
[2026-09-19T05:13:56.111+0000][11.145s][debug][gc,heap        ] GC(16)  def new generation   total 78720K, used 72608K [0x00000000e7000000, 0x00000000ec560000, 0x00000000ef550000)
[2026-09-19T05:13:56.111+0000][11.145s][debug][gc,heap        ] GC(16)   eden space 70016K, 100% used [0x00000000e7000000, 0x00000000eb460000, 0x00000000eb460000)
[2026-09-19T05:13:56.111+0000][11.145s][debug][gc,heap        ] GC(16)   from space 8704K,  29% used [0x00000000ebce0000, 0x00000000ebf68290, 0x00000000ec560000)
[2026-09-19T05:13:56.111+0000][11.145s][debug][gc,heap        ] GC(16)   to   space 8704K,   0% used [0x00000000eb460000, 0x00000000eb460000, 0x00000000ebce0000)
[2026-09-19T05:13:56.111+0000][11.145s][debug][gc,heap        ] GC(16)  tenured generation   total 174784K, used 27844K [0x00000000ef550000, 0x00000000fa000000, 0x0000000100000000)
[2026-09-19T05:13:56.111+0000][11.145s][debug][gc,heap        ] GC(16)    the space 174784K,  15% used [0x00000000ef550000, 0x00000000f1081098, 0x00000000f1081200, 0x00000000fa000000)
[2026-09-19T05:13:56.111+0000][11.145s][debug][gc,heap        ] GC(16)  Metaspace       used 74677K, committed 75456K, reserved 1114112K
[2026-09-19T05:13:56.111+0000][11.145s][debug][gc,heap        ] GC(16)   class space    used 10125K, committed 10496K, reserved 1048576K
[2026-09-19T05:13:56.119+0000][11.152s][info ][gc,heap        ] GC(16) DefNew: 72608K(78720K)->3893K(78720K) Eden: 70016K(70016K)->0K(70016K) From: 2592K(8704K)->3893K(8704K)
[2026-09-19T05:13:56.119+0000][11.152s][info ][gc,heap        ] GC(16) Tenured: 27844K(174784K)->27844K(174784K)
[2026-09-19T05:13:56.119+0000][11.152s][info ][gc,metaspace   ] GC(16) Metaspace: 74677K(75456K)->74677K(75456K) NonClass: 64552K(64960K)->64552K(64960K) Class: 10125K(10496K)->10125K(10496K)
[2026-09-19T05:13:56.119+0000][11.152s][debug][gc,heap        ] GC(16) Heap after GC invocations=17 (full 3):
[2026-09-19T05:13:56.119+0000][11.152s][debug][gc,heap        ] GC(16)  def new generation   total 78720K, used 3893K [0x00000000e7000000, 0x00000000ec560000, 0x00000000ef550000)
[2026-09-19T05:13:56.119+0000][11.152s][debug][gc,heap        ] GC(16)   eden space 70016K,   0% used [0x00000000e7000000, 0x00000000e7000000, 0x00000000eb460000)
[2026-09-19T05:13:56.119+0000][11.152s][debug][gc,heap        ] GC(16)   from space 8704K,  44% used [0x00000000eb460000, 0x00000000eb82d678, 0x00000000ebce0000)
[2026-09-19T05:13:56.119+0000][11.152s][debug][gc,heap        ] GC(16)   to   space 8704K,   0% used [0x00000000ebce0000, 0x00000000ebce0000, 0x00000000ec560000)
[2026-09-19T05:13:56.119+0000][11.152s][debug][gc,heap        ] GC(16)  tenured generation   total 174784K, used 27844K [0x00000000ef550000, 0x00000000fa000000, 0x0000000100000000)
[2026-09-19T05:13:56.119+0000][11.152s][debug][gc,heap        ] GC(16)    the space 174784K,  15% used [0x00000000ef550000, 0x00000000f1081098, 0x00000000f1081200, 0x00000000fa000000)
[2026-09-19T05:13:56.119+0000][11.152s][debug][gc,heap        ] GC(16)  Metaspace       used 74677K, committed 75456K, reserved 1114112K
[2026-09-19T05:13:56.119+0000][11.152s][debug][gc,heap        ] GC(16)   class space    used 10125K, committed 10496K, reserved 1048576K
[2026-09-19T05:13:56.119+0000][11.152s][info ][gc             ] GC(16) Pause Young (Allocation Failure) 98M->30M(247M) 8.037ms
[2026-09-19T05:13:56.174+0000][11.207s][info ][gc,cpu         ] GC(16) User=0.01s Sys=0.00s Real=0.01s
[2026-09-19T05:13:56.700+0000][11.733s][info ][gc,start       ] GC(17) Pause Young (Allocation Failure)
[2026-09-19T05:13:56.700+0000][11.733s][debug][gc,heap        ] GC(17) Heap before GC invocations=17 (full 3):
[2026-09-19T05:13:56.700+0000][11.733s][debug][gc,heap        ] GC(17)  def new generation   total 78720K, used 73909K [0x00000000e7000000, 0x00000000ec560000, 0x00000000ef550000)
[2026-09-19T05:13:56.700+0000][11.733s][debug][gc,heap        ] GC(17)   eden space 70016K, 100% used [0x00000000e7000000, 0x00000000eb460000, 0x00000000eb460000)
[2026-09-19T05:13:56.700+0000][11.733s][debug][gc,heap        ] GC(17)   from space 8704K,  44% used [0x00000000eb460000, 0x00000000eb82d678, 0x00000000ebce0000)
[2026-09-19T05:13:56.700+0000][11.733s][debug][gc,heap        ] GC(17)   to   space 8704K,   0% used [0x00000000ebce0000, 0x00000000ebce0000, 0x00000000ec560000)
[2026-09-19T05:13:56.700+0000][11.733s][debug][gc,heap        ] GC(17)  tenured generation   total 174784K, used 27844K [0x00000000ef550000, 0x00000000fa000000, 0x0000000100000000)
[2026-09-19T05:13:56.700+0000][11.733s][debug][gc,heap        ] GC(17)    the space 174784K,  15% used [0x00000000ef550000, 0x00000000f1081098, 0x00000000f1081200, 0x00000000fa000000)
[2026-09-19T05:13:56.700+0000][11.733s][debug][gc,heap        ] GC(17)  Metaspace       used 79568K, committed 80320K, reserved 1179648K
[2026-09-19T05:13:56.700+0000][11.733s][debug][gc,heap        ] GC(17)   class space    used 10979K, committed 11328K, reserved 1048576K
[2026-09-19T05:13:56.708+0000][11.741s][info ][gc,heap        ] GC(17) DefNew: 73909K(78720K)->4819K(78720K) Eden: 70016K(70016K)->0K(70016K) From: 3893K(8704K)->4819K(8704K)
[2026-09-19T05:13:56.708+0000][11.741s][info ][gc,heap        ] GC(17) Tenured: 27844K(174784K)->27844K(174784K)
[2026-09-19T05:13:56.708+0000][11.741s][info ][gc,metaspace   ] GC(17) Metaspace: 79568K(80320K)->79568K(80320K) NonClass: 68589K(68992K)->68589K(68992K) Class: 10979K(11328K)->10979K(11328K)
[2026-09-19T05:13:56.708+0000][11.741s][debug][gc,heap        ] GC(17) Heap after GC invocations=18 (full 3):
[2026-09-19T05:13:56.708+0000][11.741s][debug][gc,heap        ] GC(17)  def new generation   total 78720K, used 4819K [0x00000000e7000000, 0x00000000ec560000, 0x00000000ef550000)
[2026-09-19T05:13:56.708+0000][11.741s][debug][gc,heap        ] GC(17)   eden space 70016K,   0% used [0x00000000e7000000, 0x00000000e7000000, 0x00000000eb460000)
[2026-09-19T05:13:56.708+0000][11.741s][debug][gc,heap        ] GC(17)   from space 8704K,  55% used [0x00000000ebce0000, 0x00000000ec194c80, 0x00000000ec560000)
[2026-09-19T05:13:56.708+0000][11.741s][debug][gc,heap        ] GC(17)   to   space 8704K,   0% used [0x00000000eb460000, 0x00000000eb460000, 0x00000000ebce0000)
[2026-09-19T05:13:56.708+0000][11.741s][debug][gc,heap        ] GC(17)  tenured generation   total 174784K, used 27844K [0x00000000ef550000, 0x00000000fa000000, 0x0000000100000000)
[2026-09-19T05:13:56.708+0000][11.741s][debug][gc,heap        ] GC(17)    the space 174784K,  15% used [0x00000000ef550000, 0x00000000f1081098, 0x00000000f1081200, 0x00000000fa000000)
[2026-09-19T05:13:56.708+0000][11.741s][debug][gc,heap        ] GC(17)  Metaspace       used 79568K, committed 80320K, reserved 1179648K
[2026-09-19T05:13:56.708+0000][11.741s][debug][gc,heap        ] GC(17)   class space    used 10979K, committed 11328K, reserved 1048576K
[2026-09-19T05:13:56.708+0000][11.741s][info ][gc             ] GC(17) Pause Young (Allocation Failure) 99M->31M(247M) 8.424ms
[2026-09-19T05:13:56.708+0000][11.741s][info ][gc,cpu         ] GC(17) User=0.02s Sys=0.00s Real=0.01s
[2026-09-19T05:13:57.478+0000][12.512s][info ][gc,start       ] GC(18) Pause Young (Allocation Failure)
[2026-09-19T05:13:57.478+0000][12.512s][debug][gc,heap        ] GC(18) Heap before GC invocations=18 (full 3):
[2026-09-19T05:13:57.478+0000][12.512s][debug][gc,heap        ] GC(18)  def new generation   total 78720K, used 74835K [0x00000000e7000000, 0x00000000ec560000, 0x00000000ef550000)
[2026-09-19T05:13:57.478+0000][12.512s][debug][gc,heap        ] GC(18)   eden space 70016K, 100% used [0x00000000e7000000, 0x00000000eb460000, 0x00000000eb460000)
[2026-09-19T05:13:57.478+0000][12.512s][debug][gc,heap        ] GC(18)   from space 8704K,  55% used [0x00000000ebce0000, 0x00000000ec194c80, 0x00000000ec560000)
[2026-09-19T05:13:57.478+0000][12.512s][debug][gc,heap        ] GC(18)   to   space 8704K,   0% used [0x00000000eb460000, 0x00000000eb460000, 0x00000000ebce0000)
[2026-09-19T05:13:57.478+0000][12.512s][debug][gc,heap        ] GC(18)  tenured generation   total 174784K, used 27844K [0x00000000ef550000, 0x00000000fa000000, 0x0000000100000000)
[2026-09-19T05:13:57.478+0000][12.512s][debug][gc,heap        ] GC(18)    the space 174784K,  15% used [0x00000000ef550000, 0x00000000f1081098, 0x00000000f1081200, 0x00000000fa000000)
[2026-09-19T05:13:57.478+0000][12.512s][debug][gc,heap        ] GC(18)  Metaspace       used 84306K, committed 85184K, reserved 1179648K
[2026-09-19T05:13:57.478+0000][12.512s][debug][gc,heap        ] GC(18)   class space    used 11634K, committed 12032K, reserved 1048576K
[2026-09-19T05:13:57.490+0000][12.523s][info ][gc,heap        ] GC(18) DefNew: 74835K(78720K)->5566K(78720K) Eden: 70016K(70016K)->0K(70016K) From: 4819K(8704K)->5566K(8704K)
[2026-09-19T05:13:57.490+0000][12.523s][info ][gc,heap        ] GC(18) Tenured: 27844K(174784K)->28642K(174784K)
[2026-09-19T05:13:57.490+0000][12.523s][info ][gc,metaspace   ] GC(18) Metaspace: 84306K(85184K)->84306K(85184K) NonClass: 72672K(73152K)->72672K(73152K) Class: 11634K(12032K)->11634K(12032K)
[2026-09-19T05:13:57.490+0000][12.523s][debug][gc,heap        ] GC(18) Heap after GC invocations=19 (full 3):
[2026-09-19T05:13:57.490+0000][12.523s][debug][gc,heap        ] GC(18)  def new generation   total 78720K, used 5566K [0x00000000e7000000, 0x00000000ec560000, 0x00000000ef550000)
[2026-09-19T05:13:57.490+0000][12.523s][debug][gc,heap        ] GC(18)   eden space 70016K,   0% used [0x00000000e7000000, 0x00000000e7000000, 0x00000000eb460000)
[2026-09-19T05:13:57.490+0000][12.523s][debug][gc,heap        ] GC(18)   from space 8704K,  63% used [0x00000000eb460000, 0x00000000eb9cfbc0, 0x00000000ebce0000)
[2026-09-19T05:13:57.490+0000][12.523s][debug][gc,heap        ] GC(18)   to   space 8704K,   0% used [0x00000000ebce0000, 0x00000000ebce0000, 0x00000000ec560000)
[2026-09-19T05:13:57.490+0000][12.523s][debug][gc,heap        ] GC(18)  tenured generation   total 174784K, used 28642K [0x00000000ef550000, 0x00000000fa000000, 0x0000000100000000)
[2026-09-19T05:13:57.490+0000][12.523s][debug][gc,heap        ] GC(18)    the space 174784K,  16% used [0x00000000ef550000, 0x00000000f1148a38, 0x00000000f1148c00, 0x00000000fa000000)
[2026-09-19T05:13:57.490+0000][12.523s][debug][gc,heap        ] GC(18)  Metaspace       used 84306K, committed 85184K, reserved 1179648K
[2026-09-19T05:13:57.490+0000][12.523s][debug][gc,heap        ] GC(18)   class space    used 11634K, committed 12032K, reserved 1048576K
[2026-09-19T05:13:57.490+0000][12.523s][info ][gc             ] GC(18) Pause Young (Allocation Failure) 100M->33M(247M) 11.272ms
[2026-09-19T05:13:57.490+0000][12.523s][info ][gc,cpu         ] GC(18) User=0.02s Sys=0.00s Real=0.01s
[2026-09-19T05:13:58.099+0000][13.133s][info ][gc,start       ] GC(19) Pause Young (Allocation Failure)
[2026-09-19T05:13:58.099+0000][13.133s][debug][gc,heap        ] GC(19) Heap before GC invocations=19 (full 3):
[2026-09-19T05:13:58.099+0000][13.133s][debug][gc,heap        ] GC(19)  def new generation   total 78720K, used 75582K [0x00000000e7000000, 0x00000000ec560000, 0x00000000ef550000)
[2026-09-19T05:13:58.099+0000][13.133s][debug][gc,heap        ] GC(19)   eden space 70016K, 100% used [0x00000000e7000000, 0x00000000eb460000, 0x00000000eb460000)
[2026-09-19T05:13:58.099+0000][13.133s][debug][gc,heap        ] GC(19)   from space 8704K,  63% used [0x00000000eb460000, 0x00000000eb9cfbc0, 0x00000000ebce0000)
[2026-09-19T05:13:58.099+0000][13.133s][debug][gc,heap        ] GC(19)   to   space 8704K,   0% used [0x00000000ebce0000, 0x00000000ebce0000, 0x00000000ec560000)
[2026-09-19T05:13:58.099+0000][13.133s][debug][gc,heap        ] GC(19)  tenured generation   total 174784K, used 28642K [0x00000000ef550000, 0x00000000fa000000, 0x0000000100000000)
[2026-09-19T05:13:58.099+0000][13.133s][debug][gc,heap        ] GC(19)    the space 174784K,  16% used [0x00000000ef550000, 0x00000000f1148a38, 0x00000000f1148c00, 0x00000000fa000000)
[2026-09-19T05:13:58.099+0000][13.133s][debug][gc,heap        ] GC(19)  Metaspace       used 89352K, committed 90176K, reserved 1179648K
[2026-09-19T05:13:58.099+0000][13.133s][debug][gc,heap        ] GC(19)   class space    used 12347K, committed 12736K, reserved 1048576K
[2026-09-19T05:13:58.114+0000][13.147s][info ][gc,heap        ] GC(19) DefNew: 75582K(78720K)->6102K(78720K) Eden: 70016K(70016K)->0K(70016K) From: 5566K(8704K)->6102K(8704K)
[2026-09-19T05:13:58.114+0000][13.147s][info ][gc,heap        ] GC(19) Tenured: 28642K(174784K)->30347K(174784K)
[2026-09-19T05:13:58.114+0000][13.147s][info ][gc,metaspace   ] GC(19) Metaspace: 89352K(90176K)->89352K(90176K) NonClass: 77004K(77440K)->77004K(77440K) Class: 12347K(12736K)->12347K(12736K)
[2026-09-19T05:13:58.114+0000][13.147s][debug][gc,heap        ] GC(19) Heap after GC invocations=20 (full 3):
[2026-09-19T05:13:58.114+0000][13.147s][debug][gc,heap        ] GC(19)  def new generation   total 78720K, used 6102K [0x00000000e7000000, 0x00000000ec560000, 0x00000000ef550000)
[2026-09-19T05:13:58.114+0000][13.147s][debug][gc,heap        ] GC(19)   eden space 70016K,   0% used [0x00000000e7000000, 0x00000000e7000000, 0x00000000eb460000)
[2026-09-19T05:13:58.114+0000][13.147s][debug][gc,heap        ] GC(19)   from space 8704K,  70% used [0x00000000ebce0000, 0x00000000ec2d58e0, 0x00000000ec560000)
[2026-09-19T05:13:58.114+0000][13.147s][debug][gc,heap        ] GC(19)   to   space 8704K,   0% used [0x00000000eb460000, 0x00000000eb460000, 0x00000000ebce0000)
[2026-09-19T05:13:58.114+0000][13.147s][debug][gc,heap        ] GC(19)  tenured generation   total 174784K, used 30347K [0x00000000ef550000, 0x00000000fa000000, 0x0000000100000000)
[2026-09-19T05:13:58.114+0000][13.147s][debug][gc,heap        ] GC(19)    the space 174784K,  17% used [0x00000000ef550000, 0x00000000f12f2d10, 0x00000000f12f2e00, 0x00000000fa000000)
[2026-09-19T05:13:58.114+0000][13.147s][debug][gc,heap        ] GC(19)  Metaspace       used 89352K, committed 90176K, reserved 1179648K
[2026-09-19T05:13:58.114+0000][13.147s][debug][gc,heap        ] GC(19)   class space    used 12347K, committed 12736K, reserved 1048576K
[2026-09-19T05:13:58.114+0000][13.147s][info ][gc             ] GC(19) Pause Young (Allocation Failure) 101M->35M(247M) 14.518ms
[2026-09-19T05:13:58.114+0000][13.147s][info ][gc,cpu         ] GC(19) User=0.03s Sys=0.00s Real=0.02s
[2026-09-19T05:13:58.602+0000][13.635s][info ][gc,start       ] GC(20) Pause Young (Allocation Failure)
[2026-09-19T05:13:58.602+0000][13.635s][debug][gc,heap        ] GC(20) Heap before GC invocations=20 (full 3):
[2026-09-19T05:13:58.602+0000][13.635s][debug][gc,heap        ] GC(20)  def new generation   total 78720K, used 76118K [0x00000000e7000000, 0x00000000ec560000, 0x00000000ef550000)
[2026-09-19T05:13:58.602+0000][13.635s][debug][gc,heap        ] GC(20)   eden space 70016K, 100% used [0x00000000e7000000, 0x00000000eb460000, 0x00000000eb460000)
[2026-09-19T05:13:58.602+0000][13.635s][debug][gc,heap        ] GC(20)   from space 8704K,  70% used [0x00000000ebce0000, 0x00000000ec2d58e0, 0x00000000ec560000)
[2026-09-19T05:13:58.602+0000][13.635s][debug][gc,heap        ] GC(20)   to   space 8704K,   0% used [0x00000000eb460000, 0x00000000eb460000, 0x00000000ebce0000)
[2026-09-19T05:13:58.602+0000][13.635s][debug][gc,heap        ] GC(20)  tenured generation   total 174784K, used 30347K [0x00000000ef550000, 0x00000000fa000000, 0x0000000100000000)
[2026-09-19T05:13:58.602+0000][13.635s][debug][gc,heap        ] GC(20)    the space 174784K,  17% used [0x00000000ef550000, 0x00000000f12f2d10, 0x00000000f12f2e00, 0x00000000fa000000)
[2026-09-19T05:13:58.602+0000][13.635s][debug][gc,heap        ] GC(20)  Metaspace       used 93279K, committed 94080K, reserved 1179648K
[2026-09-19T05:13:58.602+0000][13.635s][debug][gc,heap        ] GC(20)   class space    used 13109K, committed 13440K, reserved 1048576K
[2026-09-19T05:13:58.615+0000][13.648s][info ][gc,heap        ] GC(20) DefNew: 76118K(78720K)->6411K(78720K) Eden: 70016K(70016K)->0K(70016K) From: 6102K(8704K)->6411K(8704K)
[2026-09-19T05:13:58.615+0000][13.648s][info ][gc,heap        ] GC(20) Tenured: 30347K(174784K)->32594K(174784K)
[2026-09-19T05:13:58.615+0000][13.648s][info ][gc,metaspace   ] GC(20) Metaspace: 93279K(94080K)->93279K(94080K) NonClass: 80169K(80640K)->80169K(80640K) Class: 13109K(13440K)->13109K(13440K)
[2026-09-19T05:13:58.615+0000][13.648s][debug][gc,heap        ] GC(20) Heap after GC invocations=21 (full 3):
[2026-09-19T05:13:58.615+0000][13.648s][debug][gc,heap        ] GC(20)  def new generation   total 78720K, used 6411K [0x00000000e7000000, 0x00000000ec560000, 0x00000000ef550000)
[2026-09-19T05:13:58.615+0000][13.648s][debug][gc,heap        ] GC(20)   eden space 70016K,   0% used [0x00000000e7000000, 0x00000000e7000000, 0x00000000eb460000)
[2026-09-19T05:13:58.615+0000][13.648s][debug][gc,heap        ] GC(20)   from space 8704K,  73% used [0x00000000eb460000, 0x00000000ebaa2d40, 0x00000000ebce0000)
[2026-09-19T05:13:58.615+0000][13.648s][debug][gc,heap        ] GC(20)   to   space 8704K,   0% used [0x00000000ebce0000, 0x00000000ebce0000, 0x00000000ec560000)
[2026-09-19T05:13:58.615+0000][13.648s][debug][gc,heap        ] GC(20)  tenured generation   total 174784K, used 32594K [0x00000000ef550000, 0x00000000fa000000, 0x0000000100000000)
[2026-09-19T05:13:58.615+0000][13.648s][debug][gc,heap        ] GC(20)    the space 174784K,  18% used [0x00000000ef550000, 0x00000000f1524b30, 0x00000000f1524c00, 0x00000000fa000000)
[2026-09-19T05:13:58.615+0000][13.648s][debug][gc,heap        ] GC(20)  Metaspace       used 93279K, committed 94080K, reserved 1179648K
[2026-09-19T05:13:58.615+0000][13.648s][debug][gc,heap        ] GC(20)   class space    used 13109K, committed 13440K, reserved 1048576K
[2026-09-19T05:13:58.615+0000][13.648s][info ][gc             ] GC(20) Pause Young (Allocation Failure) 103M->38M(247M) 13.292ms
[2026-09-19T05:13:58.615+0000][13.648s][info ][gc,cpu         ] GC(20) User=0.02s Sys=0.01s Real=0.02s
[2026-09-19T05:13:59.209+0000][14.242s][info ][gc,start       ] GC(21) Pause Full (Metadata GC Threshold)
[2026-09-19T05:13:59.209+0000][14.242s][debug][gc,heap        ] GC(21) Heap before GC invocations=21 (full 3):
[2026-09-19T05:13:59.209+0000][14.242s][debug][gc,heap        ] GC(21)  def new generation   total 78720K, used 58103K [0x00000000e7000000, 0x00000000ec560000, 0x00000000ef550000)
[2026-09-19T05:13:59.209+0000][14.242s][debug][gc,heap        ] GC(21)   eden space 70016K,  73% used [0x00000000e7000000, 0x00000000ea27b188, 0x00000000eb460000)
[2026-09-19T05:13:59.209+0000][14.242s][debug][gc,heap        ] GC(21)   from space 8704K,  73% used [0x00000000eb460000, 0x00000000ebaa2d40, 0x00000000ebce0000)
[2026-09-19T05:13:59.209+0000][14.242s][debug][gc,heap        ] GC(21)   to   space 8704K,   0% used [0x00000000ebce0000, 0x00000000ebce0000, 0x00000000ec560000)
[2026-09-19T05:13:59.209+0000][14.242s][debug][gc,heap        ] GC(21)  tenured generation   total 174784K, used 32594K [0x00000000ef550000, 0x00000000fa000000, 0x0000000100000000)
[2026-09-19T05:13:59.209+0000][14.242s][debug][gc,heap        ] GC(21)    the space 174784K,  18% used [0x00000000ef550000, 0x00000000f1524b30, 0x00000000f1524c00, 0x00000000fa000000)
[2026-09-19T05:13:59.209+0000][14.242s][debug][gc,heap        ] GC(21)  Metaspace       used 98841K, committed 99648K, reserved 1179648K
[2026-09-19T05:13:59.209+0000][14.242s][debug][gc,heap        ] GC(21)   class space    used 13875K, committed 14272K, reserved 1048576K
[2026-09-19T05:13:59.209+0000][14.242s][info ][gc,phases,start] GC(21) Phase 1: Mark live objects
[2026-09-19T05:13:59.293+0000][14.326s][info ][gc,phases      ] GC(21) Phase 1: Mark live objects 84.342ms
[2026-09-19T05:13:59.293+0000][14.326s][info ][gc,phases,start] GC(21) Phase 2: Compute new object addresses
[2026-09-19T05:13:59.310+0000][14.343s][info ][gc,phases      ] GC(21) Phase 2: Compute new object addresses 16.772ms
[2026-09-19T05:13:59.310+0000][14.343s][info ][gc,phases,start] GC(21) Phase 3: Adjust pointers
[2026-09-19T05:13:59.331+0000][14.364s][info ][gc,phases      ] GC(21) Phase 3: Adjust pointers 21.494ms
[2026-09-19T05:13:59.331+0000][14.364s][info ][gc,phases,start] GC(21) Phase 4: Move objects
[2026-09-19T05:13:59.345+0000][14.378s][info ][gc,phases      ] GC(21) Phase 4: Move objects 13.249ms
[2026-09-19T05:13:59.346+0000][14.379s][info ][gc,heap        ] GC(21) DefNew: 58103K(78720K)->0K(78720K) Eden: 51692K(70016K)->0K(70016K) From: 6411K(8704K)->0K(8704K)
[2026-09-19T05:13:59.346+0000][14.379s][info ][gc,heap        ] GC(21) Tenured: 32594K(174784K)->38734K(174784K)
[2026-09-19T05:13:59.346+0000][14.379s][info ][gc,metaspace   ] GC(21) Metaspace: 98841K(99648K)->98841K(99648K) NonClass: 84966K(85376K)->84966K(85376K) Class: 13875K(14272K)->13875K(14272K)
[2026-09-19T05:13:59.346+0000][14.379s][debug][gc,heap        ] GC(21) Heap after GC invocations=22 (full 4):
[2026-09-19T05:13:59.346+0000][14.379s][debug][gc,heap        ] GC(21)  def new generation   total 78720K, used 0K [0x00000000e7000000, 0x00000000ec560000, 0x00000000ef550000)
[2026-09-19T05:13:59.346+0000][14.379s][debug][gc,heap        ] GC(21)   eden space 70016K,   0% used [0x00000000e7000000, 0x00000000e7000000, 0x00000000eb460000)
[2026-09-19T05:13:59.346+0000][14.379s][debug][gc,heap        ] GC(21)   from space 8704K,   0% used [0x00000000eb460000, 0x00000000eb460000, 0x00000000ebce0000)
[2026-09-19T05:13:59.346+0000][14.379s][debug][gc,heap        ] GC(21)   to   space 8704K,   0% used [0x00000000ebce0000, 0x00000000ebce0000, 0x00000000ec560000)
[2026-09-19T05:13:59.346+0000][14.379s][debug][gc,heap        ] GC(21)  tenured generation   total 174784K, used 38734K [0x00000000ef550000, 0x00000000fa000000, 0x0000000100000000)
[2026-09-19T05:13:59.346+0000][14.379s][debug][gc,heap        ] GC(21)    the space 174784K,  22% used [0x00000000ef550000, 0x00000000f1b23940, 0x00000000f1b23a00, 0x00000000fa000000)
[2026-09-19T05:13:59.346+0000][14.379s][debug][gc,heap        ] GC(21)  Metaspace       used 98841K, committed 99648K, reserved 1179648K
[2026-09-19T05:13:59.346+0000][14.379s][debug][gc,heap        ] GC(21)   class space    used 13875K, committed 14272K, reserved 1048576K
[2026-09-19T05:13:59.346+0000][14.379s][info ][gc             ] GC(21) Pause Full (Metadata GC Threshold) 88M->37M(247M) 137.346ms
[2026-09-19T05:13:59.346+0000][14.379s][info ][gc,cpu         ] GC(21) User=0.08s Sys=0.01s Real=0.14s
[2026-09-19T05:13:59.878+0000][14.912s][info ][gc,start       ] GC(22) Pause Young (Allocation Failure)
[2026-09-19T05:13:59.878+0000][14.912s][debug][gc,heap        ] GC(22) Heap before GC invocations=22 (full 4):
[2026-09-19T05:13:59.878+0000][14.912s][debug][gc,heap        ] GC(22)  def new generation   total 78720K, used 70016K [0x00000000e7000000, 0x00000000ec560000, 0x00000000ef550000)
[2026-09-19T05:13:59.878+0000][14.912s][debug][gc,heap        ] GC(22)   eden space 70016K, 100% used [0x00000000e7000000, 0x00000000eb460000, 0x00000000eb460000)
[2026-09-19T05:13:59.879+0000][14.912s][debug][gc,heap        ] GC(22)   from space 8704K,   0% used [0x00000000eb460000, 0x00000000eb460000, 0x00000000ebce0000)
[2026-09-19T05:13:59.879+0000][14.912s][debug][gc,heap        ] GC(22)   to   space 8704K,   0% used [0x00000000ebce0000, 0x00000000ebce0000, 0x00000000ec560000)
[2026-09-19T05:13:59.879+0000][14.912s][debug][gc,heap        ] GC(22)  tenured generation   total 174784K, used 38734K [0x00000000ef550000, 0x00000000fa000000, 0x0000000100000000)
[2026-09-19T05:13:59.879+0000][14.912s][debug][gc,heap        ] GC(22)    the space 174784K,  22% used [0x00000000ef550000, 0x00000000f1b23940, 0x00000000f1b23a00, 0x00000000fa000000)
[2026-09-19T05:13:59.879+0000][14.912s][debug][gc,heap        ] GC(22)  Metaspace       used 102664K, committed 103424K, reserved 1179648K
[2026-09-19T05:13:59.879+0000][14.912s][debug][gc,heap        ] GC(22)   class space    used 14378K, committed 14720K, reserved 1048576K
[2026-09-19T05:13:59.886+0000][14.919s][info ][gc,heap        ] GC(22) DefNew: 70016K(78720K)->2972K(78720K) Eden: 70016K(70016K)->0K(70016K) From: 0K(8704K)->2972K(8704K)
[2026-09-19T05:13:59.886+0000][14.919s][info ][gc,heap        ] GC(22) Tenured: 38734K(174784K)->38734K(174784K)
[2026-09-19T05:13:59.886+0000][14.919s][info ][gc,metaspace   ] GC(22) Metaspace: 102664K(103424K)->102664K(103424K) NonClass: 88285K(88704K)->88285K(88704K) Class: 14378K(14720K)->14378K(14720K)
[2026-09-19T05:13:59.886+0000][14.919s][debug][gc,heap        ] GC(22) Heap after GC invocations=23 (full 4):
[2026-09-19T05:13:59.886+0000][14.919s][debug][gc,heap        ] GC(22)  def new generation   total 78720K, used 2972K [0x00000000e7000000, 0x00000000ec560000, 0x00000000ef550000)
[2026-09-19T05:13:59.886+0000][14.919s][debug][gc,heap        ] GC(22)   eden space 70016K,   0% used [0x00000000e7000000, 0x00000000e7000000, 0x00000000eb460000)
[2026-09-19T05:13:59.886+0000][14.919s][debug][gc,heap        ] GC(22)   from space 8704K,  34% used [0x00000000ebce0000, 0x00000000ebfc7348, 0x00000000ec560000)
[2026-09-19T05:13:59.886+0000][14.919s][debug][gc,heap        ] GC(22)   to   space 8704K,   0% used [0x00000000eb460000, 0x00000000eb460000, 0x00000000ebce0000)
[2026-09-19T05:13:59.886+0000][14.919s][debug][gc,heap        ] GC(22)  tenured generation   total 174784K, used 38734K [0x00000000ef550000, 0x00000000fa000000, 0x0000000100000000)
[2026-09-19T05:13:59.886+0000][14.919s][debug][gc,heap        ] GC(22)    the space 174784K,  22% used [0x00000000ef550000, 0x00000000f1b23940, 0x00000000f1b23a00, 0x00000000fa000000)
[2026-09-19T05:13:59.886+0000][14.919s][debug][gc,heap        ] GC(22)  Metaspace       used 102664K, committed 103424K, reserved 1179648K
[2026-09-19T05:13:59.886+0000][14.919s][debug][gc,heap        ] GC(22)   class space    used 14378K, committed 14720K, reserved 1048576K
[2026-09-19T05:13:59.886+0000][14.919s][info ][gc             ] GC(22) Pause Young (Allocation Failure) 106M->40M(247M) 7.294ms
[2026-09-19T05:13:59.886+0000][14.919s][info ][gc,cpu         ] GC(22) User=0.02s Sys=0.00s Real=0.01s
[2026-09-19T05:14:00.303+0000][15.336s][info ][gc,start       ] GC(23) Pause Young (Allocation Failure)
[2026-09-19T05:14:00.303+0000][15.336s][debug][gc,heap        ] GC(23) Heap before GC invocations=23 (full 4):
[2026-09-19T05:14:00.303+0000][15.336s][debug][gc,heap        ] GC(23)  def new generation   total 78720K, used 72988K [0x00000000e7000000, 0x00000000ec560000, 0x00000000ef550000)
[2026-09-19T05:14:00.303+0000][15.336s][debug][gc,heap        ] GC(23)   eden space 70016K, 100% used [0x00000000e7000000, 0x00000000eb460000, 0x00000000eb460000)
[2026-09-19T05:14:00.303+0000][15.336s][debug][gc,heap        ] GC(23)   from space 8704K,  34% used [0x00000000ebce0000, 0x00000000ebfc7348, 0x00000000ec560000)
[2026-09-19T05:14:00.303+0000][15.336s][debug][gc,heap        ] GC(23)   to   space 8704K,   0% used [0x00000000eb460000, 0x00000000eb460000, 0x00000000ebce0000)
[2026-09-19T05:14:00.303+0000][15.336s][debug][gc,heap        ] GC(23)  tenured generation   total 174784K, used 38734K [0x00000000ef550000, 0x00000000fa000000, 0x0000000100000000)
[2026-09-19T05:14:00.303+0000][15.336s][debug][gc,heap        ] GC(23)    the space 174784K,  22% used [0x00000000ef550000, 0x00000000f1b23940, 0x00000000f1b23a00, 0x00000000fa000000)
[2026-09-19T05:14:00.303+0000][15.336s][debug][gc,heap        ] GC(23)  Metaspace       used 104902K, committed 105728K, reserved 1179648K
[2026-09-19T05:14:00.303+0000][15.336s][debug][gc,heap        ] GC(23)   class space    used 14657K, committed 15040K, reserved 1048576K
[2026-09-19T05:14:00.390+0000][15.423s][info ][gc,heap        ] GC(23) DefNew: 72988K(78720K)->8704K(78720K) Eden: 70016K(70016K)->0K(70016K) From: 2972K(8704K)->8704K(8704K)
[2026-09-19T05:14:00.390+0000][15.423s][info ][gc,heap        ] GC(23) Tenured: 38734K(174784K)->45145K(174784K)
[2026-09-19T05:14:00.390+0000][15.423s][info ][gc,metaspace   ] GC(23) Metaspace: 104902K(105728K)->104902K(105728K) NonClass: 90245K(90688K)->90245K(90688K) Class: 14657K(15040K)->14657K(15040K)
[2026-09-19T05:14:00.390+0000][15.423s][debug][gc,heap        ] GC(23) Heap after GC invocations=24 (full 4):
[2026-09-19T05:14:00.390+0000][15.423s][debug][gc,heap        ] GC(23)  def new generation   total 78720K, used 8704K [0x00000000e7000000, 0x00000000ec560000, 0x00000000ef550000)
[2026-09-19T05:14:00.390+0000][15.423s][debug][gc,heap        ] GC(23)   eden space 70016K,   0% used [0x00000000e7000000, 0x00000000e7000000, 0x00000000eb460000)
[2026-09-19T05:14:00.390+0000][15.423s][debug][gc,heap        ] GC(23)   from space 8704K, 100% used [0x00000000eb460000, 0x00000000ebce0000, 0x00000000ebce0000)
[2026-09-19T05:14:00.390+0000][15.423s][debug][gc,heap        ] GC(23)   to   space 8704K,   0% used [0x00000000ebce0000, 0x00000000ebce0000, 0x00000000ec560000)
[2026-09-19T05:14:00.390+0000][15.423s][debug][gc,heap        ] GC(23)  tenured generation   total 174784K, used 45145K [0x00000000ef550000, 0x00000000fa000000, 0x0000000100000000)
[2026-09-19T05:14:00.390+0000][15.423s][debug][gc,heap        ] GC(23)    the space 174784K,  25% used [0x00000000ef550000, 0x00000000f2166450, 0x00000000f2166600, 0x00000000fa000000)
[2026-09-19T05:14:00.390+0000][15.423s][debug][gc,heap        ] GC(23)  Metaspace       used 104902K, committed 105728K, reserved 1179648K
[2026-09-19T05:14:00.390+0000][15.423s][debug][gc,heap        ] GC(23)   class space    used 14657K, committed 15040K, reserved 1048576K
[2026-09-19T05:14:00.390+0000][15.423s][info ][gc             ] GC(23) Pause Young (Allocation Failure) 109M->52M(247M) 87.394ms
[2026-09-19T05:14:00.390+0000][15.423s][info ][gc,cpu         ] GC(23) User=0.03s Sys=0.02s Real=0.09s
[2026-09-19T05:14:00.584+0000][15.617s][info ][gc,start       ] GC(24) Pause Young (Allocation Failure)
[2026-09-19T05:14:00.584+0000][15.617s][debug][gc,heap        ] GC(24) Heap before GC invocations=24 (full 4):
[2026-09-19T05:14:00.584+0000][15.617s][debug][gc,heap        ] GC(24)  def new generation   total 78720K, used 78720K [0x00000000e7000000, 0x00000000ec560000, 0x00000000ef550000)
[2026-09-19T05:14:00.584+0000][15.617s][debug][gc,heap        ] GC(24)   eden space 70016K, 100% used [0x00000000e7000000, 0x00000000eb460000, 0x00000000eb460000)
[2026-09-19T05:14:00.584+0000][15.617s][debug][gc,heap        ] GC(24)   from space 8704K, 100% used [0x00000000eb460000, 0x00000000ebce0000, 0x00000000ebce0000)
[2026-09-19T05:14:00.584+0000][15.617s][debug][gc,heap        ] GC(24)   to   space 8704K,   0% used [0x00000000ebce0000, 0x00000000ebce0000, 0x00000000ec560000)
[2026-09-19T05:14:00.584+0000][15.617s][debug][gc,heap        ] GC(24)  tenured generation   total 174784K, used 45145K [0x00000000ef550000, 0x00000000fa000000, 0x0000000100000000)
[2026-09-19T05:14:00.584+0000][15.617s][debug][gc,heap        ] GC(24)    the space 174784K,  25% used [0x00000000ef550000, 0x00000000f2166450, 0x00000000f2166600, 0x00000000fa000000)
[2026-09-19T05:14:00.584+0000][15.617s][debug][gc,heap        ] GC(24)  Metaspace       used 104947K, committed 105728K, reserved 1179648K
[2026-09-19T05:14:00.584+0000][15.617s][debug][gc,heap        ] GC(24)   class space    used 14657K, committed 15040K, reserved 1048576K
[2026-09-19T05:14:00.629+0000][15.662s][info ][gc,heap        ] GC(24) DefNew: 78720K(78720K)->8704K(78720K) Eden: 70016K(70016K)->0K(70016K) From: 8704K(8704K)->8704K(8704K)
[2026-09-19T05:14:00.629+0000][15.662s][info ][gc,heap        ] GC(24) Tenured: 45145K(174784K)->57943K(174784K)
[2026-09-19T05:14:00.629+0000][15.662s][info ][gc,metaspace   ] GC(24) Metaspace: 104947K(105728K)->104947K(105728K) NonClass: 90290K(90688K)->90290K(90688K) Class: 14657K(15040K)->14657K(15040K)
[2026-09-19T05:14:00.629+0000][15.662s][debug][gc,heap        ] GC(24) Heap after GC invocations=25 (full 4):
[2026-09-19T05:14:00.629+0000][15.662s][debug][gc,heap        ] GC(24)  def new generation   total 78720K, used 8704K [0x00000000e7000000, 0x00000000ec560000, 0x00000000ef550000)
[2026-09-19T05:14:00.629+0000][15.662s][debug][gc,heap        ] GC(24)   eden space 70016K,   0% used [0x00000000e7000000, 0x00000000e7000000, 0x00000000eb460000)
[2026-09-19T05:14:00.629+0000][15.662s][debug][gc,heap        ] GC(24)   from space 8704K, 100% used [0x00000000ebce0000, 0x00000000ec560000, 0x00000000ec560000)
[2026-09-19T05:14:00.629+0000][15.662s][debug][gc,heap        ] GC(24)   to   space 8704K,   0% used [0x00000000eb460000, 0x00000000eb460000, 0x00000000ebce0000)
[2026-09-19T05:14:00.629+0000][15.662s][debug][gc,heap        ] GC(24)  tenured generation   total 174784K, used 57943K [0x00000000ef550000, 0x00000000fa000000, 0x0000000100000000)
[2026-09-19T05:14:00.629+0000][15.663s][debug][gc,heap        ] GC(24)    the space 174784K,  33% used [0x00000000ef550000, 0x00000000f2de5ed8, 0x00000000f2de6000, 0x00000000fa000000)
[2026-09-19T05:14:00.629+0000][15.663s][debug][gc,heap        ] GC(24)  Metaspace       used 104947K, committed 105728K, reserved 1179648K
[2026-09-19T05:14:00.629+0000][15.663s][debug][gc,heap        ] GC(24)   class space    used 14657K, committed 15040K, reserved 1048576K
[2026-09-19T05:14:00.629+0000][15.663s][info ][gc             ] GC(24) Pause Young (Allocation Failure) 120M->65M(247M) 45.327ms
[2026-09-19T05:14:00.629+0000][15.663s][info ][gc,cpu         ] GC(24) User=0.05s Sys=0.00s Real=0.04s
[2026-09-19T05:14:00.804+0000][15.838s][info ][gc,start       ] GC(25) Pause Young (Allocation Failure)
[2026-09-19T05:14:00.804+0000][15.838s][debug][gc,heap        ] GC(25) Heap before GC invocations=25 (full 4):
[2026-09-19T05:14:00.804+0000][15.838s][debug][gc,heap        ] GC(25)  def new generation   total 78720K, used 78720K [0x00000000e7000000, 0x00000000ec560000, 0x00000000ef550000)
[2026-09-19T05:14:00.804+0000][15.838s][debug][gc,heap        ] GC(25)   eden space 70016K, 100% used [0x00000000e7000000, 0x00000000eb460000, 0x00000000eb460000)
[2026-09-19T05:14:00.804+0000][15.838s][debug][gc,heap        ] GC(25)   from space 8704K, 100% used [0x00000000ebce0000, 0x00000000ec560000, 0x00000000ec560000)
[2026-09-19T05:14:00.804+0000][15.838s][debug][gc,heap        ] GC(25)   to   space 8704K,   0% used [0x00000000eb460000, 0x00000000eb460000, 0x00000000ebce0000)
[2026-09-19T05:14:00.804+0000][15.838s][debug][gc,heap        ] GC(25)  tenured generation   total 174784K, used 57943K [0x00000000ef550000, 0x00000000fa000000, 0x0000000100000000)
[2026-09-19T05:14:00.804+0000][15.838s][debug][gc,heap        ] GC(25)    the space 174784K,  33% used [0x00000000ef550000, 0x00000000f2de5ed8, 0x00000000f2de6000, 0x00000000fa000000)
[2026-09-19T05:14:00.804+0000][15.838s][debug][gc,heap        ] GC(25)  Metaspace       used 105125K, committed 106048K, reserved 1179648K
[2026-09-19T05:14:00.804+0000][15.838s][debug][gc,heap        ] GC(25)   class space    used 14687K, committed 15104K, reserved 1048576K
[2026-09-19T05:14:00.824+0000][15.857s][info ][gc,heap        ] GC(25) DefNew: 78720K(78720K)->1500K(78720K) Eden: 70016K(70016K)->0K(70016K) From: 8704K(8704K)->1500K(8704K)
[2026-09-19T05:14:00.824+0000][15.857s][info ][gc,heap        ] GC(25) Tenured: 57943K(174784K)->64672K(174784K)
[2026-09-19T05:14:00.824+0000][15.857s][info ][gc,metaspace   ] GC(25) Metaspace: 105125K(106048K)->105125K(106048K) NonClass: 90437K(90944K)->90437K(90944K) Class: 14687K(15104K)->14687K(15104K)
[2026-09-19T05:14:00.824+0000][15.857s][debug][gc,heap        ] GC(25) Heap after GC invocations=26 (full 4):
[2026-09-19T05:14:00.824+0000][15.857s][debug][gc,heap        ] GC(25)  def new generation   total 78720K, used 1500K [0x00000000e7000000, 0x00000000ec560000, 0x00000000ef550000)
[2026-09-19T05:14:00.824+0000][15.857s][debug][gc,heap        ] GC(25)   eden space 70016K,   0% used [0x00000000e7000000, 0x00000000e7000000, 0x00000000eb460000)
[2026-09-19T05:14:00.824+0000][15.857s][debug][gc,heap        ] GC(25)   from space 8704K,  17% used [0x00000000eb460000, 0x00000000eb5d72e8, 0x00000000ebce0000)
[2026-09-19T05:14:00.824+0000][15.857s][debug][gc,heap        ] GC(25)   to   space 8704K,   0% used [0x00000000ebce0000, 0x00000000ebce0000, 0x00000000ec560000)
[2026-09-19T05:14:00.824+0000][15.857s][debug][gc,heap        ] GC(25)  tenured generation   total 174784K, used 64672K [0x00000000ef550000, 0x00000000fa000000, 0x0000000100000000)
[2026-09-19T05:14:00.824+0000][15.857s][debug][gc,heap        ] GC(25)    the space 174784K,  37% used [0x00000000ef550000, 0x00000000f3478190, 0x00000000f3478200, 0x00000000fa000000)
[2026-09-19T05:14:00.824+0000][15.857s][debug][gc,heap        ] GC(25)  Metaspace       used 105125K, committed 106048K, reserved 1179648K
[2026-09-19T05:14:00.824+0000][15.857s][debug][gc,heap        ] GC(25)   class space    used 14687K, committed 15104K, reserved 1048576K
[2026-09-19T05:14:00.824+0000][15.857s][info ][gc             ] GC(25) Pause Young (Allocation Failure) 133M->64M(247M) 19.550ms
[2026-09-19T05:14:00.824+0000][15.857s][info ][gc,cpu         ] GC(25) User=0.00s Sys=0.02s Real=0.02s
[2026-09-19T05:14:01.083+0000][16.116s][info ][gc,start       ] GC(26) Pause Young (Allocation Failure)
[2026-09-19T05:14:01.083+0000][16.116s][debug][gc,heap        ] GC(26) Heap before GC invocations=26 (full 4):
[2026-09-19T05:14:01.083+0000][16.116s][debug][gc,heap        ] GC(26)  def new generation   total 78720K, used 71516K [0x00000000e7000000, 0x00000000ec560000, 0x00000000ef550000)
[2026-09-19T05:14:01.083+0000][16.116s][debug][gc,heap        ] GC(26)   eden space 70016K, 100% used [0x00000000e7000000, 0x00000000eb460000, 0x00000000eb460000)
[2026-09-19T05:14:01.083+0000][16.116s][debug][gc,heap        ] GC(26)   from space 8704K,  17% used [0x00000000eb460000, 0x00000000eb5d72e8, 0x00000000ebce0000)
[2026-09-19T05:14:01.083+0000][16.116s][debug][gc,heap        ] GC(26)   to   space 8704K,   0% used [0x00000000ebce0000, 0x00000000ebce0000, 0x00000000ec560000)
[2026-09-19T05:14:01.083+0000][16.116s][debug][gc,heap        ] GC(26)  tenured generation   total 174784K, used 64672K [0x00000000ef550000, 0x00000000fa000000, 0x0000000100000000)
[2026-09-19T05:14:01.083+0000][16.116s][debug][gc,heap        ] GC(26)    the space 174784K,  37% used [0x00000000ef550000, 0x00000000f3478190, 0x00000000f3478200, 0x00000000fa000000)
[2026-09-19T05:14:01.083+0000][16.116s][debug][gc,heap        ] GC(26)  Metaspace       used 105426K, committed 106304K, reserved 1179648K
[2026-09-19T05:14:01.083+0000][16.116s][debug][gc,heap        ] GC(26)   class space    used 14722K, committed 15168K, reserved 1048576K
[2026-09-19T05:14:01.089+0000][16.122s][info ][gc,heap        ] GC(26) DefNew: 71516K(78720K)->3368K(78720K) Eden: 70016K(70016K)->0K(70016K) From: 1500K(8704K)->3368K(8704K)
[2026-09-19T05:14:01.089+0000][16.122s][info ][gc,heap        ] GC(26) Tenured: 64672K(174784K)->64672K(174784K)
[2026-09-19T05:14:01.089+0000][16.122s][info ][gc,metaspace   ] GC(26) Metaspace: 105426K(106304K)->105426K(106304K) NonClass: 90703K(91136K)->90703K(91136K) Class: 14722K(15168K)->14722K(15168K)
[2026-09-19T05:14:01.089+0000][16.122s][debug][gc,heap        ] GC(26) Heap after GC invocations=27 (full 4):
[2026-09-19T05:14:01.089+0000][16.122s][debug][gc,heap        ] GC(26)  def new generation   total 78720K, used 3368K [0x00000000e7000000, 0x00000000ec560000, 0x00000000ef550000)
[2026-09-19T05:14:01.089+0000][16.122s][debug][gc,heap        ] GC(26)   eden space 70016K,   0% used [0x00000000e7000000, 0x00000000e7000000, 0x00000000eb460000)
[2026-09-19T05:14:01.089+0000][16.122s][debug][gc,heap        ] GC(26)   from space 8704K,  38% used [0x00000000ebce0000, 0x00000000ec02a270, 0x00000000ec560000)
[2026-09-19T05:14:01.089+0000][16.122s][debug][gc,heap        ] GC(26)   to   space 8704K,   0% used [0x00000000eb460000, 0x00000000eb460000, 0x00000000ebce0000)
[2026-09-19T05:14:01.089+0000][16.122s][debug][gc,heap        ] GC(26)  tenured generation   total 174784K, used 64672K [0x00000000ef550000, 0x00000000fa000000, 0x0000000100000000)
[2026-09-19T05:14:01.089+0000][16.122s][debug][gc,heap        ] GC(26)    the space 174784K,  37% used [0x00000000ef550000, 0x00000000f3478190, 0x00000000f3478200, 0x00000000fa000000)
[2026-09-19T05:14:01.089+0000][16.122s][debug][gc,heap        ] GC(26)  Metaspace       used 105426K, committed 106304K, reserved 1179648K
[2026-09-19T05:14:01.089+0000][16.122s][debug][gc,heap        ] GC(26)   class space    used 14722K, committed 15168K, reserved 1048576K
[2026-09-19T05:14:01.089+0000][16.122s][info ][gc             ] GC(26) Pause Young (Allocation Failure) 132M->66M(247M) 5.722ms
[2026-09-19T05:14:01.089+0000][16.122s][info ][gc,cpu         ] GC(26) User=0.00s Sys=0.00s Real=0.01s
[2026-09-19T05:14:01.284+0000][16.317s][info ][gc,start       ] GC(27) Pause Young (Allocation Failure)
[2026-09-19T05:14:01.284+0000][16.317s][debug][gc,heap        ] GC(27) Heap before GC invocations=27 (full 4):
[2026-09-19T05:14:01.284+0000][16.317s][debug][gc,heap        ] GC(27)  def new generation   total 78720K, used 73384K [0x00000000e7000000, 0x00000000ec560000, 0x00000000ef550000)
[2026-09-19T05:14:01.284+0000][16.317s][debug][gc,heap        ] GC(27)   eden space 70016K, 100% used [0x00000000e7000000, 0x00000000eb460000, 0x00000000eb460000)
[2026-09-19T05:14:01.284+0000][16.317s][debug][gc,heap        ] GC(27)   from space 8704K,  38% used [0x00000000ebce0000, 0x00000000ec02a270, 0x00000000ec560000)
[2026-09-19T05:14:01.284+0000][16.317s][debug][gc,heap        ] GC(27)   to   space 8704K,   0% used [0x00000000eb460000, 0x00000000eb460000, 0x00000000ebce0000)
[2026-09-19T05:14:01.284+0000][16.317s][debug][gc,heap        ] GC(27)  tenured generation   total 174784K, used 64672K [0x00000000ef550000, 0x00000000fa000000, 0x0000000100000000)
[2026-09-19T05:14:01.284+0000][16.317s][debug][gc,heap        ] GC(27)    the space 174784K,  37% used [0x00000000ef550000, 0x00000000f3478190, 0x00000000f3478200, 0x00000000fa000000)
[2026-09-19T05:14:01.284+0000][16.317s][debug][gc,heap        ] GC(27)  Metaspace       used 105489K, committed 106368K, reserved 1179648K
[2026-09-19T05:14:01.284+0000][16.317s][debug][gc,heap        ] GC(27)   class space    used 14728K, committed 15168K, reserved 1048576K
[2026-09-19T05:14:01.292+0000][16.325s][info ][gc,heap        ] GC(27) DefNew: 73384K(78720K)->5720K(78720K) Eden: 70016K(70016K)->0K(70016K) From: 3368K(8704K)->5720K(8704K)
[2026-09-19T05:14:01.292+0000][16.325s][info ][gc,heap        ] GC(27) Tenured: 64672K(174784K)->64672K(174784K)
[2026-09-19T05:14:01.292+0000][16.325s][info ][gc,metaspace   ] GC(27) Metaspace: 105489K(106368K)->105489K(106368K) NonClass: 90761K(91200K)->90761K(91200K) Class: 14728K(15168K)->14728K(15168K)
[2026-09-19T05:14:01.292+0000][16.325s][debug][gc,heap        ] GC(27) Heap after GC invocations=28 (full 4):
[2026-09-19T05:14:01.292+0000][16.325s][debug][gc,heap        ] GC(27)  def new generation   total 78720K, used 5720K [0x00000000e7000000, 0x00000000ec560000, 0x00000000ef550000)
[2026-09-19T05:14:01.292+0000][16.325s][debug][gc,heap        ] GC(27)   eden space 70016K,   0% used [0x00000000e7000000, 0x00000000e7000000, 0x00000000eb460000)
[2026-09-19T05:14:01.292+0000][16.325s][debug][gc,heap        ] GC(27)   from space 8704K,  65% used [0x00000000eb460000, 0x00000000eb9f63a8, 0x00000000ebce0000)
[2026-09-19T05:14:01.292+0000][16.325s][debug][gc,heap        ] GC(27)   to   space 8704K,   0% used [0x00000000ebce0000, 0x00000000ebce0000, 0x00000000ec560000)
[2026-09-19T05:14:01.292+0000][16.325s][debug][gc,heap        ] GC(27)  tenured generation   total 174784K, used 64672K [0x00000000ef550000, 0x00000000fa000000, 0x0000000100000000)
[2026-09-19T05:14:01.292+0000][16.325s][debug][gc,heap        ] GC(27)    the space 174784K,  37% used [0x00000000ef550000, 0x00000000f3478190, 0x00000000f3478200, 0x00000000fa000000)
[2026-09-19T05:14:01.292+0000][16.325s][debug][gc,heap        ] GC(27)  Metaspace       used 105489K, committed 106368K, reserved 1179648K
[2026-09-19T05:14:01.292+0000][16.325s][debug][gc,heap        ] GC(27)   class space    used 14728K, committed 15168K, reserved 1048576K
[2026-09-19T05:14:01.292+0000][16.325s][info ][gc             ] GC(27) Pause Young (Allocation Failure) 134M->68M(247M) 8.107ms
[2026-09-19T05:14:01.292+0000][16.325s][info ][gc,cpu         ] GC(27) User=0.01s Sys=0.00s Real=0.00s
[2026-09-19T05:14:01.748+0000][16.781s][info ][gc,start       ] GC(28) Pause Young (Allocation Failure)
[2026-09-19T05:14:01.748+0000][16.781s][debug][gc,heap        ] GC(28) Heap before GC invocations=28 (full 4):
[2026-09-19T05:14:01.748+0000][16.781s][debug][gc,heap        ] GC(28)  def new generation   total 78720K, used 75736K [0x00000000e7000000, 0x00000000ec560000, 0x00000000ef550000)
[2026-09-19T05:14:01.748+0000][16.781s][debug][gc,heap        ] GC(28)   eden space 70016K, 100% used [0x00000000e7000000, 0x00000000eb460000, 0x00000000eb460000)
[2026-09-19T05:14:01.748+0000][16.781s][debug][gc,heap        ] GC(28)   from space 8704K,  65% used [0x00000000eb460000, 0x00000000eb9f63a8, 0x00000000ebce0000)
[2026-09-19T05:14:01.748+0000][16.781s][debug][gc,heap        ] GC(28)   to   space 8704K,   0% used [0x00000000ebce0000, 0x00000000ebce0000, 0x00000000ec560000)
[2026-09-19T05:14:01.748+0000][16.781s][debug][gc,heap        ] GC(28)  tenured generation   total 174784K, used 64672K [0x00000000ef550000, 0x00000000fa000000, 0x0000000100000000)
[2026-09-19T05:14:01.748+0000][16.781s][debug][gc,heap        ] GC(28)    the space 174784K,  37% used [0x00000000ef550000, 0x00000000f3478190, 0x00000000f3478200, 0x00000000fa000000)
[2026-09-19T05:14:01.748+0000][16.781s][debug][gc,heap        ] GC(28)  Metaspace       used 110846K, committed 111680K, reserved 1179648K
[2026-09-19T05:14:01.748+0000][16.781s][debug][gc,heap        ] GC(28)   class space    used 15298K, committed 15680K, reserved 1048576K
[2026-09-19T05:14:01.756+0000][16.789s][info ][gc,heap        ] GC(28) DefNew: 75736K(78720K)->3463K(78720K) Eden: 70016K(70016K)->0K(70016K) From: 5720K(8704K)->3463K(8704K)
[2026-09-19T05:14:01.756+0000][16.789s][info ][gc,heap        ] GC(28) Tenured: 64672K(174784K)->66145K(174784K)
[2026-09-19T05:14:01.756+0000][16.789s][info ][gc,metaspace   ] GC(28) Metaspace: 110846K(111680K)->110846K(111680K) NonClass: 95548K(96000K)->95548K(96000K) Class: 15298K(15680K)->15298K(15680K)
[2026-09-19T05:14:01.756+0000][16.789s][debug][gc,heap        ] GC(28) Heap after GC invocations=29 (full 4):
[2026-09-19T05:14:01.756+0000][16.789s][debug][gc,heap        ] GC(28)  def new generation   total 78720K, used 3463K [0x00000000e7000000, 0x00000000ec560000, 0x00000000ef550000)
[2026-09-19T05:14:01.756+0000][16.789s][debug][gc,heap        ] GC(28)   eden space 70016K,   0% used [0x00000000e7000000, 0x00000000e7000000, 0x00000000eb460000)
[2026-09-19T05:14:01.756+0000][16.790s][debug][gc,heap        ] GC(28)   from space 8704K,  39% used [0x00000000ebce0000, 0x00000000ec041da0, 0x00000000ec560000)
[2026-09-19T05:14:01.756+0000][16.790s][debug][gc,heap        ] GC(28)   to   space 8704K,   0% used [0x00000000eb460000, 0x00000000eb460000, 0x00000000ebce0000)
[2026-09-19T05:14:01.756+0000][16.790s][debug][gc,heap        ] GC(28)  tenured generation   total 174784K, used 66145K [0x00000000ef550000, 0x00000000fa000000, 0x0000000100000000)
[2026-09-19T05:14:01.756+0000][16.790s][debug][gc,heap        ] GC(28)    the space 174784K,  37% used [0x00000000ef550000, 0x00000000f35e87c8, 0x00000000f35e8800, 0x00000000fa000000)
[2026-09-19T05:14:01.756+0000][16.790s][debug][gc,heap        ] GC(28)  Metaspace       used 110846K, committed 111680K, reserved 1179648K
[2026-09-19T05:14:01.756+0000][16.790s][debug][gc,heap        ] GC(28)   class space    used 15298K, committed 15680K, reserved 1048576K
[2026-09-19T05:14:01.756+0000][16.790s][info ][gc             ] GC(28) Pause Young (Allocation Failure) 137M->67M(247M) 8.568ms
[2026-09-19T05:14:01.774+0000][16.807s][info ][gc,cpu         ] GC(28) User=0.01s Sys=0.00s Real=0.01s
[2026-09-19T05:14:02.484+0000][17.518s][info ][gc,start       ] GC(29) Pause Young (Allocation Failure)
[2026-09-19T05:14:02.485+0000][17.518s][debug][gc,heap        ] GC(29) Heap before GC invocations=29 (full 4):
[2026-09-19T05:14:02.485+0000][17.518s][debug][gc,heap        ] GC(29)  def new generation   total 78720K, used 73479K [0x00000000e7000000, 0x00000000ec560000, 0x00000000ef550000)
[2026-09-19T05:14:02.485+0000][17.518s][debug][gc,heap        ] GC(29)   eden space 70016K, 100% used [0x00000000e7000000, 0x00000000eb460000, 0x00000000eb460000)
[2026-09-19T05:14:02.485+0000][17.518s][debug][gc,heap        ] GC(29)   from space 8704K,  39% used [0x00000000ebce0000, 0x00000000ec041da0, 0x00000000ec560000)
[2026-09-19T05:14:02.485+0000][17.518s][debug][gc,heap        ] GC(29)   to   space 8704K,   0% used [0x00000000eb460000, 0x00000000eb460000, 0x00000000ebce0000)
[2026-09-19T05:14:02.485+0000][17.518s][debug][gc,heap        ] GC(29)  tenured generation   total 174784K, used 66145K [0x00000000ef550000, 0x00000000fa000000, 0x0000000100000000)
[2026-09-19T05:14:02.485+0000][17.518s][debug][gc,heap        ] GC(29)    the space 174784K,  37% used [0x00000000ef550000, 0x00000000f35e87c8, 0x00000000f35e8800, 0x00000000fa000000)
[2026-09-19T05:14:02.485+0000][17.518s][debug][gc,heap        ] GC(29)  Metaspace       used 114906K, committed 115776K, reserved 1179648K
[2026-09-19T05:14:02.485+0000][17.518s][debug][gc,heap        ] GC(29)   class space    used 15828K, committed 16256K, reserved 1048576K
[2026-09-19T05:14:02.496+0000][17.529s][info ][gc,heap        ] GC(29) DefNew: 73479K(78720K)->6396K(78720K) Eden: 70016K(70016K)->0K(70016K) From: 3463K(8704K)->6396K(8704K)
[2026-09-19T05:14:02.496+0000][17.529s][info ][gc,heap        ] GC(29) Tenured: 66145K(174784K)->66145K(174784K)
[2026-09-19T05:14:02.496+0000][17.529s][info ][gc,metaspace   ] GC(29) Metaspace: 114906K(115776K)->114906K(115776K) NonClass: 99077K(99520K)->99077K(99520K) Class: 15828K(16256K)->15828K(16256K)
[2026-09-19T05:14:02.496+0000][17.529s][debug][gc,heap        ] GC(29) Heap after GC invocations=30 (full 4):
[2026-09-19T05:14:02.496+0000][17.529s][debug][gc,heap        ] GC(29)  def new generation   total 78720K, used 6396K [0x00000000e7000000, 0x00000000ec560000, 0x00000000ef550000)
[2026-09-19T05:14:02.496+0000][17.529s][debug][gc,heap        ] GC(29)   eden space 70016K,   0% used [0x00000000e7000000, 0x00000000e7000000, 0x00000000eb460000)
[2026-09-19T05:14:02.496+0000][17.529s][debug][gc,heap        ] GC(29)   from space 8704K,  73% used [0x00000000eb460000, 0x00000000eba9f318, 0x00000000ebce0000)
[2026-09-19T05:14:02.496+0000][17.529s][debug][gc,heap        ] GC(29)   to   space 8704K,   0% used [0x00000000ebce0000, 0x00000000ebce0000, 0x00000000ec560000)
[2026-09-19T05:14:02.496+0000][17.529s][debug][gc,heap        ] GC(29)  tenured generation   total 174784K, used 66145K [0x00000000ef550000, 0x00000000fa000000, 0x0000000100000000)
[2026-09-19T05:14:02.496+0000][17.529s][debug][gc,heap        ] GC(29)    the space 174784K,  37% used [0x00000000ef550000, 0x00000000f35e87c8, 0x00000000f35e8800, 0x00000000fa000000)
[2026-09-19T05:14:02.496+0000][17.529s][debug][gc,heap        ] GC(29)  Metaspace       used 114906K, committed 115776K, reserved 1179648K
[2026-09-19T05:14:02.496+0000][17.529s][debug][gc,heap        ] GC(29)   class space    used 15828K, committed 16256K, reserved 1048576K
[2026-09-19T05:14:02.496+0000][17.529s][info ][gc             ] GC(29) Pause Young (Allocation Failure) 136M->70M(247M) 11.225ms
[2026-09-19T05:14:02.496+0000][17.529s][info ][gc,cpu         ] GC(29) User=0.01s Sys=0.00s Real=0.01s
[2026-09-19T05:14:02.913+0000][17.946s][info ][gc,start       ] GC(30) Pause Young (Allocation Failure)
[2026-09-19T05:14:02.913+0000][17.946s][debug][gc,heap        ] GC(30) Heap before GC invocations=30 (full 4):
[2026-09-19T05:14:02.913+0000][17.946s][debug][gc,heap        ] GC(30)  def new generation   total 78720K, used 76412K [0x00000000e7000000, 0x00000000ec560000, 0x00000000ef550000)
[2026-09-19T05:14:02.913+0000][17.946s][debug][gc,heap        ] GC(30)   eden space 70016K, 100% used [0x00000000e7000000, 0x00000000eb460000, 0x00000000eb460000)
[2026-09-19T05:14:02.913+0000][17.946s][debug][gc,heap        ] GC(30)   from space 8704K,  73% used [0x00000000eb460000, 0x00000000eba9f318, 0x00000000ebce0000)
[2026-09-19T05:14:02.913+0000][17.946s][debug][gc,heap        ] GC(30)   to   space 8704K,   0% used [0x00000000ebce0000, 0x00000000ebce0000, 0x00000000ec560000)
[2026-09-19T05:14:02.913+0000][17.946s][debug][gc,heap        ] GC(30)  tenured generation   total 174784K, used 66145K [0x00000000ef550000, 0x00000000fa000000, 0x0000000100000000)
[2026-09-19T05:14:02.913+0000][17.946s][debug][gc,heap        ] GC(30)    the space 174784K,  37% used [0x00000000ef550000, 0x00000000f35e87c8, 0x00000000f35e8800, 0x00000000fa000000)
[2026-09-19T05:14:02.913+0000][17.946s][debug][gc,heap        ] GC(30)  Metaspace       used 116163K, committed 117184K, reserved 1179648K
[2026-09-19T05:14:02.913+0000][17.946s][debug][gc,heap        ] GC(30)   class space    used 16022K, committed 16512K, reserved 1048576K
[2026-09-19T05:14:02.977+0000][18.010s][info ][gc,heap        ] GC(30) DefNew: 76412K(78720K)->5142K(78720K) Eden: 70016K(70016K)->0K(70016K) From: 6396K(8704K)->5142K(8704K)
[2026-09-19T05:14:02.977+0000][18.010s][info ][gc,heap        ] GC(30) Tenured: 66145K(174784K)->69512K(174784K)
[2026-09-19T05:14:02.977+0000][18.010s][info ][gc,metaspace   ] GC(30) Metaspace: 116163K(117184K)->116163K(117184K) NonClass: 100141K(100672K)->100141K(100672K) Class: 16022K(16512K)->16022K(16512K)
[2026-09-19T05:14:02.977+0000][18.010s][debug][gc,heap        ] GC(30) Heap after GC invocations=31 (full 4):
[2026-09-19T05:14:02.977+0000][18.010s][debug][gc,heap        ] GC(30)  def new generation   total 78720K, used 5142K [0x00000000e7000000, 0x00000000ec560000, 0x00000000ef550000)
[2026-09-19T05:14:02.977+0000][18.010s][debug][gc,heap        ] GC(30)   eden space 70016K,   0% used [0x00000000e7000000, 0x00000000e7000000, 0x00000000eb460000)
[2026-09-19T05:14:02.977+0000][18.010s][debug][gc,heap        ] GC(30)   from space 8704K,  59% used [0x00000000ebce0000, 0x00000000ec1e5940, 0x00000000ec560000)
[2026-09-19T05:14:02.977+0000][18.010s][debug][gc,heap        ] GC(30)   to   space 8704K,   0% used [0x00000000eb460000, 0x00000000eb460000, 0x00000000ebce0000)
[2026-09-19T05:14:02.977+0000][18.010s][debug][gc,heap        ] GC(30)  tenured generation   total 174784K, used 69512K [0x00000000ef550000, 0x00000000fa000000, 0x0000000100000000)
[2026-09-19T05:14:02.977+0000][18.010s][debug][gc,heap        ] GC(30)    the space 174784K,  39% used [0x00000000ef550000, 0x00000000f39321c8, 0x00000000f3932200, 0x00000000fa000000)
[2026-09-19T05:14:02.977+0000][18.010s][debug][gc,heap        ] GC(30)  Metaspace       used 116163K, committed 117184K, reserved 1179648K
[2026-09-19T05:14:02.977+0000][18.010s][debug][gc,heap        ] GC(30)   class space    used 16022K, committed 16512K, reserved 1048576K
[2026-09-19T05:14:02.977+0000][18.010s][info ][gc             ] GC(30) Pause Young (Allocation Failure) 139M->72M(247M) 64.102ms
[2026-09-19T05:14:02.977+0000][18.011s][info ][gc,cpu         ] GC(30) User=0.02s Sys=0.00s Real=0.07s
[2026-09-19T05:14:03.775+0000][18.808s][info ][gc,start       ] GC(31) Pause Young (Allocation Failure)
[2026-09-19T05:14:03.775+0000][18.808s][debug][gc,heap        ] GC(31) Heap before GC invocations=31 (full 4):
[2026-09-19T05:14:03.775+0000][18.808s][debug][gc,heap        ] GC(31)  def new generation   total 78720K, used 75158K [0x00000000e7000000, 0x00000000ec560000, 0x00000000ef550000)
[2026-09-19T05:14:03.775+0000][18.808s][debug][gc,heap        ] GC(31)   eden space 70016K, 100% used [0x00000000e7000000, 0x00000000eb460000, 0x00000000eb460000)
[2026-09-19T05:14:03.775+0000][18.808s][debug][gc,heap        ] GC(31)   from space 8704K,  59% used [0x00000000ebce0000, 0x00000000ec1e5940, 0x00000000ec560000)
[2026-09-19T05:14:03.775+0000][18.808s][debug][gc,heap        ] GC(31)   to   space 8704K,   0% used [0x00000000eb460000, 0x00000000eb460000, 0x00000000ebce0000)
[2026-09-19T05:14:03.775+0000][18.808s][debug][gc,heap        ] GC(31)  tenured generation   total 174784K, used 69512K [0x00000000ef550000, 0x00000000fa000000, 0x0000000100000000)
[2026-09-19T05:14:03.775+0000][18.808s][debug][gc,heap        ] GC(31)    the space 174784K,  39% used [0x00000000ef550000, 0x00000000f39321c8, 0x00000000f3932200, 0x00000000fa000000)
[2026-09-19T05:14:03.775+0000][18.808s][debug][gc,heap        ] GC(31)  Metaspace       used 119706K, committed 120704K, reserved 1179648K
[2026-09-19T05:14:03.775+0000][18.808s][debug][gc,heap        ] GC(31)   class space    used 16525K, committed 17024K, reserved 1048576K
[2026-09-19T05:14:03.790+0000][18.823s][info ][gc,heap        ] GC(31) DefNew: 75158K(78720K)->4755K(78720K) Eden: 70016K(70016K)->0K(70016K) From: 5142K(8704K)->4755K(8704K)
[2026-09-19T05:14:03.790+0000][18.823s][info ][gc,heap        ] GC(31) Tenured: 69512K(174784K)->72473K(174784K)
[2026-09-19T05:14:03.790+0000][18.823s][info ][gc,metaspace   ] GC(31) Metaspace: 119706K(120704K)->119706K(120704K) NonClass: 103180K(103680K)->103180K(103680K) Class: 16525K(17024K)->16525K(17024K)
[2026-09-19T05:14:03.790+0000][18.823s][debug][gc,heap        ] GC(31) Heap after GC invocations=32 (full 4):
[2026-09-19T05:14:03.790+0000][18.823s][debug][gc,heap        ] GC(31)  def new generation   total 78720K, used 4755K [0x00000000e7000000, 0x00000000ec560000, 0x00000000ef550000)
[2026-09-19T05:14:03.790+0000][18.823s][debug][gc,heap        ] GC(31)   eden space 70016K,   0% used [0x00000000e7000000, 0x00000000e7000000, 0x00000000eb460000)
[2026-09-19T05:14:03.790+0000][18.823s][debug][gc,heap        ] GC(31)   from space 8704K,  54% used [0x00000000eb460000, 0x00000000eb904fd0, 0x00000000ebce0000)
[2026-09-19T05:14:03.790+0000][18.823s][debug][gc,heap        ] GC(31)   to   space 8704K,   0% used [0x00000000ebce0000, 0x00000000ebce0000, 0x00000000ec560000)
[2026-09-19T05:14:03.790+0000][18.823s][debug][gc,heap        ] GC(31)  tenured generation   total 174784K, used 72473K [0x00000000ef550000, 0x00000000fa000000, 0x0000000100000000)
[2026-09-19T05:14:03.790+0000][18.823s][debug][gc,heap        ] GC(31)    the space 174784K,  41% used [0x00000000ef550000, 0x00000000f3c16540, 0x00000000f3c16600, 0x00000000fa000000)
[2026-09-19T05:14:03.790+0000][18.823s][debug][gc,heap        ] GC(31)  Metaspace       used 119706K, committed 120704K, reserved 1179648K
[2026-09-19T05:14:03.790+0000][18.823s][debug][gc,heap        ] GC(31)   class space    used 16525K, committed 17024K, reserved 1048576K
[2026-09-19T05:14:03.790+0000][18.823s][info ][gc             ] GC(31) Pause Young (Allocation Failure) 141M->75M(247M) 14.996ms
[2026-09-19T05:14:03.790+0000][18.823s][info ][gc,cpu         ] GC(31) User=0.01s Sys=0.00s Real=0.01s
[2026-09-19T05:14:04.585+0000][19.619s][info ][gc,start       ] GC(32) Pause Young (Allocation Failure)
[2026-09-19T05:14:04.586+0000][19.619s][debug][gc,heap        ] GC(32) Heap before GC invocations=32 (full 4):
[2026-09-19T05:14:04.586+0000][19.619s][debug][gc,heap        ] GC(32)  def new generation   total 78720K, used 74771K [0x00000000e7000000, 0x00000000ec560000, 0x00000000ef550000)
[2026-09-19T05:14:04.586+0000][19.619s][debug][gc,heap        ] GC(32)   eden space 70016K, 100% used [0x00000000e7000000, 0x00000000eb460000, 0x00000000eb460000)
[2026-09-19T05:14:04.586+0000][19.619s][debug][gc,heap        ] GC(32)   from space 8704K,  54% used [0x00000000eb460000, 0x00000000eb904fd0, 0x00000000ebce0000)
[2026-09-19T05:14:04.586+0000][19.619s][debug][gc,heap        ] GC(32)   to   space 8704K,   0% used [0x00000000ebce0000, 0x00000000ebce0000, 0x00000000ec560000)
[2026-09-19T05:14:04.586+0000][19.619s][debug][gc,heap        ] GC(32)  tenured generation   total 174784K, used 72473K [0x00000000ef550000, 0x00000000fa000000, 0x0000000100000000)
[2026-09-19T05:14:04.586+0000][19.619s][debug][gc,heap        ] GC(32)    the space 174784K,  41% used [0x00000000ef550000, 0x00000000f3c16540, 0x00000000f3c16600, 0x00000000fa000000)
[2026-09-19T05:14:04.586+0000][19.619s][debug][gc,heap        ] GC(32)  Metaspace       used 122355K, committed 123456K, reserved 1179648K
[2026-09-19T05:14:04.586+0000][19.619s][debug][gc,heap        ] GC(32)   class space    used 16934K, committed 17472K, reserved 1048576K
[2026-09-19T05:14:04.600+0000][19.633s][info ][gc,heap        ] GC(32) DefNew: 74771K(78720K)->4811K(78720K) Eden: 70016K(70016K)->0K(70016K) From: 4755K(8704K)->4811K(8704K)
[2026-09-19T05:14:04.600+0000][19.633s][info ][gc,heap        ] GC(32) Tenured: 72473K(174784K)->74620K(174784K)
[2026-09-19T05:14:04.600+0000][19.633s][info ][gc,metaspace   ] GC(32) Metaspace: 122355K(123456K)->122355K(123456K) NonClass: 105420K(105984K)->105420K(105984K) Class: 16934K(17472K)->16934K(17472K)
[2026-09-19T05:14:04.600+0000][19.633s][debug][gc,heap        ] GC(32) Heap after GC invocations=33 (full 4):
[2026-09-19T05:14:04.600+0000][19.633s][debug][gc,heap        ] GC(32)  def new generation   total 78720K, used 4811K [0x00000000e7000000, 0x00000000ec560000, 0x00000000ef550000)
[2026-09-19T05:14:04.600+0000][19.633s][debug][gc,heap        ] GC(32)   eden space 70016K,   0% used [0x00000000e7000000, 0x00000000e7000000, 0x00000000eb460000)
[2026-09-19T05:14:04.600+0000][19.633s][debug][gc,heap        ] GC(32)   from space 8704K,  55% used [0x00000000ebce0000, 0x00000000ec192e30, 0x00000000ec560000)
[2026-09-19T05:14:04.600+0000][19.633s][debug][gc,heap        ] GC(32)   to   space 8704K,   0% used [0x00000000eb460000, 0x00000000eb460000, 0x00000000ebce0000)
[2026-09-19T05:14:04.600+0000][19.633s][debug][gc,heap        ] GC(32)  tenured generation   total 174784K, used 74620K [0x00000000ef550000, 0x00000000fa000000, 0x0000000100000000)
[2026-09-19T05:14:04.600+0000][19.633s][debug][gc,heap        ] GC(32)    the space 174784K,  42% used [0x00000000ef550000, 0x00000000f3e2f100, 0x00000000f3e2f200, 0x00000000fa000000)
[2026-09-19T05:14:04.600+0000][19.633s][debug][gc,heap        ] GC(32)  Metaspace       used 122355K, committed 123456K, reserved 1179648K
[2026-09-19T05:14:04.600+0000][19.633s][debug][gc,heap        ] GC(32)   class space    used 16934K, committed 17472K, reserved 1048576K
[2026-09-19T05:14:04.600+0000][19.633s][info ][gc             ] GC(32) Pause Young (Allocation Failure) 143M->77M(247M) 14.144ms
[2026-09-19T05:14:04.600+0000][19.633s][info ][gc,cpu         ] GC(32) User=0.02s Sys=0.00s Real=0.01s
[2026-09-19T05:14:05.300+0000][20.333s][info ][gc,start       ] GC(33) Pause Young (Allocation Failure)
[2026-09-19T05:14:05.300+0000][20.333s][debug][gc,heap        ] GC(33) Heap before GC invocations=33 (full 4):
[2026-09-19T05:14:05.300+0000][20.333s][debug][gc,heap        ] GC(33)  def new generation   total 78720K, used 74827K [0x00000000e7000000, 0x00000000ec560000, 0x00000000ef550000)
[2026-09-19T05:14:05.300+0000][20.333s][debug][gc,heap        ] GC(33)   eden space 70016K, 100% used [0x00000000e7000000, 0x00000000eb460000, 0x00000000eb460000)
[2026-09-19T05:14:05.300+0000][20.333s][debug][gc,heap        ] GC(33)   from space 8704K,  55% used [0x00000000ebce0000, 0x00000000ec192e30, 0x00000000ec560000)
[2026-09-19T05:14:05.300+0000][20.333s][debug][gc,heap        ] GC(33)   to   space 8704K,   0% used [0x00000000eb460000, 0x00000000eb460000, 0x00000000ebce0000)
[2026-09-19T05:14:05.300+0000][20.333s][debug][gc,heap        ] GC(33)  tenured generation   total 174784K, used 74620K [0x00000000ef550000, 0x00000000fa000000, 0x0000000100000000)
[2026-09-19T05:14:05.300+0000][20.333s][debug][gc,heap        ] GC(33)    the space 174784K,  42% used [0x00000000ef550000, 0x00000000f3e2f100, 0x00000000f3e2f200, 0x00000000fa000000)
[2026-09-19T05:14:05.300+0000][20.333s][debug][gc,heap        ] GC(33)  Metaspace       used 126671K, committed 127808K, reserved 1179648K
[2026-09-19T05:14:05.300+0000][20.333s][debug][gc,heap        ] GC(33)   class space    used 17529K, committed 18048K, reserved 1048576K
[2026-09-19T05:14:05.376+0000][20.410s][info ][gc,heap        ] GC(33) DefNew: 74827K(78720K)->4407K(78720K) Eden: 70016K(70016K)->0K(70016K) From: 4811K(8704K)->4407K(8704K)
[2026-09-19T05:14:05.376+0000][20.410s][info ][gc,heap        ] GC(33) Tenured: 74620K(174784K)->77000K(174784K)
[2026-09-19T05:14:05.376+0000][20.410s][info ][gc,metaspace   ] GC(33) Metaspace: 126671K(127808K)->126671K(127808K) NonClass: 109142K(109760K)->109142K(109760K) Class: 17529K(18048K)->17529K(18048K)
[2026-09-19T05:14:05.376+0000][20.410s][debug][gc,heap        ] GC(33) Heap after GC invocations=34 (full 4):
[2026-09-19T05:14:05.376+0000][20.410s][debug][gc,heap        ] GC(33)  def new generation   total 78720K, used 4407K [0x00000000e7000000, 0x00000000ec560000, 0x00000000ef550000)
[2026-09-19T05:14:05.376+0000][20.410s][debug][gc,heap        ] GC(33)   eden space 70016K,   0% used [0x00000000e7000000, 0x00000000e7000000, 0x00000000eb460000)
[2026-09-19T05:14:05.376+0000][20.410s][debug][gc,heap        ] GC(33)   from space 8704K,  50% used [0x00000000eb460000, 0x00000000eb8adfc0, 0x00000000ebce0000)
[2026-09-19T05:14:05.376+0000][20.410s][debug][gc,heap        ] GC(33)   to   space 8704K,   0% used [0x00000000ebce0000, 0x00000000ebce0000, 0x00000000ec560000)
[2026-09-19T05:14:05.377+0000][20.410s][debug][gc,heap        ] GC(33)  tenured generation   total 174784K, used 77000K [0x00000000ef550000, 0x00000000fa000000, 0x0000000100000000)
[2026-09-19T05:14:05.377+0000][20.410s][debug][gc,heap        ] GC(33)    the space 174784K,  44% used [0x00000000ef550000, 0x00000000f4082000, 0x00000000f4082000, 0x00000000fa000000)
[2026-09-19T05:14:05.377+0000][20.410s][debug][gc,heap        ] GC(33)  Metaspace       used 126671K, committed 127808K, reserved 1179648K
[2026-09-19T05:14:05.377+0000][20.410s][debug][gc,heap        ] GC(33)   class space    used 17529K, committed 18048K, reserved 1048576K
[2026-09-19T05:14:05.377+0000][20.410s][info ][gc             ] GC(33) Pause Young (Allocation Failure) 145M->79M(247M) 76.874ms
[2026-09-19T05:14:05.377+0000][20.410s][info ][gc,cpu         ] GC(33) User=0.02s Sys=0.00s Real=0.08s
[2026-09-19T05:14:06.013+0000][21.046s][info ][gc,start       ] GC(34) Pause Young (Allocation Failure)
[2026-09-19T05:14:06.013+0000][21.046s][debug][gc,heap        ] GC(34) Heap before GC invocations=34 (full 4):
[2026-09-19T05:14:06.013+0000][21.046s][debug][gc,heap        ] GC(34)  def new generation   total 78720K, used 74423K [0x00000000e7000000, 0x00000000ec560000, 0x00000000ef550000)
[2026-09-19T05:14:06.013+0000][21.046s][debug][gc,heap        ] GC(34)   eden space 70016K, 100% used [0x00000000e7000000, 0x00000000eb460000, 0x00000000eb460000)
[2026-09-19T05:14:06.013+0000][21.046s][debug][gc,heap        ] GC(34)   from space 8704K,  50% used [0x00000000eb460000, 0x00000000eb8adfc0, 0x00000000ebce0000)
[2026-09-19T05:14:06.013+0000][21.046s][debug][gc,heap        ] GC(34)   to   space 8704K,   0% used [0x00000000ebce0000, 0x00000000ebce0000, 0x00000000ec560000)
[2026-09-19T05:14:06.013+0000][21.046s][debug][gc,heap        ] GC(34)  tenured generation   total 174784K, used 77000K [0x00000000ef550000, 0x00000000fa000000, 0x0000000100000000)
[2026-09-19T05:14:06.013+0000][21.046s][debug][gc,heap        ] GC(34)    the space 174784K,  44% used [0x00000000ef550000, 0x00000000f4082000, 0x00000000f4082000, 0x00000000fa000000)
[2026-09-19T05:14:06.013+0000][21.046s][debug][gc,heap        ] GC(34)  Metaspace       used 131776K, committed 133056K, reserved 1179648K
[2026-09-19T05:14:06.013+0000][21.046s][debug][gc,heap        ] GC(34)   class space    used 18239K, committed 18816K, reserved 1048576K
[2026-09-19T05:14:06.027+0000][21.060s][info ][gc,heap        ] GC(34) DefNew: 74423K(78720K)->3689K(78720K) Eden: 70016K(70016K)->0K(70016K) From: 4407K(8704K)->3689K(8704K)
[2026-09-19T05:14:06.027+0000][21.060s][info ][gc,heap        ] GC(34) Tenured: 77000K(174784K)->79061K(174784K)
[2026-09-19T05:14:06.027+0000][21.060s][info ][gc,metaspace   ] GC(34) Metaspace: 131776K(133056K)->131776K(133056K) NonClass: 113537K(114240K)->113537K(114240K) Class: 18239K(18816K)->18239K(18816K)
[2026-09-19T05:14:06.027+0000][21.060s][debug][gc,heap        ] GC(34) Heap after GC invocations=35 (full 4):
[2026-09-19T05:14:06.027+0000][21.060s][debug][gc,heap        ] GC(34)  def new generation   total 78720K, used 3689K [0x00000000e7000000, 0x00000000ec560000, 0x00000000ef550000)
[2026-09-19T05:14:06.027+0000][21.060s][debug][gc,heap        ] GC(34)   eden space 70016K,   0% used [0x00000000e7000000, 0x00000000e7000000, 0x00000000eb460000)
[2026-09-19T05:14:06.027+0000][21.060s][debug][gc,heap        ] GC(34)   from space 8704K,  42% used [0x00000000ebce0000, 0x00000000ec07a508, 0x00000000ec560000)
[2026-09-19T05:14:06.027+0000][21.060s][debug][gc,heap        ] GC(34)   to   space 8704K,   0% used [0x00000000eb460000, 0x00000000eb460000, 0x00000000ebce0000)
[2026-09-19T05:14:06.027+0000][21.060s][debug][gc,heap        ] GC(34)  tenured generation   total 174784K, used 79061K [0x00000000ef550000, 0x00000000fa000000, 0x0000000100000000)
[2026-09-19T05:14:06.027+0000][21.060s][debug][gc,heap        ] GC(34)    the space 174784K,  45% used [0x00000000ef550000, 0x00000000f42856f0, 0x00000000f4285800, 0x00000000fa000000)
[2026-09-19T05:14:06.027+0000][21.060s][debug][gc,heap        ] GC(34)  Metaspace       used 131776K, committed 133056K, reserved 1179648K
[2026-09-19T05:14:06.027+0000][21.060s][debug][gc,heap        ] GC(34)   class space    used 18239K, committed 18816K, reserved 1048576K
[2026-09-19T05:14:06.027+0000][21.060s][info ][gc             ] GC(34) Pause Young (Allocation Failure) 147M->80M(247M) 14.005ms
[2026-09-19T05:14:06.074+0000][21.107s][info ][gc,cpu         ] GC(34) User=0.01s Sys=0.00s Real=0.02s
[2026-09-19T05:14:43.178+0000][58.211s][info ][gc,start       ] GC(35) Pause Young (Allocation Failure)
[2026-09-19T05:14:43.178+0000][58.211s][debug][gc,heap        ] GC(35) Heap before GC invocations=35 (full 4):
[2026-09-19T05:14:43.178+0000][58.211s][debug][gc,heap        ] GC(35)  def new generation   total 78720K, used 73705K [0x00000000e7000000, 0x00000000ec560000, 0x00000000ef550000)
[2026-09-19T05:14:43.178+0000][58.211s][debug][gc,heap        ] GC(35)   eden space 70016K, 100% used [0x00000000e7000000, 0x00000000eb460000, 0x00000000eb460000)
[2026-09-19T05:14:43.178+0000][58.211s][debug][gc,heap        ] GC(35)   from space 8704K,  42% used [0x00000000ebce0000, 0x00000000ec07a508, 0x00000000ec560000)
[2026-09-19T05:14:43.178+0000][58.211s][debug][gc,heap        ] GC(35)   to   space 8704K,   0% used [0x00000000eb460000, 0x00000000eb460000, 0x00000000ebce0000)
[2026-09-19T05:14:43.178+0000][58.211s][debug][gc,heap        ] GC(35)  tenured generation   total 174784K, used 79061K [0x00000000ef550000, 0x00000000fa000000, 0x0000000100000000)
[2026-09-19T05:14:43.178+0000][58.211s][debug][gc,heap        ] GC(35)    the space 174784K,  45% used [0x00000000ef550000, 0x00000000f42856f0, 0x00000000f4285800, 0x00000000fa000000)
[2026-09-19T05:14:43.178+0000][58.212s][debug][gc,heap        ] GC(35)  Metaspace       used 136683K, committed 137984K, reserved 1179648K
[2026-09-19T05:14:43.178+0000][58.212s][debug][gc,heap        ] GC(35)   class space    used 18699K, committed 19328K, reserved 1048576K
[2026-09-19T05:14:43.191+0000][58.224s][info ][gc,heap        ] GC(35) DefNew: 73705K(78720K)->5530K(78720K) Eden: 70016K(70016K)->0K(70016K) From: 3689K(8704K)->5530K(8704K)
[2026-09-19T05:14:43.191+0000][58.224s][info ][gc,heap        ] GC(35) Tenured: 79061K(174784K)->79061K(174784K)
[2026-09-19T05:14:43.191+0000][58.224s][info ][gc,metaspace   ] GC(35) Metaspace: 136683K(137984K)->136683K(137984K) NonClass: 117984K(118656K)->117984K(118656K) Class: 18699K(19328K)->18699K(19328K)
[2026-09-19T05:14:43.191+0000][58.224s][debug][gc,heap        ] GC(35) Heap after GC invocations=36 (full 4):
[2026-09-19T05:14:43.191+0000][58.224s][debug][gc,heap        ] GC(35)  def new generation   total 78720K, used 5530K [0x00000000e7000000, 0x00000000ec560000, 0x00000000ef550000)
[2026-09-19T05:14:43.191+0000][58.224s][debug][gc,heap        ] GC(35)   eden space 70016K,   0% used [0x00000000e7000000, 0x00000000e7000000, 0x00000000eb460000)
[2026-09-19T05:14:43.191+0000][58.224s][debug][gc,heap        ] GC(35)   from space 8704K,  63% used [0x00000000eb460000, 0x00000000eb9c6ae0, 0x00000000ebce0000)
[2026-09-19T05:14:43.191+0000][58.224s][debug][gc,heap        ] GC(35)   to   space 8704K,   0% used [0x00000000ebce0000, 0x00000000ebce0000, 0x00000000ec560000)
[2026-09-19T05:14:43.191+0000][58.224s][debug][gc,heap        ] GC(35)  tenured generation   total 174784K, used 79061K [0x00000000ef550000, 0x00000000fa000000, 0x0000000100000000)
[2026-09-19T05:14:43.191+0000][58.224s][debug][gc,heap        ] GC(35)    the space 174784K,  45% used [0x00000000ef550000, 0x00000000f42856f0, 0x00000000f4285800, 0x00000000fa000000)
[2026-09-19T05:14:43.191+0000][58.224s][debug][gc,heap        ] GC(35)  Metaspace       used 136683K, committed 137984K, reserved 1179648K
[2026-09-19T05:14:43.191+0000][58.224s][debug][gc,heap        ] GC(35)   class space    used 18699K, committed 19328K, reserved 1048576K
[2026-09-19T05:14:43.191+0000][58.224s][info ][gc             ] GC(35) Pause Young (Allocation Failure) 149M->82M(247M) 12.375ms
[2026-09-19T05:14:43.191+0000][58.224s][info ][gc,cpu         ] GC(35) User=0.01s Sys=0.00s Real=0.01s
[2026-09-19T05:16:11.926+0000][146.959s][info ][gc,start       ] GC(36) Pause Young (Allocation Failure)
[2026-09-19T05:16:11.926+0000][146.959s][debug][gc,heap        ] GC(36) Heap before GC invocations=36 (full 4):
[2026-09-19T05:16:11.926+0000][146.959s][debug][gc,heap        ] GC(36)  def new generation   total 78720K, used 75546K [0x00000000e7000000, 0x00000000ec560000, 0x00000000ef550000)
[2026-09-19T05:16:11.926+0000][146.959s][debug][gc,heap        ] GC(36)   eden space 70016K, 100% used [0x00000000e7000000, 0x00000000eb460000, 0x00000000eb460000)
[2026-09-19T05:16:11.926+0000][146.959s][debug][gc,heap        ] GC(36)   from space 8704K,  63% used [0x00000000eb460000, 0x00000000eb9c6ae0, 0x00000000ebce0000)
[2026-09-19T05:16:11.926+0000][146.959s][debug][gc,heap        ] GC(36)   to   space 8704K,   0% used [0x00000000ebce0000, 0x00000000ebce0000, 0x00000000ec560000)
[2026-09-19T05:16:11.926+0000][146.959s][debug][gc,heap        ] GC(36)  tenured generation   total 174784K, used 79061K [0x00000000ef550000, 0x00000000fa000000, 0x0000000100000000)
[2026-09-19T05:16:11.926+0000][146.959s][debug][gc,heap        ] GC(36)    the space 174784K,  45% used [0x00000000ef550000, 0x00000000f42856f0, 0x00000000f4285800, 0x00000000fa000000)
[2026-09-19T05:16:11.926+0000][146.959s][debug][gc,heap        ] GC(36)  Metaspace       used 137748K, committed 139008K, reserved 1179648K
[2026-09-19T05:16:11.926+0000][146.959s][debug][gc,heap        ] GC(36)   class space    used 18720K, committed 19328K, reserved 1048576K
[2026-09-19T05:16:11.938+0000][146.971s][info ][gc,heap        ] GC(36) DefNew: 75546K(78720K)->3033K(78720K) Eden: 70016K(70016K)->0K(70016K) From: 5530K(8704K)->3033K(8704K)
[2026-09-19T05:16:11.938+0000][146.971s][info ][gc,heap        ] GC(36) Tenured: 79061K(174784K)->81212K(174784K)
[2026-09-19T05:16:11.938+0000][146.971s][info ][gc,metaspace   ] GC(36) Metaspace: 137748K(139008K)->137748K(139008K) NonClass: 119027K(119680K)->119027K(119680K) Class: 18720K(19328K)->18720K(19328K)
[2026-09-19T05:16:11.938+0000][146.971s][debug][gc,heap        ] GC(36) Heap after GC invocations=37 (full 4):
[2026-09-19T05:16:11.938+0000][146.971s][debug][gc,heap        ] GC(36)  def new generation   total 78720K, used 3033K [0x00000000e7000000, 0x00000000ec560000, 0x00000000ef550000)
[2026-09-19T05:16:11.938+0000][146.971s][debug][gc,heap        ] GC(36)   eden space 70016K,   0% used [0x00000000e7000000, 0x00000000e7000000, 0x00000000eb460000)
[2026-09-19T05:16:11.938+0000][146.971s][debug][gc,heap        ] GC(36)   from space 8704K,  34% used [0x00000000ebce0000, 0x00000000ebfd64e8, 0x00000000ec560000)
[2026-09-19T05:16:11.938+0000][146.971s][debug][gc,heap        ] GC(36)   to   space 8704K,   0% used [0x00000000eb460000, 0x00000000eb460000, 0x00000000ebce0000)
[2026-09-19T05:16:11.938+0000][146.971s][debug][gc,heap        ] GC(36)  tenured generation   total 174784K, used 81212K [0x00000000ef550000, 0x00000000fa000000, 0x0000000100000000)
[2026-09-19T05:16:11.938+0000][146.971s][debug][gc,heap        ] GC(36)    the space 174784K,  46% used [0x00000000ef550000, 0x00000000f449f110, 0x00000000f449f200, 0x00000000fa000000)
[2026-09-19T05:16:11.938+0000][146.971s][debug][gc,heap        ] GC(36)  Metaspace       used 137748K, committed 139008K, reserved 1179648K
[2026-09-19T05:16:11.938+0000][146.971s][debug][gc,heap        ] GC(36)   class space    used 18720K, committed 19328K, reserved 1048576K
[2026-09-19T05:16:11.938+0000][146.971s][info ][gc             ] GC(36) Pause Young (Allocation Failure) 150M->82M(247M) 12.706ms
[2026-09-19T05:16:11.938+0000][146.971s][info ][gc,cpu         ] GC(36) User=0.01s Sys=0.00s Real=0.01s
[2026-09-19T05:17:51.112+0000][246.145s][info ][gc,start       ] GC(37) Pause Young (Allocation Failure)
[2026-09-19T05:17:51.112+0000][246.145s][debug][gc,heap        ] GC(37) Heap before GC invocations=37 (full 4):
[2026-09-19T05:17:51.112+0000][246.145s][debug][gc,heap        ] GC(37)  def new generation   total 78720K, used 73049K [0x00000000e7000000, 0x00000000ec560000, 0x00000000ef550000)
[2026-09-19T05:17:51.112+0000][246.145s][debug][gc,heap        ] GC(37)   eden space 70016K, 100% used [0x00000000e7000000, 0x00000000eb460000, 0x00000000eb460000)
[2026-09-19T05:17:51.112+0000][246.145s][debug][gc,heap        ] GC(37)   from space 8704K,  34% used [0x00000000ebce0000, 0x00000000ebfd64e8, 0x00000000ec560000)
[2026-09-19T05:17:51.112+0000][246.145s][debug][gc,heap        ] GC(37)   to   space 8704K,   0% used [0x00000000eb460000, 0x00000000eb460000, 0x00000000ebce0000)
[2026-09-19T05:17:51.112+0000][246.145s][debug][gc,heap        ] GC(37)  tenured generation   total 174784K, used 81212K [0x00000000ef550000, 0x00000000fa000000, 0x0000000100000000)
[2026-09-19T05:17:51.112+0000][246.145s][debug][gc,heap        ] GC(37)    the space 174784K,  46% used [0x00000000ef550000, 0x00000000f449f110, 0x00000000f449f200, 0x00000000fa000000)
[2026-09-19T05:17:51.112+0000][246.145s][debug][gc,heap        ] GC(37)  Metaspace       used 138128K, committed 139392K, reserved 1179648K
[2026-09-19T05:17:51.112+0000][246.145s][debug][gc,heap        ] GC(37)   class space    used 18722K, committed 19328K, reserved 1048576K
[2026-09-19T05:17:51.120+0000][246.154s][info ][gc,heap        ] GC(37) DefNew: 73049K(78720K)->3550K(78720K) Eden: 70016K(70016K)->0K(70016K) From: 3033K(8704K)->3550K(8704K)
[2026-09-19T05:17:51.120+0000][246.154s][info ][gc,heap        ] GC(37) Tenured: 81212K(174784K)->81212K(174784K)
[2026-09-19T05:17:51.120+0000][246.154s][info ][gc,metaspace   ] GC(37) Metaspace: 138128K(139392K)->138128K(139392K) NonClass: 119406K(120064K)->119406K(120064K) Class: 18722K(19328K)->18722K(19328K)
[2026-09-19T05:17:51.120+0000][246.154s][debug][gc,heap        ] GC(37) Heap after GC invocations=38 (full 4):
[2026-09-19T05:17:51.120+0000][246.154s][debug][gc,heap        ] GC(37)  def new generation   total 78720K, used 3550K [0x00000000e7000000, 0x00000000ec560000, 0x00000000ef550000)
[2026-09-19T05:17:51.120+0000][246.154s][debug][gc,heap        ] GC(37)   eden space 70016K,   0% used [0x00000000e7000000, 0x00000000e7000000, 0x00000000eb460000)
[2026-09-19T05:17:51.120+0000][246.154s][debug][gc,heap        ] GC(37)   from space 8704K,  40% used [0x00000000eb460000, 0x00000000eb7d79f0, 0x00000000ebce0000)
[2026-09-19T05:17:51.120+0000][246.154s][debug][gc,heap        ] GC(37)   to   space 8704K,   0% used [0x00000000ebce0000, 0x00000000ebce0000, 0x00000000ec560000)
[2026-09-19T05:17:51.120+0000][246.154s][debug][gc,heap        ] GC(37)  tenured generation   total 174784K, used 81212K [0x00000000ef550000, 0x00000000fa000000, 0x0000000100000000)
[2026-09-19T05:17:51.120+0000][246.154s][debug][gc,heap        ] GC(37)    the space 174784K,  46% used [0x00000000ef550000, 0x00000000f449f110, 0x00000000f449f200, 0x00000000fa000000)
[2026-09-19T05:17:51.120+0000][246.154s][debug][gc,heap        ] GC(37)  Metaspace       used 138128K, committed 139392K, reserved 1179648K
[2026-09-19T05:17:51.120+0000][246.154s][debug][gc,heap        ] GC(37)   class space    used 18722K, committed 19328K, reserved 1048576K
[2026-09-19T05:17:51.120+0000][246.154s][info ][gc             ] GC(37) Pause Young (Allocation Failure) 150M->82M(247M) 8.410ms
[2026-09-19T05:17:51.120+0000][246.154s][info ][gc,cpu         ] GC(37) User=0.01s Sys=0.00s Real=0.01s
[2026-09-19T05:19:24.915+0000][339.948s][info ][gc,start       ] GC(38) Pause Young (Allocation Failure)
[2026-09-19T05:19:24.915+0000][339.948s][debug][gc,heap        ] GC(38) Heap before GC invocations=38 (full 4):
[2026-09-19T05:19:24.915+0000][339.948s][debug][gc,heap        ] GC(38)  def new generation   total 78720K, used 73566K [0x00000000e7000000, 0x00000000ec560000, 0x00000000ef550000)
[2026-09-19T05:19:24.915+0000][339.948s][debug][gc,heap        ] GC(38)   eden space 70016K, 100% used [0x00000000e7000000, 0x00000000eb460000, 0x00000000eb460000)
[2026-09-19T05:19:24.915+0000][339.948s][debug][gc,heap        ] GC(38)   from space 8704K,  40% used [0x00000000eb460000, 0x00000000eb7d79f0, 0x00000000ebce0000)
[2026-09-19T05:19:24.915+0000][339.948s][debug][gc,heap        ] GC(38)   to   space 8704K,   0% used [0x00000000ebce0000, 0x00000000ebce0000, 0x00000000ec560000)
[2026-09-19T05:19:24.915+0000][339.948s][debug][gc,heap        ] GC(38)  tenured generation   total 174784K, used 81212K [0x00000000ef550000, 0x00000000fa000000, 0x0000000100000000)
[2026-09-19T05:19:24.915+0000][339.948s][debug][gc,heap        ] GC(38)    the space 174784K,  46% used [0x00000000ef550000, 0x00000000f449f110, 0x00000000f449f200, 0x00000000fa000000)
[2026-09-19T05:19:24.915+0000][339.948s][debug][gc,heap        ] GC(38)  Metaspace       used 138413K, committed 139648K, reserved 1179648K
[2026-09-19T05:19:24.915+0000][339.948s][debug][gc,heap        ] GC(38)   class space    used 18724K, committed 19328K, reserved 1048576K
[2026-09-19T05:19:24.924+0000][339.957s][info ][gc,heap        ] GC(38) DefNew: 73566K(78720K)->3113K(78720K) Eden: 70016K(70016K)->0K(70016K) From: 3550K(8704K)->3113K(8704K)
[2026-09-19T05:19:24.924+0000][339.957s][info ][gc,heap        ] GC(38) Tenured: 81212K(174784K)->81212K(174784K)
[2026-09-19T05:19:24.924+0000][339.957s][info ][gc,metaspace   ] GC(38) Metaspace: 138413K(139648K)->138413K(139648K) NonClass: 119688K(120320K)->119688K(120320K) Class: 18724K(19328K)->18724K(19328K)
[2026-09-19T05:19:24.924+0000][339.957s][debug][gc,heap        ] GC(38) Heap after GC invocations=39 (full 4):
[2026-09-19T05:19:24.924+0000][339.957s][debug][gc,heap        ] GC(38)  def new generation   total 78720K, used 3113K [0x00000000e7000000, 0x00000000ec560000, 0x00000000ef550000)
[2026-09-19T05:19:24.924+0000][339.957s][debug][gc,heap        ] GC(38)   eden space 70016K,   0% used [0x00000000e7000000, 0x00000000e7000000, 0x00000000eb460000)
[2026-09-19T05:19:24.924+0000][339.957s][debug][gc,heap        ] GC(38)   from space 8704K,  35% used [0x00000000ebce0000, 0x00000000ebfea6a0, 0x00000000ec560000)
[2026-09-19T05:19:24.924+0000][339.957s][debug][gc,heap        ] GC(38)   to   space 8704K,   0% used [0x00000000eb460000, 0x00000000eb460000, 0x00000000ebce0000)
[2026-09-19T05:19:24.924+0000][339.957s][debug][gc,heap        ] GC(38)  tenured generation   total 174784K, used 81212K [0x00000000ef550000, 0x00000000fa000000, 0x0000000100000000)
[2026-09-19T05:19:24.924+0000][339.957s][debug][gc,heap        ] GC(38)    the space 174784K,  46% used [0x00000000ef550000, 0x00000000f449f110, 0x00000000f449f200, 0x00000000fa000000)
[2026-09-19T05:19:24.924+0000][339.957s][debug][gc,heap        ] GC(38)  Metaspace       used 138413K, committed 139648K, reserved 1179648K
[2026-09-19T05:19:24.924+0000][339.957s][debug][gc,heap        ] GC(38)   class space    used 18724K, committed 19328K, reserved 1048576K
[2026-09-19T05:19:24.924+0000][339.957s][info ][gc             ] GC(38) Pause Young (Allocation Failure) 151M->82M(247M) 8.438ms
[2026-09-19T05:19:24.924+0000][339.957s][info ][gc,cpu         ] GC(38) User=0.01s Sys=0.00s Real=0.01s
[2026-09-19T05:21:07.215+0000][442.248s][info ][gc,start       ] GC(39) Pause Young (Allocation Failure)
[2026-09-19T05:21:07.215+0000][442.248s][debug][gc,heap        ] GC(39) Heap before GC invocations=39 (full 4):
[2026-09-19T05:21:07.215+0000][442.248s][debug][gc,heap        ] GC(39)  def new generation   total 78720K, used 73129K [0x00000000e7000000, 0x00000000ec560000, 0x00000000ef550000)
[2026-09-19T05:21:07.215+0000][442.248s][debug][gc,heap        ] GC(39)   eden space 70016K, 100% used [0x00000000e7000000, 0x00000000eb460000, 0x00000000eb460000)
[2026-09-19T05:21:07.215+0000][442.248s][debug][gc,heap        ] GC(39)   from space 8704K,  35% used [0x00000000ebce0000, 0x00000000ebfea6a0, 0x00000000ec560000)
[2026-09-19T05:21:07.215+0000][442.248s][debug][gc,heap        ] GC(39)   to   space 8704K,   0% used [0x00000000eb460000, 0x00000000eb460000, 0x00000000ebce0000)
[2026-09-19T05:21:07.215+0000][442.248s][debug][gc,heap        ] GC(39)  tenured generation   total 174784K, used 81212K [0x00000000ef550000, 0x00000000fa000000, 0x0000000100000000)
[2026-09-19T05:21:07.215+0000][442.248s][debug][gc,heap        ] GC(39)    the space 174784K,  46% used [0x00000000ef550000, 0x00000000f449f110, 0x00000000f449f200, 0x00000000fa000000)
[2026-09-19T05:21:07.215+0000][442.248s][debug][gc,heap        ] GC(39)  Metaspace       used 138631K, committed 139904K, reserved 1179648K
[2026-09-19T05:21:07.215+0000][442.248s][debug][gc,heap        ] GC(39)   class space    used 18725K, committed 19328K, reserved 1048576K
[2026-09-19T05:21:07.224+0000][442.257s][info ][gc,heap        ] GC(39) DefNew: 73129K(78720K)->3956K(78720K) Eden: 70016K(70016K)->0K(70016K) From: 3113K(8704K)->3956K(8704K)
[2026-09-19T05:21:07.224+0000][442.257s][info ][gc,heap        ] GC(39) Tenured: 81212K(174784K)->81212K(174784K)
[2026-09-19T05:21:07.224+0000][442.257s][info ][gc,metaspace   ] GC(39) Metaspace: 138631K(139904K)->138631K(139904K) NonClass: 119905K(120576K)->119905K(120576K) Class: 18725K(19328K)->18725K(19328K)
[2026-09-19T05:21:07.224+0000][442.257s][debug][gc,heap        ] GC(39) Heap after GC invocations=40 (full 4):
[2026-09-19T05:21:07.224+0000][442.257s][debug][gc,heap        ] GC(39)  def new generation   total 78720K, used 3956K [0x00000000e7000000, 0x00000000ec560000, 0x00000000ef550000)
[2026-09-19T05:21:07.224+0000][442.257s][debug][gc,heap        ] GC(39)   eden space 70016K,   0% used [0x00000000e7000000, 0x00000000e7000000, 0x00000000eb460000)
[2026-09-19T05:21:07.224+0000][442.257s][debug][gc,heap        ] GC(39)   from space 8704K,  45% used [0x00000000eb460000, 0x00000000eb83d180, 0x00000000ebce0000)
[2026-09-19T05:21:07.224+0000][442.257s][debug][gc,heap        ] GC(39)   to   space 8704K,   0% used [0x00000000ebce0000, 0x00000000ebce0000, 0x00000000ec560000)
[2026-09-19T05:21:07.224+0000][442.257s][debug][gc,heap        ] GC(39)  tenured generation   total 174784K, used 81212K [0x00000000ef550000, 0x00000000fa000000, 0x0000000100000000)
[2026-09-19T05:21:07.224+0000][442.257s][debug][gc,heap        ] GC(39)    the space 174784K,  46% used [0x00000000ef550000, 0x00000000f449f110, 0x00000000f449f200, 0x00000000fa000000)
[2026-09-19T05:21:07.224+0000][442.257s][debug][gc,heap        ] GC(39)  Metaspace       used 138631K, committed 139904K, reserved 1179648K
[2026-09-19T05:21:07.224+0000][442.257s][debug][gc,heap        ] GC(39)   class space    used 18725K, committed 19328K, reserved 1048576K
[2026-09-19T05:21:07.224+0000][442.257s][info ][gc             ] GC(39) Pause Young (Allocation Failure) 150M->83M(247M) 9.199ms
[2026-09-19T05:21:07.224+0000][442.257s][info ][gc,cpu         ] GC(39) User=0.01s Sys=0.00s Real=0.01s
[2026-09-19T05:22:49.548+0000][544.581s][info ][gc,start       ] GC(40) Pause Young (Allocation Failure)
[2026-09-19T05:22:49.548+0000][544.581s][debug][gc,heap        ] GC(40) Heap before GC invocations=40 (full 4):
[2026-09-19T05:22:49.548+0000][544.581s][debug][gc,heap        ] GC(40)  def new generation   total 78720K, used 73972K [0x00000000e7000000, 0x00000000ec560000, 0x00000000ef550000)
[2026-09-19T05:22:49.548+0000][544.581s][debug][gc,heap        ] GC(40)   eden space 70016K, 100% used [0x00000000e7000000, 0x00000000eb460000, 0x00000000eb460000)
[2026-09-19T05:22:49.548+0000][544.581s][debug][gc,heap        ] GC(40)   from space 8704K,  45% used [0x00000000eb460000, 0x00000000eb83d180, 0x00000000ebce0000)
[2026-09-19T05:22:49.548+0000][544.581s][debug][gc,heap        ] GC(40)   to   space 8704K,   0% used [0x00000000ebce0000, 0x00000000ebce0000, 0x00000000ec560000)
[2026-09-19T05:22:49.548+0000][544.581s][debug][gc,heap        ] GC(40)  tenured generation   total 174784K, used 81212K [0x00000000ef550000, 0x00000000fa000000, 0x0000000100000000)
[2026-09-19T05:22:49.548+0000][544.581s][debug][gc,heap        ] GC(40)    the space 174784K,  46% used [0x00000000ef550000, 0x00000000f449f110, 0x00000000f449f200, 0x00000000fa000000)
[2026-09-19T05:22:49.548+0000][544.581s][debug][gc,heap        ] GC(40)  Metaspace       used 138904K, committed 140224K, reserved 1179648K
[2026-09-19T05:22:49.548+0000][544.581s][debug][gc,heap        ] GC(40)   class space    used 18725K, committed 19328K, reserved 1048576K
[2026-09-19T05:22:49.557+0000][544.590s][info ][gc,heap        ] GC(40) DefNew: 73972K(78720K)->3783K(78720K) Eden: 70016K(70016K)->0K(70016K) From: 3956K(8704K)->3783K(8704K)
[2026-09-19T05:22:49.557+0000][544.590s][info ][gc,heap        ] GC(40) Tenured: 81212K(174784K)->81212K(174784K)
[2026-09-19T05:22:49.557+0000][544.590s][info ][gc,metaspace   ] GC(40) Metaspace: 138904K(140224K)->138904K(140224K) NonClass: 120179K(120896K)->120179K(120896K) Class: 18725K(19328K)->18725K(19328K)
[2026-09-19T05:22:49.557+0000][544.590s][debug][gc,heap        ] GC(40) Heap after GC invocations=41 (full 4):
[2026-09-19T05:22:49.557+0000][544.590s][debug][gc,heap        ] GC(40)  def new generation   total 78720K, used 3783K [0x00000000e7000000, 0x00000000ec560000, 0x00000000ef550000)
[2026-09-19T05:22:49.557+0000][544.590s][debug][gc,heap        ] GC(40)   eden space 70016K,   0% used [0x00000000e7000000, 0x00000000e7000000, 0x00000000eb460000)
[2026-09-19T05:22:49.557+0000][544.590s][debug][gc,heap        ] GC(40)   from space 8704K,  43% used [0x00000000ebce0000, 0x00000000ec091de8, 0x00000000ec560000)
[2026-09-19T05:22:49.557+0000][544.590s][debug][gc,heap        ] GC(40)   to   space 8704K,   0% used [0x00000000eb460000, 0x00000000eb460000, 0x00000000ebce0000)
[2026-09-19T05:22:49.557+0000][544.590s][debug][gc,heap        ] GC(40)  tenured generation   total 174784K, used 81212K [0x00000000ef550000, 0x00000000fa000000, 0x0000000100000000)
[2026-09-19T05:22:49.557+0000][544.590s][debug][gc,heap        ] GC(40)    the space 174784K,  46% used [0x00000000ef550000, 0x00000000f449f110, 0x00000000f449f200, 0x00000000fa000000)
[2026-09-19T05:22:49.557+0000][544.590s][debug][gc,heap        ] GC(40)  Metaspace       used 138904K, committed 140224K, reserved 1179648K
[2026-09-19T05:22:49.557+0000][544.590s][debug][gc,heap        ] GC(40)   class space    used 18725K, committed 19328K, reserved 1048576K
[2026-09-19T05:22:49.557+0000][544.590s][info ][gc             ] GC(40) Pause Young (Allocation Failure) 151M->83M(247M) 9.124ms
[2026-09-19T05:22:49.557+0000][544.590s][info ][gc,cpu         ] GC(40) User=0.01s Sys=0.00s Real=0.01s
[2026-09-19T05:24:29.982+0000][645.015s][info ][gc,start       ] GC(41) Pause Young (Allocation Failure)
[2026-09-19T05:24:29.982+0000][645.015s][debug][gc,heap        ] GC(41) Heap before GC invocations=41 (full 4):
[2026-09-19T05:24:29.982+0000][645.015s][debug][gc,heap        ] GC(41)  def new generation   total 78720K, used 73799K [0x00000000e7000000, 0x00000000ec560000, 0x00000000ef550000)
[2026-09-19T05:24:29.982+0000][645.015s][debug][gc,heap        ] GC(41)   eden space 70016K, 100% used [0x00000000e7000000, 0x00000000eb460000, 0x00000000eb460000)
[2026-09-19T05:24:29.982+0000][645.015s][debug][gc,heap        ] GC(41)   from space 8704K,  43% used [0x00000000ebce0000, 0x00000000ec091de8, 0x00000000ec560000)
[2026-09-19T05:24:29.982+0000][645.015s][debug][gc,heap        ] GC(41)   to   space 8704K,   0% used [0x00000000eb460000, 0x00000000eb460000, 0x00000000ebce0000)
[2026-09-19T05:24:29.982+0000][645.015s][debug][gc,heap        ] GC(41)  tenured generation   total 174784K, used 81212K [0x00000000ef550000, 0x00000000fa000000, 0x0000000100000000)
[2026-09-19T05:24:29.982+0000][645.015s][debug][gc,heap        ] GC(41)    the space 174784K,  46% used [0x00000000ef550000, 0x00000000f449f110, 0x00000000f449f200, 0x00000000fa000000)
[2026-09-19T05:24:29.982+0000][645.015s][debug][gc,heap        ] GC(41)  Metaspace       used 139027K, committed 140288K, reserved 1179648K
[2026-09-19T05:24:29.982+0000][645.015s][debug][gc,heap        ] GC(41)   class space    used 18725K, committed 19328K, reserved 1048576K
[2026-09-19T05:24:29.991+0000][645.024s][info ][gc,heap        ] GC(41) DefNew: 73799K(78720K)->3734K(78720K) Eden: 70016K(70016K)->0K(70016K) From: 3783K(8704K)->3734K(8704K)
[2026-09-19T05:24:29.991+0000][645.024s][info ][gc,heap        ] GC(41) Tenured: 81212K(174784K)->81212K(174784K)
[2026-09-19T05:24:29.991+0000][645.024s][info ][gc,metaspace   ] GC(41) Metaspace: 139027K(140288K)->139027K(140288K) NonClass: 120301K(120960K)->120301K(120960K) Class: 18725K(19328K)->18725K(19328K)
[2026-09-19T05:24:29.991+0000][645.024s][debug][gc,heap        ] GC(41) Heap after GC invocations=42 (full 4):
[2026-09-19T05:24:29.991+0000][645.024s][debug][gc,heap        ] GC(41)  def new generation   total 78720K, used 3734K [0x00000000e7000000, 0x00000000ec560000, 0x00000000ef550000)
[2026-09-19T05:24:29.991+0000][645.024s][debug][gc,heap        ] GC(41)   eden space 70016K,   0% used [0x00000000e7000000, 0x00000000e7000000, 0x00000000eb460000)
[2026-09-19T05:24:29.991+0000][645.024s][debug][gc,heap        ] GC(41)   from space 8704K,  42% used [0x00000000eb460000, 0x00000000eb8058a0, 0x00000000ebce0000)
[2026-09-19T05:24:29.991+0000][645.024s][debug][gc,heap        ] GC(41)   to   space 8704K,   0% used [0x00000000ebce0000, 0x00000000ebce0000, 0x00000000ec560000)
[2026-09-19T05:24:29.991+0000][645.024s][debug][gc,heap        ] GC(41)  tenured generation   total 174784K, used 81212K [0x00000000ef550000, 0x00000000fa000000, 0x0000000100000000)
[2026-09-19T05:24:29.991+0000][645.024s][debug][gc,heap        ] GC(41)    the space 174784K,  46% used [0x00000000ef550000, 0x00000000f449f110, 0x00000000f449f200, 0x00000000fa000000)
[2026-09-19T05:24:29.991+0000][645.024s][debug][gc,heap        ] GC(41)  Metaspace       used 139027K, committed 140288K, reserved 1179648K
[2026-09-19T05:24:29.991+0000][645.024s][debug][gc,heap        ] GC(41)   class space    used 18725K, committed 19328K, reserved 1048576K
[2026-09-19T05:24:29.991+0000][645.024s][info ][gc             ] GC(41) Pause Young (Allocation Failure) 151M->82M(247M) 9.055ms
[2026-09-19T05:24:29.991+0000][645.024s][info ][gc,cpu         ] GC(41) User=0.01s Sys=0.00s Real=0.01s
[2026-09-19T05:26:09.534+0000][744.567s][info ][gc,start       ] GC(42) Pause Young (Allocation Failure)
[2026-09-19T05:26:09.534+0000][744.567s][debug][gc,heap        ] GC(42) Heap before GC invocations=42 (full 4):
[2026-09-19T05:26:09.534+0000][744.567s][debug][gc,heap        ] GC(42)  def new generation   total 78720K, used 73750K [0x00000000e7000000, 0x00000000ec560000, 0x00000000ef550000)
[2026-09-19T05:26:09.534+0000][744.567s][debug][gc,heap        ] GC(42)   eden space 70016K, 100% used [0x00000000e7000000, 0x00000000eb460000, 0x00000000eb460000)
[2026-09-19T05:26:09.534+0000][744.567s][debug][gc,heap        ] GC(42)   from space 8704K,  42% used [0x00000000eb460000, 0x00000000eb8058a0, 0x00000000ebce0000)
[2026-09-19T05:26:09.534+0000][744.567s][debug][gc,heap        ] GC(42)   to   space 8704K,   0% used [0x00000000ebce0000, 0x00000000ebce0000, 0x00000000ec560000)
[2026-09-19T05:26:09.534+0000][744.567s][debug][gc,heap        ] GC(42)  tenured generation   total 174784K, used 81212K [0x00000000ef550000, 0x00000000fa000000, 0x0000000100000000)
[2026-09-19T05:26:09.534+0000][744.567s][debug][gc,heap        ] GC(42)    the space 174784K,  46% used [0x00000000ef550000, 0x00000000f449f110, 0x00000000f449f200, 0x00000000fa000000)
[2026-09-19T05:26:09.534+0000][744.567s][debug][gc,heap        ] GC(42)  Metaspace       used 139181K, committed 140416K, reserved 1179648K
[2026-09-19T05:26:09.534+0000][744.567s][debug][gc,heap        ] GC(42)   class space    used 18726K, committed 19328K, reserved 1048576K
[2026-09-19T05:26:09.544+0000][744.577s][info ][gc,heap        ] GC(42) DefNew: 73750K(78720K)->3923K(78720K) Eden: 70016K(70016K)->0K(70016K) From: 3734K(8704K)->3923K(8704K)
[2026-09-19T05:26:09.544+0000][744.577s][info ][gc,heap        ] GC(42) Tenured: 81212K(174784K)->81212K(174784K)
[2026-09-19T05:26:09.544+0000][744.577s][info ][gc,metaspace   ] GC(42) Metaspace: 139181K(140416K)->139181K(140416K) NonClass: 120454K(121088K)->120454K(121088K) Class: 18726K(19328K)->18726K(19328K)
[2026-09-19T05:26:09.544+0000][744.577s][debug][gc,heap        ] GC(42) Heap after GC invocations=43 (full 4):
[2026-09-19T05:26:09.544+0000][744.577s][debug][gc,heap        ] GC(42)  def new generation   total 78720K, used 3923K [0x00000000e7000000, 0x00000000ec560000, 0x00000000ef550000)
[2026-09-19T05:26:09.544+0000][744.577s][debug][gc,heap        ] GC(42)   eden space 70016K,   0% used [0x00000000e7000000, 0x00000000e7000000, 0x00000000eb460000)
[2026-09-19T05:26:09.544+0000][744.577s][debug][gc,heap        ] GC(42)   from space 8704K,  45% used [0x00000000ebce0000, 0x00000000ec0b4d38, 0x00000000ec560000)
[2026-09-19T05:26:09.544+0000][744.577s][debug][gc,heap        ] GC(42)   to   space 8704K,   0% used [0x00000000eb460000, 0x00000000eb460000, 0x00000000ebce0000)
[2026-09-19T05:26:09.544+0000][744.577s][debug][gc,heap        ] GC(42)  tenured generation   total 174784K, used 81212K [0x00000000ef550000, 0x00000000fa000000, 0x0000000100000000)
[2026-09-19T05:26:09.544+0000][744.577s][debug][gc,heap        ] GC(42)    the space 174784K,  46% used [0x00000000ef550000, 0x00000000f449f110, 0x00000000f449f200, 0x00000000fa000000)
[2026-09-19T05:26:09.544+0000][744.577s][debug][gc,heap        ] GC(42)  Metaspace       used 139181K, committed 140416K, reserved 1179648K
[2026-09-19T05:26:09.544+0000][744.577s][debug][gc,heap        ] GC(42)   class space    used 18726K, committed 19328K, reserved 1048576K
[2026-09-19T05:26:09.544+0000][744.577s][info ][gc             ] GC(42) Pause Young (Allocation Failure) 151M->83M(247M) 10.316ms
[2026-09-19T05:26:09.544+0000][744.577s][info ][gc,cpu         ] GC(42) User=0.01s Sys=0.00s Real=0.01s
[2026-09-19T05:27:53.094+0000][848.127s][info ][gc,start       ] GC(43) Pause Young (Allocation Failure)
[2026-09-19T05:27:53.094+0000][848.127s][debug][gc,heap        ] GC(43) Heap before GC invocations=43 (full 4):
[2026-09-19T05:27:53.094+0000][848.127s][debug][gc,heap        ] GC(43)  def new generation   total 78720K, used 73939K [0x00000000e7000000, 0x00000000ec560000, 0x00000000ef550000)
[2026-09-19T05:27:53.094+0000][848.127s][debug][gc,heap        ] GC(43)   eden space 70016K, 100% used [0x00000000e7000000, 0x00000000eb460000, 0x00000000eb460000)
[2026-09-19T05:27:53.094+0000][848.127s][debug][gc,heap        ] GC(43)   from space 8704K,  45% used [0x00000000ebce0000, 0x00000000ec0b4d38, 0x00000000ec560000)
[2026-09-19T05:27:53.094+0000][848.127s][debug][gc,heap        ] GC(43)   to   space 8704K,   0% used [0x00000000eb460000, 0x00000000eb460000, 0x00000000ebce0000)
[2026-09-19T05:27:53.094+0000][848.127s][debug][gc,heap        ] GC(43)  tenured generation   total 174784K, used 81212K [0x00000000ef550000, 0x00000000fa000000, 0x0000000100000000)
[2026-09-19T05:27:53.094+0000][848.127s][debug][gc,heap        ] GC(43)    the space 174784K,  46% used [0x00000000ef550000, 0x00000000f449f110, 0x00000000f449f200, 0x00000000fa000000)
[2026-09-19T05:27:53.094+0000][848.127s][debug][gc,heap        ] GC(43)  Metaspace       used 139337K, committed 140608K, reserved 1179648K
[2026-09-19T05:27:53.094+0000][848.127s][debug][gc,heap        ] GC(43)   class space    used 18727K, committed 19328K, reserved 1048576K
[2026-09-19T05:27:53.103+0000][848.136s][info ][gc,heap        ] GC(43) DefNew: 73939K(78720K)->3698K(78720K) Eden: 70016K(70016K)->0K(70016K) From: 3923K(8704K)->3698K(8704K)
[2026-09-19T05:27:53.103+0000][848.136s][info ][gc,heap        ] GC(43) Tenured: 81212K(174784K)->81212K(174784K)
[2026-09-19T05:27:53.103+0000][848.136s][info ][gc,metaspace   ] GC(43) Metaspace: 139337K(140608K)->139337K(140608K) NonClass: 120609K(121280K)->120609K(121280K) Class: 18727K(19328K)->18727K(19328K)
[2026-09-19T05:27:53.103+0000][848.136s][debug][gc,heap        ] GC(43) Heap after GC invocations=44 (full 4):
[2026-09-19T05:27:53.103+0000][848.136s][debug][gc,heap        ] GC(43)  def new generation   total 78720K, used 3698K [0x00000000e7000000, 0x00000000ec560000, 0x00000000ef550000)
[2026-09-19T05:27:53.103+0000][848.136s][debug][gc,heap        ] GC(43)   eden space 70016K,   0% used [0x00000000e7000000, 0x00000000e7000000, 0x00000000eb460000)
[2026-09-19T05:27:53.103+0000][848.136s][debug][gc,heap        ] GC(43)   from space 8704K,  42% used [0x00000000eb460000, 0x00000000eb7fc968, 0x00000000ebce0000)
[2026-09-19T05:27:53.103+0000][848.136s][debug][gc,heap        ] GC(43)   to   space 8704K,   0% used [0x00000000ebce0000, 0x00000000ebce0000, 0x00000000ec560000)
[2026-09-19T05:27:53.103+0000][848.136s][debug][gc,heap        ] GC(43)  tenured generation   total 174784K, used 81212K [0x00000000ef550000, 0x00000000fa000000, 0x0000000100000000)
[2026-09-19T05:27:53.103+0000][848.136s][debug][gc,heap        ] GC(43)    the space 174784K,  46% used [0x00000000ef550000, 0x00000000f449f110, 0x00000000f449f200, 0x00000000fa000000)
[2026-09-19T05:27:53.103+0000][848.136s][debug][gc,heap        ] GC(43)  Metaspace       used 139337K, committed 140608K, reserved 1179648K
[2026-09-19T05:27:53.103+0000][848.136s][debug][gc,heap        ] GC(43)   class space    used 18727K, committed 19328K, reserved 1048576K
[2026-09-19T05:27:53.103+0000][848.137s][info ][gc             ] GC(43) Pause Young (Allocation Failure) 151M->82M(247M) 9.449ms
[2026-09-19T05:27:53.103+0000][848.137s][info ][gc,cpu         ] GC(43) User=0.01s Sys=0.00s Real=0.00s
[2026-09-19T05:29:36.207+0000][951.241s][info ][gc,start       ] GC(44) Pause Young (Allocation Failure)
[2026-09-19T05:29:36.207+0000][951.241s][debug][gc,heap        ] GC(44) Heap before GC invocations=44 (full 4):
[2026-09-19T05:29:36.207+0000][951.241s][debug][gc,heap        ] GC(44)  def new generation   total 78720K, used 73714K [0x00000000e7000000, 0x00000000ec560000, 0x00000000ef550000)
[2026-09-19T05:29:36.207+0000][951.241s][debug][gc,heap        ] GC(44)   eden space 70016K, 100% used [0x00000000e7000000, 0x00000000eb460000, 0x00000000eb460000)
[2026-09-19T05:29:36.207+0000][951.241s][debug][gc,heap        ] GC(44)   from space 8704K,  42% used [0x00000000eb460000, 0x00000000eb7fc968, 0x00000000ebce0000)
[2026-09-19T05:29:36.207+0000][951.241s][debug][gc,heap        ] GC(44)   to   space 8704K,   0% used [0x00000000ebce0000, 0x00000000ebce0000, 0x00000000ec560000)
[2026-09-19T05:29:36.207+0000][951.241s][debug][gc,heap        ] GC(44)  tenured generation   total 174784K, used 81212K [0x00000000ef550000, 0x00000000fa000000, 0x0000000100000000)
[2026-09-19T05:29:36.207+0000][951.241s][debug][gc,heap        ] GC(44)    the space 174784K,  46% used [0x00000000ef550000, 0x00000000f449f110, 0x00000000f449f200, 0x00000000fa000000)
[2026-09-19T05:29:36.207+0000][951.241s][debug][gc,heap        ] GC(44)  Metaspace       used 139946K, committed 141248K, reserved 1179648K
[2026-09-19T05:29:36.207+0000][951.241s][debug][gc,heap        ] GC(44)   class space    used 18730K, committed 19328K, reserved 1048576K
[2026-09-19T05:29:36.216+0000][951.250s][info ][gc,heap        ] GC(44) DefNew: 73714K(78720K)->3230K(78720K) Eden: 70016K(70016K)->0K(70016K) From: 3698K(8704K)->3230K(8704K)
[2026-09-19T05:29:36.216+0000][951.250s][info ][gc,heap        ] GC(44) Tenured: 81212K(174784K)->81212K(174784K)
[2026-09-19T05:29:36.217+0000][951.250s][info ][gc,metaspace   ] GC(44) Metaspace: 139946K(141248K)->139946K(141248K) NonClass: 121216K(121920K)->121216K(121920K) Class: 18730K(19328K)->18730K(19328K)
[2026-09-19T05:29:36.217+0000][951.250s][debug][gc,heap        ] GC(44) Heap after GC invocations=45 (full 4):
[2026-09-19T05:29:36.217+0000][951.250s][debug][gc,heap        ] GC(44)  def new generation   total 78720K, used 3230K [0x00000000e7000000, 0x00000000ec560000, 0x00000000ef550000)
[2026-09-19T05:29:36.217+0000][951.250s][debug][gc,heap        ] GC(44)   eden space 70016K,   0% used [0x00000000e7000000, 0x00000000e7000000, 0x00000000eb460000)
[2026-09-19T05:29:36.217+0000][951.250s][debug][gc,heap        ] GC(44)   from space 8704K,  37% used [0x00000000ebce0000, 0x00000000ec0078e8, 0x00000000ec560000)
[2026-09-19T05:29:36.217+0000][951.250s][debug][gc,heap        ] GC(44)   to   space 8704K,   0% used [0x00000000eb460000, 0x00000000eb460000, 0x00000000ebce0000)
[2026-09-19T05:29:36.217+0000][951.250s][debug][gc,heap        ] GC(44)  tenured generation   total 174784K, used 81212K [0x00000000ef550000, 0x00000000fa000000, 0x0000000100000000)
[2026-09-19T05:29:36.217+0000][951.250s][debug][gc,heap        ] GC(44)    the space 174784K,  46% used [0x00000000ef550000, 0x00000000f449f110, 0x00000000f449f200, 0x00000000fa000000)
[2026-09-19T05:29:36.217+0000][951.250s][debug][gc,heap        ] GC(44)  Metaspace       used 139946K, committed 141248K, reserved 1179648K
[2026-09-19T05:29:36.217+0000][951.250s][debug][gc,heap        ] GC(44)   class space    used 18730K, committed 19328K, reserved 1048576K
[2026-09-19T05:29:36.217+0000][951.250s][info ][gc             ] GC(44) Pause Young (Allocation Failure) 151M->82M(247M) 9.199ms
[2026-09-19T05:29:36.217+0000][951.250s][info ][gc,cpu         ] GC(44) User=0.01s Sys=0.00s Real=0.01s
[2026-09-19T05:31:20.136+0000][1055.169s][info ][gc,start       ] GC(45) Pause Young (Allocation Failure)
[2026-09-19T05:31:20.136+0000][1055.169s][debug][gc,heap        ] GC(45) Heap before GC invocations=45 (full 4):
[2026-09-19T05:31:20.136+0000][1055.169s][debug][gc,heap        ] GC(45)  def new generation   total 78720K, used 73246K [0x00000000e7000000, 0x00000000ec560000, 0x00000000ef550000)
[2026-09-19T05:31:20.136+0000][1055.169s][debug][gc,heap        ] GC(45)   eden space 70016K, 100% used [0x00000000e7000000, 0x00000000eb460000, 0x00000000eb460000)
[2026-09-19T05:31:20.136+0000][1055.169s][debug][gc,heap        ] GC(45)   from space 8704K,  37% used [0x00000000ebce0000, 0x00000000ec0078e8, 0x00000000ec560000)
[2026-09-19T05:31:20.136+0000][1055.169s][debug][gc,heap        ] GC(45)   to   space 8704K,   0% used [0x00000000eb460000, 0x00000000eb460000, 0x00000000ebce0000)
[2026-09-19T05:31:20.136+0000][1055.169s][debug][gc,heap        ] GC(45)  tenured generation   total 174784K, used 81212K [0x00000000ef550000, 0x00000000fa000000, 0x0000000100000000)
[2026-09-19T05:31:20.136+0000][1055.169s][debug][gc,heap        ] GC(45)    the space 174784K,  46% used [0x00000000ef550000, 0x00000000f449f110, 0x00000000f449f200, 0x00000000fa000000)
[2026-09-19T05:31:20.136+0000][1055.169s][debug][gc,heap        ] GC(45)  Metaspace       used 140110K, committed 141376K, reserved 1179648K
[2026-09-19T05:31:20.136+0000][1055.169s][debug][gc,heap        ] GC(45)   class space    used 18732K, committed 19328K, reserved 1048576K
[2026-09-19T05:31:20.146+0000][1055.179s][info ][gc,heap        ] GC(45) DefNew: 73246K(78720K)->3424K(78720K) Eden: 70016K(70016K)->0K(70016K) From: 3230K(8704K)->3424K(8704K)
[2026-09-19T05:31:20.146+0000][1055.179s][info ][gc,heap        ] GC(45) Tenured: 81212K(174784K)->81212K(174784K)
[2026-09-19T05:31:20.146+0000][1055.179s][info ][gc,metaspace   ] GC(45) Metaspace: 140110K(141376K)->140110K(141376K) NonClass: 121378K(122048K)->121378K(122048K) Class: 18732K(19328K)->18732K(19328K)
[2026-09-19T05:31:20.146+0000][1055.179s][debug][gc,heap        ] GC(45) Heap after GC invocations=46 (full 4):
[2026-09-19T05:31:20.146+0000][1055.179s][debug][gc,heap        ] GC(45)  def new generation   total 78720K, used 3424K [0x00000000e7000000, 0x00000000ec560000, 0x00000000ef550000)
[2026-09-19T05:31:20.146+0000][1055.179s][debug][gc,heap        ] GC(45)   eden space 70016K,   0% used [0x00000000e7000000, 0x00000000e7000000, 0x00000000eb460000)
[2026-09-19T05:31:20.146+0000][1055.179s][debug][gc,heap        ] GC(45)   from space 8704K,  39% used [0x00000000eb460000, 0x00000000eb7b80d0, 0x00000000ebce0000)
[2026-09-19T05:31:20.146+0000][1055.179s][debug][gc,heap        ] GC(45)   to   space 8704K,   0% used [0x00000000ebce0000, 0x00000000ebce0000, 0x00000000ec560000)
[2026-09-19T05:31:20.146+0000][1055.179s][debug][gc,heap        ] GC(45)  tenured generation   total 174784K, used 81212K [0x00000000ef550000, 0x00000000fa000000, 0x0000000100000000)
[2026-09-19T05:31:20.146+0000][1055.179s][debug][gc,heap        ] GC(45)    the space 174784K,  46% used [0x00000000ef550000, 0x00000000f449f110, 0x00000000f449f200, 0x00000000fa000000)
[2026-09-19T05:31:20.146+0000][1055.179s][debug][gc,heap        ] GC(45)  Metaspace       used 140110K, committed 141376K, reserved 1179648K
[2026-09-19T05:31:20.146+0000][1055.179s][debug][gc,heap        ] GC(45)   class space    used 18732K, committed 19328K, reserved 1048576K
[2026-09-19T05:31:20.146+0000][1055.179s][info ][gc             ] GC(45) Pause Young (Allocation Failure) 150M->82M(247M) 10.010ms
[2026-09-19T05:31:20.146+0000][1055.179s][info ][gc,cpu         ] GC(45) User=0.01s Sys=0.00s Real=0.01s
[2026-09-19T05:33:08.584+0000][1163.617s][info ][gc,start       ] GC(46) Pause Young (Allocation Failure)
[2026-09-19T05:33:08.584+0000][1163.617s][debug][gc,heap        ] GC(46) Heap before GC invocations=46 (full 4):
[2026-09-19T05:33:08.584+0000][1163.617s][debug][gc,heap        ] GC(46)  def new generation   total 78720K, used 73440K [0x00000000e7000000, 0x00000000ec560000, 0x00000000ef550000)
[2026-09-19T05:33:08.584+0000][1163.617s][debug][gc,heap        ] GC(46)   eden space 70016K, 100% used [0x00000000e7000000, 0x00000000eb460000, 0x00000000eb460000)
[2026-09-19T05:33:08.584+0000][1163.617s][debug][gc,heap        ] GC(46)   from space 8704K,  39% used [0x00000000eb460000, 0x00000000eb7b80d0, 0x00000000ebce0000)
[2026-09-19T05:33:08.584+0000][1163.617s][debug][gc,heap        ] GC(46)   to   space 8704K,   0% used [0x00000000ebce0000, 0x00000000ebce0000, 0x00000000ec560000)
[2026-09-19T05:33:08.584+0000][1163.617s][debug][gc,heap        ] GC(46)  tenured generation   total 174784K, used 81212K [0x00000000ef550000, 0x00000000fa000000, 0x0000000100000000)
[2026-09-19T05:33:08.584+0000][1163.617s][debug][gc,heap        ] GC(46)    the space 174784K,  46% used [0x00000000ef550000, 0x00000000f449f110, 0x00000000f449f200, 0x00000000fa000000)
[2026-09-19T05:33:08.584+0000][1163.617s][debug][gc,heap        ] GC(46)  Metaspace       used 140160K, committed 141440K, reserved 1179648K
[2026-09-19T05:33:08.584+0000][1163.617s][debug][gc,heap        ] GC(46)   class space    used 18732K, committed 19328K, reserved 1048576K
[2026-09-19T05:33:08.593+0000][1163.627s][info ][gc,heap        ] GC(46) DefNew: 73440K(78720K)->4042K(78720K) Eden: 70016K(70016K)->0K(70016K) From: 3424K(8704K)->4042K(8704K)
[2026-09-19T05:33:08.593+0000][1163.627s][info ][gc,heap        ] GC(46) Tenured: 81212K(174784K)->81212K(174784K)
[2026-09-19T05:33:08.593+0000][1163.627s][info ][gc,metaspace   ] GC(46) Metaspace: 140160K(141440K)->140160K(141440K) NonClass: 121427K(122112K)->121427K(122112K) Class: 18732K(19328K)->18732K(19328K)
[2026-09-19T05:33:08.593+0000][1163.627s][debug][gc,heap        ] GC(46) Heap after GC invocations=47 (full 4):
[2026-09-19T05:33:08.593+0000][1163.627s][debug][gc,heap        ] GC(46)  def new generation   total 78720K, used 4042K [0x00000000e7000000, 0x00000000ec560000, 0x00000000ef550000)
[2026-09-19T05:33:08.594+0000][1163.627s][debug][gc,heap        ] GC(46)   eden space 70016K,   0% used [0x00000000e7000000, 0x00000000e7000000, 0x00000000eb460000)
[2026-09-19T05:33:08.594+0000][1163.627s][debug][gc,heap        ] GC(46)   from space 8704K,  46% used [0x00000000ebce0000, 0x00000000ec0d29b0, 0x00000000ec560000)
[2026-09-19T05:33:08.594+0000][1163.627s][debug][gc,heap        ] GC(46)   to   space 8704K,   0% used [0x00000000eb460000, 0x00000000eb460000, 0x00000000ebce0000)
[2026-09-19T05:33:08.594+0000][1163.627s][debug][gc,heap        ] GC(46)  tenured generation   total 174784K, used 81212K [0x00000000ef550000, 0x00000000fa000000, 0x0000000100000000)
[2026-09-19T05:33:08.594+0000][1163.627s][debug][gc,heap        ] GC(46)    the space 174784K,  46% used [0x00000000ef550000, 0x00000000f449f110, 0x00000000f449f200, 0x00000000fa000000)
[2026-09-19T05:33:08.594+0000][1163.627s][debug][gc,heap        ] GC(46)  Metaspace       used 140160K, committed 141440K, reserved 1179648K
[2026-09-19T05:33:08.594+0000][1163.627s][debug][gc,heap        ] GC(46)   class space    used 18732K, committed 19328K, reserved 1048576K
[2026-09-19T05:33:08.594+0000][1163.627s][info ][gc             ] GC(46) Pause Young (Allocation Failure) 151M->83M(247M) 9.884ms
[2026-09-19T05:33:08.594+0000][1163.627s][info ][gc,cpu         ] GC(46) User=0.01s Sys=0.00s Real=0.01s
[2026-09-19T05:34:53.070+0000][1268.103s][info ][gc,start       ] GC(47) Pause Young (Allocation Failure)
[2026-09-19T05:34:53.070+0000][1268.104s][debug][gc,heap        ] GC(47) Heap before GC invocations=47 (full 4):
[2026-09-19T05:34:53.070+0000][1268.104s][debug][gc,heap        ] GC(47)  def new generation   total 78720K, used 74058K [0x00000000e7000000, 0x00000000ec560000, 0x00000000ef550000)
[2026-09-19T05:34:53.070+0000][1268.104s][debug][gc,heap        ] GC(47)   eden space 70016K, 100% used [0x00000000e7000000, 0x00000000eb460000, 0x00000000eb460000)
[2026-09-19T05:34:53.070+0000][1268.104s][debug][gc,heap        ] GC(47)   from space 8704K,  46% used [0x00000000ebce0000, 0x00000000ec0d29b0, 0x00000000ec560000)
[2026-09-19T05:34:53.070+0000][1268.104s][debug][gc,heap        ] GC(47)   to   space 8704K,   0% used [0x00000000eb460000, 0x00000000eb460000, 0x00000000ebce0000)
[2026-09-19T05:34:53.070+0000][1268.104s][debug][gc,heap        ] GC(47)  tenured generation   total 174784K, used 81212K [0x00000000ef550000, 0x00000000fa000000, 0x0000000100000000)
[2026-09-19T05:34:53.070+0000][1268.104s][debug][gc,heap        ] GC(47)    the space 174784K,  46% used [0x00000000ef550000, 0x00000000f449f110, 0x00000000f449f200, 0x00000000fa000000)
[2026-09-19T05:34:53.070+0000][1268.104s][debug][gc,heap        ] GC(47)  Metaspace       used 140212K, committed 141504K, reserved 1179648K
[2026-09-19T05:34:53.070+0000][1268.104s][debug][gc,heap        ] GC(47)   class space    used 18732K, committed 19328K, reserved 1048576K
[2026-09-19T05:34:53.081+0000][1268.114s][info ][gc,heap        ] GC(47) DefNew: 74058K(78720K)->4243K(78720K) Eden: 70016K(70016K)->0K(70016K) From: 4042K(8704K)->4243K(8704K)
[2026-09-19T05:34:53.081+0000][1268.114s][info ][gc,heap        ] GC(47) Tenured: 81212K(174784K)->81212K(174784K)
[2026-09-19T05:34:53.081+0000][1268.114s][info ][gc,metaspace   ] GC(47) Metaspace: 140212K(141504K)->140212K(141504K) NonClass: 121480K(122176K)->121480K(122176K) Class: 18732K(19328K)->18732K(19328K)
[2026-09-19T05:34:53.081+0000][1268.114s][debug][gc,heap        ] GC(47) Heap after GC invocations=48 (full 4):
[2026-09-19T05:34:53.081+0000][1268.114s][debug][gc,heap        ] GC(47)  def new generation   total 78720K, used 4243K [0x00000000e7000000, 0x00000000ec560000, 0x00000000ef550000)
[2026-09-19T05:34:53.081+0000][1268.114s][debug][gc,heap        ] GC(47)   eden space 70016K,   0% used [0x00000000e7000000, 0x00000000e7000000, 0x00000000eb460000)
[2026-09-19T05:34:53.081+0000][1268.114s][debug][gc,heap        ] GC(47)   from space 8704K,  48% used [0x00000000eb460000, 0x00000000eb884e58, 0x00000000ebce0000)
[2026-09-19T05:34:53.081+0000][1268.114s][debug][gc,heap        ] GC(47)   to   space 8704K,   0% used [0x00000000ebce0000, 0x00000000ebce0000, 0x00000000ec560000)
[2026-09-19T05:34:53.081+0000][1268.114s][debug][gc,heap        ] GC(47)  tenured generation   total 174784K, used 81212K [0x00000000ef550000, 0x00000000fa000000, 0x0000000100000000)
[2026-09-19T05:34:53.081+0000][1268.114s][debug][gc,heap        ] GC(47)    the space 174784K,  46% used [0x00000000ef550000, 0x00000000f449f110, 0x00000000f449f200, 0x00000000fa000000)
[2026-09-19T05:34:53.081+0000][1268.114s][debug][gc,heap        ] GC(47)  Metaspace       used 140212K, committed 141504K, reserved 1179648K
[2026-09-19T05:34:53.081+0000][1268.114s][debug][gc,heap        ] GC(47)   class space    used 18732K, committed 19328K, reserved 1048576K
[2026-09-19T05:34:53.081+0000][1268.114s][info ][gc             ] GC(47) Pause Young (Allocation Failure) 151M->83M(247M) 10.506ms
[2026-09-19T05:34:53.081+0000][1268.114s][info ][gc,cpu         ] GC(47) User=0.01s Sys=0.00s Real=0.01s
[2026-09-19T05:36:39.122+0000][1374.155s][info ][gc,start       ] GC(48) Pause Young (Allocation Failure)
[2026-09-19T05:36:39.122+0000][1374.155s][debug][gc,heap        ] GC(48) Heap before GC invocations=48 (full 4):
[2026-09-19T05:36:39.122+0000][1374.155s][debug][gc,heap        ] GC(48)  def new generation   total 78720K, used 74259K [0x00000000e7000000, 0x00000000ec560000, 0x00000000ef550000)
[2026-09-19T05:36:39.122+0000][1374.155s][debug][gc,heap        ] GC(48)   eden space 70016K, 100% used [0x00000000e7000000, 0x00000000eb460000, 0x00000000eb460000)
[2026-09-19T05:36:39.122+0000][1374.155s][debug][gc,heap        ] GC(48)   from space 8704K,  48% used [0x00000000eb460000, 0x00000000eb884e58, 0x00000000ebce0000)
[2026-09-19T05:36:39.122+0000][1374.155s][debug][gc,heap        ] GC(48)   to   space 8704K,   0% used [0x00000000ebce0000, 0x00000000ebce0000, 0x00000000ec560000)
[2026-09-19T05:36:39.122+0000][1374.155s][debug][gc,heap        ] GC(48)  tenured generation   total 174784K, used 81212K [0x00000000ef550000, 0x00000000fa000000, 0x0000000100000000)
[2026-09-19T05:36:39.122+0000][1374.155s][debug][gc,heap        ] GC(48)    the space 174784K,  46% used [0x00000000ef550000, 0x00000000f449f110, 0x00000000f449f200, 0x00000000fa000000)
[2026-09-19T05:36:39.122+0000][1374.155s][debug][gc,heap        ] GC(48)  Metaspace       used 140346K, committed 141696K, reserved 1179648K
[2026-09-19T05:36:39.122+0000][1374.155s][debug][gc,heap        ] GC(48)   class space    used 18739K, committed 19392K, reserved 1048576K
[2026-09-19T05:36:39.132+0000][1374.165s][info ][gc,heap        ] GC(48) DefNew: 74259K(78720K)->3468K(78720K) Eden: 70016K(70016K)->0K(70016K) From: 4243K(8704K)->3468K(8704K)
[2026-09-19T05:36:39.132+0000][1374.165s][info ][gc,heap        ] GC(48) Tenured: 81212K(174784K)->81212K(174784K)
[2026-09-19T05:36:39.132+0000][1374.165s][info ][gc,metaspace   ] GC(48) Metaspace: 140346K(141696K)->140346K(141696K) NonClass: 121607K(122304K)->121607K(122304K) Class: 18739K(19392K)->18739K(19392K)
[2026-09-19T05:36:39.132+0000][1374.165s][debug][gc,heap        ] GC(48) Heap after GC invocations=49 (full 4):
[2026-09-19T05:36:39.132+0000][1374.165s][debug][gc,heap        ] GC(48)  def new generation   total 78720K, used 3468K [0x00000000e7000000, 0x00000000ec560000, 0x00000000ef550000)
[2026-09-19T05:36:39.132+0000][1374.165s][debug][gc,heap        ] GC(48)   eden space 70016K,   0% used [0x00000000e7000000, 0x00000000e7000000, 0x00000000eb460000)
[2026-09-19T05:36:39.132+0000][1374.165s][debug][gc,heap        ] GC(48)   from space 8704K,  39% used [0x00000000ebce0000, 0x00000000ec043160, 0x00000000ec560000)
[2026-09-19T05:36:39.132+0000][1374.165s][debug][gc,heap        ] GC(48)   to   space 8704K,   0% used [0x00000000eb460000, 0x00000000eb460000, 0x00000000ebce0000)
[2026-09-19T05:36:39.132+0000][1374.165s][debug][gc,heap        ] GC(48)  tenured generation   total 174784K, used 81212K [0x00000000ef550000, 0x00000000fa000000, 0x0000000100000000)
[2026-09-19T05:36:39.132+0000][1374.165s][debug][gc,heap        ] GC(48)    the space 174784K,  46% used [0x00000000ef550000, 0x00000000f449f110, 0x00000000f449f200, 0x00000000fa000000)
[2026-09-19T05:36:39.132+0000][1374.165s][debug][gc,heap        ] GC(48)  Metaspace       used 140346K, committed 141696K, reserved 1179648K
[2026-09-19T05:36:39.132+0000][1374.165s][debug][gc,heap        ] GC(48)   class space    used 18739K, committed 19392K, reserved 1048576K
[2026-09-19T05:36:39.132+0000][1374.165s][info ][gc             ] GC(48) Pause Young (Allocation Failure) 151M->82M(247M) 9.760ms
[2026-09-19T05:36:39.132+0000][1374.165s][info ][gc,cpu         ] GC(48) User=0.01s Sys=0.00s Real=0.01s
[2026-09-19T05:38:17.925+0000][1472.958s][info ][gc,start       ] GC(49) Pause Full (CodeCache GC Threshold)
[2026-09-19T05:38:17.925+0000][1472.958s][debug][gc,heap        ] GC(49) Heap before GC invocations=49 (full 4):
[2026-09-19T05:38:17.925+0000][1472.958s][debug][gc,heap        ] GC(49)  def new generation   total 78720K, used 72314K [0x00000000e7000000, 0x00000000ec560000, 0x00000000ef550000)
[2026-09-19T05:38:17.925+0000][1472.958s][debug][gc,heap        ] GC(49)   eden space 70016K,  98% used [0x00000000e7000000, 0x00000000eb33b7a8, 0x00000000eb460000)
[2026-09-19T05:38:17.925+0000][1472.958s][debug][gc,heap        ] GC(49)   from space 8704K,  39% used [0x00000000ebce0000, 0x00000000ec043160, 0x00000000ec560000)
[2026-09-19T05:38:17.925+0000][1472.958s][debug][gc,heap        ] GC(49)   to   space 8704K,   0% used [0x00000000eb460000, 0x00000000eb460000, 0x00000000ebce0000)
[2026-09-19T05:38:17.925+0000][1472.958s][debug][gc,heap        ] GC(49)  tenured generation   total 174784K, used 81212K [0x00000000ef550000, 0x00000000fa000000, 0x0000000100000000)
[2026-09-19T05:38:17.925+0000][1472.958s][debug][gc,heap        ] GC(49)    the space 174784K,  46% used [0x00000000ef550000, 0x00000000f449f110, 0x00000000f449f200, 0x00000000fa000000)
[2026-09-19T05:38:17.925+0000][1472.958s][debug][gc,heap        ] GC(49)  Metaspace       used 140399K, committed 141760K, reserved 1179648K
[2026-09-19T05:38:17.925+0000][1472.958s][debug][gc,heap        ] GC(49)   class space    used 18739K, committed 19392K, reserved 1048576K
[2026-09-19T05:38:17.925+0000][1472.958s][info ][gc,phases,start] GC(49) Phase 1: Mark live objects
[2026-09-19T05:38:18.012+0000][1473.045s][info ][gc,phases      ] GC(49) Phase 1: Mark live objects 86.921ms
[2026-09-19T05:38:18.012+0000][1473.045s][info ][gc,phases,start] GC(49) Phase 2: Compute new object addresses
[2026-09-19T05:38:18.045+0000][1473.078s][info ][gc,phases      ] GC(49) Phase 2: Compute new object addresses 32.774ms
[2026-09-19T05:38:18.045+0000][1473.078s][info ][gc,phases,start] GC(49) Phase 3: Adjust pointers
[2026-09-19T05:38:18.083+0000][1473.116s][info ][gc,phases      ] GC(49) Phase 3: Adjust pointers 38.453ms
[2026-09-19T05:38:18.083+0000][1473.116s][info ][gc,phases,start] GC(49) Phase 4: Move objects
[2026-09-19T05:38:18.090+0000][1473.123s][info ][gc,phases      ] GC(49) Phase 4: Move objects 6.334ms
[2026-09-19T05:38:18.093+0000][1473.126s][info ][gc,heap        ] GC(49) DefNew: 72314K(78720K)->0K(78912K) Eden: 68845K(70016K)->0K(70144K) From: 3468K(8704K)->0K(8768K)
[2026-09-19T05:38:18.093+0000][1473.126s][info ][gc,heap        ] GC(49) Tenured: 81212K(174784K)->59163K(174784K)
[2026-09-19T05:38:18.093+0000][1473.126s][info ][gc,metaspace   ] GC(49) Metaspace: 140399K(141760K)->139612K(141760K) NonClass: 121660K(122368K)->121078K(122368K) Class: 18739K(19392K)->18534K(19392K)
[2026-09-19T05:38:18.093+0000][1473.126s][debug][gc,heap        ] GC(49) Heap after GC invocations=50 (full 5):
[2026-09-19T05:38:18.093+0000][1473.126s][debug][gc,heap        ] GC(49)  def new generation   total 78912K, used 0K [0x00000000e7000000, 0x00000000ec5a0000, 0x00000000ef550000)
[2026-09-19T05:38:18.093+0000][1473.126s][debug][gc,heap        ] GC(49)   eden space 70144K,   0% used [0x00000000e7000000, 0x00000000e7000000, 0x00000000eb480000)
[2026-09-19T05:38:18.093+0000][1473.126s][debug][gc,heap        ] GC(49)   from space 8768K,   0% used [0x00000000eb480000, 0x00000000eb480000, 0x00000000ebd10000)
[2026-09-19T05:38:18.093+0000][1473.126s][debug][gc,heap        ] GC(49)   to   space 8768K,   0% used [0x00000000ebd10000, 0x00000000ebd10000, 0x00000000ec5a0000)
[2026-09-19T05:38:18.093+0000][1473.126s][debug][gc,heap        ] GC(49)  tenured generation   total 174784K, used 59163K [0x00000000ef550000, 0x00000000fa000000, 0x0000000100000000)
[2026-09-19T05:38:18.093+0000][1473.126s][debug][gc,heap        ] GC(49)    the space 174784K,  33% used [0x00000000ef550000, 0x00000000f2f16f30, 0x00000000f2f17000, 0x00000000fa000000)
[2026-09-19T05:38:18.093+0000][1473.126s][debug][gc,heap        ] GC(49)  Metaspace       used 139612K, committed 141760K, reserved 1179648K
[2026-09-19T05:38:18.093+0000][1473.126s][debug][gc,heap        ] GC(49)   class space    used 18534K, committed 19392K, reserved 1048576K
[2026-09-19T05:38:18.093+0000][1473.126s][info ][gc             ] GC(49) Pause Full (CodeCache GC Threshold) 149M->57M(247M) 168.015ms
[2026-09-19T05:38:18.093+0000][1473.126s][info ][gc,cpu         ] GC(49) User=0.16s Sys=0.00s Real=0.16s
[2026-09-19T05:40:04.330+0000][1579.363s][info ][gc,start       ] GC(50) Pause Young (Allocation Failure)
[2026-09-19T05:40:04.330+0000][1579.363s][debug][gc,heap        ] GC(50) Heap before GC invocations=50 (full 5):
[2026-09-19T05:40:04.330+0000][1579.363s][debug][gc,heap        ] GC(50)  def new generation   total 78912K, used 70144K [0x00000000e7000000, 0x00000000ec5a0000, 0x00000000ef550000)
[2026-09-19T05:40:04.330+0000][1579.363s][debug][gc,heap        ] GC(50)   eden space 70144K, 100% used [0x00000000e7000000, 0x00000000eb480000, 0x00000000eb480000)
[2026-09-19T05:40:04.330+0000][1579.363s][debug][gc,heap        ] GC(50)   from space 8768K,   0% used [0x00000000eb480000, 0x00000000eb480000, 0x00000000ebd10000)
[2026-09-19T05:40:04.330+0000][1579.363s][debug][gc,heap        ] GC(50)   to   space 8768K,   0% used [0x00000000ebd10000, 0x00000000ebd10000, 0x00000000ec5a0000)
[2026-09-19T05:40:04.330+0000][1579.363s][debug][gc,heap        ] GC(50)  tenured generation   total 174784K, used 59163K [0x00000000ef550000, 0x00000000fa000000, 0x0000000100000000)
[2026-09-19T05:40:04.330+0000][1579.363s][debug][gc,heap        ] GC(50)    the space 174784K,  33% used [0x00000000ef550000, 0x00000000f2f16f30, 0x00000000f2f17000, 0x00000000fa000000)
[2026-09-19T05:40:04.330+0000][1579.363s][debug][gc,heap        ] GC(50)  Metaspace       used 139614K, committed 141760K, reserved 1179648K
[2026-09-19T05:40:04.330+0000][1579.363s][debug][gc,heap        ] GC(50)   class space    used 18534K, committed 19392K, reserved 1048576K
[2026-09-19T05:40:04.335+0000][1579.369s][info ][gc,heap        ] GC(50) DefNew: 70144K(78912K)->851K(78912K) Eden: 70144K(70144K)->0K(70144K) From: 0K(8768K)->851K(8768K)
[2026-09-19T05:40:04.336+0000][1579.369s][info ][gc,heap        ] GC(50) Tenured: 59163K(174784K)->59163K(174784K)
[2026-09-19T05:40:04.336+0000][1579.369s][info ][gc,metaspace   ] GC(50) Metaspace: 139614K(141760K)->139614K(141760K) NonClass: 121080K(122368K)->121080K(122368K) Class: 18534K(19392K)->18534K(19392K)
[2026-09-19T05:40:04.336+0000][1579.369s][debug][gc,heap        ] GC(50) Heap after GC invocations=51 (full 5):
[2026-09-19T05:40:04.336+0000][1579.369s][debug][gc,heap        ] GC(50)  def new generation   total 78912K, used 851K [0x00000000e7000000, 0x00000000ec5a0000, 0x00000000ef550000)
[2026-09-19T05:40:04.336+0000][1579.369s][debug][gc,heap        ] GC(50)   eden space 70144K,   0% used [0x00000000e7000000, 0x00000000e7000000, 0x00000000eb480000)
[2026-09-19T05:40:04.336+0000][1579.369s][debug][gc,heap        ] GC(50)   from space 8768K,   9% used [0x00000000ebd10000, 0x00000000ebde4ff0, 0x00000000ec5a0000)
[2026-09-19T05:40:04.336+0000][1579.369s][debug][gc,heap        ] GC(50)   to   space 8768K,   0% used [0x00000000eb480000, 0x00000000eb480000, 0x00000000ebd10000)
[2026-09-19T05:40:04.336+0000][1579.369s][debug][gc,heap        ] GC(50)  tenured generation   total 174784K, used 59163K [0x00000000ef550000, 0x00000000fa000000, 0x0000000100000000)
[2026-09-19T05:40:04.336+0000][1579.369s][debug][gc,heap        ] GC(50)    the space 174784K,  33% used [0x00000000ef550000, 0x00000000f2f16f30, 0x00000000f2f17000, 0x00000000fa000000)
[2026-09-19T05:40:04.336+0000][1579.369s][debug][gc,heap        ] GC(50)  Metaspace       used 139614K, committed 141760K, reserved 1179648K
[2026-09-19T05:40:04.336+0000][1579.369s][debug][gc,heap        ] GC(50)   class space    used 18534K, committed 19392K, reserved 1048576K
[2026-09-19T05:40:04.336+0000][1579.369s][info ][gc             ] GC(50) Pause Young (Allocation Failure) 126M->58M(247M) 5.671ms
[2026-09-19T05:40:04.336+0000][1579.369s][info ][gc,cpu         ] GC(50) User=0.01s Sys=0.00s Real=0.01s
[2026-09-19T05:41:50.307+0000][1685.340s][info ][gc,start       ] GC(51) Pause Young (Allocation Failure)
[2026-09-19T05:41:50.307+0000][1685.340s][debug][gc,heap        ] GC(51) Heap before GC invocations=51 (full 5):
[2026-09-19T05:41:50.307+0000][1685.340s][debug][gc,heap        ] GC(51)  def new generation   total 78912K, used 70995K [0x00000000e7000000, 0x00000000ec5a0000, 0x00000000ef550000)
[2026-09-19T05:41:50.307+0000][1685.340s][debug][gc,heap        ] GC(51)   eden space 70144K, 100% used [0x00000000e7000000, 0x00000000eb480000, 0x00000000eb480000)
[2026-09-19T05:41:50.307+0000][1685.340s][debug][gc,heap        ] GC(51)   from space 8768K,   9% used [0x00000000ebd10000, 0x00000000ebde4ff0, 0x00000000ec5a0000)
[2026-09-19T05:41:50.307+0000][1685.340s][debug][gc,heap        ] GC(51)   to   space 8768K,   0% used [0x00000000eb480000, 0x00000000eb480000, 0x00000000ebd10000)
[2026-09-19T05:41:50.307+0000][1685.340s][debug][gc,heap        ] GC(51)  tenured generation   total 174784K, used 59163K [0x00000000ef550000, 0x00000000fa000000, 0x0000000100000000)
[2026-09-19T05:41:50.307+0000][1685.340s][debug][gc,heap        ] GC(51)    the space 174784K,  33% used [0x00000000ef550000, 0x00000000f2f16f30, 0x00000000f2f17000, 0x00000000fa000000)
[2026-09-19T05:41:50.307+0000][1685.340s][debug][gc,heap        ] GC(51)  Metaspace       used 139666K, committed 141760K, reserved 1179648K
[2026-09-19T05:41:50.307+0000][1685.340s][debug][gc,heap        ] GC(51)   class space    used 18534K, committed 19392K, reserved 1048576K
[2026-09-19T05:41:50.310+0000][1685.343s][info ][gc,heap        ] GC(51) DefNew: 70995K(78912K)->1208K(78912K) Eden: 70144K(70144K)->0K(70144K) From: 851K(8768K)->1208K(8768K)
[2026-09-19T05:41:50.310+0000][1685.343s][info ][gc,heap        ] GC(51) Tenured: 59163K(174784K)->59163K(174784K)
[2026-09-19T05:41:50.310+0000][1685.343s][info ][gc,metaspace   ] GC(51) Metaspace: 139666K(141760K)->139666K(141760K) NonClass: 121132K(122368K)->121132K(122368K) Class: 18534K(19392K)->18534K(19392K)
[2026-09-19T05:41:50.310+0000][1685.343s][debug][gc,heap        ] GC(51) Heap after GC invocations=52 (full 5):
[2026-09-19T05:41:50.310+0000][1685.343s][debug][gc,heap        ] GC(51)  def new generation   total 78912K, used 1208K [0x00000000e7000000, 0x00000000ec5a0000, 0x00000000ef550000)
[2026-09-19T05:41:50.310+0000][1685.343s][debug][gc,heap        ] GC(51)   eden space 70144K,   0% used [0x00000000e7000000, 0x00000000e7000000, 0x00000000eb480000)
[2026-09-19T05:41:50.310+0000][1685.343s][debug][gc,heap        ] GC(51)   from space 8768K,  13% used [0x00000000eb480000, 0x00000000eb5ae3b0, 0x00000000ebd10000)
[2026-09-19T05:41:50.310+0000][1685.343s][debug][gc,heap        ] GC(51)   to   space 8768K,   0% used [0x00000000ebd10000, 0x00000000ebd10000, 0x00000000ec5a0000)
[2026-09-19T05:41:50.310+0000][1685.343s][debug][gc,heap        ] GC(51)  tenured generation   total 174784K, used 59163K [0x00000000ef550000, 0x00000000fa000000, 0x0000000100000000)
[2026-09-19T05:41:50.310+0000][1685.343s][debug][gc,heap        ] GC(51)    the space 174784K,  33% used [0x00000000ef550000, 0x00000000f2f16f30, 0x00000000f2f17000, 0x00000000fa000000)
[2026-09-19T05:41:50.310+0000][1685.343s][debug][gc,heap        ] GC(51)  Metaspace       used 139666K, committed 141760K, reserved 1179648K
[2026-09-19T05:41:50.310+0000][1685.343s][debug][gc,heap        ] GC(51)   class space    used 18534K, committed 19392K, reserved 1048576K
[2026-09-19T05:41:50.310+0000][1685.343s][info ][gc             ] GC(51) Pause Young (Allocation Failure) 127M->58M(247M) 2.800ms
[2026-09-19T05:41:50.310+0000][1685.343s][info ][gc,cpu         ] GC(51) User=0.00s Sys=0.00s Real=0.00s
[2026-09-19T05:43:32.725+0000][1787.758s][info ][gc,start       ] GC(52) Pause Young (Allocation Failure)
[2026-09-19T05:43:32.725+0000][1787.758s][debug][gc,heap        ] GC(52) Heap before GC invocations=52 (full 5):
[2026-09-19T05:43:32.725+0000][1787.758s][debug][gc,heap        ] GC(52)  def new generation   total 78912K, used 71352K [0x00000000e7000000, 0x00000000ec5a0000, 0x00000000ef550000)
[2026-09-19T05:43:32.725+0000][1787.758s][debug][gc,heap        ] GC(52)   eden space 70144K, 100% used [0x00000000e7000000, 0x00000000eb480000, 0x00000000eb480000)
[2026-09-19T05:43:32.725+0000][1787.758s][debug][gc,heap        ] GC(52)   from space 8768K,  13% used [0x00000000eb480000, 0x00000000eb5ae3b0, 0x00000000ebd10000)
[2026-09-19T05:43:32.725+0000][1787.758s][debug][gc,heap        ] GC(52)   to   space 8768K,   0% used [0x00000000ebd10000, 0x00000000ebd10000, 0x00000000ec5a0000)
[2026-09-19T05:43:32.725+0000][1787.758s][debug][gc,heap        ] GC(52)  tenured generation   total 174784K, used 59163K [0x00000000ef550000, 0x00000000fa000000, 0x0000000100000000)
[2026-09-19T05:43:32.725+0000][1787.758s][debug][gc,heap        ] GC(52)    the space 174784K,  33% used [0x00000000ef550000, 0x00000000f2f16f30, 0x00000000f2f17000, 0x00000000fa000000)
[2026-09-19T05:43:32.725+0000][1787.758s][debug][gc,heap        ] GC(52)  Metaspace       used 139673K, committed 141760K, reserved 1179648K
[2026-09-19T05:43:32.725+0000][1787.758s][debug][gc,heap        ] GC(52)   class space    used 18534K, committed 19392K, reserved 1048576K
[2026-09-19T05:43:32.728+0000][1787.761s][info ][gc,heap        ] GC(52) DefNew: 71352K(78912K)->1505K(78912K) Eden: 70144K(70144K)->0K(70144K) From: 1208K(8768K)->1505K(8768K)
[2026-09-19T05:43:32.728+0000][1787.761s][info ][gc,heap        ] GC(52) Tenured: 59163K(174784K)->59163K(174784K)
[2026-09-19T05:43:32.728+0000][1787.761s][info ][gc,metaspace   ] GC(52) Metaspace: 139673K(141760K)->139673K(141760K) NonClass: 121139K(122368K)->121139K(122368K) Class: 18534K(19392K)->18534K(19392K)
[2026-09-19T05:43:32.728+0000][1787.761s][debug][gc,heap        ] GC(52) Heap after GC invocations=53 (full 5):
[2026-09-19T05:43:32.728+0000][1787.761s][debug][gc,heap        ] GC(52)  def new generation   total 78912K, used 1505K [0x00000000e7000000, 0x00000000ec5a0000, 0x00000000ef550000)
[2026-09-19T05:43:32.728+0000][1787.761s][debug][gc,heap        ] GC(52)   eden space 70144K,   0% used [0x00000000e7000000, 0x00000000e7000000, 0x00000000eb480000)
[2026-09-19T05:43:32.728+0000][1787.761s][debug][gc,heap        ] GC(52)   from space 8768K,  17% used [0x00000000ebd10000, 0x00000000ebe88488, 0x00000000ec5a0000)
[2026-09-19T05:43:32.728+0000][1787.761s][debug][gc,heap        ] GC(52)   to   space 8768K,   0% used [0x00000000eb480000, 0x00000000eb480000, 0x00000000ebd10000)
[2026-09-19T05:43:32.728+0000][1787.761s][debug][gc,heap        ] GC(52)  tenured generation   total 174784K, used 59163K [0x00000000ef550000, 0x00000000fa000000, 0x0000000100000000)
[2026-09-19T05:43:32.728+0000][1787.761s][debug][gc,heap        ] GC(52)    the space 174784K,  33% used [0x00000000ef550000, 0x00000000f2f16f30, 0x00000000f2f17000, 0x00000000fa000000)
[2026-09-19T05:43:32.728+0000][1787.761s][debug][gc,heap        ] GC(52)  Metaspace       used 139673K, committed 141760K, reserved 1179648K
[2026-09-19T05:43:32.728+0000][1787.761s][debug][gc,heap        ] GC(52)   class space    used 18534K, committed 19392K, reserved 1048576K
[2026-09-19T05:43:32.728+0000][1787.761s][info ][gc             ] GC(52) Pause Young (Allocation Failure) 127M->59M(247M) 2.839ms
[2026-09-19T05:43:32.728+0000][1787.761s][info ][gc,cpu         ] GC(52) User=0.01s Sys=0.00s Real=0.00s
[2026-09-19T05:45:18.676+0000][1893.710s][info ][gc,start       ] GC(53) Pause Young (Allocation Failure)
[2026-09-19T05:45:18.677+0000][1893.710s][debug][gc,heap        ] GC(53) Heap before GC invocations=53 (full 5):
[2026-09-19T05:45:18.677+0000][1893.710s][debug][gc,heap        ] GC(53)  def new generation   total 78912K, used 71649K [0x00000000e7000000, 0x00000000ec5a0000, 0x00000000ef550000)
[2026-09-19T05:45:18.677+0000][1893.710s][debug][gc,heap        ] GC(53)   eden space 70144K, 100% used [0x00000000e7000000, 0x00000000eb480000, 0x00000000eb480000)
[2026-09-19T05:45:18.677+0000][1893.710s][debug][gc,heap        ] GC(53)   from space 8768K,  17% used [0x00000000ebd10000, 0x00000000ebe88488, 0x00000000ec5a0000)
[2026-09-19T05:45:18.677+0000][1893.710s][debug][gc,heap        ] GC(53)   to   space 8768K,   0% used [0x00000000eb480000, 0x00000000eb480000, 0x00000000ebd10000)
[2026-09-19T05:45:18.677+0000][1893.710s][debug][gc,heap        ] GC(53)  tenured generation   total 174784K, used 59163K [0x00000000ef550000, 0x00000000fa000000, 0x0000000100000000)
[2026-09-19T05:45:18.677+0000][1893.710s][debug][gc,heap        ] GC(53)    the space 174784K,  33% used [0x00000000ef550000, 0x00000000f2f16f30, 0x00000000f2f17000, 0x00000000fa000000)
[2026-09-19T05:45:18.677+0000][1893.710s][debug][gc,heap        ] GC(53)  Metaspace       used 139694K, committed 141824K, reserved 1179648K
[2026-09-19T05:45:18.677+0000][1893.710s][debug][gc,heap        ] GC(53)   class space    used 18534K, committed 19392K, reserved 1048576K
[2026-09-19T05:45:18.679+0000][1893.712s][info ][gc,heap        ] GC(53) DefNew: 71649K(78912K)->846K(78912K) Eden: 70144K(70144K)->0K(70144K) From: 1505K(8768K)->846K(8768K)
[2026-09-19T05:45:18.679+0000][1893.712s][info ][gc,heap        ] GC(53) Tenured: 59163K(174784K)->59163K(174784K)
[2026-09-19T05:45:18.679+0000][1893.712s][info ][gc,metaspace   ] GC(53) Metaspace: 139694K(141824K)->139694K(141824K) NonClass: 121160K(122432K)->121160K(122432K) Class: 18534K(19392K)->18534K(19392K)
[2026-09-19T05:45:18.679+0000][1893.712s][debug][gc,heap        ] GC(53) Heap after GC invocations=54 (full 5):
[2026-09-19T05:45:18.679+0000][1893.712s][debug][gc,heap        ] GC(53)  def new generation   total 78912K, used 846K [0x00000000e7000000, 0x00000000ec5a0000, 0x00000000ef550000)
[2026-09-19T05:45:18.679+0000][1893.712s][debug][gc,heap        ] GC(53)   eden space 70144K,   0% used [0x00000000e7000000, 0x00000000e7000000, 0x00000000eb480000)
[2026-09-19T05:45:18.679+0000][1893.712s][debug][gc,heap        ] GC(53)   from space 8768K,   9% used [0x00000000eb480000, 0x00000000eb553b60, 0x00000000ebd10000)
[2026-09-19T05:45:18.679+0000][1893.712s][debug][gc,heap        ] GC(53)   to   space 8768K,   0% used [0x00000000ebd10000, 0x00000000ebd10000, 0x00000000ec5a0000)
[2026-09-19T05:45:18.679+0000][1893.712s][debug][gc,heap        ] GC(53)  tenured generation   total 174784K, used 59163K [0x00000000ef550000, 0x00000000fa000000, 0x0000000100000000)
[2026-09-19T05:45:18.679+0000][1893.712s][debug][gc,heap        ] GC(53)    the space 174784K,  33% used [0x00000000ef550000, 0x00000000f2f16f30, 0x00000000f2f17000, 0x00000000fa000000)
[2026-09-19T05:45:18.679+0000][1893.712s][debug][gc,heap        ] GC(53)  Metaspace       used 139694K, committed 141824K, reserved 1179648K
[2026-09-19T05:45:18.679+0000][1893.712s][debug][gc,heap        ] GC(53)   class space    used 18534K, committed 19392K, reserved 1048576K
[2026-09-19T05:45:18.679+0000][1893.712s][info ][gc             ] GC(53) Pause Young (Allocation Failure) 127M->58M(247M) 2.734ms
[2026-09-19T05:45:18.679+0000][1893.712s][info ][gc,cpu         ] GC(53) User=0.01s Sys=0.00s Real=0.00s
[2026-09-19T05:47:03.391+0000][1998.424s][info ][gc,start       ] GC(54) Pause Young (Allocation Failure)
[2026-09-19T05:47:03.391+0000][1998.424s][debug][gc,heap        ] GC(54) Heap before GC invocations=54 (full 5):
[2026-09-19T05:47:03.391+0000][1998.424s][debug][gc,heap        ] GC(54)  def new generation   total 78912K, used 70990K [0x00000000e7000000, 0x00000000ec5a0000, 0x00000000ef550000)
[2026-09-19T05:47:03.391+0000][1998.424s][debug][gc,heap        ] GC(54)   eden space 70144K, 100% used [0x00000000e7000000, 0x00000000eb480000, 0x00000000eb480000)
[2026-09-19T05:47:03.391+0000][1998.424s][debug][gc,heap        ] GC(54)   from space 8768K,   9% used [0x00000000eb480000, 0x00000000eb553b60, 0x00000000ebd10000)
[2026-09-19T05:47:03.391+0000][1998.424s][debug][gc,heap        ] GC(54)   to   space 8768K,   0% used [0x00000000ebd10000, 0x00000000ebd10000, 0x00000000ec5a0000)
[2026-09-19T05:47:03.391+0000][1998.424s][debug][gc,heap        ] GC(54)  tenured generation   total 174784K, used 59163K [0x00000000ef550000, 0x00000000fa000000, 0x0000000100000000)
[2026-09-19T05:47:03.391+0000][1998.424s][debug][gc,heap        ] GC(54)    the space 174784K,  33% used [0x00000000ef550000, 0x00000000f2f16f30, 0x00000000f2f17000, 0x00000000fa000000)
[2026-09-19T05:47:03.391+0000][1998.424s][debug][gc,heap        ] GC(54)  Metaspace       used 139797K, committed 141824K, reserved 1179648K
[2026-09-19T05:47:03.391+0000][1998.424s][debug][gc,heap        ] GC(54)   class space    used 18534K, committed 19392K, reserved 1048576K
[2026-09-19T05:47:03.393+0000][1998.427s][info ][gc,heap        ] GC(54) DefNew: 70990K(78912K)->809K(78912K) Eden: 70144K(70144K)->0K(70144K) From: 846K(8768K)->809K(8768K)
[2026-09-19T05:47:03.393+0000][1998.427s][info ][gc,heap        ] GC(54) Tenured: 59163K(174784K)->59163K(174784K)
[2026-09-19T05:47:03.394+0000][1998.427s][info ][gc,metaspace   ] GC(54) Metaspace: 139797K(141824K)->139797K(141824K) NonClass: 121263K(122432K)->121263K(122432K) Class: 18534K(19392K)->18534K(19392K)
[2026-09-19T05:47:03.394+0000][1998.427s][debug][gc,heap        ] GC(54) Heap after GC invocations=55 (full 5):
[2026-09-19T05:47:03.394+0000][1998.427s][debug][gc,heap        ] GC(54)  def new generation   total 78912K, used 809K [0x00000000e7000000, 0x00000000ec5a0000, 0x00000000ef550000)
[2026-09-19T05:47:03.394+0000][1998.427s][debug][gc,heap        ] GC(54)   eden space 70144K,   0% used [0x00000000e7000000, 0x00000000e7000000, 0x00000000eb480000)
[2026-09-19T05:47:03.394+0000][1998.427s][debug][gc,heap        ] GC(54)   from space 8768K,   9% used [0x00000000ebd10000, 0x00000000ebdda768, 0x00000000ec5a0000)
[2026-09-19T05:47:03.394+0000][1998.427s][debug][gc,heap        ] GC(54)   to   space 8768K,   0% used [0x00000000eb480000, 0x00000000eb480000, 0x00000000ebd10000)
[2026-09-19T05:47:03.394+0000][1998.427s][debug][gc,heap        ] GC(54)  tenured generation   total 174784K, used 59163K [0x00000000ef550000, 0x00000000fa000000, 0x0000000100000000)
[2026-09-19T05:47:03.394+0000][1998.427s][debug][gc,heap        ] GC(54)    the space 174784K,  33% used [0x00000000ef550000, 0x00000000f2f16f30, 0x00000000f2f17000, 0x00000000fa000000)
[2026-09-19T05:47:03.394+0000][1998.427s][debug][gc,heap        ] GC(54)  Metaspace       used 139797K, committed 141824K, reserved 1179648K
[2026-09-19T05:47:03.394+0000][1998.427s][debug][gc,heap        ] GC(54)   class space    used 18534K, committed 19392K, reserved 1048576K
[2026-09-19T05:47:03.394+0000][1998.427s][info ][gc             ] GC(54) Pause Young (Allocation Failure) 127M->58M(247M) 2.712ms
[2026-09-19T05:47:03.394+0000][1998.427s][info ][gc,cpu         ] GC(54) User=0.01s Sys=0.00s Real=0.01s
[2026-09-19T05:48:53.216+0000][2108.249s][info ][gc,start       ] GC(55) Pause Young (Allocation Failure)
[2026-09-19T05:48:53.216+0000][2108.249s][debug][gc,heap        ] GC(55) Heap before GC invocations=55 (full 5):
[2026-09-19T05:48:53.216+0000][2108.249s][debug][gc,heap        ] GC(55)  def new generation   total 78912K, used 70953K [0x00000000e7000000, 0x00000000ec5a0000, 0x00000000ef550000)
[2026-09-19T05:48:53.216+0000][2108.249s][debug][gc,heap        ] GC(55)   eden space 70144K, 100% used [0x00000000e7000000, 0x00000000eb480000, 0x00000000eb480000)
[2026-09-19T05:48:53.216+0000][2108.249s][debug][gc,heap        ] GC(55)   from space 8768K,   9% used [0x00000000ebd10000, 0x00000000ebdda768, 0x00000000ec5a0000)
[2026-09-19T05:48:53.216+0000][2108.249s][debug][gc,heap        ] GC(55)   to   space 8768K,   0% used [0x00000000eb480000, 0x00000000eb480000, 0x00000000ebd10000)
[2026-09-19T05:48:53.216+0000][2108.249s][debug][gc,heap        ] GC(55)  tenured generation   total 174784K, used 59163K [0x00000000ef550000, 0x00000000fa000000, 0x0000000100000000)
[2026-09-19T05:48:53.216+0000][2108.249s][debug][gc,heap        ] GC(55)    the space 174784K,  33% used [0x00000000ef550000, 0x00000000f2f16f30, 0x00000000f2f17000, 0x00000000fa000000)
[2026-09-19T05:48:53.216+0000][2108.249s][debug][gc,heap        ] GC(55)  Metaspace       used 139837K, committed 141888K, reserved 1179648K
[2026-09-19T05:48:53.216+0000][2108.249s][debug][gc,heap        ] GC(55)   class space    used 18534K, committed 19392K, reserved 1048576K
[2026-09-19T05:48:53.219+0000][2108.252s][info ][gc,heap        ] GC(55) DefNew: 70953K(78912K)->994K(78912K) Eden: 70144K(70144K)->0K(70144K) From: 809K(8768K)->994K(8768K)
[2026-09-19T05:48:53.219+0000][2108.252s][info ][gc,heap        ] GC(55) Tenured: 59163K(174784K)->59163K(174784K)
[2026-09-19T05:48:53.219+0000][2108.252s][info ][gc,metaspace   ] GC(55) Metaspace: 139837K(141888K)->139837K(141888K) NonClass: 121302K(122496K)->121302K(122496K) Class: 18534K(19392K)->18534K(19392K)
[2026-09-19T05:48:53.219+0000][2108.252s][debug][gc,heap        ] GC(55) Heap after GC invocations=56 (full 5):
[2026-09-19T05:48:53.219+0000][2108.252s][debug][gc,heap        ] GC(55)  def new generation   total 78912K, used 994K [0x00000000e7000000, 0x00000000ec5a0000, 0x00000000ef550000)
[2026-09-19T05:48:53.219+0000][2108.252s][debug][gc,heap        ] GC(55)   eden space 70144K,   0% used [0x00000000e7000000, 0x00000000e7000000, 0x00000000eb480000)
[2026-09-19T05:48:53.219+0000][2108.252s][debug][gc,heap        ] GC(55)   from space 8768K,  11% used [0x00000000eb480000, 0x00000000eb578868, 0x00000000ebd10000)
[2026-09-19T05:48:53.219+0000][2108.252s][debug][gc,heap        ] GC(55)   to   space 8768K,   0% used [0x00000000ebd10000, 0x00000000ebd10000, 0x00000000ec5a0000)
[2026-09-19T05:48:53.219+0000][2108.252s][debug][gc,heap        ] GC(55)  tenured generation   total 174784K, used 59163K [0x00000000ef550000, 0x00000000fa000000, 0x0000000100000000)
[2026-09-19T05:48:53.219+0000][2108.252s][debug][gc,heap        ] GC(55)    the space 174784K,  33% used [0x00000000ef550000, 0x00000000f2f16f30, 0x00000000f2f17000, 0x00000000fa000000)
[2026-09-19T05:48:53.219+0000][2108.252s][debug][gc,heap        ] GC(55)  Metaspace       used 139837K, committed 141888K, reserved 1179648K
[2026-09-19T05:48:53.219+0000][2108.252s][debug][gc,heap        ] GC(55)   class space    used 18534K, committed 19392K, reserved 1048576K
[2026-09-19T05:48:53.219+0000][2108.252s][info ][gc             ] GC(55) Pause Young (Allocation Failure) 127M->58M(247M) 2.874ms
[2026-09-19T05:48:53.219+0000][2108.252s][info ][gc,cpu         ] GC(55) User=0.01s Sys=0.00s Real=0.00s
[2026-09-19T05:50:40.772+0000][2215.805s][info ][gc,start       ] GC(56) Pause Young (Allocation Failure)
[2026-09-19T05:50:40.772+0000][2215.805s][debug][gc,heap        ] GC(56) Heap before GC invocations=56 (full 5):
[2026-09-19T05:50:40.772+0000][2215.805s][debug][gc,heap        ] GC(56)  def new generation   total 78912K, used 71138K [0x00000000e7000000, 0x00000000ec5a0000, 0x00000000ef550000)
[2026-09-19T05:50:40.772+0000][2215.805s][debug][gc,heap        ] GC(56)   eden space 70144K, 100% used [0x00000000e7000000, 0x00000000eb480000, 0x00000000eb480000)
[2026-09-19T05:50:40.772+0000][2215.805s][debug][gc,heap        ] GC(56)   from space 8768K,  11% used [0x00000000eb480000, 0x00000000eb578868, 0x00000000ebd10000)
[2026-09-19T05:50:40.772+0000][2215.805s][debug][gc,heap        ] GC(56)   to   space 8768K,   0% used [0x00000000ebd10000, 0x00000000ebd10000, 0x00000000ec5a0000)
[2026-09-19T05:50:40.772+0000][2215.805s][debug][gc,heap        ] GC(56)  tenured generation   total 174784K, used 59163K [0x00000000ef550000, 0x00000000fa000000, 0x0000000100000000)
[2026-09-19T05:50:40.772+0000][2215.805s][debug][gc,heap        ] GC(56)    the space 174784K,  33% used [0x00000000ef550000, 0x00000000f2f16f30, 0x00000000f2f17000, 0x00000000fa000000)
[2026-09-19T05:50:40.772+0000][2215.805s][debug][gc,heap        ] GC(56)  Metaspace       used 139854K, committed 141888K, reserved 1179648K
[2026-09-19T05:50:40.772+0000][2215.805s][debug][gc,heap        ] GC(56)   class space    used 18534K, committed 19392K, reserved 1048576K
[2026-09-19T05:50:40.775+0000][2215.808s][info ][gc,heap        ] GC(56) DefNew: 71138K(78912K)->1430K(78912K) Eden: 70144K(70144K)->0K(70144K) From: 994K(8768K)->1430K(8768K)
[2026-09-19T05:50:40.775+0000][2215.808s][info ][gc,heap        ] GC(56) Tenured: 59163K(174784K)->59163K(174784K)
[2026-09-19T05:50:40.775+0000][2215.808s][info ][gc,metaspace   ] GC(56) Metaspace: 139854K(141888K)->139854K(141888K) NonClass: 121320K(122496K)->121320K(122496K) Class: 18534K(19392K)->18534K(19392K)
[2026-09-19T05:50:40.775+0000][2215.808s][debug][gc,heap        ] GC(56) Heap after GC invocations=57 (full 5):
[2026-09-19T05:50:40.775+0000][2215.808s][debug][gc,heap        ] GC(56)  def new generation   total 78912K, used 1430K [0x00000000e7000000, 0x00000000ec5a0000, 0x00000000ef550000)
[2026-09-19T05:50:40.775+0000][2215.808s][debug][gc,heap        ] GC(56)   eden space 70144K,   0% used [0x00000000e7000000, 0x00000000e7000000, 0x00000000eb480000)
[2026-09-19T05:50:40.775+0000][2215.808s][debug][gc,heap        ] GC(56)   from space 8768K,  16% used [0x00000000ebd10000, 0x00000000ebe75928, 0x00000000ec5a0000)
[2026-09-19T05:50:40.775+0000][2215.808s][debug][gc,heap        ] GC(56)   to   space 8768K,   0% used [0x00000000eb480000, 0x00000000eb480000, 0x00000000ebd10000)
[2026-09-19T05:50:40.775+0000][2215.808s][debug][gc,heap        ] GC(56)  tenured generation   total 174784K, used 59163K [0x00000000ef550000, 0x00000000fa000000, 0x0000000100000000)
[2026-09-19T05:50:40.775+0000][2215.808s][debug][gc,heap        ] GC(56)    the space 174784K,  33% used [0x00000000ef550000, 0x00000000f2f16f30, 0x00000000f2f17000, 0x00000000fa000000)
[2026-09-19T05:50:40.775+0000][2215.808s][debug][gc,heap        ] GC(56)  Metaspace       used 139854K, committed 141888K, reserved 1179648K
[2026-09-19T05:50:40.775+0000][2215.808s][debug][gc,heap        ] GC(56)   class space    used 18534K, committed 19392K, reserved 1048576K
[2026-09-19T05:50:40.775+0000][2215.808s][info ][gc             ] GC(56) Pause Young (Allocation Failure) 127M->59M(247M) 2.909ms
[2026-09-19T05:50:40.775+0000][2215.808s][info ][gc,cpu         ] GC(56) User=0.01s Sys=0.00s Real=0.01s
[2026-09-19T05:52:23.456+0000][2318.490s][info ][gc,start       ] GC(57) Pause Young (Allocation Failure)
[2026-09-19T05:52:23.456+0000][2318.490s][debug][gc,heap        ] GC(57) Heap before GC invocations=57 (full 5):
[2026-09-19T05:52:23.456+0000][2318.490s][debug][gc,heap        ] GC(57)  def new generation   total 78912K, used 71574K [0x00000000e7000000, 0x00000000ec5a0000, 0x00000000ef550000)
[2026-09-19T05:52:23.456+0000][2318.490s][debug][gc,heap        ] GC(57)   eden space 70144K, 100% used [0x00000000e7000000, 0x00000000eb480000, 0x00000000eb480000)
[2026-09-19T05:52:23.456+0000][2318.490s][debug][gc,heap        ] GC(57)   from space 8768K,  16% used [0x00000000ebd10000, 0x00000000ebe75928, 0x00000000ec5a0000)
[2026-09-19T05:52:23.456+0000][2318.490s][debug][gc,heap        ] GC(57)   to   space 8768K,   0% used [0x00000000eb480000, 0x00000000eb480000, 0x00000000ebd10000)
[2026-09-19T05:52:23.456+0000][2318.490s][debug][gc,heap        ] GC(57)  tenured generation   total 174784K, used 59163K [0x00000000ef550000, 0x00000000fa000000, 0x0000000100000000)
[2026-09-19T05:52:23.456+0000][2318.490s][debug][gc,heap        ] GC(57)    the space 174784K,  33% used [0x00000000ef550000, 0x00000000f2f16f30, 0x00000000f2f17000, 0x00000000fa000000)
[2026-09-19T05:52:23.456+0000][2318.490s][debug][gc,heap        ] GC(57)  Metaspace       used 139917K, committed 141888K, reserved 1179648K
[2026-09-19T05:52:23.456+0000][2318.490s][debug][gc,heap        ] GC(57)   class space    used 18534K, committed 19392K, reserved 1048576K
[2026-09-19T05:52:23.459+0000][2318.492s][info ][gc,heap        ] GC(57) DefNew: 71574K(78912K)->877K(78912K) Eden: 70144K(70144K)->0K(70144K) From: 1430K(8768K)->877K(8768K)
[2026-09-19T05:52:23.459+0000][2318.492s][info ][gc,heap        ] GC(57) Tenured: 59163K(174784K)->59163K(174784K)
[2026-09-19T05:52:23.459+0000][2318.492s][info ][gc,metaspace   ] GC(57) Metaspace: 139917K(141888K)->139917K(141888K) NonClass: 121383K(122496K)->121383K(122496K) Class: 18534K(19392K)->18534K(19392K)
[2026-09-19T05:52:23.459+0000][2318.492s][debug][gc,heap        ] GC(57) Heap after GC invocations=58 (full 5):
[2026-09-19T05:52:23.459+0000][2318.492s][debug][gc,heap        ] GC(57)  def new generation   total 78912K, used 877K [0x00000000e7000000, 0x00000000ec5a0000, 0x00000000ef550000)
[2026-09-19T05:52:23.459+0000][2318.492s][debug][gc,heap        ] GC(57)   eden space 70144K,   0% used [0x00000000e7000000, 0x00000000e7000000, 0x00000000eb480000)
[2026-09-19T05:52:23.459+0000][2318.492s][debug][gc,heap        ] GC(57)   from space 8768K,  10% used [0x00000000eb480000, 0x00000000eb55b668, 0x00000000ebd10000)
[2026-09-19T05:52:23.459+0000][2318.492s][debug][gc,heap        ] GC(57)   to   space 8768K,   0% used [0x00000000ebd10000, 0x00000000ebd10000, 0x00000000ec5a0000)
[2026-09-19T05:52:23.459+0000][2318.492s][debug][gc,heap        ] GC(57)  tenured generation   total 174784K, used 59163K [0x00000000ef550000, 0x00000000fa000000, 0x0000000100000000)
[2026-09-19T05:52:23.459+0000][2318.492s][debug][gc,heap        ] GC(57)    the space 174784K,  33% used [0x00000000ef550000, 0x00000000f2f16f30, 0x00000000f2f17000, 0x00000000fa000000)
[2026-09-19T05:52:23.459+0000][2318.492s][debug][gc,heap        ] GC(57)  Metaspace       used 139917K, committed 141888K, reserved 1179648K
[2026-09-19T05:52:23.459+0000][2318.492s][debug][gc,heap        ] GC(57)   class space    used 18534K, committed 19392K, reserved 1048576K
[2026-09-19T05:52:23.459+0000][2318.492s][info ][gc             ] GC(57) Pause Young (Allocation Failure) 127M->58M(247M) 2.723ms
[2026-09-19T05:52:23.459+0000][2318.492s][info ][gc,cpu         ] GC(57) User=0.00s Sys=0.00s Real=0.00s
[2026-09-19T05:54:10.524+0000][2425.557s][info ][gc,start       ] GC(58) Pause Young (Allocation Failure)
[2026-09-19T05:54:10.524+0000][2425.557s][debug][gc,heap        ] GC(58) Heap before GC invocations=58 (full 5):
[2026-09-19T05:54:10.524+0000][2425.557s][debug][gc,heap        ] GC(58)  def new generation   total 78912K, used 71021K [0x00000000e7000000, 0x00000000ec5a0000, 0x00000000ef550000)
[2026-09-19T05:54:10.524+0000][2425.557s][debug][gc,heap        ] GC(58)   eden space 70144K, 100% used [0x00000000e7000000, 0x00000000eb480000, 0x00000000eb480000)
[2026-09-19T05:54:10.524+0000][2425.557s][debug][gc,heap        ] GC(58)   from space 8768K,  10% used [0x00000000eb480000, 0x00000000eb55b668, 0x00000000ebd10000)
[2026-09-19T05:54:10.524+0000][2425.557s][debug][gc,heap        ] GC(58)   to   space 8768K,   0% used [0x00000000ebd10000, 0x00000000ebd10000, 0x00000000ec5a0000)
[2026-09-19T05:54:10.524+0000][2425.557s][debug][gc,heap        ] GC(58)  tenured generation   total 174784K, used 59163K [0x00000000ef550000, 0x00000000fa000000, 0x0000000100000000)
[2026-09-19T05:54:10.524+0000][2425.557s][debug][gc,heap        ] GC(58)    the space 174784K,  33% used [0x00000000ef550000, 0x00000000f2f16f30, 0x00000000f2f17000, 0x00000000fa000000)
[2026-09-19T05:54:10.524+0000][2425.557s][debug][gc,heap        ] GC(58)  Metaspace       used 139935K, committed 141888K, reserved 1179648K
[2026-09-19T05:54:10.524+0000][2425.557s][debug][gc,heap        ] GC(58)   class space    used 18534K, committed 19392K, reserved 1048576K
[2026-09-19T05:54:10.526+0000][2425.560s][info ][gc,heap        ] GC(58) DefNew: 71021K(78912K)->851K(78912K) Eden: 70144K(70144K)->0K(70144K) From: 877K(8768K)->851K(8768K)
[2026-09-19T05:54:10.526+0000][2425.560s][info ][gc,heap        ] GC(58) Tenured: 59163K(174784K)->59163K(174784K)
[2026-09-19T05:54:10.526+0000][2425.560s][info ][gc,metaspace   ] GC(58) Metaspace: 139935K(141888K)->139935K(141888K) NonClass: 121400K(122496K)->121400K(122496K) Class: 18534K(19392K)->18534K(19392K)
[2026-09-19T05:54:10.527+0000][2425.560s][debug][gc,heap        ] GC(58) Heap after GC invocations=59 (full 5):
[2026-09-19T05:54:10.527+0000][2425.560s][debug][gc,heap        ] GC(58)  def new generation   total 78912K, used 851K [0x00000000e7000000, 0x00000000ec5a0000, 0x00000000ef550000)
[2026-09-19T05:54:10.527+0000][2425.560s][debug][gc,heap        ] GC(58)   eden space 70144K,   0% used [0x00000000e7000000, 0x00000000e7000000, 0x00000000eb480000)
[2026-09-19T05:54:10.527+0000][2425.560s][debug][gc,heap        ] GC(58)   from space 8768K,   9% used [0x00000000ebd10000, 0x00000000ebde4c10, 0x00000000ec5a0000)
[2026-09-19T05:54:10.527+0000][2425.560s][debug][gc,heap        ] GC(58)   to   space 8768K,   0% used [0x00000000eb480000, 0x00000000eb480000, 0x00000000ebd10000)
[2026-09-19T05:54:10.527+0000][2425.560s][debug][gc,heap        ] GC(58)  tenured generation   total 174784K, used 59163K [0x00000000ef550000, 0x00000000fa000000, 0x0000000100000000)
[2026-09-19T05:54:10.527+0000][2425.560s][debug][gc,heap        ] GC(58)    the space 174784K,  33% used [0x00000000ef550000, 0x00000000f2f16f30, 0x00000000f2f17000, 0x00000000fa000000)
[2026-09-19T05:54:10.527+0000][2425.560s][debug][gc,heap        ] GC(58)  Metaspace       used 139935K, committed 141888K, reserved 1179648K
[2026-09-19T05:54:10.527+0000][2425.560s][debug][gc,heap        ] GC(58)   class space    used 18534K, committed 19392K, reserved 1048576K
[2026-09-19T05:54:10.527+0000][2425.560s][info ][gc             ] GC(58) Pause Young (Allocation Failure) 127M->58M(247M) 2.786ms
[2026-09-19T05:54:10.527+0000][2425.560s][info ][gc,cpu         ] GC(58) User=0.01s Sys=0.00s Real=0.00s
[2026-09-19T05:56:00.937+0000][2535.970s][info ][gc,start       ] GC(59) Pause Young (Allocation Failure)
[2026-09-19T05:56:00.937+0000][2535.970s][debug][gc,heap        ] GC(59) Heap before GC invocations=59 (full 5):
[2026-09-19T05:56:00.937+0000][2535.971s][debug][gc,heap        ] GC(59)  def new generation   total 78912K, used 70994K [0x00000000e7000000, 0x00000000ec5a0000, 0x00000000ef550000)
[2026-09-19T05:56:00.937+0000][2535.971s][debug][gc,heap        ] GC(59)   eden space 70144K,  99% used [0x00000000e7000000, 0x00000000eb47ffd8, 0x00000000eb480000)
[2026-09-19T05:56:00.937+0000][2535.971s][debug][gc,heap        ] GC(59)   from space 8768K,   9% used [0x00000000ebd10000, 0x00000000ebde4c10, 0x00000000ec5a0000)
[2026-09-19T05:56:00.937+0000][2535.971s][debug][gc,heap        ] GC(59)   to   space 8768K,   0% used [0x00000000eb480000, 0x00000000eb480000, 0x00000000ebd10000)
[2026-09-19T05:56:00.937+0000][2535.971s][debug][gc,heap        ] GC(59)  tenured generation   total 174784K, used 59163K [0x00000000ef550000, 0x00000000fa000000, 0x0000000100000000)
[2026-09-19T05:56:00.937+0000][2535.971s][debug][gc,heap        ] GC(59)    the space 174784K,  33% used [0x00000000ef550000, 0x00000000f2f16f30, 0x00000000f2f17000, 0x00000000fa000000)
[2026-09-19T05:56:00.937+0000][2535.971s][debug][gc,heap        ] GC(59)  Metaspace       used 139986K, committed 141888K, reserved 1179648K
[2026-09-19T05:56:00.937+0000][2535.971s][debug][gc,heap        ] GC(59)   class space    used 18534K, committed 19392K, reserved 1048576K
[2026-09-19T05:56:00.941+0000][2535.974s][info ][gc,heap        ] GC(59) DefNew: 70994K(78912K)->971K(78912K) Eden: 70143K(70144K)->0K(70144K) From: 851K(8768K)->971K(8768K)
[2026-09-19T05:56:00.941+0000][2535.974s][info ][gc,heap        ] GC(59) Tenured: 59163K(174784K)->59163K(174784K)
[2026-09-19T05:56:00.941+0000][2535.974s][info ][gc,metaspace   ] GC(59) Metaspace: 139986K(141888K)->139986K(141888K) NonClass: 121451K(122496K)->121451K(122496K) Class: 18534K(19392K)->18534K(19392K)
[2026-09-19T05:56:00.941+0000][2535.974s][debug][gc,heap        ] GC(59) Heap after GC invocations=60 (full 5):
[2026-09-19T05:56:00.941+0000][2535.974s][debug][gc,heap        ] GC(59)  def new generation   total 78912K, used 971K [0x00000000e7000000, 0x00000000ec5a0000, 0x00000000ef550000)
[2026-09-19T05:56:00.941+0000][2535.974s][debug][gc,heap        ] GC(59)   eden space 70144K,   0% used [0x00000000e7000000, 0x00000000e7000000, 0x00000000eb480000)
[2026-09-19T05:56:00.941+0000][2535.974s][debug][gc,heap        ] GC(59)   from space 8768K,  11% used [0x00000000eb480000, 0x00000000eb572c50, 0x00000000ebd10000)
[2026-09-19T05:56:00.941+0000][2535.974s][debug][gc,heap        ] GC(59)   to   space 8768K,   0% used [0x00000000ebd10000, 0x00000000ebd10000, 0x00000000ec5a0000)
[2026-09-19T05:56:00.941+0000][2535.974s][debug][gc,heap        ] GC(59)  tenured generation   total 174784K, used 59163K [0x00000000ef550000, 0x00000000fa000000, 0x0000000100000000)
[2026-09-19T05:56:00.941+0000][2535.974s][debug][gc,heap        ] GC(59)    the space 174784K,  33% used [0x00000000ef550000, 0x00000000f2f16f30, 0x00000000f2f17000, 0x00000000fa000000)
[2026-09-19T05:56:00.941+0000][2535.974s][debug][gc,heap        ] GC(59)  Metaspace       used 139986K, committed 141888K, reserved 1179648K
[2026-09-19T05:56:00.941+0000][2535.974s][debug][gc,heap        ] GC(59)   class space    used 18534K, committed 19392K, reserved 1048576K
[2026-09-19T05:56:00.941+0000][2535.974s][info ][gc             ] GC(59) Pause Young (Allocation Failure) 127M->58M(247M) 3.887ms
[2026-09-19T05:56:00.941+0000][2535.974s][info ][gc,cpu         ] GC(59) User=0.01s Sys=0.00s Real=0.00s
[2026-09-19T05:57:49.468+0000][2644.501s][info ][gc,start       ] GC(60) Pause Young (Allocation Failure)
[2026-09-19T05:57:49.468+0000][2644.501s][debug][gc,heap        ] GC(60) Heap before GC invocations=60 (full 5):
[2026-09-19T05:57:49.468+0000][2644.501s][debug][gc,heap        ] GC(60)  def new generation   total 78912K, used 71115K [0x00000000e7000000, 0x00000000ec5a0000, 0x00000000ef550000)
[2026-09-19T05:57:49.468+0000][2644.501s][debug][gc,heap        ] GC(60)   eden space 70144K, 100% used [0x00000000e7000000, 0x00000000eb480000, 0x00000000eb480000)
[2026-09-19T05:57:49.468+0000][2644.501s][debug][gc,heap        ] GC(60)   from space 8768K,  11% used [0x00000000eb480000, 0x00000000eb572c50, 0x00000000ebd10000)
[2026-09-19T05:57:49.468+0000][2644.501s][debug][gc,heap        ] GC(60)   to   space 8768K,   0% used [0x00000000ebd10000, 0x00000000ebd10000, 0x00000000ec5a0000)
[2026-09-19T05:57:49.468+0000][2644.501s][debug][gc,heap        ] GC(60)  tenured generation   total 174784K, used 59163K [0x00000000ef550000, 0x00000000fa000000, 0x0000000100000000)
[2026-09-19T05:57:49.468+0000][2644.501s][debug][gc,heap        ] GC(60)    the space 174784K,  33% used [0x00000000ef550000, 0x00000000f2f16f30, 0x00000000f2f17000, 0x00000000fa000000)
[2026-09-19T05:57:49.468+0000][2644.501s][debug][gc,heap        ] GC(60)  Metaspace       used 140223K, committed 141952K, reserved 1179648K
[2026-09-19T05:57:49.468+0000][2644.501s][debug][gc,heap        ] GC(60)   class space    used 18534K, committed 19392K, reserved 1048576K
[2026-09-19T05:57:49.471+0000][2644.504s][info ][gc,heap        ] GC(60) DefNew: 71115K(78912K)->1504K(78912K) Eden: 70144K(70144K)->0K(70144K) From: 971K(8768K)->1504K(8768K)
[2026-09-19T05:57:49.471+0000][2644.504s][info ][gc,heap        ] GC(60) Tenured: 59163K(174784K)->59163K(174784K)
[2026-09-19T05:57:49.471+0000][2644.504s][info ][gc,metaspace   ] GC(60) Metaspace: 140223K(141952K)->140223K(141952K) NonClass: 121689K(122560K)->121689K(122560K) Class: 18534K(19392K)->18534K(19392K)
[2026-09-19T05:57:49.471+0000][2644.504s][debug][gc,heap        ] GC(60) Heap after GC invocations=61 (full 5):
[2026-09-19T05:57:49.471+0000][2644.504s][debug][gc,heap        ] GC(60)  def new generation   total 78912K, used 1504K [0x00000000e7000000, 0x00000000ec5a0000, 0x00000000ef550000)
[2026-09-19T05:57:49.471+0000][2644.504s][debug][gc,heap        ] GC(60)   eden space 70144K,   0% used [0x00000000e7000000, 0x00000000e7000000, 0x00000000eb480000)
[2026-09-19T05:57:49.471+0000][2644.504s][debug][gc,heap        ] GC(60)   from space 8768K,  17% used [0x00000000ebd10000, 0x00000000ebe88288, 0x00000000ec5a0000)
[2026-09-19T05:57:49.471+0000][2644.504s][debug][gc,heap        ] GC(60)   to   space 8768K,   0% used [0x00000000eb480000, 0x00000000eb480000, 0x00000000ebd10000)
[2026-09-19T05:57:49.471+0000][2644.504s][debug][gc,heap        ] GC(60)  tenured generation   total 174784K, used 59163K [0x00000000ef550000, 0x00000000fa000000, 0x0000000100000000)
[2026-09-19T05:57:49.471+0000][2644.504s][debug][gc,heap        ] GC(60)    the space 174784K,  33% used [0x00000000ef550000, 0x00000000f2f16f30, 0x00000000f2f17000, 0x00000000fa000000)
[2026-09-19T05:57:49.471+0000][2644.504s][debug][gc,heap        ] GC(60)  Metaspace       used 140223K, committed 141952K, reserved 1179648K
[2026-09-19T05:57:49.471+0000][2644.504s][debug][gc,heap        ] GC(60)   class space    used 18534K, committed 19392K, reserved 1048576K
[2026-09-19T05:57:49.471+0000][2644.504s][info ][gc             ] GC(60) Pause Young (Allocation Failure) 127M->59M(247M) 3.112ms
[2026-09-19T05:57:49.471+0000][2644.504s][info ][gc,cpu         ] GC(60) User=0.01s Sys=0.00s Real=0.00s
[2026-09-19T05:59:32.341+0000][2747.374s][info ][gc,start       ] GC(61) Pause Young (Allocation Failure)
[2026-09-19T05:59:32.341+0000][2747.374s][debug][gc,heap        ] GC(61) Heap before GC invocations=61 (full 5):
[2026-09-19T05:59:32.341+0000][2747.374s][debug][gc,heap        ] GC(61)  def new generation   total 78912K, used 71648K [0x00000000e7000000, 0x00000000ec5a0000, 0x00000000ef550000)
[2026-09-19T05:59:32.341+0000][2747.374s][debug][gc,heap        ] GC(61)   eden space 70144K, 100% used [0x00000000e7000000, 0x00000000eb480000, 0x00000000eb480000)
[2026-09-19T05:59:32.341+0000][2747.374s][debug][gc,heap        ] GC(61)   from space 8768K,  17% used [0x00000000ebd10000, 0x00000000ebe88288, 0x00000000ec5a0000)
[2026-09-19T05:59:32.341+0000][2747.374s][debug][gc,heap        ] GC(61)   to   space 8768K,   0% used [0x00000000eb480000, 0x00000000eb480000, 0x00000000ebd10000)
[2026-09-19T05:59:32.341+0000][2747.374s][debug][gc,heap        ] GC(61)  tenured generation   total 174784K, used 59163K [0x00000000ef550000, 0x00000000fa000000, 0x0000000100000000)
[2026-09-19T05:59:32.341+0000][2747.374s][debug][gc,heap        ] GC(61)    the space 174784K,  33% used [0x00000000ef550000, 0x00000000f2f16f30, 0x00000000f2f17000, 0x00000000fa000000)
[2026-09-19T05:59:32.341+0000][2747.374s][debug][gc,heap        ] GC(61)  Metaspace       used 140230K, committed 141952K, reserved 1179648K
[2026-09-19T05:59:32.341+0000][2747.374s][debug][gc,heap        ] GC(61)   class space    used 18534K, committed 19392K, reserved 1048576K
[2026-09-19T05:59:32.344+0000][2747.377s][info ][gc,heap        ] GC(61) DefNew: 71648K(78912K)->829K(78912K) Eden: 70144K(70144K)->0K(70144K) From: 1504K(8768K)->829K(8768K)
[2026-09-19T05:59:32.344+0000][2747.377s][info ][gc,heap        ] GC(61) Tenured: 59163K(174784K)->59163K(174784K)
[2026-09-19T05:59:32.344+0000][2747.377s][info ][gc,metaspace   ] GC(61) Metaspace: 140230K(141952K)->140230K(141952K) NonClass: 121695K(122560K)->121695K(122560K) Class: 18534K(19392K)->18534K(19392K)
[2026-09-19T05:59:32.344+0000][2747.377s][debug][gc,heap        ] GC(61) Heap after GC invocations=62 (full 5):
[2026-09-19T05:59:32.344+0000][2747.377s][debug][gc,heap        ] GC(61)  def new generation   total 78912K, used 829K [0x00000000e7000000, 0x00000000ec5a0000, 0x00000000ef550000)
[2026-09-19T05:59:32.344+0000][2747.377s][debug][gc,heap        ] GC(61)   eden space 70144K,   0% used [0x00000000e7000000, 0x00000000e7000000, 0x00000000eb480000)
[2026-09-19T05:59:32.344+0000][2747.377s][debug][gc,heap        ] GC(61)   from space 8768K,   9% used [0x00000000eb480000, 0x00000000eb54f748, 0x00000000ebd10000)
[2026-09-19T05:59:32.344+0000][2747.377s][debug][gc,heap        ] GC(61)   to   space 8768K,   0% used [0x00000000ebd10000, 0x00000000ebd10000, 0x00000000ec5a0000)
[2026-09-19T05:59:32.344+0000][2747.377s][debug][gc,heap        ] GC(61)  tenured generation   total 174784K, used 59163K [0x00000000ef550000, 0x00000000fa000000, 0x0000000100000000)
[2026-09-19T05:59:32.344+0000][2747.377s][debug][gc,heap        ] GC(61)    the space 174784K,  33% used [0x00000000ef550000, 0x00000000f2f16f30, 0x00000000f2f17000, 0x00000000fa000000)
[2026-09-19T05:59:32.344+0000][2747.377s][debug][gc,heap        ] GC(61)  Metaspace       used 140230K, committed 141952K, reserved 1179648K
[2026-09-19T05:59:32.344+0000][2747.377s][debug][gc,heap        ] GC(61)   class space    used 18534K, committed 19392K, reserved 1048576K
[2026-09-19T05:59:32.344+0000][2747.377s][info ][gc             ] GC(61) Pause Young (Allocation Failure) 127M->58M(247M) 2.763ms
[2026-09-19T05:59:32.344+0000][2747.377s][info ][gc,cpu         ] GC(61) User=0.00s Sys=0.00s Real=0.01s
[2026-09-19T06:01:20.101+0000][2855.134s][info ][gc,start       ] GC(62) Pause Young (Allocation Failure)
[2026-09-19T06:01:20.101+0000][2855.134s][debug][gc,heap        ] GC(62) Heap before GC invocations=62 (full 5):
[2026-09-19T06:01:20.101+0000][2855.134s][debug][gc,heap        ] GC(62)  def new generation   total 78912K, used 70973K [0x00000000e7000000, 0x00000000ec5a0000, 0x00000000ef550000)
[2026-09-19T06:01:20.101+0000][2855.134s][debug][gc,heap        ] GC(62)   eden space 70144K, 100% used [0x00000000e7000000, 0x00000000eb480000, 0x00000000eb480000)
[2026-09-19T06:01:20.101+0000][2855.134s][debug][gc,heap        ] GC(62)   from space 8768K,   9% used [0x00000000eb480000, 0x00000000eb54f748, 0x00000000ebd10000)
[2026-09-19T06:01:20.101+0000][2855.134s][debug][gc,heap        ] GC(62)   to   space 8768K,   0% used [0x00000000ebd10000, 0x00000000ebd10000, 0x00000000ec5a0000)
[2026-09-19T06:01:20.101+0000][2855.134s][debug][gc,heap        ] GC(62)  tenured generation   total 174784K, used 59163K [0x00000000ef550000, 0x00000000fa000000, 0x0000000100000000)
[2026-09-19T06:01:20.101+0000][2855.134s][debug][gc,heap        ] GC(62)    the space 174784K,  33% used [0x00000000ef550000, 0x00000000f2f16f30, 0x00000000f2f17000, 0x00000000fa000000)
[2026-09-19T06:01:20.101+0000][2855.134s][debug][gc,heap        ] GC(62)  Metaspace       used 140288K, committed 141952K, reserved 1179648K
[2026-09-19T06:01:20.101+0000][2855.134s][debug][gc,heap        ] GC(62)   class space    used 18534K, committed 19392K, reserved 1048576K
[2026-09-19T06:01:20.104+0000][2855.137s][info ][gc,heap        ] GC(62) DefNew: 70973K(78912K)->915K(78912K) Eden: 70144K(70144K)->0K(70144K) From: 829K(8768K)->915K(8768K)
[2026-09-19T06:01:20.104+0000][2855.137s][info ][gc,heap        ] GC(62) Tenured: 59163K(174784K)->59163K(174784K)
[2026-09-19T06:01:20.104+0000][2855.137s][info ][gc,metaspace   ] GC(62) Metaspace: 140288K(141952K)->140288K(141952K) NonClass: 121754K(122560K)->121754K(122560K) Class: 18534K(19392K)->18534K(19392K)
[2026-09-19T06:01:20.104+0000][2855.137s][debug][gc,heap        ] GC(62) Heap after GC invocations=63 (full 5):
[2026-09-19T06:01:20.104+0000][2855.137s][debug][gc,heap        ] GC(62)  def new generation   total 78912K, used 915K [0x00000000e7000000, 0x00000000ec5a0000, 0x00000000ef550000)
[2026-09-19T06:01:20.104+0000][2855.137s][debug][gc,heap        ] GC(62)   eden space 70144K,   0% used [0x00000000e7000000, 0x00000000e7000000, 0x00000000eb480000)
[2026-09-19T06:01:20.104+0000][2855.137s][debug][gc,heap        ] GC(62)   from space 8768K,  10% used [0x00000000ebd10000, 0x00000000ebdf4eb8, 0x00000000ec5a0000)
[2026-09-19T06:01:20.104+0000][2855.137s][debug][gc,heap        ] GC(62)   to   space 8768K,   0% used [0x00000000eb480000, 0x00000000eb480000, 0x00000000ebd10000)
[2026-09-19T06:01:20.104+0000][2855.137s][debug][gc,heap        ] GC(62)  tenured generation   total 174784K, used 59163K [0x00000000ef550000, 0x00000000fa000000, 0x0000000100000000)
[2026-09-19T06:01:20.104+0000][2855.137s][debug][gc,heap        ] GC(62)    the space 174784K,  33% used [0x00000000ef550000, 0x00000000f2f16f30, 0x00000000f2f17000, 0x00000000fa000000)
[2026-09-19T06:01:20.104+0000][2855.137s][debug][gc,heap        ] GC(62)  Metaspace       used 140288K, committed 141952K, reserved 1179648K
[2026-09-19T06:01:20.104+0000][2855.137s][debug][gc,heap        ] GC(62)   class space    used 18534K, committed 19392K, reserved 1048576K
[2026-09-19T06:01:20.104+0000][2855.137s][info ][gc             ] GC(62) Pause Young (Allocation Failure) 127M->58M(247M) 3.179ms
[2026-09-19T06:01:20.104+0000][2855.137s][info ][gc,cpu         ] GC(62) User=0.00s Sys=0.00s Real=0.01s
[2026-09-19T06:03:09.074+0000][2964.107s][info ][gc,start       ] GC(63) Pause Young (Allocation Failure)
[2026-09-19T06:03:09.074+0000][2964.107s][debug][gc,heap        ] GC(63) Heap before GC invocations=63 (full 5):
[2026-09-19T06:03:09.074+0000][2964.107s][debug][gc,heap        ] GC(63)  def new generation   total 78912K, used 71059K [0x00000000e7000000, 0x00000000ec5a0000, 0x00000000ef550000)
[2026-09-19T06:03:09.074+0000][2964.107s][debug][gc,heap        ] GC(63)   eden space 70144K, 100% used [0x00000000e7000000, 0x00000000eb480000, 0x00000000eb480000)
[2026-09-19T06:03:09.074+0000][2964.107s][debug][gc,heap        ] GC(63)   from space 8768K,  10% used [0x00000000ebd10000, 0x00000000ebdf4eb8, 0x00000000ec5a0000)
[2026-09-19T06:03:09.074+0000][2964.107s][debug][gc,heap        ] GC(63)   to   space 8768K,   0% used [0x00000000eb480000, 0x00000000eb480000, 0x00000000ebd10000)
[2026-09-19T06:03:09.074+0000][2964.107s][debug][gc,heap        ] GC(63)  tenured generation   total 174784K, used 59163K [0x00000000ef550000, 0x00000000fa000000, 0x0000000100000000)
[2026-09-19T06:03:09.074+0000][2964.107s][debug][gc,heap        ] GC(63)    the space 174784K,  33% used [0x00000000ef550000, 0x00000000f2f16f30, 0x00000000f2f17000, 0x00000000fa000000)
[2026-09-19T06:03:09.074+0000][2964.107s][debug][gc,heap        ] GC(63)  Metaspace       used 140330K, committed 142016K, reserved 1179648K
[2026-09-19T06:03:09.074+0000][2964.107s][debug][gc,heap        ] GC(63)   class space    used 18534K, committed 19392K, reserved 1048576K
[2026-09-19T06:03:09.077+0000][2964.110s][info ][gc,heap        ] GC(63) DefNew: 71059K(78912K)->1474K(78912K) Eden: 70144K(70144K)->0K(70144K) From: 915K(8768K)->1474K(8768K)
[2026-09-19T06:03:09.077+0000][2964.110s][info ][gc,heap        ] GC(63) Tenured: 59163K(174784K)->59163K(174784K)
[2026-09-19T06:03:09.077+0000][2964.110s][info ][gc,metaspace   ] GC(63) Metaspace: 140330K(142016K)->140330K(142016K) NonClass: 121795K(122624K)->121795K(122624K) Class: 18534K(19392K)->18534K(19392K)
[2026-09-19T06:03:09.077+0000][2964.110s][debug][gc,heap        ] GC(63) Heap after GC invocations=64 (full 5):
[2026-09-19T06:03:09.077+0000][2964.110s][debug][gc,heap        ] GC(63)  def new generation   total 78912K, used 1474K [0x00000000e7000000, 0x00000000ec5a0000, 0x00000000ef550000)
[2026-09-19T06:03:09.077+0000][2964.110s][debug][gc,heap        ] GC(63)   eden space 70144K,   0% used [0x00000000e7000000, 0x00000000e7000000, 0x00000000eb480000)
[2026-09-19T06:03:09.077+0000][2964.110s][debug][gc,heap        ] GC(63)   from space 8768K,  16% used [0x00000000eb480000, 0x00000000eb5f09c0, 0x00000000ebd10000)
[2026-09-19T06:03:09.077+0000][2964.110s][debug][gc,heap        ] GC(63)   to   space 8768K,   0% used [0x00000000ebd10000, 0x00000000ebd10000, 0x00000000ec5a0000)
[2026-09-19T06:03:09.077+0000][2964.110s][debug][gc,heap        ] GC(63)  tenured generation   total 174784K, used 59163K [0x00000000ef550000, 0x00000000fa000000, 0x0000000100000000)
[2026-09-19T06:03:09.077+0000][2964.110s][debug][gc,heap        ] GC(63)    the space 174784K,  33% used [0x00000000ef550000, 0x00000000f2f16f30, 0x00000000f2f17000, 0x00000000fa000000)
[2026-09-19T06:03:09.077+0000][2964.110s][debug][gc,heap        ] GC(63)  Metaspace       used 140330K, committed 142016K, reserved 1179648K
[2026-09-19T06:03:09.077+0000][2964.110s][debug][gc,heap        ] GC(63)   class space    used 18534K, committed 19392K, reserved 1048576K
[2026-09-19T06:03:09.077+0000][2964.110s][info ][gc             ] GC(63) Pause Young (Allocation Failure) 127M->59M(247M) 3.089ms
[2026-09-19T06:03:09.077+0000][2964.110s][info ][gc,cpu         ] GC(63) User=0.01s Sys=0.00s Real=0.00s
[2026-09-19T06:04:51.149+0000][3066.182s][info ][gc,start       ] GC(64) Pause Young (Allocation Failure)
[2026-09-19T06:04:51.149+0000][3066.182s][debug][gc,heap        ] GC(64) Heap before GC invocations=64 (full 5):
[2026-09-19T06:04:51.149+0000][3066.182s][debug][gc,heap        ] GC(64)  def new generation   total 78912K, used 71618K [0x00000000e7000000, 0x00000000ec5a0000, 0x00000000ef550000)
[2026-09-19T06:04:51.149+0000][3066.182s][debug][gc,heap        ] GC(64)   eden space 70144K, 100% used [0x00000000e7000000, 0x00000000eb480000, 0x00000000eb480000)
[2026-09-19T06:04:51.149+0000][3066.182s][debug][gc,heap        ] GC(64)   from space 8768K,  16% used [0x00000000eb480000, 0x00000000eb5f09c0, 0x00000000ebd10000)
[2026-09-19T06:04:51.149+0000][3066.182s][debug][gc,heap        ] GC(64)   to   space 8768K,   0% used [0x00000000ebd10000, 0x00000000ebd10000, 0x00000000ec5a0000)
[2026-09-19T06:04:51.149+0000][3066.182s][debug][gc,heap        ] GC(64)  tenured generation   total 174784K, used 59163K [0x00000000ef550000, 0x00000000fa000000, 0x0000000100000000)
[2026-09-19T06:04:51.149+0000][3066.182s][debug][gc,heap        ] GC(64)    the space 174784K,  33% used [0x00000000ef550000, 0x00000000f2f16f30, 0x00000000f2f17000, 0x00000000fa000000)
[2026-09-19T06:04:51.149+0000][3066.182s][debug][gc,heap        ] GC(64)  Metaspace       used 140333K, committed 142016K, reserved 1179648K
[2026-09-19T06:04:51.149+0000][3066.182s][debug][gc,heap        ] GC(64)   class space    used 18534K, committed 19392K, reserved 1048576K
[2026-09-19T06:04:51.152+0000][3066.185s][info ][gc,heap        ] GC(64) DefNew: 71618K(78912K)->1676K(78912K) Eden: 70144K(70144K)->0K(70144K) From: 1474K(8768K)->1676K(8768K)
[2026-09-19T06:04:51.152+0000][3066.185s][info ][gc,heap        ] GC(64) Tenured: 59163K(174784K)->59163K(174784K)
[2026-09-19T06:04:51.152+0000][3066.185s][info ][gc,metaspace   ] GC(64) Metaspace: 140333K(142016K)->140333K(142016K) NonClass: 121799K(122624K)->121799K(122624K) Class: 18534K(19392K)->18534K(19392K)
[2026-09-19T06:04:51.152+0000][3066.185s][debug][gc,heap        ] GC(64) Heap after GC invocations=65 (full 5):
[2026-09-19T06:04:51.152+0000][3066.185s][debug][gc,heap        ] GC(64)  def new generation   total 78912K, used 1676K [0x00000000e7000000, 0x00000000ec5a0000, 0x00000000ef550000)
[2026-09-19T06:04:51.152+0000][3066.185s][debug][gc,heap        ] GC(64)   eden space 70144K,   0% used [0x00000000e7000000, 0x00000000e7000000, 0x00000000eb480000)
[2026-09-19T06:04:51.152+0000][3066.185s][debug][gc,heap        ] GC(64)   from space 8768K,  19% used [0x00000000ebd10000, 0x00000000ebeb3128, 0x00000000ec5a0000)
[2026-09-19T06:04:51.152+0000][3066.185s][debug][gc,heap        ] GC(64)   to   space 8768K,   0% used [0x00000000eb480000, 0x00000000eb480000, 0x00000000ebd10000)
[2026-09-19T06:04:51.152+0000][3066.185s][debug][gc,heap        ] GC(64)  tenured generation   total 174784K, used 59163K [0x00000000ef550000, 0x00000000fa000000, 0x0000000100000000)
[2026-09-19T06:04:51.152+0000][3066.185s][debug][gc,heap        ] GC(64)    the space 174784K,  33% used [0x00000000ef550000, 0x00000000f2f16f30, 0x00000000f2f17000, 0x00000000fa000000)
[2026-09-19T06:04:51.152+0000][3066.185s][debug][gc,heap        ] GC(64)  Metaspace       used 140333K, committed 142016K, reserved 1179648K
[2026-09-19T06:04:51.152+0000][3066.185s][debug][gc,heap        ] GC(64)   class space    used 18534K, committed 19392K, reserved 1048576K
[2026-09-19T06:04:51.152+0000][3066.185s][info ][gc             ] GC(64) Pause Young (Allocation Failure) 127M->59M(247M) 3.234ms
[2026-09-19T06:04:51.152+0000][3066.185s][info ][gc,cpu         ] GC(64) User=0.00s Sys=0.00s Real=0.00s
[2026-09-19T06:06:28.499+0000][3163.532s][info ][gc,start       ] GC(65) Pause Young (Allocation Failure)
[2026-09-19T06:06:28.499+0000][3163.532s][debug][gc,heap        ] GC(65) Heap before GC invocations=65 (full 5):
[2026-09-19T06:06:28.499+0000][3163.532s][debug][gc,heap        ] GC(65)  def new generation   total 78912K, used 71820K [0x00000000e7000000, 0x00000000ec5a0000, 0x00000000ef550000)
[2026-09-19T06:06:28.499+0000][3163.532s][debug][gc,heap        ] GC(65)   eden space 70144K, 100% used [0x00000000e7000000, 0x00000000eb480000, 0x00000000eb480000)
[2026-09-19T06:06:28.499+0000][3163.532s][debug][gc,heap        ] GC(65)   from space 8768K,  19% used [0x00000000ebd10000, 0x00000000ebeb3128, 0x00000000ec5a0000)
[2026-09-19T06:06:28.499+0000][3163.532s][debug][gc,heap        ] GC(65)   to   space 8768K,   0% used [0x00000000eb480000, 0x00000000eb480000, 0x00000000ebd10000)
[2026-09-19T06:06:28.499+0000][3163.532s][debug][gc,heap        ] GC(65)  tenured generation   total 174784K, used 59163K [0x00000000ef550000, 0x00000000fa000000, 0x0000000100000000)
[2026-09-19T06:06:28.499+0000][3163.532s][debug][gc,heap        ] GC(65)    the space 174784K,  33% used [0x00000000ef550000, 0x00000000f2f16f30, 0x00000000f2f17000, 0x00000000fa000000)
[2026-09-19T06:06:28.499+0000][3163.532s][debug][gc,heap        ] GC(65)  Metaspace       used 140341K, committed 142080K, reserved 1179648K
[2026-09-19T06:06:28.499+0000][3163.532s][debug][gc,heap        ] GC(65)   class space    used 18534K, committed 19392K, reserved 1048576K
[2026-09-19T06:06:28.502+0000][3163.535s][info ][gc,heap        ] GC(65) DefNew: 71820K(78912K)->926K(78912K) Eden: 70144K(70144K)->0K(70144K) From: 1676K(8768K)->926K(8768K)
[2026-09-19T06:06:28.502+0000][3163.535s][info ][gc,heap        ] GC(65) Tenured: 59163K(174784K)->59309K(174784K)
[2026-09-19T06:06:28.502+0000][3163.535s][info ][gc,metaspace   ] GC(65) Metaspace: 140341K(142080K)->140341K(142080K) NonClass: 121807K(122688K)->121807K(122688K) Class: 18534K(19392K)->18534K(19392K)
[2026-09-19T06:06:28.502+0000][3163.535s][debug][gc,heap        ] GC(65) Heap after GC invocations=66 (full 5):
[2026-09-19T06:06:28.502+0000][3163.535s][debug][gc,heap        ] GC(65)  def new generation   total 78912K, used 926K [0x00000000e7000000, 0x00000000ec5a0000, 0x00000000ef550000)
[2026-09-19T06:06:28.502+0000][3163.535s][debug][gc,heap        ] GC(65)   eden space 70144K,   0% used [0x00000000e7000000, 0x00000000e7000000, 0x00000000eb480000)
[2026-09-19T06:06:28.502+0000][3163.535s][debug][gc,heap        ] GC(65)   from space 8768K,  10% used [0x00000000eb480000, 0x00000000eb567b18, 0x00000000ebd10000)
[2026-09-19T06:06:28.502+0000][3163.535s][debug][gc,heap        ] GC(65)   to   space 8768K,   0% used [0x00000000ebd10000, 0x00000000ebd10000, 0x00000000ec5a0000)
[2026-09-19T06:06:28.502+0000][3163.535s][debug][gc,heap        ] GC(65)  tenured generation   total 174784K, used 59309K [0x00000000ef550000, 0x00000000fa000000, 0x0000000100000000)
[2026-09-19T06:06:28.502+0000][3163.535s][debug][gc,heap        ] GC(65)    the space 174784K,  33% used [0x00000000ef550000, 0x00000000f2f3b448, 0x00000000f2f3b600, 0x00000000fa000000)
[2026-09-19T06:06:28.502+0000][3163.535s][debug][gc,heap        ] GC(65)  Metaspace       used 140341K, committed 142080K, reserved 1179648K
[2026-09-19T06:06:28.502+0000][3163.535s][debug][gc,heap        ] GC(65)   class space    used 18534K, committed 19392K, reserved 1048576K
[2026-09-19T06:06:28.502+0000][3163.535s][info ][gc             ] GC(65) Pause Young (Allocation Failure) 127M->58M(247M) 3.019ms
[2026-09-19T06:06:28.502+0000][3163.535s][info ][gc,cpu         ] GC(65) User=0.00s Sys=0.00s Real=0.00s
[2026-09-19T06:08:15.215+0000][3270.248s][info ][gc,start       ] GC(66) Pause Young (Allocation Failure)
[2026-09-19T06:08:15.215+0000][3270.248s][debug][gc,heap        ] GC(66) Heap before GC invocations=66 (full 5):
[2026-09-19T06:08:15.215+0000][3270.248s][debug][gc,heap        ] GC(66)  def new generation   total 78912K, used 71070K [0x00000000e7000000, 0x00000000ec5a0000, 0x00000000ef550000)
[2026-09-19T06:08:15.215+0000][3270.248s][debug][gc,heap        ] GC(66)   eden space 70144K, 100% used [0x00000000e7000000, 0x00000000eb480000, 0x00000000eb480000)
[2026-09-19T06:08:15.215+0000][3270.248s][debug][gc,heap        ] GC(66)   from space 8768K,  10% used [0x00000000eb480000, 0x00000000eb567b18, 0x00000000ebd10000)
[2026-09-19T06:08:15.215+0000][3270.248s][debug][gc,heap        ] GC(66)   to   space 8768K,   0% used [0x00000000ebd10000, 0x00000000ebd10000, 0x00000000ec5a0000)
[2026-09-19T06:08:15.215+0000][3270.248s][debug][gc,heap        ] GC(66)  tenured generation   total 174784K, used 59309K [0x00000000ef550000, 0x00000000fa000000, 0x0000000100000000)
[2026-09-19T06:08:15.215+0000][3270.248s][debug][gc,heap        ] GC(66)    the space 174784K,  33% used [0x00000000ef550000, 0x00000000f2f3b448, 0x00000000f2f3b600, 0x00000000fa000000)
[2026-09-19T06:08:15.215+0000][3270.248s][debug][gc,heap        ] GC(66)  Metaspace       used 140346K, committed 142080K, reserved 1179648K
[2026-09-19T06:08:15.215+0000][3270.248s][debug][gc,heap        ] GC(66)   class space    used 18534K, committed 19392K, reserved 1048576K
[2026-09-19T06:08:15.219+0000][3270.253s][info ][gc,heap        ] GC(66) DefNew: 71070K(78912K)->927K(78912K) Eden: 70144K(70144K)->0K(70144K) From: 926K(8768K)->927K(8768K)
[2026-09-19T06:08:15.219+0000][3270.253s][info ][gc,heap        ] GC(66) Tenured: 59309K(174784K)->59366K(174784K)
[2026-09-19T06:08:15.219+0000][3270.253s][info ][gc,metaspace   ] GC(66) Metaspace: 140346K(142080K)->140346K(142080K) NonClass: 121812K(122688K)->121812K(122688K) Class: 18534K(19392K)->18534K(19392K)
[2026-09-19T06:08:15.219+0000][3270.253s][debug][gc,heap        ] GC(66) Heap after GC invocations=67 (full 5):
[2026-09-19T06:08:15.219+0000][3270.253s][debug][gc,heap        ] GC(66)  def new generation   total 78912K, used 927K [0x00000000e7000000, 0x00000000ec5a0000, 0x00000000ef550000)
[2026-09-19T06:08:15.219+0000][3270.253s][debug][gc,heap        ] GC(66)   eden space 70144K,   0% used [0x00000000e7000000, 0x00000000e7000000, 0x00000000eb480000)
[2026-09-19T06:08:15.219+0000][3270.253s][debug][gc,heap        ] GC(66)   from space 8768K,  10% used [0x00000000ebd10000, 0x00000000ebdf7d78, 0x00000000ec5a0000)
[2026-09-19T06:08:15.220+0000][3270.253s][debug][gc,heap        ] GC(66)   to   space 8768K,   0% used [0x00000000eb480000, 0x00000000eb480000, 0x00000000ebd10000)
[2026-09-19T06:08:15.220+0000][3270.253s][debug][gc,heap        ] GC(66)  tenured generation   total 174784K, used 59366K [0x00000000ef550000, 0x00000000fa000000, 0x0000000100000000)
[2026-09-19T06:08:15.220+0000][3270.253s][debug][gc,heap        ] GC(66)    the space 174784K,  33% used [0x00000000ef550000, 0x00000000f2f49a68, 0x00000000f2f49c00, 0x00000000fa000000)
[2026-09-19T06:08:15.220+0000][3270.253s][debug][gc,heap        ] GC(66)  Metaspace       used 140346K, committed 142080K, reserved 1179648K
[2026-09-19T06:08:15.220+0000][3270.253s][debug][gc,heap        ] GC(66)   class space    used 18534K, committed 19392K, reserved 1048576K
[2026-09-19T06:08:15.220+0000][3270.253s][info ][gc             ] GC(66) Pause Young (Allocation Failure) 127M->58M(247M) 4.490ms
[2026-09-19T06:08:15.220+0000][3270.253s][info ][gc,cpu         ] GC(66) User=0.00s Sys=0.00s Real=0.00s
[2026-09-19T06:10:07.850+0000][3382.883s][info ][gc,start       ] GC(67) Pause Young (Allocation Failure)
[2026-09-19T06:10:07.850+0000][3382.883s][debug][gc,heap        ] GC(67) Heap before GC invocations=67 (full 5):
[2026-09-19T06:10:07.850+0000][3382.883s][debug][gc,heap        ] GC(67)  def new generation   total 78912K, used 71070K [0x00000000e7000000, 0x00000000ec5a0000, 0x00000000ef550000)
[2026-09-19T06:10:07.850+0000][3382.883s][debug][gc,heap        ] GC(67)   eden space 70144K,  99% used [0x00000000e7000000, 0x00000000eb47fc40, 0x00000000eb480000)
[2026-09-19T06:10:07.850+0000][3382.883s][debug][gc,heap        ] GC(67)   from space 8768K,  10% used [0x00000000ebd10000, 0x00000000ebdf7d78, 0x00000000ec5a0000)
[2026-09-19T06:10:07.850+0000][3382.883s][debug][gc,heap        ] GC(67)   to   space 8768K,   0% used [0x00000000eb480000, 0x00000000eb480000, 0x00000000ebd10000)
[2026-09-19T06:10:07.850+0000][3382.883s][debug][gc,heap        ] GC(67)  tenured generation   total 174784K, used 59366K [0x00000000ef550000, 0x00000000fa000000, 0x0000000100000000)
[2026-09-19T06:10:07.850+0000][3382.883s][debug][gc,heap        ] GC(67)    the space 174784K,  33% used [0x00000000ef550000, 0x00000000f2f49a68, 0x00000000f2f49c00, 0x00000000fa000000)
[2026-09-19T06:10:07.850+0000][3382.883s][debug][gc,heap        ] GC(67)  Metaspace       used 140367K, committed 142080K, reserved 1179648K
[2026-09-19T06:10:07.850+0000][3382.883s][debug][gc,heap        ] GC(67)   class space    used 18534K, committed 19392K, reserved 1048576K
[2026-09-19T06:10:07.853+0000][3382.886s][info ][gc,heap        ] GC(67) DefNew: 71070K(78912K)->1090K(78912K) Eden: 70143K(70144K)->0K(70144K) From: 927K(8768K)->1090K(8768K)
[2026-09-19T06:10:07.853+0000][3382.886s][info ][gc,heap        ] GC(67) Tenured: 59366K(174784K)->59471K(174784K)
[2026-09-19T06:10:07.853+0000][3382.886s][info ][gc,metaspace   ] GC(67) Metaspace: 140367K(142080K)->140367K(142080K) NonClass: 121832K(122688K)->121832K(122688K) Class: 18534K(19392K)->18534K(19392K)
[2026-09-19T06:10:07.853+0000][3382.886s][debug][gc,heap        ] GC(67) Heap after GC invocations=68 (full 5):
[2026-09-19T06:10:07.853+0000][3382.886s][debug][gc,heap        ] GC(67)  def new generation   total 78912K, used 1090K [0x00000000e7000000, 0x00000000ec5a0000, 0x00000000ef550000)
[2026-09-19T06:10:07.853+0000][3382.886s][debug][gc,heap        ] GC(67)   eden space 70144K,   0% used [0x00000000e7000000, 0x00000000e7000000, 0x00000000eb480000)
[2026-09-19T06:10:07.853+0000][3382.886s][debug][gc,heap        ] GC(67)   from space 8768K,  12% used [0x00000000eb480000, 0x00000000eb590a30, 0x00000000ebd10000)
[2026-09-19T06:10:07.853+0000][3382.886s][debug][gc,heap        ] GC(67)   to   space 8768K,   0% used [0x00000000ebd10000, 0x00000000ebd10000, 0x00000000ec5a0000)
[2026-09-19T06:10:07.853+0000][3382.886s][debug][gc,heap        ] GC(67)  tenured generation   total 174784K, used 59471K [0x00000000ef550000, 0x00000000fa000000, 0x0000000100000000)
[2026-09-19T06:10:07.853+0000][3382.886s][debug][gc,heap        ] GC(67)    the space 174784K,  34% used [0x00000000ef550000, 0x00000000f2f63e38, 0x00000000f2f64000, 0x00000000fa000000)
[2026-09-19T06:10:07.853+0000][3382.886s][debug][gc,heap        ] GC(67)  Metaspace       used 140367K, committed 142080K, reserved 1179648K
[2026-09-19T06:10:07.853+0000][3382.886s][debug][gc,heap        ] GC(67)   class space    used 18534K, committed 19392K, reserved 1048576K
[2026-09-19T06:10:07.853+0000][3382.886s][info ][gc             ] GC(67) Pause Young (Allocation Failure) 127M->59M(247M) 2.988ms
[2026-09-19T06:10:07.853+0000][3382.886s][info ][gc,cpu         ] GC(67) User=0.00s Sys=0.00s Real=0.00s
[2026-09-19T06:11:49.426+0000][3484.459s][info ][gc,start       ] GC(68) Pause Young (Allocation Failure)
[2026-09-19T06:11:49.426+0000][3484.459s][debug][gc,heap        ] GC(68) Heap before GC invocations=68 (full 5):
[2026-09-19T06:11:49.426+0000][3484.459s][debug][gc,heap        ] GC(68)  def new generation   total 78912K, used 71234K [0x00000000e7000000, 0x00000000ec5a0000, 0x00000000ef550000)
[2026-09-19T06:11:49.426+0000][3484.459s][debug][gc,heap        ] GC(68)   eden space 70144K, 100% used [0x00000000e7000000, 0x00000000eb480000, 0x00000000eb480000)
[2026-09-19T06:11:49.426+0000][3484.459s][debug][gc,heap        ] GC(68)   from space 8768K,  12% used [0x00000000eb480000, 0x00000000eb590a30, 0x00000000ebd10000)
[2026-09-19T06:11:49.426+0000][3484.459s][debug][gc,heap        ] GC(68)   to   space 8768K,   0% used [0x00000000ebd10000, 0x00000000ebd10000, 0x00000000ec5a0000)
[2026-09-19T06:11:49.426+0000][3484.459s][debug][gc,heap        ] GC(68)  tenured generation   total 174784K, used 59471K [0x00000000ef550000, 0x00000000fa000000, 0x0000000100000000)
[2026-09-19T06:11:49.426+0000][3484.459s][debug][gc,heap        ] GC(68)    the space 174784K,  34% used [0x00000000ef550000, 0x00000000f2f63e38, 0x00000000f2f64000, 0x00000000fa000000)
[2026-09-19T06:11:49.426+0000][3484.459s][debug][gc,heap        ] GC(68)  Metaspace       used 140378K, committed 142080K, reserved 1179648K
[2026-09-19T06:11:49.426+0000][3484.459s][debug][gc,heap        ] GC(68)   class space    used 18534K, committed 19392K, reserved 1048576K
[2026-09-19T06:11:49.429+0000][3484.462s][info ][gc,heap        ] GC(68) DefNew: 71234K(78912K)->1640K(78912K) Eden: 70144K(70144K)->0K(70144K) From: 1090K(8768K)->1640K(8768K)
[2026-09-19T06:11:49.429+0000][3484.462s][info ][gc,heap        ] GC(68) Tenured: 59471K(174784K)->59512K(174784K)
[2026-09-19T06:11:49.429+0000][3484.462s][info ][gc,metaspace   ] GC(68) Metaspace: 140378K(142080K)->140378K(142080K) NonClass: 121844K(122688K)->121844K(122688K) Class: 18534K(19392K)->18534K(19392K)
[2026-09-19T06:11:49.429+0000][3484.462s][debug][gc,heap        ] GC(68) Heap after GC invocations=69 (full 5):
[2026-09-19T06:11:49.429+0000][3484.462s][debug][gc,heap        ] GC(68)  def new generation   total 78912K, used 1640K [0x00000000e7000000, 0x00000000ec5a0000, 0x00000000ef550000)
[2026-09-19T06:11:49.429+0000][3484.462s][debug][gc,heap        ] GC(68)   eden space 70144K,   0% used [0x00000000e7000000, 0x00000000e7000000, 0x00000000eb480000)
[2026-09-19T06:11:49.429+0000][3484.462s][debug][gc,heap        ] GC(68)   from space 8768K,  18% used [0x00000000ebd10000, 0x00000000ebeaa318, 0x00000000ec5a0000)
[2026-09-19T06:11:49.429+0000][3484.462s][debug][gc,heap        ] GC(68)   to   space 8768K,   0% used [0x00000000eb480000, 0x00000000eb480000, 0x00000000ebd10000)
[2026-09-19T06:11:49.429+0000][3484.462s][debug][gc,heap        ] GC(68)  tenured generation   total 174784K, used 59512K [0x00000000ef550000, 0x00000000fa000000, 0x0000000100000000)
[2026-09-19T06:11:49.429+0000][3484.462s][debug][gc,heap        ] GC(68)    the space 174784K,  34% used [0x00000000ef550000, 0x00000000f2f6e160, 0x00000000f2f6e200, 0x00000000fa000000)
[2026-09-19T06:11:49.429+0000][3484.462s][debug][gc,heap        ] GC(68)  Metaspace       used 140378K, committed 142080K, reserved 1179648K
[2026-09-19T06:11:49.429+0000][3484.462s][debug][gc,heap        ] GC(68)   class space    used 18534K, committed 19392K, reserved 1048576K
[2026-09-19T06:11:49.429+0000][3484.462s][info ][gc             ] GC(68) Pause Young (Allocation Failure) 127M->59M(247M) 3.091ms
[2026-09-19T06:11:49.429+0000][3484.462s][info ][gc,cpu         ] GC(68) User=0.01s Sys=0.00s Real=0.00s
[2026-09-19T06:13:34.585+0000][3589.619s][info ][gc,start       ] GC(69) Pause Young (Allocation Failure)
[2026-09-19T06:13:34.585+0000][3589.619s][debug][gc,heap        ] GC(69) Heap before GC invocations=69 (full 5):
[2026-09-19T06:13:34.586+0000][3589.619s][debug][gc,heap        ] GC(69)  def new generation   total 78912K, used 71784K [0x00000000e7000000, 0x00000000ec5a0000, 0x00000000ef550000)
[2026-09-19T06:13:34.586+0000][3589.619s][debug][gc,heap        ] GC(69)   eden space 70144K, 100% used [0x00000000e7000000, 0x00000000eb480000, 0x00000000eb480000)
[2026-09-19T06:13:34.586+0000][3589.619s][debug][gc,heap        ] GC(69)   from space 8768K,  18% used [0x00000000ebd10000, 0x00000000ebeaa318, 0x00000000ec5a0000)
[2026-09-19T06:13:34.586+0000][3589.619s][debug][gc,heap        ] GC(69)   to   space 8768K,   0% used [0x00000000eb480000, 0x00000000eb480000, 0x00000000ebd10000)
[2026-09-19T06:13:34.586+0000][3589.619s][debug][gc,heap        ] GC(69)  tenured generation   total 174784K, used 59512K [0x00000000ef550000, 0x00000000fa000000, 0x0000000100000000)
[2026-09-19T06:13:34.586+0000][3589.619s][debug][gc,heap        ] GC(69)    the space 174784K,  34% used [0x00000000ef550000, 0x00000000f2f6e160, 0x00000000f2f6e200, 0x00000000fa000000)
[2026-09-19T06:13:34.586+0000][3589.619s][debug][gc,heap        ] GC(69)  Metaspace       used 140409K, committed 142080K, reserved 1179648K
[2026-09-19T06:13:34.586+0000][3589.619s][debug][gc,heap        ] GC(69)   class space    used 18534K, committed 19392K, reserved 1048576K
[2026-09-19T06:13:34.589+0000][3589.623s][info ][gc,heap        ] GC(69) DefNew: 71784K(78912K)->1417K(78912K) Eden: 70144K(70144K)->0K(70144K) From: 1640K(8768K)->1417K(8768K)
[2026-09-19T06:13:34.589+0000][3589.623s][info ][gc,heap        ] GC(69) Tenured: 59512K(174784K)->59513K(174784K)
[2026-09-19T06:13:34.589+0000][3589.623s][info ][gc,metaspace   ] GC(69) Metaspace: 140409K(142080K)->140409K(142080K) NonClass: 121874K(122688K)->121874K(122688K) Class: 18534K(19392K)->18534K(19392K)
[2026-09-19T06:13:34.589+0000][3589.623s][debug][gc,heap        ] GC(69) Heap after GC invocations=70 (full 5):
[2026-09-19T06:13:34.589+0000][3589.623s][debug][gc,heap        ] GC(69)  def new generation   total 78912K, used 1417K [0x00000000e7000000, 0x00000000ec5a0000, 0x00000000ef550000)
[2026-09-19T06:13:34.589+0000][3589.623s][debug][gc,heap        ] GC(69)   eden space 70144K,   0% used [0x00000000e7000000, 0x00000000e7000000, 0x00000000eb480000)
[2026-09-19T06:13:34.589+0000][3589.623s][debug][gc,heap        ] GC(69)   from space 8768K,  16% used [0x00000000eb480000, 0x00000000eb5e2640, 0x00000000ebd10000)
[2026-09-19T06:13:34.589+0000][3589.623s][debug][gc,heap        ] GC(69)   to   space 8768K,   0% used [0x00000000ebd10000, 0x00000000ebd10000, 0x00000000ec5a0000)
[2026-09-19T06:13:34.590+0000][3589.623s][debug][gc,heap        ] GC(69)  tenured generation   total 174784K, used 59513K [0x00000000ef550000, 0x00000000fa000000, 0x0000000100000000)
[2026-09-19T06:13:34.590+0000][3589.623s][debug][gc,heap        ] GC(69)    the space 174784K,  34% used [0x00000000ef550000, 0x00000000f2f6e758, 0x00000000f2f6e800, 0x00000000fa000000)
[2026-09-19T06:13:34.590+0000][3589.623s][debug][gc,heap        ] GC(69)  Metaspace       used 140409K, committed 142080K, reserved 1179648K
[2026-09-19T06:13:34.590+0000][3589.623s][debug][gc,heap        ] GC(69)   class space    used 18534K, committed 19392K, reserved 1048576K
[2026-09-19T06:13:34.590+0000][3589.623s][info ][gc             ] GC(69) Pause Young (Allocation Failure) 128M->59M(247M) 4.095ms
[2026-09-19T06:13:34.590+0000][3589.623s][info ][gc,cpu         ] GC(69) User=0.00s Sys=0.00s Real=0.00s
[2026-09-19T06:15:19.466+0000][3694.499s][info ][gc,start       ] GC(70) Pause Young (Allocation Failure)
[2026-09-19T06:15:19.466+0000][3694.499s][debug][gc,heap        ] GC(70) Heap before GC invocations=70 (full 5):
[2026-09-19T06:15:19.466+0000][3694.499s][debug][gc,heap        ] GC(70)  def new generation   total 78912K, used 71561K [0x00000000e7000000, 0x00000000ec5a0000, 0x00000000ef550000)
[2026-09-19T06:15:19.466+0000][3694.499s][debug][gc,heap        ] GC(70)   eden space 70144K, 100% used [0x00000000e7000000, 0x00000000eb480000, 0x00000000eb480000)
[2026-09-19T06:15:19.466+0000][3694.499s][debug][gc,heap        ] GC(70)   from space 8768K,  16% used [0x00000000eb480000, 0x00000000eb5e2640, 0x00000000ebd10000)
[2026-09-19T06:15:19.466+0000][3694.499s][debug][gc,heap        ] GC(70)   to   space 8768K,   0% used [0x00000000ebd10000, 0x00000000ebd10000, 0x00000000ec5a0000)
[2026-09-19T06:15:19.466+0000][3694.499s][debug][gc,heap        ] GC(70)  tenured generation   total 174784K, used 59513K [0x00000000ef550000, 0x00000000fa000000, 0x0000000100000000)
[2026-09-19T06:15:19.466+0000][3694.499s][debug][gc,heap        ] GC(70)    the space 174784K,  34% used [0x00000000ef550000, 0x00000000f2f6e758, 0x00000000f2f6e800, 0x00000000fa000000)
[2026-09-19T06:15:19.466+0000][3694.499s][debug][gc,heap        ] GC(70)  Metaspace       used 140411K, committed 142080K, reserved 1179648K
[2026-09-19T06:15:19.466+0000][3694.499s][debug][gc,heap        ] GC(70)   class space    used 18534K, committed 19392K, reserved 1048576K
[2026-09-19T06:15:19.469+0000][3694.502s][info ][gc,heap        ] GC(70) DefNew: 71561K(78912K)->916K(78912K) Eden: 70144K(70144K)->0K(70144K) From: 1417K(8768K)->916K(8768K)
[2026-09-19T06:15:19.469+0000][3694.502s][info ][gc,heap        ] GC(70) Tenured: 59513K(174784K)->59515K(174784K)
[2026-09-19T06:15:19.469+0000][3694.502s][info ][gc,metaspace   ] GC(70) Metaspace: 140411K(142080K)->140411K(142080K) NonClass: 121876K(122688K)->121876K(122688K) Class: 18534K(19392K)->18534K(19392K)
[2026-09-19T06:15:19.469+0000][3694.502s][debug][gc,heap        ] GC(70) Heap after GC invocations=71 (full 5):
[2026-09-19T06:15:19.469+0000][3694.502s][debug][gc,heap        ] GC(70)  def new generation   total 78912K, used 916K [0x00000000e7000000, 0x00000000ec5a0000, 0x00000000ef550000)
[2026-09-19T06:15:19.469+0000][3694.502s][debug][gc,heap        ] GC(70)   eden space 70144K,   0% used [0x00000000e7000000, 0x00000000e7000000, 0x00000000eb480000)
[2026-09-19T06:15:19.469+0000][3694.502s][debug][gc,heap        ] GC(70)   from space 8768K,  10% used [0x00000000ebd10000, 0x00000000ebdf5060, 0x00000000ec5a0000)
[2026-09-19T06:15:19.469+0000][3694.502s][debug][gc,heap        ] GC(70)   to   space 8768K,   0% used [0x00000000eb480000, 0x00000000eb480000, 0x00000000ebd10000)
[2026-09-19T06:15:19.469+0000][3694.502s][debug][gc,heap        ] GC(70)  tenured generation   total 174784K, used 59515K [0x00000000ef550000, 0x00000000fa000000, 0x0000000100000000)
[2026-09-19T06:15:19.469+0000][3694.502s][debug][gc,heap        ] GC(70)    the space 174784K,  34% used [0x00000000ef550000, 0x00000000f2f6ede8, 0x00000000f2f6ee00, 0x00000000fa000000)
[2026-09-19T06:15:19.469+0000][3694.502s][debug][gc,heap        ] GC(70)  Metaspace       used 140411K, committed 142080K, reserved 1179648K
[2026-09-19T06:15:19.469+0000][3694.502s][debug][gc,heap        ] GC(70)   class space    used 18534K, committed 19392K, reserved 1048576K
[2026-09-19T06:15:19.469+0000][3694.502s][info ][gc             ] GC(70) Pause Young (Allocation Failure) 128M->59M(247M) 2.787ms
[2026-09-19T06:15:19.469+0000][3694.502s][info ][gc,cpu         ] GC(70) User=0.00s Sys=0.00s Real=0.00s
[2026-09-19T06:17:06.461+0000][3801.494s][info ][gc,start       ] GC(71) Pause Young (Allocation Failure)
[2026-09-19T06:17:06.461+0000][3801.494s][debug][gc,heap        ] GC(71) Heap before GC invocations=71 (full 5):
[2026-09-19T06:17:06.461+0000][3801.494s][debug][gc,heap        ] GC(71)  def new generation   total 78912K, used 71060K [0x00000000e7000000, 0x00000000ec5a0000, 0x00000000ef550000)
[2026-09-19T06:17:06.461+0000][3801.494s][debug][gc,heap        ] GC(71)   eden space 70144K, 100% used [0x00000000e7000000, 0x00000000eb480000, 0x00000000eb480000)
[2026-09-19T06:17:06.461+0000][3801.494s][debug][gc,heap        ] GC(71)   from space 8768K,  10% used [0x00000000ebd10000, 0x00000000ebdf5060, 0x00000000ec5a0000)
[2026-09-19T06:17:06.461+0000][3801.494s][debug][gc,heap        ] GC(71)   to   space 8768K,   0% used [0x00000000eb480000, 0x00000000eb480000, 0x00000000ebd10000)
[2026-09-19T06:17:06.461+0000][3801.494s][debug][gc,heap        ] GC(71)  tenured generation   total 174784K, used 59515K [0x00000000ef550000, 0x00000000fa000000, 0x0000000100000000)
[2026-09-19T06:17:06.461+0000][3801.494s][debug][gc,heap        ] GC(71)    the space 174784K,  34% used [0x00000000ef550000, 0x00000000f2f6ede8, 0x00000000f2f6ee00, 0x00000000fa000000)
[2026-09-19T06:17:06.461+0000][3801.494s][debug][gc,heap        ] GC(71)  Metaspace       used 140465K, committed 142144K, reserved 1179648K
[2026-09-19T06:17:06.461+0000][3801.494s][debug][gc,heap        ] GC(71)   class space    used 18534K, committed 19392K, reserved 1048576K
[2026-09-19T06:17:06.463+0000][3801.497s][info ][gc,heap        ] GC(71) DefNew: 71060K(78912K)->1036K(78912K) Eden: 70144K(70144K)->0K(70144K) From: 916K(8768K)->1036K(8768K)
[2026-09-19T06:17:06.463+0000][3801.497s][info ][gc,heap        ] GC(71) Tenured: 59515K(174784K)->59516K(174784K)
[2026-09-19T06:17:06.463+0000][3801.497s][info ][gc,metaspace   ] GC(71) Metaspace: 140465K(142144K)->140465K(142144K) NonClass: 121931K(122752K)->121931K(122752K) Class: 18534K(19392K)->18534K(19392K)
[2026-09-19T06:17:06.463+0000][3801.497s][debug][gc,heap        ] GC(71) Heap after GC invocations=72 (full 5):
[2026-09-19T06:17:06.463+0000][3801.497s][debug][gc,heap        ] GC(71)  def new generation   total 78912K, used 1036K [0x00000000e7000000, 0x00000000ec5a0000, 0x00000000ef550000)
[2026-09-19T06:17:06.463+0000][3801.497s][debug][gc,heap        ] GC(71)   eden space 70144K,   0% used [0x00000000e7000000, 0x00000000e7000000, 0x00000000eb480000)
[2026-09-19T06:17:06.463+0000][3801.497s][debug][gc,heap        ] GC(71)   from space 8768K,  11% used [0x00000000eb480000, 0x00000000eb583210, 0x00000000ebd10000)
[2026-09-19T06:17:06.463+0000][3801.497s][debug][gc,heap        ] GC(71)   to   space 8768K,   0% used [0x00000000ebd10000, 0x00000000ebd10000, 0x00000000ec5a0000)
[2026-09-19T06:17:06.463+0000][3801.497s][debug][gc,heap        ] GC(71)  tenured generation   total 174784K, used 59516K [0x00000000ef550000, 0x00000000fa000000, 0x0000000100000000)
[2026-09-19T06:17:06.463+0000][3801.497s][debug][gc,heap        ] GC(71)    the space 174784K,  34% used [0x00000000ef550000, 0x00000000f2f6f2f0, 0x00000000f2f6f400, 0x00000000fa000000)
[2026-09-19T06:17:06.463+0000][3801.497s][debug][gc,heap        ] GC(71)  Metaspace       used 140465K, committed 142144K, reserved 1179648K
[2026-09-19T06:17:06.463+0000][3801.497s][debug][gc,heap        ] GC(71)   class space    used 18534K, committed 19392K, reserved 1048576K
[2026-09-19T06:17:06.463+0000][3801.497s][info ][gc             ] GC(71) Pause Young (Allocation Failure) 127M->59M(247M) 2.944ms
[2026-09-19T06:17:06.464+0000][3801.497s][info ][gc,cpu         ] GC(71) User=0.00s Sys=0.00s Real=0.01s
[2026-09-19T06:18:55.237+0000][3910.270s][info ][gc,start       ] GC(72) Pause Young (Allocation Failure)
[2026-09-19T06:18:55.237+0000][3910.270s][debug][gc,heap        ] GC(72) Heap before GC invocations=72 (full 5):
[2026-09-19T06:18:55.237+0000][3910.270s][debug][gc,heap        ] GC(72)  def new generation   total 78912K, used 71180K [0x00000000e7000000, 0x00000000ec5a0000, 0x00000000ef550000)
[2026-09-19T06:18:55.237+0000][3910.270s][debug][gc,heap        ] GC(72)   eden space 70144K, 100% used [0x00000000e7000000, 0x00000000eb480000, 0x00000000eb480000)
[2026-09-19T06:18:55.237+0000][3910.270s][debug][gc,heap        ] GC(72)   from space 8768K,  11% used [0x00000000eb480000, 0x00000000eb583210, 0x00000000ebd10000)
[2026-09-19T06:18:55.237+0000][3910.270s][debug][gc,heap        ] GC(72)   to   space 8768K,   0% used [0x00000000ebd10000, 0x00000000ebd10000, 0x00000000ec5a0000)
[2026-09-19T06:18:55.237+0000][3910.270s][debug][gc,heap        ] GC(72)  tenured generation   total 174784K, used 59516K [0x00000000ef550000, 0x00000000fa000000, 0x0000000100000000)
[2026-09-19T06:18:55.237+0000][3910.270s][debug][gc,heap        ] GC(72)    the space 174784K,  34% used [0x00000000ef550000, 0x00000000f2f6f2f0, 0x00000000f2f6f400, 0x00000000fa000000)
[2026-09-19T06:18:55.237+0000][3910.270s][debug][gc,heap        ] GC(72)  Metaspace       used 140637K, committed 142208K, reserved 1179648K
[2026-09-19T06:18:55.237+0000][3910.270s][debug][gc,heap        ] GC(72)   class space    used 18534K, committed 19392K, reserved 1048576K
[2026-09-19T06:18:55.239+0000][3910.273s][info ][gc,heap        ] GC(72) DefNew: 71180K(78912K)->1063K(78912K) Eden: 70144K(70144K)->0K(70144K) From: 1036K(8768K)->1063K(8768K)
[2026-09-19T06:18:55.239+0000][3910.273s][info ][gc,heap        ] GC(72) Tenured: 59516K(174784K)->59517K(174784K)
[2026-09-19T06:18:55.239+0000][3910.273s][info ][gc,metaspace   ] GC(72) Metaspace: 140637K(142208K)->140637K(142208K) NonClass: 122103K(122816K)->122103K(122816K) Class: 18534K(19392K)->18534K(19392K)
[2026-09-19T06:18:55.240+0000][3910.273s][debug][gc,heap        ] GC(72) Heap after GC invocations=73 (full 5):
[2026-09-19T06:18:55.240+0000][3910.273s][debug][gc,heap        ] GC(72)  def new generation   total 78912K, used 1063K [0x00000000e7000000, 0x00000000ec5a0000, 0x00000000ef550000)
[2026-09-19T06:18:55.240+0000][3910.273s][debug][gc,heap        ] GC(72)   eden space 70144K,   0% used [0x00000000e7000000, 0x00000000e7000000, 0x00000000eb480000)
[2026-09-19T06:18:55.240+0000][3910.273s][debug][gc,heap        ] GC(72)   from space 8768K,  12% used [0x00000000ebd10000, 0x00000000ebe19ea8, 0x00000000ec5a0000)
[2026-09-19T06:18:55.240+0000][3910.273s][debug][gc,heap        ] GC(72)   to   space 8768K,   0% used [0x00000000eb480000, 0x00000000eb480000, 0x00000000ebd10000)
[2026-09-19T06:18:55.240+0000][3910.273s][debug][gc,heap        ] GC(72)  tenured generation   total 174784K, used 59517K [0x00000000ef550000, 0x00000000fa000000, 0x0000000100000000)
[2026-09-19T06:18:55.240+0000][3910.273s][debug][gc,heap        ] GC(72)    the space 174784K,  34% used [0x00000000ef550000, 0x00000000f2f6f7b0, 0x00000000f2f6f800, 0x00000000fa000000)
[2026-09-19T06:18:55.240+0000][3910.273s][debug][gc,heap        ] GC(72)  Metaspace       used 140637K, committed 142208K, reserved 1179648K
[2026-09-19T06:18:55.240+0000][3910.273s][debug][gc,heap        ] GC(72)   class space    used 18534K, committed 19392K, reserved 1048576K
[2026-09-19T06:18:55.240+0000][3910.273s][info ][gc             ] GC(72) Pause Young (Allocation Failure) 127M->59M(247M) 2.931ms
[2026-09-19T06:18:55.240+0000][3910.273s][info ][gc,cpu         ] GC(72) User=0.00s Sys=0.00s Real=0.00s
[2026-09-19T06:20:43.687+0000][4018.720s][info ][gc,start       ] GC(73) Pause Young (Allocation Failure)
[2026-09-19T06:20:43.687+0000][4018.720s][debug][gc,heap        ] GC(73) Heap before GC invocations=73 (full 5):
[2026-09-19T06:20:43.687+0000][4018.720s][debug][gc,heap        ] GC(73)  def new generation   total 78912K, used 71207K [0x00000000e7000000, 0x00000000ec5a0000, 0x00000000ef550000)
[2026-09-19T06:20:43.687+0000][4018.720s][debug][gc,heap        ] GC(73)   eden space 70144K, 100% used [0x00000000e7000000, 0x00000000eb480000, 0x00000000eb480000)
[2026-09-19T06:20:43.687+0000][4018.720s][debug][gc,heap        ] GC(73)   from space 8768K,  12% used [0x00000000ebd10000, 0x00000000ebe19ea8, 0x00000000ec5a0000)
[2026-09-19T06:20:43.687+0000][4018.720s][debug][gc,heap        ] GC(73)   to   space 8768K,   0% used [0x00000000eb480000, 0x00000000eb480000, 0x00000000ebd10000)
[2026-09-19T06:20:43.687+0000][4018.720s][debug][gc,heap        ] GC(73)  tenured generation   total 174784K, used 59517K [0x00000000ef550000, 0x00000000fa000000, 0x0000000100000000)
[2026-09-19T06:20:43.687+0000][4018.720s][debug][gc,heap        ] GC(73)    the space 174784K,  34% used [0x00000000ef550000, 0x00000000f2f6f7b0, 0x00000000f2f6f800, 0x00000000fa000000)
[2026-09-19T06:20:43.687+0000][4018.720s][debug][gc,heap        ] GC(73)  Metaspace       used 140644K, committed 142208K, reserved 1179648K
[2026-09-19T06:20:43.687+0000][4018.720s][debug][gc,heap        ] GC(73)   class space    used 18534K, committed 19392K, reserved 1048576K
[2026-09-19T06:20:43.690+0000][4018.723s][info ][gc,heap        ] GC(73) DefNew: 71207K(78912K)->1532K(78912K) Eden: 70144K(70144K)->0K(70144K) From: 1063K(8768K)->1532K(8768K)
[2026-09-19T06:20:43.690+0000][4018.723s][info ][gc,heap        ] GC(73) Tenured: 59517K(174784K)->59553K(174784K)
[2026-09-19T06:20:43.690+0000][4018.723s][info ][gc,metaspace   ] GC(73) Metaspace: 140644K(142208K)->140644K(142208K) NonClass: 122109K(122816K)->122109K(122816K) Class: 18534K(19392K)->18534K(19392K)
[2026-09-19T06:20:43.690+0000][4018.723s][debug][gc,heap        ] GC(73) Heap after GC invocations=74 (full 5):
[2026-09-19T06:20:43.690+0000][4018.723s][debug][gc,heap        ] GC(73)  def new generation   total 78912K, used 1532K [0x00000000e7000000, 0x00000000ec5a0000, 0x00000000ef550000)
[2026-09-19T06:20:43.690+0000][4018.723s][debug][gc,heap        ] GC(73)   eden space 70144K,   0% used [0x00000000e7000000, 0x00000000e7000000, 0x00000000eb480000)
[2026-09-19T06:20:43.690+0000][4018.723s][debug][gc,heap        ] GC(73)   from space 8768K,  17% used [0x00000000eb480000, 0x00000000eb5ff180, 0x00000000ebd10000)
[2026-09-19T06:20:43.690+0000][4018.723s][debug][gc,heap        ] GC(73)   to   space 8768K,   0% used [0x00000000ebd10000, 0x00000000ebd10000, 0x00000000ec5a0000)
[2026-09-19T06:20:43.690+0000][4018.723s][debug][gc,heap        ] GC(73)  tenured generation   total 174784K, used 59553K [0x00000000ef550000, 0x00000000fa000000, 0x0000000100000000)
[2026-09-19T06:20:43.690+0000][4018.723s][debug][gc,heap        ] GC(73)    the space 174784K,  34% used [0x00000000ef550000, 0x00000000f2f78680, 0x00000000f2f78800, 0x00000000fa000000)
[2026-09-19T06:20:43.690+0000][4018.723s][debug][gc,heap        ] GC(73)  Metaspace       used 140644K, committed 142208K, reserved 1179648K
[2026-09-19T06:20:43.690+0000][4018.723s][debug][gc,heap        ] GC(73)   class space    used 18534K, committed 19392K, reserved 1048576K
[2026-09-19T06:20:43.690+0000][4018.723s][info ][gc             ] GC(73) Pause Young (Allocation Failure) 127M->59M(247M) 2.978ms
[2026-09-19T06:20:43.690+0000][4018.723s][info ][gc,cpu         ] GC(73) User=0.00s Sys=0.00s Real=0.00s
[2026-09-19T06:22:33.475+0000][4128.508s][info ][gc,start       ] GC(74) Pause Young (Allocation Failure)
[2026-09-19T06:22:33.475+0000][4128.508s][debug][gc,heap        ] GC(74) Heap before GC invocations=74 (full 5):
[2026-09-19T06:22:33.475+0000][4128.508s][debug][gc,heap        ] GC(74)  def new generation   total 78912K, used 71676K [0x00000000e7000000, 0x00000000ec5a0000, 0x00000000ef550000)
[2026-09-19T06:22:33.475+0000][4128.508s][debug][gc,heap        ] GC(74)   eden space 70144K, 100% used [0x00000000e7000000, 0x00000000eb480000, 0x00000000eb480000)
[2026-09-19T06:22:33.475+0000][4128.508s][debug][gc,heap        ] GC(74)   from space 8768K,  17% used [0x00000000eb480000, 0x00000000eb5ff180, 0x00000000ebd10000)
[2026-09-19T06:22:33.475+0000][4128.508s][debug][gc,heap        ] GC(74)   to   space 8768K,   0% used [0x00000000ebd10000, 0x00000000ebd10000, 0x00000000ec5a0000)
[2026-09-19T06:22:33.475+0000][4128.508s][debug][gc,heap        ] GC(74)  tenured generation   total 174784K, used 59553K [0x00000000ef550000, 0x00000000fa000000, 0x0000000100000000)
[2026-09-19T06:22:33.475+0000][4128.508s][debug][gc,heap        ] GC(74)    the space 174784K,  34% used [0x00000000ef550000, 0x00000000f2f78680, 0x00000000f2f78800, 0x00000000fa000000)
[2026-09-19T06:22:33.475+0000][4128.508s][debug][gc,heap        ] GC(74)  Metaspace       used 140654K, committed 142208K, reserved 1179648K
[2026-09-19T06:22:33.475+0000][4128.508s][debug][gc,heap        ] GC(74)   class space    used 18534K, committed 19392K, reserved 1048576K
[2026-09-19T06:22:33.478+0000][4128.511s][info ][gc,heap        ] GC(74) DefNew: 71676K(78912K)->1829K(78912K) Eden: 70144K(70144K)->0K(70144K) From: 1532K(8768K)->1829K(8768K)
[2026-09-19T06:22:33.478+0000][4128.511s][info ][gc,heap        ] GC(74) Tenured: 59553K(174784K)->59557K(174784K)
[2026-09-19T06:22:33.478+0000][4128.511s][info ][gc,metaspace   ] GC(74) Metaspace: 140654K(142208K)->140654K(142208K) NonClass: 122119K(122816K)->122119K(122816K) Class: 18534K(19392K)->18534K(19392K)
[2026-09-19T06:22:33.478+0000][4128.511s][debug][gc,heap        ] GC(74) Heap after GC invocations=75 (full 5):
[2026-09-19T06:22:33.478+0000][4128.511s][debug][gc,heap        ] GC(74)  def new generation   total 78912K, used 1829K [0x00000000e7000000, 0x00000000ec5a0000, 0x00000000ef550000)
[2026-09-19T06:22:33.478+0000][4128.511s][debug][gc,heap        ] GC(74)   eden space 70144K,   0% used [0x00000000e7000000, 0x00000000e7000000, 0x00000000eb480000)
[2026-09-19T06:22:33.478+0000][4128.511s][debug][gc,heap        ] GC(74)   from space 8768K,  20% used [0x00000000ebd10000, 0x00000000ebed97e0, 0x00000000ec5a0000)
[2026-09-19T06:22:33.478+0000][4128.511s][debug][gc,heap        ] GC(74)   to   space 8768K,   0% used [0x00000000eb480000, 0x00000000eb480000, 0x00000000ebd10000)
[2026-09-19T06:22:33.478+0000][4128.511s][debug][gc,heap        ] GC(74)  tenured generation   total 174784K, used 59557K [0x00000000ef550000, 0x00000000fa000000, 0x0000000100000000)
[2026-09-19T06:22:33.478+0000][4128.511s][debug][gc,heap        ] GC(74)    the space 174784K,  34% used [0x00000000ef550000, 0x00000000f2f795f0, 0x00000000f2f79600, 0x00000000fa000000)
[2026-09-19T06:22:33.478+0000][4128.511s][debug][gc,heap        ] GC(74)  Metaspace       used 140654K, committed 142208K, reserved 1179648K
[2026-09-19T06:22:33.478+0000][4128.511s][debug][gc,heap        ] GC(74)   class space    used 18534K, committed 19392K, reserved 1048576K
[2026-09-19T06:22:33.478+0000][4128.511s][info ][gc             ] GC(74) Pause Young (Allocation Failure) 128M->59M(247M) 3.192ms
[2026-09-19T06:22:33.478+0000][4128.511s][info ][gc,cpu         ] GC(74) User=0.00s Sys=0.00s Real=0.00s
[2026-09-19T06:24:11.993+0000][4227.026s][info ][gc,start       ] GC(75) Pause Young (Allocation Failure)
[2026-09-19T06:24:11.993+0000][4227.026s][debug][gc,heap        ] GC(75) Heap before GC invocations=75 (full 5):
[2026-09-19T06:24:11.993+0000][4227.026s][debug][gc,heap        ] GC(75)  def new generation   total 78912K, used 71973K [0x00000000e7000000, 0x00000000ec5a0000, 0x00000000ef550000)
[2026-09-19T06:24:11.993+0000][4227.026s][debug][gc,heap        ] GC(75)   eden space 70144K, 100% used [0x00000000e7000000, 0x00000000eb480000, 0x00000000eb480000)
[2026-09-19T06:24:11.993+0000][4227.026s][debug][gc,heap        ] GC(75)   from space 8768K,  20% used [0x00000000ebd10000, 0x00000000ebed97e0, 0x00000000ec5a0000)
[2026-09-19T06:24:11.993+0000][4227.026s][debug][gc,heap        ] GC(75)   to   space 8768K,   0% used [0x00000000eb480000, 0x00000000eb480000, 0x00000000ebd10000)
[2026-09-19T06:24:11.993+0000][4227.026s][debug][gc,heap        ] GC(75)  tenured generation   total 174784K, used 59557K [0x00000000ef550000, 0x00000000fa000000, 0x0000000100000000)
[2026-09-19T06:24:11.993+0000][4227.026s][debug][gc,heap        ] GC(75)    the space 174784K,  34% used [0x00000000ef550000, 0x00000000f2f795f0, 0x00000000f2f79600, 0x00000000fa000000)
[2026-09-19T06:24:11.993+0000][4227.026s][debug][gc,heap        ] GC(75)  Metaspace       used 140669K, committed 142208K, reserved 1179648K
[2026-09-19T06:24:11.993+0000][4227.026s][debug][gc,heap        ] GC(75)   class space    used 18534K, committed 19392K, reserved 1048576K
[2026-09-19T06:24:11.996+0000][4227.029s][info ][gc,heap        ] GC(75) DefNew: 71973K(78912K)->920K(78912K) Eden: 70144K(70144K)->0K(70144K) From: 1829K(8768K)->920K(8768K)
[2026-09-19T06:24:11.996+0000][4227.029s][info ][gc,heap        ] GC(75) Tenured: 59557K(174784K)->59558K(174784K)
[2026-09-19T06:24:11.996+0000][4227.029s][info ][gc,metaspace   ] GC(75) Metaspace: 140669K(142208K)->140669K(142208K) NonClass: 122134K(122816K)->122134K(122816K) Class: 18534K(19392K)->18534K(19392K)
[2026-09-19T06:24:11.996+0000][4227.029s][debug][gc,heap        ] GC(75) Heap after GC invocations=76 (full 5):
[2026-09-19T06:24:11.996+0000][4227.029s][debug][gc,heap        ] GC(75)  def new generation   total 78912K, used 920K [0x00000000e7000000, 0x00000000ec5a0000, 0x00000000ef550000)
[2026-09-19T06:24:11.996+0000][4227.029s][debug][gc,heap        ] GC(75)   eden space 70144K,   0% used [0x00000000e7000000, 0x00000000e7000000, 0x00000000eb480000)
[2026-09-19T06:24:11.996+0000][4227.029s][debug][gc,heap        ] GC(75)   from space 8768K,  10% used [0x00000000eb480000, 0x00000000eb5663e0, 0x00000000ebd10000)
[2026-09-19T06:24:11.996+0000][4227.029s][debug][gc,heap        ] GC(75)   to   space 8768K,   0% used [0x00000000ebd10000, 0x00000000ebd10000, 0x00000000ec5a0000)
[2026-09-19T06:24:11.996+0000][4227.029s][debug][gc,heap        ] GC(75)  tenured generation   total 174784K, used 59558K [0x00000000ef550000, 0x00000000fa000000, 0x0000000100000000)
[2026-09-19T06:24:11.996+0000][4227.029s][debug][gc,heap        ] GC(75)    the space 174784K,  34% used [0x00000000ef550000, 0x00000000f2f79af8, 0x00000000f2f79c00, 0x00000000fa000000)
[2026-09-19T06:24:11.996+0000][4227.029s][debug][gc,heap        ] GC(75)  Metaspace       used 140669K, committed 142208K, reserved 1179648K
[2026-09-19T06:24:11.996+0000][4227.029s][debug][gc,heap        ] GC(75)   class space    used 18534K, committed 19392K, reserved 1048576K
[2026-09-19T06:24:11.996+0000][4227.029s][info ][gc             ] GC(75) Pause Young (Allocation Failure) 128M->59M(247M) 2.984ms
[2026-09-19T06:24:11.996+0000][4227.029s][info ][gc,cpu         ] GC(75) User=0.00s Sys=0.00s Real=0.01s
[2026-09-19T06:26:02.373+0000][4337.406s][info ][gc,start       ] GC(76) Pause Young (Allocation Failure)
[2026-09-19T06:26:02.373+0000][4337.406s][debug][gc,heap        ] GC(76) Heap before GC invocations=76 (full 5):
[2026-09-19T06:26:02.373+0000][4337.406s][debug][gc,heap        ] GC(76)  def new generation   total 78912K, used 71064K [0x00000000e7000000, 0x00000000ec5a0000, 0x00000000ef550000)
[2026-09-19T06:26:02.373+0000][4337.406s][debug][gc,heap        ] GC(76)   eden space 70144K, 100% used [0x00000000e7000000, 0x00000000eb480000, 0x00000000eb480000)
[2026-09-19T06:26:02.373+0000][4337.406s][debug][gc,heap        ] GC(76)   from space 8768K,  10% used [0x00000000eb480000, 0x00000000eb5663e0, 0x00000000ebd10000)
[2026-09-19T06:26:02.373+0000][4337.406s][debug][gc,heap        ] GC(76)   to   space 8768K,   0% used [0x00000000ebd10000, 0x00000000ebd10000, 0x00000000ec5a0000)
[2026-09-19T06:26:02.373+0000][4337.406s][debug][gc,heap        ] GC(76)  tenured generation   total 174784K, used 59558K [0x00000000ef550000, 0x00000000fa000000, 0x0000000100000000)
[2026-09-19T06:26:02.373+0000][4337.406s][debug][gc,heap        ] GC(76)    the space 174784K,  34% used [0x00000000ef550000, 0x00000000f2f79af8, 0x00000000f2f79c00, 0x00000000fa000000)
[2026-09-19T06:26:02.373+0000][4337.406s][debug][gc,heap        ] GC(76)  Metaspace       used 140669K, committed 142208K, reserved 1179648K
[2026-09-19T06:26:02.373+0000][4337.406s][debug][gc,heap        ] GC(76)   class space    used 18534K, committed 19392K, reserved 1048576K
[2026-09-19T06:26:02.375+0000][4337.409s][info ][gc,heap        ] GC(76) DefNew: 71064K(78912K)->1071K(78912K) Eden: 70144K(70144K)->0K(70144K) From: 920K(8768K)->1071K(8768K)
[2026-09-19T06:26:02.375+0000][4337.409s][info ][gc,heap        ] GC(76) Tenured: 59558K(174784K)->59560K(174784K)
[2026-09-19T06:26:02.375+0000][4337.409s][info ][gc,metaspace   ] GC(76) Metaspace: 140669K(142208K)->140669K(142208K) NonClass: 122135K(122816K)->122135K(122816K) Class: 18534K(19392K)->18534K(19392K)
[2026-09-19T06:26:02.375+0000][4337.409s][debug][gc,heap        ] GC(76) Heap after GC invocations=77 (full 5):
[2026-09-19T06:26:02.375+0000][4337.409s][debug][gc,heap        ] GC(76)  def new generation   total 78912K, used 1071K [0x00000000e7000000, 0x00000000ec5a0000, 0x00000000ef550000)
[2026-09-19T06:26:02.375+0000][4337.409s][debug][gc,heap        ] GC(76)   eden space 70144K,   0% used [0x00000000e7000000, 0x00000000e7000000, 0x00000000eb480000)
[2026-09-19T06:26:02.375+0000][4337.409s][debug][gc,heap        ] GC(76)   from space 8768K,  12% used [0x00000000ebd10000, 0x00000000ebe1bc78, 0x00000000ec5a0000)
[2026-09-19T06:26:02.375+0000][4337.409s][debug][gc,heap        ] GC(76)   to   space 8768K,   0% used [0x00000000eb480000, 0x00000000eb480000, 0x00000000ebd10000)
[2026-09-19T06:26:02.376+0000][4337.409s][debug][gc,heap        ] GC(76)  tenured generation   total 174784K, used 59560K [0x00000000ef550000, 0x00000000fa000000, 0x0000000100000000)
[2026-09-19T06:26:02.376+0000][4337.409s][debug][gc,heap        ] GC(76)    the space 174784K,  34% used [0x00000000ef550000, 0x00000000f2f7a040, 0x00000000f2f7a200, 0x00000000fa000000)
[2026-09-19T06:26:02.376+0000][4337.409s][debug][gc,heap        ] GC(76)  Metaspace       used 140669K, committed 142208K, reserved 1179648K
[2026-09-19T06:26:02.376+0000][4337.409s][debug][gc,heap        ] GC(76)   class space    used 18534K, committed 19392K, reserved 1048576K
[2026-09-19T06:26:02.376+0000][4337.409s][info ][gc             ] GC(76) Pause Young (Allocation Failure) 127M->59M(247M) 2.938ms
[2026-09-19T06:26:02.376+0000][4337.409s][info ][gc,cpu         ] GC(76) User=0.00s Sys=0.00s Real=0.01s
[2026-09-19T06:27:49.712+0000][4444.745s][info ][gc,start       ] GC(77) Pause Young (Allocation Failure)
[2026-09-19T06:27:49.712+0000][4444.745s][debug][gc,heap        ] GC(77) Heap before GC invocations=77 (full 5):
[2026-09-19T06:27:49.712+0000][4444.745s][debug][gc,heap        ] GC(77)  def new generation   total 78912K, used 71215K [0x00000000e7000000, 0x00000000ec5a0000, 0x00000000ef550000)
[2026-09-19T06:27:49.712+0000][4444.745s][debug][gc,heap        ] GC(77)   eden space 70144K, 100% used [0x00000000e7000000, 0x00000000eb480000, 0x00000000eb480000)
[2026-09-19T06:27:49.712+0000][4444.745s][debug][gc,heap        ] GC(77)   from space 8768K,  12% used [0x00000000ebd10000, 0x00000000ebe1bc78, 0x00000000ec5a0000)
[2026-09-19T06:27:49.712+0000][4444.745s][debug][gc,heap        ] GC(77)   to   space 8768K,   0% used [0x00000000eb480000, 0x00000000eb480000, 0x00000000ebd10000)
[2026-09-19T06:27:49.712+0000][4444.745s][debug][gc,heap        ] GC(77)  tenured generation   total 174784K, used 59560K [0x00000000ef550000, 0x00000000fa000000, 0x0000000100000000)
[2026-09-19T06:27:49.712+0000][4444.745s][debug][gc,heap        ] GC(77)    the space 174784K,  34% used [0x00000000ef550000, 0x00000000f2f7a040, 0x00000000f2f7a200, 0x00000000fa000000)
[2026-09-19T06:27:49.712+0000][4444.745s][debug][gc,heap        ] GC(77)  Metaspace       used 140669K, committed 142208K, reserved 1179648K
[2026-09-19T06:27:49.712+0000][4444.745s][debug][gc,heap        ] GC(77)   class space    used 18534K, committed 19392K, reserved 1048576K
[2026-09-19T06:27:49.715+0000][4444.748s][info ][gc,heap        ] GC(77) DefNew: 71215K(78912K)->1540K(78912K) Eden: 70144K(70144K)->0K(70144K) From: 1071K(8768K)->1540K(8768K)
[2026-09-19T06:27:49.715+0000][4444.748s][info ][gc,heap        ] GC(77) Tenured: 59560K(174784K)->59570K(174784K)
[2026-09-19T06:27:49.715+0000][4444.748s][info ][gc,metaspace   ] GC(77) Metaspace: 140669K(142208K)->140669K(142208K) NonClass: 122135K(122816K)->122135K(122816K) Class: 18534K(19392K)->18534K(19392K)
[2026-09-19T06:27:49.715+0000][4444.748s][debug][gc,heap        ] GC(77) Heap after GC invocations=78 (full 5):
[2026-09-19T06:27:49.715+0000][4444.748s][debug][gc,heap        ] GC(77)  def new generation   total 78912K, used 1540K [0x00000000e7000000, 0x00000000ec5a0000, 0x00000000ef550000)
[2026-09-19T06:27:49.715+0000][4444.748s][debug][gc,heap        ] GC(77)   eden space 70144K,   0% used [0x00000000e7000000, 0x00000000e7000000, 0x00000000eb480000)
[2026-09-19T06:27:49.715+0000][4444.748s][debug][gc,heap        ] GC(77)   from space 8768K,  17% used [0x00000000eb480000, 0x00000000eb601178, 0x00000000ebd10000)
[2026-09-19T06:27:49.715+0000][4444.748s][debug][gc,heap        ] GC(77)   to   space 8768K,   0% used [0x00000000ebd10000, 0x00000000ebd10000, 0x00000000ec5a0000)
[2026-09-19T06:27:49.715+0000][4444.748s][debug][gc,heap        ] GC(77)  tenured generation   total 174784K, used 59570K [0x00000000ef550000, 0x00000000fa000000, 0x0000000100000000)
[2026-09-19T06:27:49.715+0000][4444.748s][debug][gc,heap        ] GC(77)    the space 174784K,  34% used [0x00000000ef550000, 0x00000000f2f7cb20, 0x00000000f2f7cc00, 0x00000000fa000000)
[2026-09-19T06:27:49.715+0000][4444.748s][debug][gc,heap        ] GC(77)  Metaspace       used 140669K, committed 142208K, reserved 1179648K
[2026-09-19T06:27:49.715+0000][4444.748s][debug][gc,heap        ] GC(77)   class space    used 18534K, committed 19392K, reserved 1048576K
[2026-09-19T06:27:49.715+0000][4444.748s][info ][gc             ] GC(77) Pause Young (Allocation Failure) 127M->59M(247M) 3.031ms
[2026-09-19T06:27:49.715+0000][4444.748s][info ][gc,cpu         ] GC(77) User=0.01s Sys=0.00s Real=0.01s
[2026-09-19T06:29:37.048+0000][4552.081s][info ][gc,start       ] GC(78) Pause Young (Allocation Failure)
[2026-09-19T06:29:37.048+0000][4552.081s][debug][gc,heap        ] GC(78) Heap before GC invocations=78 (full 5):
[2026-09-19T06:29:37.048+0000][4552.081s][debug][gc,heap        ] GC(78)  def new generation   total 78912K, used 71684K [0x00000000e7000000, 0x00000000ec5a0000, 0x00000000ef550000)
[2026-09-19T06:29:37.048+0000][4552.081s][debug][gc,heap        ] GC(78)   eden space 70144K, 100% used [0x00000000e7000000, 0x00000000eb480000, 0x00000000eb480000)
[2026-09-19T06:29:37.048+0000][4552.081s][debug][gc,heap        ] GC(78)   from space 8768K,  17% used [0x00000000eb480000, 0x00000000eb601178, 0x00000000ebd10000)
[2026-09-19T06:29:37.048+0000][4552.081s][debug][gc,heap        ] GC(78)   to   space 8768K,   0% used [0x00000000ebd10000, 0x00000000ebd10000, 0x00000000ec5a0000)
[2026-09-19T06:29:37.048+0000][4552.081s][debug][gc,heap        ] GC(78)  tenured generation   total 174784K, used 59570K [0x00000000ef550000, 0x00000000fa000000, 0x0000000100000000)
[2026-09-19T06:29:37.048+0000][4552.081s][debug][gc,heap        ] GC(78)    the space 174784K,  34% used [0x00000000ef550000, 0x00000000f2f7cb20, 0x00000000f2f7cc00, 0x00000000fa000000)
[2026-09-19T06:29:37.048+0000][4552.081s][debug][gc,heap        ] GC(78)  Metaspace       used 140675K, committed 142208K, reserved 1179648K
[2026-09-19T06:29:37.048+0000][4552.081s][debug][gc,heap        ] GC(78)   class space    used 18534K, committed 19392K, reserved 1048576K
[2026-09-19T06:29:37.051+0000][4552.084s][info ][gc,heap        ] GC(78) DefNew: 71684K(78912K)->1748K(78912K) Eden: 70144K(70144K)->0K(70144K) From: 1540K(8768K)->1748K(8768K)
[2026-09-19T06:29:37.051+0000][4552.084s][info ][gc,heap        ] GC(78) Tenured: 59570K(174784K)->59571K(174784K)
[2026-09-19T06:29:37.051+0000][4552.084s][info ][gc,metaspace   ] GC(78) Metaspace: 140675K(142208K)->140675K(142208K) NonClass: 122140K(122816K)->122140K(122816K) Class: 18534K(19392K)->18534K(19392K)
[2026-09-19T06:29:37.051+0000][4552.084s][debug][gc,heap        ] GC(78) Heap after GC invocations=79 (full 5):
[2026-09-19T06:29:37.051+0000][4552.084s][debug][gc,heap        ] GC(78)  def new generation   total 78912K, used 1748K [0x00000000e7000000, 0x00000000ec5a0000, 0x00000000ef550000)
[2026-09-19T06:29:37.051+0000][4552.084s][debug][gc,heap        ] GC(78)   eden space 70144K,   0% used [0x00000000e7000000, 0x00000000e7000000, 0x00000000eb480000)
[2026-09-19T06:29:37.051+0000][4552.084s][debug][gc,heap        ] GC(78)   from space 8768K,  19% used [0x00000000ebd10000, 0x00000000ebec5150, 0x00000000ec5a0000)
[2026-09-19T06:29:37.051+0000][4552.084s][debug][gc,heap        ] GC(78)   to   space 8768K,   0% used [0x00000000eb480000, 0x00000000eb480000, 0x00000000ebd10000)
[2026-09-19T06:29:37.051+0000][4552.084s][debug][gc,heap        ] GC(78)  tenured generation   total 174784K, used 59571K [0x00000000ef550000, 0x00000000fa000000, 0x0000000100000000)
[2026-09-19T06:29:37.051+0000][4552.084s][debug][gc,heap        ] GC(78)    the space 174784K,  34% used [0x00000000ef550000, 0x00000000f2f7ce58, 0x00000000f2f7d000, 0x00000000fa000000)
[2026-09-19T06:29:37.051+0000][4552.084s][debug][gc,heap        ] GC(78)  Metaspace       used 140675K, committed 142208K, reserved 1179648K
[2026-09-19T06:29:37.051+0000][4552.084s][debug][gc,heap        ] GC(78)   class space    used 18534K, committed 19392K, reserved 1048576K
[2026-09-19T06:29:37.051+0000][4552.084s][info ][gc             ] GC(78) Pause Young (Allocation Failure) 128M->59M(247M) 2.803ms
[2026-09-19T06:29:37.051+0000][4552.084s][info ][gc,cpu         ] GC(78) User=0.00s Sys=0.00s Real=0.00s
[2026-09-19T06:31:30.769+0000][4665.802s][info ][gc,start       ] GC(79) Pause Young (Allocation Failure)
[2026-09-19T06:31:30.769+0000][4665.802s][debug][gc,heap        ] GC(79) Heap before GC invocations=79 (full 5):
[2026-09-19T06:31:30.769+0000][4665.802s][debug][gc,heap        ] GC(79)  def new generation   total 78912K, used 71892K [0x00000000e7000000, 0x00000000ec5a0000, 0x00000000ef550000)
[2026-09-19T06:31:30.769+0000][4665.802s][debug][gc,heap        ] GC(79)   eden space 70144K, 100% used [0x00000000e7000000, 0x00000000eb480000, 0x00000000eb480000)
[2026-09-19T06:31:30.769+0000][4665.802s][debug][gc,heap        ] GC(79)   from space 8768K,  19% used [0x00000000ebd10000, 0x00000000ebec5150, 0x00000000ec5a0000)
[2026-09-19T06:31:30.769+0000][4665.802s][debug][gc,heap        ] GC(79)   to   space 8768K,   0% used [0x00000000eb480000, 0x00000000eb480000, 0x00000000ebd10000)
[2026-09-19T06:31:30.769+0000][4665.802s][debug][gc,heap        ] GC(79)  tenured generation   total 174784K, used 59571K [0x00000000ef550000, 0x00000000fa000000, 0x0000000100000000)
[2026-09-19T06:31:30.769+0000][4665.802s][debug][gc,heap        ] GC(79)    the space 174784K,  34% used [0x00000000ef550000, 0x00000000f2f7ce58, 0x00000000f2f7d000, 0x00000000fa000000)
[2026-09-19T06:31:30.769+0000][4665.802s][debug][gc,heap        ] GC(79)  Metaspace       used 140675K, committed 142208K, reserved 1179648K
[2026-09-19T06:31:30.769+0000][4665.802s][debug][gc,heap        ] GC(79)   class space    used 18534K, committed 19392K, reserved 1048576K
[2026-09-19T06:31:30.772+0000][4665.805s][info ][gc,heap        ] GC(79) DefNew: 71892K(78912K)->1406K(78912K) Eden: 70144K(70144K)->0K(70144K) From: 1748K(8768K)->1406K(8768K)
[2026-09-19T06:31:30.772+0000][4665.805s][info ][gc,heap        ] GC(79) Tenured: 59571K(174784K)->59605K(174784K)
[2026-09-19T06:31:30.772+0000][4665.805s][info ][gc,metaspace   ] GC(79) Metaspace: 140675K(142208K)->140675K(142208K) NonClass: 122141K(122816K)->122141K(122816K) Class: 18534K(19392K)->18534K(19392K)
[2026-09-19T06:31:30.772+0000][4665.805s][debug][gc,heap        ] GC(79) Heap after GC invocations=80 (full 5):
[2026-09-19T06:31:30.772+0000][4665.805s][debug][gc,heap        ] GC(79)  def new generation   total 78912K, used 1406K [0x00000000e7000000, 0x00000000ec5a0000, 0x00000000ef550000)
[2026-09-19T06:31:30.772+0000][4665.805s][debug][gc,heap        ] GC(79)   eden space 70144K,   0% used [0x00000000e7000000, 0x00000000e7000000, 0x00000000eb480000)
[2026-09-19T06:31:30.772+0000][4665.805s][debug][gc,heap        ] GC(79)   from space 8768K,  16% used [0x00000000eb480000, 0x00000000eb5dfb40, 0x00000000ebd10000)
[2026-09-19T06:31:30.772+0000][4665.805s][debug][gc,heap        ] GC(79)   to   space 8768K,   0% used [0x00000000ebd10000, 0x00000000ebd10000, 0x00000000ec5a0000)
[2026-09-19T06:31:30.772+0000][4665.805s][debug][gc,heap        ] GC(79)  tenured generation   total 174784K, used 59605K [0x00000000ef550000, 0x00000000fa000000, 0x0000000100000000)
[2026-09-19T06:31:30.772+0000][4665.805s][debug][gc,heap        ] GC(79)    the space 174784K,  34% used [0x00000000ef550000, 0x00000000f2f856b8, 0x00000000f2f85800, 0x00000000fa000000)
[2026-09-19T06:31:30.772+0000][4665.805s][debug][gc,heap        ] GC(79)  Metaspace       used 140675K, committed 142208K, reserved 1179648K
[2026-09-19T06:31:30.772+0000][4665.805s][debug][gc,heap        ] GC(79)   class space    used 18534K, committed 19392K, reserved 1048576K
[2026-09-19T06:31:30.772+0000][4665.805s][info ][gc             ] GC(79) Pause Young (Allocation Failure) 128M->59M(247M) 2.673ms
[2026-09-19T06:31:30.772+0000][4665.805s][info ][gc,cpu         ] GC(79) User=0.00s Sys=0.00s Real=0.00s
[2026-09-19T06:33:14.371+0000][4769.404s][info ][gc,start       ] GC(80) Pause Young (Allocation Failure)
[2026-09-19T06:33:14.371+0000][4769.404s][debug][gc,heap        ] GC(80) Heap before GC invocations=80 (full 5):
[2026-09-19T06:33:14.371+0000][4769.404s][debug][gc,heap        ] GC(80)  def new generation   total 78912K, used 71550K [0x00000000e7000000, 0x00000000ec5a0000, 0x00000000ef550000)
[2026-09-19T06:33:14.371+0000][4769.404s][debug][gc,heap        ] GC(80)   eden space 70144K, 100% used [0x00000000e7000000, 0x00000000eb480000, 0x00000000eb480000)
[2026-09-19T06:33:14.371+0000][4769.404s][debug][gc,heap        ] GC(80)   from space 8768K,  16% used [0x00000000eb480000, 0x00000000eb5dfb40, 0x00000000ebd10000)
[2026-09-19T06:33:14.371+0000][4769.404s][debug][gc,heap        ] GC(80)   to   space 8768K,   0% used [0x00000000ebd10000, 0x00000000ebd10000, 0x00000000ec5a0000)
[2026-09-19T06:33:14.371+0000][4769.404s][debug][gc,heap        ] GC(80)  tenured generation   total 174784K, used 59605K [0x00000000ef550000, 0x00000000fa000000, 0x0000000100000000)
[2026-09-19T06:33:14.371+0000][4769.404s][debug][gc,heap        ] GC(80)    the space 174784K,  34% used [0x00000000ef550000, 0x00000000f2f856b8, 0x00000000f2f85800, 0x00000000fa000000)
[2026-09-19T06:33:14.371+0000][4769.404s][debug][gc,heap        ] GC(80)  Metaspace       used 140683K, committed 142208K, reserved 1179648K
[2026-09-19T06:33:14.371+0000][4769.404s][debug][gc,heap        ] GC(80)   class space    used 18534K, committed 19392K, reserved 1048576K
[2026-09-19T06:33:14.373+0000][4769.406s][info ][gc,heap        ] GC(80) DefNew: 71550K(78912K)->708K(78912K) Eden: 70144K(70144K)->0K(70144K) From: 1406K(8768K)->708K(8768K)
[2026-09-19T06:33:14.373+0000][4769.406s][info ][gc,heap        ] GC(80) Tenured: 59605K(174784K)->59658K(174784K)
[2026-09-19T06:33:14.373+0000][4769.406s][info ][gc,metaspace   ] GC(80) Metaspace: 140683K(142208K)->140683K(142208K) NonClass: 122148K(122816K)->122148K(122816K) Class: 18534K(19392K)->18534K(19392K)
[2026-09-19T06:33:14.373+0000][4769.407s][debug][gc,heap        ] GC(80) Heap after GC invocations=81 (full 5):
[2026-09-19T06:33:14.373+0000][4769.407s][debug][gc,heap        ] GC(80)  def new generation   total 78912K, used 708K [0x00000000e7000000, 0x00000000ec5a0000, 0x00000000ef550000)
[2026-09-19T06:33:14.373+0000][4769.407s][debug][gc,heap        ] GC(80)   eden space 70144K,   0% used [0x00000000e7000000, 0x00000000e7000000, 0x00000000eb480000)
[2026-09-19T06:33:14.373+0000][4769.407s][debug][gc,heap        ] GC(80)   from space 8768K,   8% used [0x00000000ebd10000, 0x00000000ebdc1000, 0x00000000ec5a0000)
[2026-09-19T06:33:14.373+0000][4769.407s][debug][gc,heap        ] GC(80)   to   space 8768K,   0% used [0x00000000eb480000, 0x00000000eb480000, 0x00000000ebd10000)
[2026-09-19T06:33:14.373+0000][4769.407s][debug][gc,heap        ] GC(80)  tenured generation   total 174784K, used 59658K [0x00000000ef550000, 0x00000000fa000000, 0x0000000100000000)
[2026-09-19T06:33:14.373+0000][4769.407s][debug][gc,heap        ] GC(80)    the space 174784K,  34% used [0x00000000ef550000, 0x00000000f2f92b00, 0x00000000f2f92c00, 0x00000000fa000000)
[2026-09-19T06:33:14.373+0000][4769.407s][debug][gc,heap        ] GC(80)  Metaspace       used 140683K, committed 142208K, reserved 1179648K
[2026-09-19T06:33:14.373+0000][4769.407s][debug][gc,heap        ] GC(80)   class space    used 18534K, committed 19392K, reserved 1048576K
[2026-09-19T06:33:14.373+0000][4769.407s][info ][gc             ] GC(80) Pause Young (Allocation Failure) 128M->58M(247M) 2.463ms
[2026-09-19T06:33:14.373+0000][4769.407s][info ][gc,cpu         ] GC(80) User=0.00s Sys=0.00s Real=0.00s
[2026-09-19T06:34:57.357+0000][4872.390s][info ][gc,start       ] GC(81) Pause Young (Allocation Failure)
[2026-09-19T06:34:57.357+0000][4872.390s][debug][gc,heap        ] GC(81) Heap before GC invocations=81 (full 5):
[2026-09-19T06:34:57.357+0000][4872.390s][debug][gc,heap        ] GC(81)  def new generation   total 78912K, used 70852K [0x00000000e7000000, 0x00000000ec5a0000, 0x00000000ef550000)
[2026-09-19T06:34:57.357+0000][4872.390s][debug][gc,heap        ] GC(81)   eden space 70144K, 100% used [0x00000000e7000000, 0x00000000eb480000, 0x00000000eb480000)
[2026-09-19T06:34:57.357+0000][4872.390s][debug][gc,heap        ] GC(81)   from space 8768K,   8% used [0x00000000ebd10000, 0x00000000ebdc1000, 0x00000000ec5a0000)
[2026-09-19T06:34:57.357+0000][4872.390s][debug][gc,heap        ] GC(81)   to   space 8768K,   0% used [0x00000000eb480000, 0x00000000eb480000, 0x00000000ebd10000)
[2026-09-19T06:34:57.357+0000][4872.390s][debug][gc,heap        ] GC(81)  tenured generation   total 174784K, used 59658K [0x00000000ef550000, 0x00000000fa000000, 0x0000000100000000)
[2026-09-19T06:34:57.357+0000][4872.390s][debug][gc,heap        ] GC(81)    the space 174784K,  34% used [0x00000000ef550000, 0x00000000f2f92b00, 0x00000000f2f92c00, 0x00000000fa000000)
[2026-09-19T06:34:57.357+0000][4872.390s][debug][gc,heap        ] GC(81)  Metaspace       used 140709K, committed 142208K, reserved 1179648K
[2026-09-19T06:34:57.357+0000][4872.390s][debug][gc,heap        ] GC(81)   class space    used 18534K, committed 19392K, reserved 1048576K
[2026-09-19T06:34:57.359+0000][4872.392s][info ][gc,heap        ] GC(81) DefNew: 70852K(78912K)->793K(78912K) Eden: 70144K(70144K)->0K(70144K) From: 708K(8768K)->793K(8768K)
[2026-09-19T06:34:57.359+0000][4872.392s][info ][gc,heap        ] GC(81) Tenured: 59658K(174784K)->59663K(174784K)
[2026-09-19T06:34:57.359+0000][4872.392s][info ][gc,metaspace   ] GC(81) Metaspace: 140709K(142208K)->140709K(142208K) NonClass: 122174K(122816K)->122174K(122816K) Class: 18534K(19392K)->18534K(19392K)
[2026-09-19T06:34:57.359+0000][4872.392s][debug][gc,heap        ] GC(81) Heap after GC invocations=82 (full 5):
[2026-09-19T06:34:57.359+0000][4872.392s][debug][gc,heap        ] GC(81)  def new generation   total 78912K, used 793K [0x00000000e7000000, 0x00000000ec5a0000, 0x00000000ef550000)
[2026-09-19T06:34:57.359+0000][4872.392s][debug][gc,heap        ] GC(81)   eden space 70144K,   0% used [0x00000000e7000000, 0x00000000e7000000, 0x00000000eb480000)
[2026-09-19T06:34:57.359+0000][4872.392s][debug][gc,heap        ] GC(81)   from space 8768K,   9% used [0x00000000eb480000, 0x00000000eb5465a8, 0x00000000ebd10000)
[2026-09-19T06:34:57.359+0000][4872.392s][debug][gc,heap        ] GC(81)   to   space 8768K,   0% used [0x00000000ebd10000, 0x00000000ebd10000, 0x00000000ec5a0000)
[2026-09-19T06:34:57.359+0000][4872.392s][debug][gc,heap        ] GC(81)  tenured generation   total 174784K, used 59663K [0x00000000ef550000, 0x00000000fa000000, 0x0000000100000000)
[2026-09-19T06:34:57.359+0000][4872.392s][debug][gc,heap        ] GC(81)    the space 174784K,  34% used [0x00000000ef550000, 0x00000000f2f93c80, 0x00000000f2f93e00, 0x00000000fa000000)
[2026-09-19T06:34:57.359+0000][4872.392s][debug][gc,heap        ] GC(81)  Metaspace       used 140709K, committed 142208K, reserved 1179648K
[2026-09-19T06:34:57.359+0000][4872.392s][debug][gc,heap        ] GC(81)   class space    used 18534K, committed 19392K, reserved 1048576K
[2026-09-19T06:34:57.359+0000][4872.392s][info ][gc             ] GC(81) Pause Young (Allocation Failure) 127M->59M(247M) 2.416ms
[2026-09-19T06:34:57.359+0000][4872.392s][info ][gc,cpu         ] GC(81) User=0.00s Sys=0.00s Real=0.00s
[2026-09-19T06:36:41.981+0000][4977.015s][info ][gc,start       ] GC(82) Pause Young (Allocation Failure)
[2026-09-19T06:36:41.981+0000][4977.015s][debug][gc,heap        ] GC(82) Heap before GC invocations=82 (full 5):
[2026-09-19T06:36:41.981+0000][4977.015s][debug][gc,heap        ] GC(82)  def new generation   total 78912K, used 70937K [0x00000000e7000000, 0x00000000ec5a0000, 0x00000000ef550000)
[2026-09-19T06:36:41.981+0000][4977.015s][debug][gc,heap        ] GC(82)   eden space 70144K, 100% used [0x00000000e7000000, 0x00000000eb480000, 0x00000000eb480000)
[2026-09-19T06:36:41.981+0000][4977.015s][debug][gc,heap        ] GC(82)   from space 8768K,   9% used [0x00000000eb480000, 0x00000000eb5465a8, 0x00000000ebd10000)
[2026-09-19T06:36:41.981+0000][4977.015s][debug][gc,heap        ] GC(82)   to   space 8768K,   0% used [0x00000000ebd10000, 0x00000000ebd10000, 0x00000000ec5a0000)
[2026-09-19T06:36:41.981+0000][4977.015s][debug][gc,heap        ] GC(82)  tenured generation   total 174784K, used 59663K [0x00000000ef550000, 0x00000000fa000000, 0x0000000100000000)
[2026-09-19T06:36:41.981+0000][4977.015s][debug][gc,heap        ] GC(82)    the space 174784K,  34% used [0x00000000ef550000, 0x00000000f2f93c80, 0x00000000f2f93e00, 0x00000000fa000000)
[2026-09-19T06:36:41.981+0000][4977.015s][debug][gc,heap        ] GC(82)  Metaspace       used 140710K, committed 142208K, reserved 1179648K
[2026-09-19T06:36:41.981+0000][4977.015s][debug][gc,heap        ] GC(82)   class space    used 18534K, committed 19392K, reserved 1048576K
[2026-09-19T06:36:41.984+0000][4977.017s][info ][gc,heap        ] GC(82) DefNew: 70937K(78912K)->898K(78912K) Eden: 70144K(70144K)->0K(70144K) From: 793K(8768K)->898K(8768K)
[2026-09-19T06:36:41.984+0000][4977.017s][info ][gc,heap        ] GC(82) Tenured: 59663K(174784K)->59671K(174784K)
[2026-09-19T06:36:41.984+0000][4977.017s][info ][gc,metaspace   ] GC(82) Metaspace: 140710K(142208K)->140710K(142208K) NonClass: 122175K(122816K)->122175K(122816K) Class: 18534K(19392K)->18534K(19392K)
[2026-09-19T06:36:41.984+0000][4977.017s][debug][gc,heap        ] GC(82) Heap after GC invocations=83 (full 5):
[2026-09-19T06:36:41.984+0000][4977.017s][debug][gc,heap        ] GC(82)  def new generation   total 78912K, used 898K [0x00000000e7000000, 0x00000000ec5a0000, 0x00000000ef550000)
[2026-09-19T06:36:41.984+0000][4977.017s][debug][gc,heap        ] GC(82)   eden space 70144K,   0% used [0x00000000e7000000, 0x00000000e7000000, 0x00000000eb480000)
[2026-09-19T06:36:41.984+0000][4977.017s][debug][gc,heap        ] GC(82)   from space 8768K,  10% used [0x00000000ebd10000, 0x00000000ebdf09b0, 0x00000000ec5a0000)
[2026-09-19T06:36:41.984+0000][4977.017s][debug][gc,heap        ] GC(82)   to   space 8768K,   0% used [0x00000000eb480000, 0x00000000eb480000, 0x00000000ebd10000)
[2026-09-19T06:36:41.984+0000][4977.017s][debug][gc,heap        ] GC(82)  tenured generation   total 174784K, used 59671K [0x00000000ef550000, 0x00000000fa000000, 0x0000000100000000)
[2026-09-19T06:36:41.984+0000][4977.017s][debug][gc,heap        ] GC(82)    the space 174784K,  34% used [0x00000000ef550000, 0x00000000f2f95ff8, 0x00000000f2f96000, 0x00000000fa000000)
[2026-09-19T06:36:41.984+0000][4977.017s][debug][gc,heap        ] GC(82)  Metaspace       used 140710K, committed 142208K, reserved 1179648K
[2026-09-19T06:36:41.984+0000][4977.017s][debug][gc,heap        ] GC(82)   class space    used 18534K, committed 19392K, reserved 1048576K
[2026-09-19T06:36:41.984+0000][4977.017s][info ][gc             ] GC(82) Pause Young (Allocation Failure) 127M->59M(247M) 2.522ms
[2026-09-19T06:36:41.984+0000][4977.017s][info ][gc,cpu         ] GC(82) User=0.01s Sys=0.00s Real=0.01s
[2026-09-19T06:38:34.369+0000][5089.402s][info ][gc,start       ] GC(83) Pause Young (Allocation Failure)
[2026-09-19T06:38:34.369+0000][5089.402s][debug][gc,heap        ] GC(83) Heap before GC invocations=83 (full 5):
[2026-09-19T06:38:34.369+0000][5089.402s][debug][gc,heap        ] GC(83)  def new generation   total 78912K, used 71042K [0x00000000e7000000, 0x00000000ec5a0000, 0x00000000ef550000)
[2026-09-19T06:38:34.369+0000][5089.402s][debug][gc,heap        ] GC(83)   eden space 70144K, 100% used [0x00000000e7000000, 0x00000000eb480000, 0x00000000eb480000)
[2026-09-19T06:38:34.369+0000][5089.402s][debug][gc,heap        ] GC(83)   from space 8768K,  10% used [0x00000000ebd10000, 0x00000000ebdf09b0, 0x00000000ec5a0000)
[2026-09-19T06:38:34.369+0000][5089.402s][debug][gc,heap        ] GC(83)   to   space 8768K,   0% used [0x00000000eb480000, 0x00000000eb480000, 0x00000000ebd10000)
[2026-09-19T06:38:34.369+0000][5089.402s][debug][gc,heap        ] GC(83)  tenured generation   total 174784K, used 59671K [0x00000000ef550000, 0x00000000fa000000, 0x0000000100000000)
[2026-09-19T06:38:34.369+0000][5089.402s][debug][gc,heap        ] GC(83)    the space 174784K,  34% used [0x00000000ef550000, 0x00000000f2f95ff8, 0x00000000f2f96000, 0x00000000fa000000)
[2026-09-19T06:38:34.369+0000][5089.402s][debug][gc,heap        ] GC(83)  Metaspace       used 140710K, committed 142208K, reserved 1179648K
[2026-09-19T06:38:34.369+0000][5089.402s][debug][gc,heap        ] GC(83)   class space    used 18534K, committed 19392K, reserved 1048576K
[2026-09-19T06:38:34.371+0000][5089.404s][info ][gc,heap        ] GC(83) DefNew: 71042K(78912K)->1282K(78912K) Eden: 70144K(70144K)->0K(70144K) From: 898K(8768K)->1282K(8768K)
[2026-09-19T06:38:34.371+0000][5089.404s][info ][gc,heap        ] GC(83) Tenured: 59671K(174784K)->59672K(174784K)
[2026-09-19T06:38:34.371+0000][5089.404s][info ][gc,metaspace   ] GC(83) Metaspace: 140710K(142208K)->140710K(142208K) NonClass: 122175K(122816K)->122175K(122816K) Class: 18534K(19392K)->18534K(19392K)
[2026-09-19T06:38:34.371+0000][5089.404s][debug][gc,heap        ] GC(83) Heap after GC invocations=84 (full 5):
[2026-09-19T06:38:34.371+0000][5089.404s][debug][gc,heap        ] GC(83)  def new generation   total 78912K, used 1282K [0x00000000e7000000, 0x00000000ec5a0000, 0x00000000ef550000)
[2026-09-19T06:38:34.371+0000][5089.404s][debug][gc,heap        ] GC(83)   eden space 70144K,   0% used [0x00000000e7000000, 0x00000000e7000000, 0x00000000eb480000)
[2026-09-19T06:38:34.371+0000][5089.404s][debug][gc,heap        ] GC(83)   from space 8768K,  14% used [0x00000000eb480000, 0x00000000eb5c0be0, 0x00000000ebd10000)
[2026-09-19T06:38:34.371+0000][5089.404s][debug][gc,heap        ] GC(83)   to   space 8768K,   0% used [0x00000000ebd10000, 0x00000000ebd10000, 0x00000000ec5a0000)
[2026-09-19T06:38:34.371+0000][5089.404s][debug][gc,heap        ] GC(83)  tenured generation   total 174784K, used 59672K [0x00000000ef550000, 0x00000000fa000000, 0x0000000100000000)
[2026-09-19T06:38:34.371+0000][5089.404s][debug][gc,heap        ] GC(83)    the space 174784K,  34% used [0x00000000ef550000, 0x00000000f2f96340, 0x00000000f2f96400, 0x00000000fa000000)
[2026-09-19T06:38:34.371+0000][5089.404s][debug][gc,heap        ] GC(83)  Metaspace       used 140710K, committed 142208K, reserved 1179648K
[2026-09-19T06:38:34.371+0000][5089.404s][debug][gc,heap        ] GC(83)   class space    used 18534K, committed 19392K, reserved 1048576K
[2026-09-19T06:38:34.371+0000][5089.404s][info ][gc             ] GC(83) Pause Young (Allocation Failure) 127M->59M(247M) 2.492ms
[2026-09-19T06:38:34.371+0000][5089.404s][info ][gc,cpu         ] GC(83) User=0.01s Sys=0.00s Real=0.00s
[2026-09-19T06:40:20.848+0000][5195.881s][info ][gc,start       ] GC(84) Pause Young (Allocation Failure)
[2026-09-19T06:40:20.848+0000][5195.881s][debug][gc,heap        ] GC(84) Heap before GC invocations=84 (full 5):
[2026-09-19T06:40:20.848+0000][5195.881s][debug][gc,heap        ] GC(84)  def new generation   total 78912K, used 71426K [0x00000000e7000000, 0x00000000ec5a0000, 0x00000000ef550000)
[2026-09-19T06:40:20.848+0000][5195.881s][debug][gc,heap        ] GC(84)   eden space 70144K, 100% used [0x00000000e7000000, 0x00000000eb480000, 0x00000000eb480000)
[2026-09-19T06:40:20.848+0000][5195.881s][debug][gc,heap        ] GC(84)   from space 8768K,  14% used [0x00000000eb480000, 0x00000000eb5c0be0, 0x00000000ebd10000)
[2026-09-19T06:40:20.848+0000][5195.881s][debug][gc,heap        ] GC(84)   to   space 8768K,   0% used [0x00000000ebd10000, 0x00000000ebd10000, 0x00000000ec5a0000)
[2026-09-19T06:40:20.848+0000][5195.881s][debug][gc,heap        ] GC(84)  tenured generation   total 174784K, used 59672K [0x00000000ef550000, 0x00000000fa000000, 0x0000000100000000)
[2026-09-19T06:40:20.848+0000][5195.881s][debug][gc,heap        ] GC(84)    the space 174784K,  34% used [0x00000000ef550000, 0x00000000f2f96340, 0x00000000f2f96400, 0x00000000fa000000)
[2026-09-19T06:40:20.848+0000][5195.881s][debug][gc,heap        ] GC(84)  Metaspace       used 141432K, committed 142720K, reserved 1179648K
[2026-09-19T06:40:20.848+0000][5195.881s][debug][gc,heap        ] GC(84)   class space    used 18535K, committed 19392K, reserved 1048576K
[2026-09-19T06:40:20.851+0000][5195.884s][info ][gc,heap        ] GC(84) DefNew: 71426K(78912K)->1468K(78912K) Eden: 70144K(70144K)->0K(70144K) From: 1282K(8768K)->1468K(8768K)
[2026-09-19T06:40:20.851+0000][5195.884s][info ][gc,heap        ] GC(84) Tenured: 59672K(174784K)->59778K(174784K)
[2026-09-19T06:40:20.851+0000][5195.884s][info ][gc,metaspace   ] GC(84) Metaspace: 141432K(142720K)->141432K(142720K) NonClass: 122897K(123328K)->122897K(123328K) Class: 18535K(19392K)->18535K(19392K)
[2026-09-19T06:40:20.851+0000][5195.884s][debug][gc,heap        ] GC(84) Heap after GC invocations=85 (full 5):
[2026-09-19T06:40:20.851+0000][5195.884s][debug][gc,heap        ] GC(84)  def new generation   total 78912K, used 1468K [0x00000000e7000000, 0x00000000ec5a0000, 0x00000000ef550000)
[2026-09-19T06:40:20.851+0000][5195.884s][debug][gc,heap        ] GC(84)   eden space 70144K,   0% used [0x00000000e7000000, 0x00000000e7000000, 0x00000000eb480000)
[2026-09-19T06:40:20.851+0000][5195.884s][debug][gc,heap        ] GC(84)   from space 8768K,  16% used [0x00000000ebd10000, 0x00000000ebe7f190, 0x00000000ec5a0000)
[2026-09-19T06:40:20.851+0000][5195.884s][debug][gc,heap        ] GC(84)   to   space 8768K,   0% used [0x00000000eb480000, 0x00000000eb480000, 0x00000000ebd10000)
[2026-09-19T06:40:20.851+0000][5195.884s][debug][gc,heap        ] GC(84)  tenured generation   total 174784K, used 59778K [0x00000000ef550000, 0x00000000fa000000, 0x0000000100000000)
[2026-09-19T06:40:20.851+0000][5195.884s][debug][gc,heap        ] GC(84)    the space 174784K,  34% used [0x00000000ef550000, 0x00000000f2fb0b08, 0x00000000f2fb0c00, 0x00000000fa000000)
[2026-09-19T06:40:20.851+0000][5195.884s][debug][gc,heap        ] GC(84)  Metaspace       used 141432K, committed 142720K, reserved 1179648K
[2026-09-19T06:40:20.851+0000][5195.884s][debug][gc,heap        ] GC(84)   class space    used 18535K, committed 19392K, reserved 1048576K
[2026-09-19T06:40:20.851+0000][5195.884s][info ][gc             ] GC(84) Pause Young (Allocation Failure) 128M->59M(247M) 2.986ms
[2026-09-19T06:40:20.851+0000][5195.884s][info ][gc,cpu         ] GC(84) User=0.00s Sys=0.00s Real=0.00s
[2026-09-19T06:42:07.502+0000][5302.535s][info ][gc,start       ] GC(85) Pause Young (Allocation Failure)
[2026-09-19T06:42:07.502+0000][5302.535s][debug][gc,heap        ] GC(85) Heap before GC invocations=85 (full 5):
[2026-09-19T06:42:07.502+0000][5302.535s][debug][gc,heap        ] GC(85)  def new generation   total 78912K, used 71612K [0x00000000e7000000, 0x00000000ec5a0000, 0x00000000ef550000)
[2026-09-19T06:42:07.502+0000][5302.535s][debug][gc,heap        ] GC(85)   eden space 70144K, 100% used [0x00000000e7000000, 0x00000000eb480000, 0x00000000eb480000)
[2026-09-19T06:42:07.502+0000][5302.535s][debug][gc,heap        ] GC(85)   from space 8768K,  16% used [0x00000000ebd10000, 0x00000000ebe7f190, 0x00000000ec5a0000)
[2026-09-19T06:42:07.502+0000][5302.535s][debug][gc,heap        ] GC(85)   to   space 8768K,   0% used [0x00000000eb480000, 0x00000000eb480000, 0x00000000ebd10000)
[2026-09-19T06:42:07.502+0000][5302.535s][debug][gc,heap        ] GC(85)  tenured generation   total 174784K, used 59778K [0x00000000ef550000, 0x00000000fa000000, 0x0000000100000000)
[2026-09-19T06:42:07.502+0000][5302.535s][debug][gc,heap        ] GC(85)    the space 174784K,  34% used [0x00000000ef550000, 0x00000000f2fb0b08, 0x00000000f2fb0c00, 0x00000000fa000000)
[2026-09-19T06:42:07.502+0000][5302.535s][debug][gc,heap        ] GC(85)  Metaspace       used 141435K, committed 142784K, reserved 1179648K
[2026-09-19T06:42:07.502+0000][5302.535s][debug][gc,heap        ] GC(85)   class space    used 18535K, committed 19392K, reserved 1048576K
[2026-09-19T06:42:07.506+0000][5302.539s][info ][gc,heap        ] GC(85) DefNew: 71612K(78912K)->1254K(78912K) Eden: 70144K(70144K)->0K(70144K) From: 1468K(8768K)->1254K(8768K)
[2026-09-19T06:42:07.506+0000][5302.539s][info ][gc,heap        ] GC(85) Tenured: 59778K(174784K)->59812K(174784K)
[2026-09-19T06:42:07.506+0000][5302.539s][info ][gc,metaspace   ] GC(85) Metaspace: 141435K(142784K)->141435K(142784K) NonClass: 122900K(123392K)->122900K(123392K) Class: 18535K(19392K)->18535K(19392K)
[2026-09-19T06:42:07.506+0000][5302.539s][debug][gc,heap        ] GC(85) Heap after GC invocations=86 (full 5):
[2026-09-19T06:42:07.506+0000][5302.539s][debug][gc,heap        ] GC(85)  def new generation   total 78912K, used 1254K [0x00000000e7000000, 0x00000000ec5a0000, 0x00000000ef550000)
[2026-09-19T06:42:07.506+0000][5302.539s][debug][gc,heap        ] GC(85)   eden space 70144K,   0% used [0x00000000e7000000, 0x00000000e7000000, 0x00000000eb480000)
[2026-09-19T06:42:07.506+0000][5302.539s][debug][gc,heap        ] GC(85)   from space 8768K,  14% used [0x00000000eb480000, 0x00000000eb5b9a00, 0x00000000ebd10000)
[2026-09-19T06:42:07.506+0000][5302.539s][debug][gc,heap        ] GC(85)   to   space 8768K,   0% used [0x00000000ebd10000, 0x00000000ebd10000, 0x00000000ec5a0000)
[2026-09-19T06:42:07.506+0000][5302.539s][debug][gc,heap        ] GC(85)  tenured generation   total 174784K, used 59812K [0x00000000ef550000, 0x00000000fa000000, 0x0000000100000000)
[2026-09-19T06:42:07.506+0000][5302.539s][debug][gc,heap        ] GC(85)    the space 174784K,  34% used [0x00000000ef550000, 0x00000000f2fb9050, 0x00000000f2fb9200, 0x00000000fa000000)
[2026-09-19T06:42:07.506+0000][5302.539s][debug][gc,heap        ] GC(85)  Metaspace       used 141435K, committed 142784K, reserved 1179648K
[2026-09-19T06:42:07.506+0000][5302.539s][debug][gc,heap        ] GC(85)   class space    used 18535K, committed 19392K, reserved 1048576K
[2026-09-19T06:42:07.506+0000][5302.539s][info ][gc             ] GC(85) Pause Young (Allocation Failure) 128M->59M(247M) 3.986ms
[2026-09-19T06:42:07.506+0000][5302.539s][info ][gc,cpu         ] GC(85) User=0.00s Sys=0.00s Real=0.01s
[2026-09-19T06:43:52.020+0000][5407.053s][info ][gc,start       ] GC(86) Pause Young (Allocation Failure)
[2026-09-19T06:43:52.020+0000][5407.053s][debug][gc,heap        ] GC(86) Heap before GC invocations=86 (full 5):
[2026-09-19T06:43:52.020+0000][5407.053s][debug][gc,heap        ] GC(86)  def new generation   total 78912K, used 71398K [0x00000000e7000000, 0x00000000ec5a0000, 0x00000000ef550000)
[2026-09-19T06:43:52.020+0000][5407.053s][debug][gc,heap        ] GC(86)   eden space 70144K, 100% used [0x00000000e7000000, 0x00000000eb480000, 0x00000000eb480000)
[2026-09-19T06:43:52.020+0000][5407.053s][debug][gc,heap        ] GC(86)   from space 8768K,  14% used [0x00000000eb480000, 0x00000000eb5b9a00, 0x00000000ebd10000)
[2026-09-19T06:43:52.020+0000][5407.053s][debug][gc,heap        ] GC(86)   to   space 8768K,   0% used [0x00000000ebd10000, 0x00000000ebd10000, 0x00000000ec5a0000)
[2026-09-19T06:43:52.020+0000][5407.053s][debug][gc,heap        ] GC(86)  tenured generation   total 174784K, used 59812K [0x00000000ef550000, 0x00000000fa000000, 0x0000000100000000)
[2026-09-19T06:43:52.020+0000][5407.053s][debug][gc,heap        ] GC(86)    the space 174784K,  34% used [0x00000000ef550000, 0x00000000f2fb9050, 0x00000000f2fb9200, 0x00000000fa000000)
[2026-09-19T06:43:52.020+0000][5407.053s][debug][gc,heap        ] GC(86)  Metaspace       used 141436K, committed 142784K, reserved 1179648K
[2026-09-19T06:43:52.020+0000][5407.053s][debug][gc,heap        ] GC(86)   class space    used 18535K, committed 19392K, reserved 1048576K
[2026-09-19T06:43:52.022+0000][5407.055s][info ][gc,heap        ] GC(86) DefNew: 71398K(78912K)->818K(78912K) Eden: 70144K(70144K)->0K(70144K) From: 1254K(8768K)->818K(8768K)
[2026-09-19T06:43:52.022+0000][5407.055s][info ][gc,heap        ] GC(86) Tenured: 59812K(174784K)->59813K(174784K)
[2026-09-19T06:43:52.022+0000][5407.055s][info ][gc,metaspace   ] GC(86) Metaspace: 141436K(142784K)->141436K(142784K) NonClass: 122901K(123392K)->122901K(123392K) Class: 18535K(19392K)->18535K(19392K)
[2026-09-19T06:43:52.022+0000][5407.055s][debug][gc,heap        ] GC(86) Heap after GC invocations=87 (full 5):
[2026-09-19T06:43:52.022+0000][5407.055s][debug][gc,heap        ] GC(86)  def new generation   total 78912K, used 818K [0x00000000e7000000, 0x00000000ec5a0000, 0x00000000ef550000)
[2026-09-19T06:43:52.022+0000][5407.055s][debug][gc,heap        ] GC(86)   eden space 70144K,   0% used [0x00000000e7000000, 0x00000000e7000000, 0x00000000eb480000)
[2026-09-19T06:43:52.022+0000][5407.055s][debug][gc,heap        ] GC(86)   from space 8768K,   9% used [0x00000000ebd10000, 0x00000000ebddcb50, 0x00000000ec5a0000)
[2026-09-19T06:43:52.022+0000][5407.055s][debug][gc,heap        ] GC(86)   to   space 8768K,   0% used [0x00000000eb480000, 0x00000000eb480000, 0x00000000ebd10000)
[2026-09-19T06:43:52.022+0000][5407.055s][debug][gc,heap        ] GC(86)  tenured generation   total 174784K, used 59813K [0x00000000ef550000, 0x00000000fa000000, 0x0000000100000000)
[2026-09-19T06:43:52.022+0000][5407.055s][debug][gc,heap        ] GC(86)    the space 174784K,  34% used [0x00000000ef550000, 0x00000000f2fb96c8, 0x00000000f2fb9800, 0x00000000fa000000)
[2026-09-19T06:43:52.022+0000][5407.055s][debug][gc,heap        ] GC(86)  Metaspace       used 141436K, committed 142784K, reserved 1179648K
[2026-09-19T06:43:52.022+0000][5407.055s][debug][gc,heap        ] GC(86)   class space    used 18535K, committed 19392K, reserved 1048576K
[2026-09-19T06:43:52.022+0000][5407.055s][info ][gc             ] GC(86) Pause Young (Allocation Failure) 128M->59M(247M) 2.583ms
[2026-09-19T06:43:52.022+0000][5407.055s][info ][gc,cpu         ] GC(86) User=0.00s Sys=0.00s Real=0.00s
[2026-09-19T06:45:39.401+0000][5514.434s][info ][gc,start       ] GC(87) Pause Young (Allocation Failure)
[2026-09-19T06:45:39.401+0000][5514.434s][debug][gc,heap        ] GC(87) Heap before GC invocations=87 (full 5):
[2026-09-19T06:45:39.401+0000][5514.434s][debug][gc,heap        ] GC(87)  def new generation   total 78912K, used 70962K [0x00000000e7000000, 0x00000000ec5a0000, 0x00000000ef550000)
[2026-09-19T06:45:39.401+0000][5514.434s][debug][gc,heap        ] GC(87)   eden space 70144K, 100% used [0x00000000e7000000, 0x00000000eb480000, 0x00000000eb480000)
[2026-09-19T06:45:39.401+0000][5514.434s][debug][gc,heap        ] GC(87)   from space 8768K,   9% used [0x00000000ebd10000, 0x00000000ebddcb50, 0x00000000ec5a0000)
[2026-09-19T06:45:39.401+0000][5514.434s][debug][gc,heap        ] GC(87)   to   space 8768K,   0% used [0x00000000eb480000, 0x00000000eb480000, 0x00000000ebd10000)
[2026-09-19T06:45:39.401+0000][5514.434s][debug][gc,heap        ] GC(87)  tenured generation   total 174784K, used 59813K [0x00000000ef550000, 0x00000000fa000000, 0x0000000100000000)
[2026-09-19T06:45:39.401+0000][5514.434s][debug][gc,heap        ] GC(87)    the space 174784K,  34% used [0x00000000ef550000, 0x00000000f2fb96c8, 0x00000000f2fb9800, 0x00000000fa000000)
[2026-09-19T06:45:39.401+0000][5514.434s][debug][gc,heap        ] GC(87)  Metaspace       used 141441K, committed 142848K, reserved 1179648K
[2026-09-19T06:45:39.401+0000][5514.434s][debug][gc,heap        ] GC(87)   class space    used 18535K, committed 19392K, reserved 1048576K
[2026-09-19T06:45:39.403+0000][5514.436s][info ][gc,heap        ] GC(87) DefNew: 70962K(78912K)->1577K(78912K) Eden: 70144K(70144K)->0K(70144K) From: 818K(8768K)->1577K(8768K)
[2026-09-19T06:45:39.403+0000][5514.436s][info ][gc,heap        ] GC(87) Tenured: 59813K(174784K)->59815K(174784K)
[2026-09-19T06:45:39.403+0000][5514.436s][info ][gc,metaspace   ] GC(87) Metaspace: 141441K(142848K)->141441K(142848K) NonClass: 122906K(123456K)->122906K(123456K) Class: 18535K(19392K)->18535K(19392K)
[2026-09-19T06:45:39.403+0000][5514.436s][debug][gc,heap        ] GC(87) Heap after GC invocations=88 (full 5):
[2026-09-19T06:45:39.403+0000][5514.436s][debug][gc,heap        ] GC(87)  def new generation   total 78912K, used 1577K [0x00000000e7000000, 0x00000000ec5a0000, 0x00000000ef550000)
[2026-09-19T06:45:39.403+0000][5514.436s][debug][gc,heap        ] GC(87)   eden space 70144K,   0% used [0x00000000e7000000, 0x00000000e7000000, 0x00000000eb480000)
[2026-09-19T06:45:39.403+0000][5514.436s][debug][gc,heap        ] GC(87)   from space 8768K,  17% used [0x00000000eb480000, 0x00000000eb60a6c8, 0x00000000ebd10000)
[2026-09-19T06:45:39.403+0000][5514.436s][debug][gc,heap        ] GC(87)   to   space 8768K,   0% used [0x00000000ebd10000, 0x00000000ebd10000, 0x00000000ec5a0000)
[2026-09-19T06:45:39.403+0000][5514.436s][debug][gc,heap        ] GC(87)  tenured generation   total 174784K, used 59815K [0x00000000ef550000, 0x00000000fa000000, 0x0000000100000000)
[2026-09-19T06:45:39.403+0000][5514.436s][debug][gc,heap        ] GC(87)    the space 174784K,  34% used [0x00000000ef550000, 0x00000000f2fb9cf0, 0x00000000f2fb9e00, 0x00000000fa000000)
[2026-09-19T06:45:39.403+0000][5514.436s][debug][gc,heap        ] GC(87)  Metaspace       used 141441K, committed 142848K, reserved 1179648K
[2026-09-19T06:45:39.403+0000][5514.436s][debug][gc,heap        ] GC(87)   class space    used 18535K, committed 19392K, reserved 1048576K
[2026-09-19T06:45:39.403+0000][5514.436s][info ][gc             ] GC(87) Pause Young (Allocation Failure) 127M->59M(247M) 2.830ms
[2026-09-19T06:45:39.403+0000][5514.437s][info ][gc,cpu         ] GC(87) User=0.00s Sys=0.00s Real=0.00s
[2026-09-19T06:47:22.909+0000][5617.942s][info ][gc,start       ] GC(88) Pause Young (Allocation Failure)
[2026-09-19T06:47:22.909+0000][5617.942s][debug][gc,heap        ] GC(88) Heap before GC invocations=88 (full 5):
[2026-09-19T06:47:22.909+0000][5617.942s][debug][gc,heap        ] GC(88)  def new generation   total 78912K, used 71721K [0x00000000e7000000, 0x00000000ec5a0000, 0x00000000ef550000)
[2026-09-19T06:47:22.909+0000][5617.942s][debug][gc,heap        ] GC(88)   eden space 70144K, 100% used [0x00000000e7000000, 0x00000000eb480000, 0x00000000eb480000)
[2026-09-19T06:47:22.909+0000][5617.942s][debug][gc,heap        ] GC(88)   from space 8768K,  17% used [0x00000000eb480000, 0x00000000eb60a6c8, 0x00000000ebd10000)
[2026-09-19T06:47:22.909+0000][5617.942s][debug][gc,heap        ] GC(88)   to   space 8768K,   0% used [0x00000000ebd10000, 0x00000000ebd10000, 0x00000000ec5a0000)
[2026-09-19T06:47:22.909+0000][5617.942s][debug][gc,heap        ] GC(88)  tenured generation   total 174784K, used 59815K [0x00000000ef550000, 0x00000000fa000000, 0x0000000100000000)
[2026-09-19T06:47:22.909+0000][5617.942s][debug][gc,heap        ] GC(88)    the space 174784K,  34% used [0x00000000ef550000, 0x00000000f2fb9cf0, 0x00000000f2fb9e00, 0x00000000fa000000)
[2026-09-19T06:47:22.909+0000][5617.942s][debug][gc,heap        ] GC(88)  Metaspace       used 141441K, committed 142848K, reserved 1179648K
[2026-09-19T06:47:22.909+0000][5617.942s][debug][gc,heap        ] GC(88)   class space    used 18535K, committed 19392K, reserved 1048576K
[2026-09-19T06:47:22.911+0000][5617.944s][info ][gc,heap        ] GC(88) DefNew: 71721K(78912K)->888K(78912K) Eden: 70144K(70144K)->0K(70144K) From: 1577K(8768K)->888K(8768K)
[2026-09-19T06:47:22.911+0000][5617.944s][info ][gc,heap        ] GC(88) Tenured: 59815K(174784K)->59815K(174784K)
[2026-09-19T06:47:22.911+0000][5617.944s][info ][gc,metaspace   ] GC(88) Metaspace: 141441K(142848K)->141441K(142848K) NonClass: 122906K(123456K)->122906K(123456K) Class: 18535K(19392K)->18535K(19392K)
[2026-09-19T06:47:22.911+0000][5617.944s][debug][gc,heap        ] GC(88) Heap after GC invocations=89 (full 5):
[2026-09-19T06:47:22.911+0000][5617.944s][debug][gc,heap        ] GC(88)  def new generation   total 78912K, used 888K [0x00000000e7000000, 0x00000000ec5a0000, 0x00000000ef550000)
[2026-09-19T06:47:22.911+0000][5617.944s][debug][gc,heap        ] GC(88)   eden space 70144K,   0% used [0x00000000e7000000, 0x00000000e7000000, 0x00000000eb480000)
[2026-09-19T06:47:22.911+0000][5617.944s][debug][gc,heap        ] GC(88)   from space 8768K,  10% used [0x00000000ebd10000, 0x00000000ebdee1f8, 0x00000000ec5a0000)
[2026-09-19T06:47:22.911+0000][5617.944s][debug][gc,heap        ] GC(88)   to   space 8768K,   0% used [0x00000000eb480000, 0x00000000eb480000, 0x00000000ebd10000)
[2026-09-19T06:47:22.911+0000][5617.944s][debug][gc,heap        ] GC(88)  tenured generation   total 174784K, used 59815K [0x00000000ef550000, 0x00000000fa000000, 0x0000000100000000)
[2026-09-19T06:47:22.911+0000][5617.944s][debug][gc,heap        ] GC(88)    the space 174784K,  34% used [0x00000000ef550000, 0x00000000f2fb9e28, 0x00000000f2fba000, 0x00000000fa000000)
[2026-09-19T06:47:22.911+0000][5617.944s][debug][gc,heap        ] GC(88)  Metaspace       used 141441K, committed 142848K, reserved 1179648K
[2026-09-19T06:47:22.911+0000][5617.944s][debug][gc,heap        ] GC(88)   class space    used 18535K, committed 19392K, reserved 1048576K
[2026-09-19T06:47:22.911+0000][5617.944s][info ][gc             ] GC(88) Pause Young (Allocation Failure) 128M->59M(247M) 2.472ms
[2026-09-19T06:47:22.911+0000][5617.944s][info ][gc,cpu         ] GC(88) User=0.01s Sys=0.00s Real=0.00s
[2026-09-19T06:49:05.155+0000][5720.188s][info ][gc,start       ] GC(89) Pause Young (Allocation Failure)
[2026-09-19T06:49:05.155+0000][5720.188s][debug][gc,heap        ] GC(89) Heap before GC invocations=89 (full 5):
[2026-09-19T06:49:05.155+0000][5720.188s][debug][gc,heap        ] GC(89)  def new generation   total 78912K, used 71032K [0x00000000e7000000, 0x00000000ec5a0000, 0x00000000ef550000)
[2026-09-19T06:49:05.155+0000][5720.188s][debug][gc,heap        ] GC(89)   eden space 70144K, 100% used [0x00000000e7000000, 0x00000000eb480000, 0x00000000eb480000)
[2026-09-19T06:49:05.155+0000][5720.188s][debug][gc,heap        ] GC(89)   from space 8768K,  10% used [0x00000000ebd10000, 0x00000000ebdee1f8, 0x00000000ec5a0000)
[2026-09-19T06:49:05.155+0000][5720.188s][debug][gc,heap        ] GC(89)   to   space 8768K,   0% used [0x00000000eb480000, 0x00000000eb480000, 0x00000000ebd10000)
[2026-09-19T06:49:05.155+0000][5720.188s][debug][gc,heap        ] GC(89)  tenured generation   total 174784K, used 59815K [0x00000000ef550000, 0x00000000fa000000, 0x0000000100000000)
[2026-09-19T06:49:05.155+0000][5720.188s][debug][gc,heap        ] GC(89)    the space 174784K,  34% used [0x00000000ef550000, 0x00000000f2fb9e28, 0x00000000f2fba000, 0x00000000fa000000)
[2026-09-19T06:49:05.155+0000][5720.188s][debug][gc,heap        ] GC(89)  Metaspace       used 141441K, committed 142848K, reserved 1179648K
[2026-09-19T06:49:05.155+0000][5720.188s][debug][gc,heap        ] GC(89)   class space    used 18535K, committed 19392K, reserved 1048576K
[2026-09-19T06:49:05.158+0000][5720.192s][info ][gc,heap        ] GC(89) DefNew: 71032K(78912K)->936K(78912K) Eden: 70144K(70144K)->0K(70144K) From: 888K(8768K)->936K(8768K)
[2026-09-19T06:49:05.158+0000][5720.192s][info ][gc,heap        ] GC(89) Tenured: 59815K(174784K)->59816K(174784K)
[2026-09-19T06:49:05.158+0000][5720.192s][info ][gc,metaspace   ] GC(89) Metaspace: 141441K(142848K)->141441K(142848K) NonClass: 122906K(123456K)->122906K(123456K) Class: 18535K(19392K)->18535K(19392K)
[2026-09-19T06:49:05.158+0000][5720.192s][debug][gc,heap        ] GC(89) Heap after GC invocations=90 (full 5):
[2026-09-19T06:49:05.158+0000][5720.192s][debug][gc,heap        ] GC(89)  def new generation   total 78912K, used 936K [0x00000000e7000000, 0x00000000ec5a0000, 0x00000000ef550000)
[2026-09-19T06:49:05.158+0000][5720.192s][debug][gc,heap        ] GC(89)   eden space 70144K,   0% used [0x00000000e7000000, 0x00000000e7000000, 0x00000000eb480000)
[2026-09-19T06:49:05.158+0000][5720.192s][debug][gc,heap        ] GC(89)   from space 8768K,  10% used [0x00000000eb480000, 0x00000000eb56a338, 0x00000000ebd10000)
[2026-09-19T06:49:05.158+0000][5720.192s][debug][gc,heap        ] GC(89)   to   space 8768K,   0% used [0x00000000ebd10000, 0x00000000ebd10000, 0x00000000ec5a0000)
[2026-09-19T06:49:05.158+0000][5720.192s][debug][gc,heap        ] GC(89)  tenured generation   total 174784K, used 59816K [0x00000000ef550000, 0x00000000fa000000, 0x0000000100000000)
[2026-09-19T06:49:05.158+0000][5720.192s][debug][gc,heap        ] GC(89)    the space 174784K,  34% used [0x00000000ef550000, 0x00000000f2fba390, 0x00000000f2fba400, 0x00000000fa000000)
[2026-09-19T06:49:05.158+0000][5720.192s][debug][gc,heap        ] GC(89)  Metaspace       used 141441K, committed 142848K, reserved 1179648K
[2026-09-19T06:49:05.158+0000][5720.192s][debug][gc,heap        ] GC(89)   class space    used 18535K, committed 19392K, reserved 1048576K
[2026-09-19T06:49:05.158+0000][5720.192s][info ][gc             ] GC(89) Pause Young (Allocation Failure) 127M->59M(247M) 3.949ms
[2026-09-19T06:49:05.159+0000][5720.192s][info ][gc,cpu         ] GC(89) User=0.00s Sys=0.00s Real=0.00s
[2026-09-19T06:50:56.663+0000][5831.696s][info ][gc,start       ] GC(90) Pause Young (Allocation Failure)
[2026-09-19T06:50:56.663+0000][5831.696s][debug][gc,heap        ] GC(90) Heap before GC invocations=90 (full 5):
[2026-09-19T06:50:56.663+0000][5831.696s][debug][gc,heap        ] GC(90)  def new generation   total 78912K, used 71080K [0x00000000e7000000, 0x00000000ec5a0000, 0x00000000ef550000)
[2026-09-19T06:50:56.663+0000][5831.696s][debug][gc,heap        ] GC(90)   eden space 70144K, 100% used [0x00000000e7000000, 0x00000000eb480000, 0x00000000eb480000)
[2026-09-19T06:50:56.663+0000][5831.696s][debug][gc,heap        ] GC(90)   from space 8768K,  10% used [0x00000000eb480000, 0x00000000eb56a338, 0x00000000ebd10000)
[2026-09-19T06:50:56.663+0000][5831.696s][debug][gc,heap        ] GC(90)   to   space 8768K,   0% used [0x00000000ebd10000, 0x00000000ebd10000, 0x00000000ec5a0000)
[2026-09-19T06:50:56.663+0000][5831.696s][debug][gc,heap        ] GC(90)  tenured generation   total 174784K, used 59816K [0x00000000ef550000, 0x00000000fa000000, 0x0000000100000000)
[2026-09-19T06:50:56.663+0000][5831.696s][debug][gc,heap        ] GC(90)    the space 174784K,  34% used [0x00000000ef550000, 0x00000000f2fba390, 0x00000000f2fba400, 0x00000000fa000000)
[2026-09-19T06:50:56.663+0000][5831.696s][debug][gc,heap        ] GC(90)  Metaspace       used 141447K, committed 142848K, reserved 1179648K
[2026-09-19T06:50:56.663+0000][5831.696s][debug][gc,heap        ] GC(90)   class space    used 18535K, committed 19392K, reserved 1048576K
[2026-09-19T06:50:56.666+0000][5831.699s][info ][gc,heap        ] GC(90) DefNew: 71080K(78912K)->1362K(78912K) Eden: 70144K(70144K)->0K(70144K) From: 936K(8768K)->1362K(8768K)
[2026-09-19T06:50:56.666+0000][5831.699s][info ][gc,heap        ] GC(90) Tenured: 59816K(174784K)->59865K(174784K)
[2026-09-19T06:50:56.666+0000][5831.699s][info ][gc,metaspace   ] GC(90) Metaspace: 141447K(142848K)->141447K(142848K) NonClass: 122912K(123456K)->122912K(123456K) Class: 18535K(19392K)->18535K(19392K)
[2026-09-19T06:50:56.666+0000][5831.699s][debug][gc,heap        ] GC(90) Heap after GC invocations=91 (full 5):
[2026-09-19T06:50:56.666+0000][5831.699s][debug][gc,heap        ] GC(90)  def new generation   total 78912K, used 1362K [0x00000000e7000000, 0x00000000ec5a0000, 0x00000000ef550000)
[2026-09-19T06:50:56.666+0000][5831.699s][debug][gc,heap        ] GC(90)   eden space 70144K,   0% used [0x00000000e7000000, 0x00000000e7000000, 0x00000000eb480000)
[2026-09-19T06:50:56.666+0000][5831.699s][debug][gc,heap        ] GC(90)   from space 8768K,  15% used [0x00000000ebd10000, 0x00000000ebe64bc8, 0x00000000ec5a0000)
[2026-09-19T06:50:56.666+0000][5831.699s][debug][gc,heap        ] GC(90)   to   space 8768K,   0% used [0x00000000eb480000, 0x00000000eb480000, 0x00000000ebd10000)
[2026-09-19T06:50:56.666+0000][5831.699s][debug][gc,heap        ] GC(90)  tenured generation   total 174784K, used 59865K [0x00000000ef550000, 0x00000000fa000000, 0x0000000100000000)
[2026-09-19T06:50:56.666+0000][5831.699s][debug][gc,heap        ] GC(90)    the space 174784K,  34% used [0x00000000ef550000, 0x00000000f2fc6610, 0x00000000f2fc6800, 0x00000000fa000000)
[2026-09-19T06:50:56.666+0000][5831.699s][debug][gc,heap        ] GC(90)  Metaspace       used 141447K, committed 142848K, reserved 1179648K
[2026-09-19T06:50:56.666+0000][5831.699s][debug][gc,heap        ] GC(90)   class space    used 18535K, committed 19392K, reserved 1048576K
[2026-09-19T06:50:56.666+0000][5831.699s][info ][gc             ] GC(90) Pause Young (Allocation Failure) 127M->59M(247M) 3.015ms
[2026-09-19T06:50:56.666+0000][5831.699s][info ][gc,cpu         ] GC(90) User=0.01s Sys=0.00s Real=0.01s
[2026-09-19T06:52:47.169+0000][5942.202s][info ][gc,start       ] GC(91) Pause Young (Allocation Failure)
[2026-09-19T06:52:47.169+0000][5942.202s][debug][gc,heap        ] GC(91) Heap before GC invocations=91 (full 5):
[2026-09-19T06:52:47.169+0000][5942.202s][debug][gc,heap        ] GC(91)  def new generation   total 78912K, used 71506K [0x00000000e7000000, 0x00000000ec5a0000, 0x00000000ef550000)
[2026-09-19T06:52:47.169+0000][5942.202s][debug][gc,heap        ] GC(91)   eden space 70144K, 100% used [0x00000000e7000000, 0x00000000eb480000, 0x00000000eb480000)
[2026-09-19T06:52:47.169+0000][5942.202s][debug][gc,heap        ] GC(91)   from space 8768K,  15% used [0x00000000ebd10000, 0x00000000ebe64bc8, 0x00000000ec5a0000)
[2026-09-19T06:52:47.169+0000][5942.202s][debug][gc,heap        ] GC(91)   to   space 8768K,   0% used [0x00000000eb480000, 0x00000000eb480000, 0x00000000ebd10000)
[2026-09-19T06:52:47.169+0000][5942.202s][debug][gc,heap        ] GC(91)  tenured generation   total 174784K, used 59865K [0x00000000ef550000, 0x00000000fa000000, 0x0000000100000000)
[2026-09-19T06:52:47.169+0000][5942.202s][debug][gc,heap        ] GC(91)    the space 174784K,  34% used [0x00000000ef550000, 0x00000000f2fc6610, 0x00000000f2fc6800, 0x00000000fa000000)
[2026-09-19T06:52:47.169+0000][5942.202s][debug][gc,heap        ] GC(91)  Metaspace       used 141455K, committed 142848K, reserved 1179648K
[2026-09-19T06:52:47.169+0000][5942.202s][debug][gc,heap        ] GC(91)   class space    used 18535K, committed 19392K, reserved 1048576K
[2026-09-19T06:52:47.172+0000][5942.205s][info ][gc,heap        ] GC(91) DefNew: 71506K(78912K)->1452K(78912K) Eden: 70144K(70144K)->0K(70144K) From: 1362K(8768K)->1452K(8768K)
[2026-09-19T06:52:47.172+0000][5942.205s][info ][gc,heap        ] GC(91) Tenured: 59865K(174784K)->59898K(174784K)
[2026-09-19T06:52:47.172+0000][5942.205s][info ][gc,metaspace   ] GC(91) Metaspace: 141455K(142848K)->141455K(142848K) NonClass: 122920K(123456K)->122920K(123456K) Class: 18535K(19392K)->18535K(19392K)
[2026-09-19T06:52:47.172+0000][5942.205s][debug][gc,heap        ] GC(91) Heap after GC invocations=92 (full 5):
[2026-09-19T06:52:47.172+0000][5942.205s][debug][gc,heap        ] GC(91)  def new generation   total 78912K, used 1452K [0x00000000e7000000, 0x00000000ec5a0000, 0x00000000ef550000)
[2026-09-19T06:52:47.172+0000][5942.205s][debug][gc,heap        ] GC(91)   eden space 70144K,   0% used [0x00000000e7000000, 0x00000000e7000000, 0x00000000eb480000)
[2026-09-19T06:52:47.172+0000][5942.205s][debug][gc,heap        ] GC(91)   from space 8768K,  16% used [0x00000000eb480000, 0x00000000eb5eb3a8, 0x00000000ebd10000)
[2026-09-19T06:52:47.172+0000][5942.205s][debug][gc,heap        ] GC(91)   to   space 8768K,   0% used [0x00000000ebd10000, 0x00000000ebd10000, 0x00000000ec5a0000)
[2026-09-19T06:52:47.172+0000][5942.205s][debug][gc,heap        ] GC(91)  tenured generation   total 174784K, used 59898K [0x00000000ef550000, 0x00000000fa000000, 0x0000000100000000)
[2026-09-19T06:52:47.172+0000][5942.205s][debug][gc,heap        ] GC(91)    the space 174784K,  34% used [0x00000000ef550000, 0x00000000f2fce9a0, 0x00000000f2fcea00, 0x00000000fa000000)
[2026-09-19T06:52:47.172+0000][5942.205s][debug][gc,heap        ] GC(91)  Metaspace       used 141455K, committed 142848K, reserved 1179648K
[2026-09-19T06:52:47.172+0000][5942.205s][debug][gc,heap        ] GC(91)   class space    used 18535K, committed 19392K, reserved 1048576K
[2026-09-19T06:52:47.172+0000][5942.205s][info ][gc             ] GC(91) Pause Young (Allocation Failure) 128M->59M(247M) 2.982ms
[2026-09-19T06:52:47.172+0000][5942.205s][info ][gc,cpu         ] GC(91) User=0.01s Sys=0.00s Real=0.00s
[2026-09-19T06:54:30.123+0000][6045.156s][info ][gc,start       ] GC(92) Pause Young (Allocation Failure)
[2026-09-19T06:54:30.123+0000][6045.156s][debug][gc,heap        ] GC(92) Heap before GC invocations=92 (full 5):
[2026-09-19T06:54:30.123+0000][6045.156s][debug][gc,heap        ] GC(92)  def new generation   total 78912K, used 71596K [0x00000000e7000000, 0x00000000ec5a0000, 0x00000000ef550000)
[2026-09-19T06:54:30.123+0000][6045.156s][debug][gc,heap        ] GC(92)   eden space 70144K, 100% used [0x00000000e7000000, 0x00000000eb480000, 0x00000000eb480000)
[2026-09-19T06:54:30.123+0000][6045.156s][debug][gc,heap        ] GC(92)   from space 8768K,  16% used [0x00000000eb480000, 0x00000000eb5eb3a8, 0x00000000ebd10000)
[2026-09-19T06:54:30.123+0000][6045.156s][debug][gc,heap        ] GC(92)   to   space 8768K,   0% used [0x00000000ebd10000, 0x00000000ebd10000, 0x00000000ec5a0000)
[2026-09-19T06:54:30.123+0000][6045.156s][debug][gc,heap        ] GC(92)  tenured generation   total 174784K, used 59898K [0x00000000ef550000, 0x00000000fa000000, 0x0000000100000000)
[2026-09-19T06:54:30.123+0000][6045.156s][debug][gc,heap        ] GC(92)    the space 174784K,  34% used [0x00000000ef550000, 0x00000000f2fce9a0, 0x00000000f2fcea00, 0x00000000fa000000)
[2026-09-19T06:54:30.123+0000][6045.156s][debug][gc,heap        ] GC(92)  Metaspace       used 141461K, committed 142848K, reserved 1179648K
[2026-09-19T06:54:30.123+0000][6045.156s][debug][gc,heap        ] GC(92)   class space    used 18535K, committed 19392K, reserved 1048576K
[2026-09-19T06:54:30.125+0000][6045.159s][info ][gc,heap        ] GC(92) DefNew: 71596K(78912K)->865K(78912K) Eden: 70144K(70144K)->0K(70144K) From: 1452K(8768K)->865K(8768K)
[2026-09-19T06:54:30.126+0000][6045.159s][info ][gc,heap        ] GC(92) Tenured: 59898K(174784K)->59899K(174784K)
[2026-09-19T06:54:30.126+0000][6045.159s][info ][gc,metaspace   ] GC(92) Metaspace: 141461K(142848K)->141461K(142848K) NonClass: 122925K(123456K)->122925K(123456K) Class: 18535K(19392K)->18535K(19392K)
[2026-09-19T06:54:30.126+0000][6045.159s][debug][gc,heap        ] GC(92) Heap after GC invocations=93 (full 5):
[2026-09-19T06:54:30.126+0000][6045.159s][debug][gc,heap        ] GC(92)  def new generation   total 78912K, used 865K [0x00000000e7000000, 0x00000000ec5a0000, 0x00000000ef550000)
[2026-09-19T06:54:30.126+0000][6045.159s][debug][gc,heap        ] GC(92)   eden space 70144K,   0% used [0x00000000e7000000, 0x00000000e7000000, 0x00000000eb480000)
[2026-09-19T06:54:30.126+0000][6045.159s][debug][gc,heap        ] GC(92)   from space 8768K,   9% used [0x00000000ebd10000, 0x00000000ebde8610, 0x00000000ec5a0000)
[2026-09-19T06:54:30.126+0000][6045.159s][debug][gc,heap        ] GC(92)   to   space 8768K,   0% used [0x00000000eb480000, 0x00000000eb480000, 0x00000000ebd10000)
[2026-09-19T06:54:30.126+0000][6045.159s][debug][gc,heap        ] GC(92)  tenured generation   total 174784K, used 59899K [0x00000000ef550000, 0x00000000fa000000, 0x0000000100000000)
[2026-09-19T06:54:30.126+0000][6045.159s][debug][gc,heap        ] GC(92)    the space 174784K,  34% used [0x00000000ef550000, 0x00000000f2fcee08, 0x00000000f2fcf000, 0x00000000fa000000)
[2026-09-19T06:54:30.126+0000][6045.159s][debug][gc,heap        ] GC(92)  Metaspace       used 141461K, committed 142848K, reserved 1179648K
[2026-09-19T06:54:30.126+0000][6045.159s][debug][gc,heap        ] GC(92)   class space    used 18535K, committed 19392K, reserved 1048576K
[2026-09-19T06:54:30.126+0000][6045.159s][info ][gc             ] GC(92) Pause Young (Allocation Failure) 128M->59M(247M) 2.464ms
[2026-09-19T06:54:30.126+0000][6045.159s][info ][gc,cpu         ] GC(92) User=0.00s Sys=0.00s Real=0.01s
[2026-09-19T06:56:16.448+0000][6151.481s][info ][gc,start       ] GC(93) Pause Young (Allocation Failure)
[2026-09-19T06:56:16.448+0000][6151.481s][debug][gc,heap        ] GC(93) Heap before GC invocations=93 (full 5):
[2026-09-19T06:56:16.448+0000][6151.481s][debug][gc,heap        ] GC(93)  def new generation   total 78912K, used 71009K [0x00000000e7000000, 0x00000000ec5a0000, 0x00000000ef550000)
[2026-09-19T06:56:16.448+0000][6151.481s][debug][gc,heap        ] GC(93)   eden space 70144K, 100% used [0x00000000e7000000, 0x00000000eb480000, 0x00000000eb480000)
[2026-09-19T06:56:16.448+0000][6151.481s][debug][gc,heap        ] GC(93)   from space 8768K,   9% used [0x00000000ebd10000, 0x00000000ebde8610, 0x00000000ec5a0000)
[2026-09-19T06:56:16.448+0000][6151.481s][debug][gc,heap        ] GC(93)   to   space 8768K,   0% used [0x00000000eb480000, 0x00000000eb480000, 0x00000000ebd10000)
[2026-09-19T06:56:16.448+0000][6151.481s][debug][gc,heap        ] GC(93)  tenured generation   total 174784K, used 59899K [0x00000000ef550000, 0x00000000fa000000, 0x0000000100000000)
[2026-09-19T06:56:16.448+0000][6151.481s][debug][gc,heap        ] GC(93)    the space 174784K,  34% used [0x00000000ef550000, 0x00000000f2fcee08, 0x00000000f2fcf000, 0x00000000fa000000)
[2026-09-19T06:56:16.448+0000][6151.481s][debug][gc,heap        ] GC(93)  Metaspace       used 141463K, committed 142848K, reserved 1179648K
[2026-09-19T06:56:16.448+0000][6151.481s][debug][gc,heap        ] GC(93)   class space    used 18535K, committed 19392K, reserved 1048576K
[2026-09-19T06:56:16.451+0000][6151.484s][info ][gc,heap        ] GC(93) DefNew: 71009K(78912K)->884K(78912K) Eden: 70144K(70144K)->0K(70144K) From: 865K(8768K)->884K(8768K)
[2026-09-19T06:56:16.451+0000][6151.484s][info ][gc,heap        ] GC(93) Tenured: 59899K(174784K)->59900K(174784K)
[2026-09-19T06:56:16.451+0000][6151.484s][info ][gc,metaspace   ] GC(93) Metaspace: 141463K(142848K)->141463K(142848K) NonClass: 122928K(123456K)->122928K(123456K) Class: 18535K(19392K)->18535K(19392K)
[2026-09-19T06:56:16.451+0000][6151.484s][debug][gc,heap        ] GC(93) Heap after GC invocations=94 (full 5):
[2026-09-19T06:56:16.451+0000][6151.484s][debug][gc,heap        ] GC(93)  def new generation   total 78912K, used 884K [0x00000000e7000000, 0x00000000ec5a0000, 0x00000000ef550000)
[2026-09-19T06:56:16.451+0000][6151.484s][debug][gc,heap        ] GC(93)   eden space 70144K,   0% used [0x00000000e7000000, 0x00000000e7000000, 0x00000000eb480000)
[2026-09-19T06:56:16.451+0000][6151.484s][debug][gc,heap        ] GC(93)   from space 8768K,  10% used [0x00000000eb480000, 0x00000000eb55d3c8, 0x00000000ebd10000)
[2026-09-19T06:56:16.451+0000][6151.484s][debug][gc,heap        ] GC(93)   to   space 8768K,   0% used [0x00000000ebd10000, 0x00000000ebd10000, 0x00000000ec5a0000)
[2026-09-19T06:56:16.451+0000][6151.484s][debug][gc,heap        ] GC(93)  tenured generation   total 174784K, used 59900K [0x00000000ef550000, 0x00000000fa000000, 0x0000000100000000)
[2026-09-19T06:56:16.451+0000][6151.484s][debug][gc,heap        ] GC(93)    the space 174784K,  34% used [0x00000000ef550000, 0x00000000f2fcf1c8, 0x00000000f2fcf200, 0x00000000fa000000)
[2026-09-19T06:56:16.451+0000][6151.484s][debug][gc,heap        ] GC(93)  Metaspace       used 141463K, committed 142848K, reserved 1179648K
[2026-09-19T06:56:16.451+0000][6151.484s][debug][gc,heap        ] GC(93)   class space    used 18535K, committed 19392K, reserved 1048576K
[2026-09-19T06:56:16.451+0000][6151.484s][info ][gc             ] GC(93) Pause Young (Allocation Failure) 127M->59M(247M) 2.519ms
[2026-09-19T06:56:16.451+0000][6151.484s][info ][gc,cpu         ] GC(93) User=0.00s Sys=0.00s Real=0.00s
[2026-09-19T06:58:03.240+0000][6258.273s][info ][gc,start       ] GC(94) Pause Young (Allocation Failure)
[2026-09-19T06:58:03.240+0000][6258.273s][debug][gc,heap        ] GC(94) Heap before GC invocations=94 (full 5):
[2026-09-19T06:58:03.240+0000][6258.274s][debug][gc,heap        ] GC(94)  def new generation   total 78912K, used 71028K [0x00000000e7000000, 0x00000000ec5a0000, 0x00000000ef550000)
[2026-09-19T06:58:03.240+0000][6258.274s][debug][gc,heap        ] GC(94)   eden space 70144K, 100% used [0x00000000e7000000, 0x00000000eb480000, 0x00000000eb480000)
[2026-09-19T06:58:03.240+0000][6258.274s][debug][gc,heap        ] GC(94)   from space 8768K,  10% used [0x00000000eb480000, 0x00000000eb55d3c8, 0x00000000ebd10000)
[2026-09-19T06:58:03.240+0000][6258.274s][debug][gc,heap        ] GC(94)   to   space 8768K,   0% used [0x00000000ebd10000, 0x00000000ebd10000, 0x00000000ec5a0000)
[2026-09-19T06:58:03.240+0000][6258.274s][debug][gc,heap        ] GC(94)  tenured generation   total 174784K, used 59900K [0x00000000ef550000, 0x00000000fa000000, 0x0000000100000000)
[2026-09-19T06:58:03.240+0000][6258.274s][debug][gc,heap        ] GC(94)    the space 174784K,  34% used [0x00000000ef550000, 0x00000000f2fcf1c8, 0x00000000f2fcf200, 0x00000000fa000000)
[2026-09-19T06:58:03.240+0000][6258.274s][debug][gc,heap        ] GC(94)  Metaspace       used 141467K, committed 142848K, reserved 1179648K
[2026-09-19T06:58:03.240+0000][6258.274s][debug][gc,heap        ] GC(94)   class space    used 18535K, committed 19392K, reserved 1048576K
[2026-09-19T06:58:03.243+0000][6258.276s][info ][gc,heap        ] GC(94) DefNew: 71028K(78912K)->798K(78912K) Eden: 70144K(70144K)->0K(70144K) From: 884K(8768K)->798K(8768K)
[2026-09-19T06:58:03.243+0000][6258.276s][info ][gc,heap        ] GC(94) Tenured: 59900K(174784K)->60050K(174784K)
[2026-09-19T06:58:03.243+0000][6258.276s][info ][gc,metaspace   ] GC(94) Metaspace: 141467K(142848K)->141467K(142848K) NonClass: 122932K(123456K)->122932K(123456K) Class: 18535K(19392K)->18535K(19392K)
[2026-09-19T06:58:03.243+0000][6258.276s][debug][gc,heap        ] GC(94) Heap after GC invocations=95 (full 5):
[2026-09-19T06:58:03.243+0000][6258.276s][debug][gc,heap        ] GC(94)  def new generation   total 78912K, used 798K [0x00000000e7000000, 0x00000000ec5a0000, 0x00000000ef550000)
[2026-09-19T06:58:03.243+0000][6258.276s][debug][gc,heap        ] GC(94)   eden space 70144K,   0% used [0x00000000e7000000, 0x00000000e7000000, 0x00000000eb480000)
[2026-09-19T06:58:03.243+0000][6258.276s][debug][gc,heap        ] GC(94)   from space 8768K,   9% used [0x00000000ebd10000, 0x00000000ebdd7990, 0x00000000ec5a0000)
[2026-09-19T06:58:03.243+0000][6258.276s][debug][gc,heap        ] GC(94)   to   space 8768K,   0% used [0x00000000eb480000, 0x00000000eb480000, 0x00000000ebd10000)
[2026-09-19T06:58:03.243+0000][6258.276s][debug][gc,heap        ] GC(94)  tenured generation   total 174784K, used 60050K [0x00000000ef550000, 0x00000000fa000000, 0x0000000100000000)
[2026-09-19T06:58:03.243+0000][6258.276s][debug][gc,heap        ] GC(94)    the space 174784K,  34% used [0x00000000ef550000, 0x00000000f2ff4810, 0x00000000f2ff4a00, 0x00000000fa000000)
[2026-09-19T06:58:03.243+0000][6258.276s][debug][gc,heap        ] GC(94)  Metaspace       used 141467K, committed 142848K, reserved 1179648K
[2026-09-19T06:58:03.243+0000][6258.276s][debug][gc,heap        ] GC(94)   class space    used 18535K, committed 19392K, reserved 1048576K
[2026-09-19T06:58:03.243+0000][6258.276s][info ][gc             ] GC(94) Pause Young (Allocation Failure) 127M->59M(247M) 2.804ms
[2026-09-19T06:58:03.243+0000][6258.276s][info ][gc,cpu         ] GC(94) User=0.00s Sys=0.00s Real=0.00s
[2026-09-19T06:59:47.976+0000][6363.009s][info ][gc,start       ] GC(95) Pause Young (Allocation Failure)
[2026-09-19T06:59:47.976+0000][6363.009s][debug][gc,heap        ] GC(95) Heap before GC invocations=95 (full 5):
[2026-09-19T06:59:47.976+0000][6363.009s][debug][gc,heap        ] GC(95)  def new generation   total 78912K, used 70942K [0x00000000e7000000, 0x00000000ec5a0000, 0x00000000ef550000)
[2026-09-19T06:59:47.976+0000][6363.009s][debug][gc,heap        ] GC(95)   eden space 70144K, 100% used [0x00000000e7000000, 0x00000000eb480000, 0x00000000eb480000)
[2026-09-19T06:59:47.976+0000][6363.009s][debug][gc,heap        ] GC(95)   from space 8768K,   9% used [0x00000000ebd10000, 0x00000000ebdd7990, 0x00000000ec5a0000)
[2026-09-19T06:59:47.976+0000][6363.009s][debug][gc,heap        ] GC(95)   to   space 8768K,   0% used [0x00000000eb480000, 0x00000000eb480000, 0x00000000ebd10000)
[2026-09-19T06:59:47.976+0000][6363.009s][debug][gc,heap        ] GC(95)  tenured generation   total 174784K, used 60050K [0x00000000ef550000, 0x00000000fa000000, 0x0000000100000000)
[2026-09-19T06:59:47.976+0000][6363.009s][debug][gc,heap        ] GC(95)    the space 174784K,  34% used [0x00000000ef550000, 0x00000000f2ff4810, 0x00000000f2ff4a00, 0x00000000fa000000)
[2026-09-19T06:59:47.976+0000][6363.009s][debug][gc,heap        ] GC(95)  Metaspace       used 141470K, committed 142848K, reserved 1179648K
[2026-09-19T06:59:47.976+0000][6363.009s][debug][gc,heap        ] GC(95)   class space    used 18535K, committed 19392K, reserved 1048576K
[2026-09-19T06:59:47.978+0000][6363.011s][info ][gc,heap        ] GC(95) DefNew: 70942K(78912K)->859K(78912K) Eden: 70144K(70144K)->0K(70144K) From: 798K(8768K)->859K(8768K)
[2026-09-19T06:59:47.978+0000][6363.012s][info ][gc,heap        ] GC(95) Tenured: 60050K(174784K)->60058K(174784K)
[2026-09-19T06:59:47.978+0000][6363.012s][info ][gc,metaspace   ] GC(95) Metaspace: 141470K(142848K)->141470K(142848K) NonClass: 122935K(123456K)->122935K(123456K) Class: 18535K(19392K)->18535K(19392K)
[2026-09-19T06:59:47.978+0000][6363.012s][debug][gc,heap        ] GC(95) Heap after GC invocations=96 (full 5):
[2026-09-19T06:59:47.978+0000][6363.012s][debug][gc,heap        ] GC(95)  def new generation   total 78912K, used 859K [0x00000000e7000000, 0x00000000ec5a0000, 0x00000000ef550000)
[2026-09-19T06:59:47.978+0000][6363.012s][debug][gc,heap        ] GC(95)   eden space 70144K,   0% used [0x00000000e7000000, 0x00000000e7000000, 0x00000000eb480000)
[2026-09-19T06:59:47.978+0000][6363.012s][debug][gc,heap        ] GC(95)   from space 8768K,   9% used [0x00000000eb480000, 0x00000000eb556e48, 0x00000000ebd10000)
[2026-09-19T06:59:47.978+0000][6363.012s][debug][gc,heap        ] GC(95)   to   space 8768K,   0% used [0x00000000ebd10000, 0x00000000ebd10000, 0x00000000ec5a0000)
[2026-09-19T06:59:47.978+0000][6363.012s][debug][gc,heap        ] GC(95)  tenured generation   total 174784K, used 60058K [0x00000000ef550000, 0x00000000fa000000, 0x0000000100000000)
[2026-09-19T06:59:47.978+0000][6363.012s][debug][gc,heap        ] GC(95)    the space 174784K,  34% used [0x00000000ef550000, 0x00000000f2ff6910, 0x00000000f2ff6a00, 0x00000000fa000000)
[2026-09-19T06:59:47.978+0000][6363.012s][debug][gc,heap        ] GC(95)  Metaspace       used 141470K, committed 142848K, reserved 1179648K
[2026-09-19T06:59:47.978+0000][6363.012s][debug][gc,heap        ] GC(95)   class space    used 18535K, committed 19392K, reserved 1048576K
[2026-09-19T06:59:47.978+0000][6363.012s][info ][gc             ] GC(95) Pause Young (Allocation Failure) 127M->59M(247M) 2.752ms
[2026-09-19T06:59:47.978+0000][6363.012s][info ][gc,cpu         ] GC(95) User=0.01s Sys=0.00s Real=0.00s
[2026-09-19T07:01:40.562+0000][6475.595s][info ][gc,start       ] GC(96) Pause Young (Allocation Failure)
[2026-09-19T07:01:40.562+0000][6475.595s][debug][gc,heap        ] GC(96) Heap before GC invocations=96 (full 5):
[2026-09-19T07:01:40.562+0000][6475.595s][debug][gc,heap        ] GC(96)  def new generation   total 78912K, used 71003K [0x00000000e7000000, 0x00000000ec5a0000, 0x00000000ef550000)
[2026-09-19T07:01:40.562+0000][6475.595s][debug][gc,heap        ] GC(96)   eden space 70144K, 100% used [0x00000000e7000000, 0x00000000eb480000, 0x00000000eb480000)
[2026-09-19T07:01:40.562+0000][6475.595s][debug][gc,heap        ] GC(96)   from space 8768K,   9% used [0x00000000eb480000, 0x00000000eb556e48, 0x00000000ebd10000)
[2026-09-19T07:01:40.562+0000][6475.595s][debug][gc,heap        ] GC(96)   to   space 8768K,   0% used [0x00000000ebd10000, 0x00000000ebd10000, 0x00000000ec5a0000)
[2026-09-19T07:01:40.562+0000][6475.595s][debug][gc,heap        ] GC(96)  tenured generation   total 174784K, used 60058K [0x00000000ef550000, 0x00000000fa000000, 0x0000000100000000)
[2026-09-19T07:01:40.562+0000][6475.595s][debug][gc,heap        ] GC(96)    the space 174784K,  34% used [0x00000000ef550000, 0x00000000f2ff6910, 0x00000000f2ff6a00, 0x00000000fa000000)
[2026-09-19T07:01:40.562+0000][6475.595s][debug][gc,heap        ] GC(96)  Metaspace       used 141499K, committed 142848K, reserved 1179648K
[2026-09-19T07:01:40.562+0000][6475.595s][debug][gc,heap        ] GC(96)   class space    used 18535K, committed 19392K, reserved 1048576K
[2026-09-19T07:01:40.565+0000][6475.598s][info ][gc,heap        ] GC(96) DefNew: 71003K(78912K)->1222K(78912K) Eden: 70144K(70144K)->0K(70144K) From: 859K(8768K)->1222K(8768K)
[2026-09-19T07:01:40.565+0000][6475.598s][info ][gc,heap        ] GC(96) Tenured: 60058K(174784K)->60145K(174784K)
[2026-09-19T07:01:40.565+0000][6475.598s][info ][gc,metaspace   ] GC(96) Metaspace: 141499K(142848K)->141499K(142848K) NonClass: 122963K(123456K)->122963K(123456K) Class: 18535K(19392K)->18535K(19392K)
[2026-09-19T07:01:40.565+0000][6475.598s][debug][gc,heap        ] GC(96) Heap after GC invocations=97 (full 5):
[2026-09-19T07:01:40.565+0000][6475.598s][debug][gc,heap        ] GC(96)  def new generation   total 78912K, used 1222K [0x00000000e7000000, 0x00000000ec5a0000, 0x00000000ef550000)
[2026-09-19T07:01:40.565+0000][6475.598s][debug][gc,heap        ] GC(96)   eden space 70144K,   0% used [0x00000000e7000000, 0x00000000e7000000, 0x00000000eb480000)
[2026-09-19T07:01:40.565+0000][6475.598s][debug][gc,heap        ] GC(96)   from space 8768K,  13% used [0x00000000ebd10000, 0x00000000ebe41b18, 0x00000000ec5a0000)
[2026-09-19T07:01:40.565+0000][6475.598s][debug][gc,heap        ] GC(96)   to   space 8768K,   0% used [0x00000000eb480000, 0x00000000eb480000, 0x00000000ebd10000)
[2026-09-19T07:01:40.565+0000][6475.598s][debug][gc,heap        ] GC(96)  tenured generation   total 174784K, used 60145K [0x00000000ef550000, 0x00000000fa000000, 0x0000000100000000)
[2026-09-19T07:01:40.565+0000][6475.598s][debug][gc,heap        ] GC(96)    the space 174784K,  34% used [0x00000000ef550000, 0x00000000f300c670, 0x00000000f300c800, 0x00000000fa000000)
[2026-09-19T07:01:40.565+0000][6475.598s][debug][gc,heap        ] GC(96)  Metaspace       used 141499K, committed 142848K, reserved 1179648K
[2026-09-19T07:01:40.565+0000][6475.598s][debug][gc,heap        ] GC(96)   class space    used 18535K, committed 19392K, reserved 1048576K
[2026-09-19T07:01:40.565+0000][6475.598s][info ][gc             ] GC(96) Pause Young (Allocation Failure) 127M->59M(247M) 2.923ms
[2026-09-19T07:01:40.565+0000][6475.598s][info ][gc,cpu         ] GC(96) User=0.00s Sys=0.00s Real=0.01s
[2026-09-19T07:03:27.915+0000][6582.948s][info ][gc,start       ] GC(97) Pause Young (Allocation Failure)
[2026-09-19T07:03:27.915+0000][6582.948s][debug][gc,heap        ] GC(97) Heap before GC invocations=97 (full 5):
[2026-09-19T07:03:27.915+0000][6582.948s][debug][gc,heap        ] GC(97)  def new generation   total 78912K, used 71366K [0x00000000e7000000, 0x00000000ec5a0000, 0x00000000ef550000)
[2026-09-19T07:03:27.915+0000][6582.948s][debug][gc,heap        ] GC(97)   eden space 70144K, 100% used [0x00000000e7000000, 0x00000000eb480000, 0x00000000eb480000)
[2026-09-19T07:03:27.915+0000][6582.948s][debug][gc,heap        ] GC(97)   from space 8768K,  13% used [0x00000000ebd10000, 0x00000000ebe41b18, 0x00000000ec5a0000)
[2026-09-19T07:03:27.915+0000][6582.948s][debug][gc,heap        ] GC(97)   to   space 8768K,   0% used [0x00000000eb480000, 0x00000000eb480000, 0x00000000ebd10000)
[2026-09-19T07:03:27.915+0000][6582.948s][debug][gc,heap        ] GC(97)  tenured generation   total 174784K, used 60145K [0x00000000ef550000, 0x00000000fa000000, 0x0000000100000000)
[2026-09-19T07:03:27.915+0000][6582.948s][debug][gc,heap        ] GC(97)    the space 174784K,  34% used [0x00000000ef550000, 0x00000000f300c670, 0x00000000f300c800, 0x00000000fa000000)
[2026-09-19T07:03:27.915+0000][6582.948s][debug][gc,heap        ] GC(97)  Metaspace       used 141505K, committed 142848K, reserved 1179648K
[2026-09-19T07:03:27.915+0000][6582.948s][debug][gc,heap        ] GC(97)   class space    used 18535K, committed 19392K, reserved 1048576K
[2026-09-19T07:03:27.918+0000][6582.951s][info ][gc,heap        ] GC(97) DefNew: 71366K(78912K)->1583K(78912K) Eden: 70144K(70144K)->0K(70144K) From: 1222K(8768K)->1583K(8768K)
[2026-09-19T07:03:27.918+0000][6582.951s][info ][gc,heap        ] GC(97) Tenured: 60145K(174784K)->60147K(174784K)
[2026-09-19T07:03:27.918+0000][6582.951s][info ][gc,metaspace   ] GC(97) Metaspace: 141505K(142848K)->141505K(142848K) NonClass: 122969K(123456K)->122969K(123456K) Class: 18535K(19392K)->18535K(19392K)
[2026-09-19T07:03:27.918+0000][6582.951s][debug][gc,heap        ] GC(97) Heap after GC invocations=98 (full 5):
[2026-09-19T07:03:27.918+0000][6582.951s][debug][gc,heap        ] GC(97)  def new generation   total 78912K, used 1583K [0x00000000e7000000, 0x00000000ec5a0000, 0x00000000ef550000)
[2026-09-19T07:03:27.918+0000][6582.951s][debug][gc,heap        ] GC(97)   eden space 70144K,   0% used [0x00000000e7000000, 0x00000000e7000000, 0x00000000eb480000)
[2026-09-19T07:03:27.918+0000][6582.951s][debug][gc,heap        ] GC(97)   from space 8768K,  18% used [0x00000000eb480000, 0x00000000eb60bd20, 0x00000000ebd10000)
[2026-09-19T07:03:27.918+0000][6582.951s][debug][gc,heap        ] GC(97)   to   space 8768K,   0% used [0x00000000ebd10000, 0x00000000ebd10000, 0x00000000ec5a0000)
[2026-09-19T07:03:27.918+0000][6582.951s][debug][gc,heap        ] GC(97)  tenured generation   total 174784K, used 60147K [0x00000000ef550000, 0x00000000fa000000, 0x0000000100000000)
[2026-09-19T07:03:27.918+0000][6582.951s][debug][gc,heap        ] GC(97)    the space 174784K,  34% used [0x00000000ef550000, 0x00000000f300cc10, 0x00000000f300ce00, 0x00000000fa000000)
[2026-09-19T07:03:27.918+0000][6582.951s][debug][gc,heap        ] GC(97)  Metaspace       used 141505K, committed 142848K, reserved 1179648K
[2026-09-19T07:03:27.918+0000][6582.951s][debug][gc,heap        ] GC(97)   class space    used 18535K, committed 19392K, reserved 1048576K
[2026-09-19T07:03:27.918+0000][6582.951s][info ][gc             ] GC(97) Pause Young (Allocation Failure) 128M->60M(247M) 2.841ms
[2026-09-19T07:03:27.918+0000][6582.951s][info ][gc,cpu         ] GC(97) User=0.00s Sys=0.00s Real=0.00s
[2026-09-19T07:05:12.839+0000][6687.872s][info ][gc,start       ] GC(98) Pause Young (Allocation Failure)
[2026-09-19T07:05:12.839+0000][6687.872s][debug][gc,heap        ] GC(98) Heap before GC invocations=98 (full 5):
[2026-09-19T07:05:12.839+0000][6687.872s][debug][gc,heap        ] GC(98)  def new generation   total 78912K, used 71727K [0x00000000e7000000, 0x00000000ec5a0000, 0x00000000ef550000)
[2026-09-19T07:05:12.839+0000][6687.872s][debug][gc,heap        ] GC(98)   eden space 70144K, 100% used [0x00000000e7000000, 0x00000000eb480000, 0x00000000eb480000)
[2026-09-19T07:05:12.839+0000][6687.872s][debug][gc,heap        ] GC(98)   from space 8768K,  18% used [0x00000000eb480000, 0x00000000eb60bd20, 0x00000000ebd10000)
[2026-09-19T07:05:12.839+0000][6687.872s][debug][gc,heap        ] GC(98)   to   space 8768K,   0% used [0x00000000ebd10000, 0x00000000ebd10000, 0x00000000ec5a0000)
[2026-09-19T07:05:12.839+0000][6687.872s][debug][gc,heap        ] GC(98)  tenured generation   total 174784K, used 60147K [0x00000000ef550000, 0x00000000fa000000, 0x0000000100000000)
[2026-09-19T07:05:12.839+0000][6687.872s][debug][gc,heap        ] GC(98)    the space 174784K,  34% used [0x00000000ef550000, 0x00000000f300cc10, 0x00000000f300ce00, 0x00000000fa000000)
[2026-09-19T07:05:12.839+0000][6687.872s][debug][gc,heap        ] GC(98)  Metaspace       used 141505K, committed 142848K, reserved 1179648K
[2026-09-19T07:05:12.839+0000][6687.872s][debug][gc,heap        ] GC(98)   class space    used 18535K, committed 19392K, reserved 1048576K
[2026-09-19T07:05:12.841+0000][6687.875s][info ][gc,heap        ] GC(98) DefNew: 71727K(78912K)->850K(78912K) Eden: 70144K(70144K)->0K(70144K) From: 1583K(8768K)->850K(8768K)
[2026-09-19T07:05:12.841+0000][6687.875s][info ][gc,heap        ] GC(98) Tenured: 60147K(174784K)->60147K(174784K)
[2026-09-19T07:05:12.841+0000][6687.875s][info ][gc,metaspace   ] GC(98) Metaspace: 141505K(142848K)->141505K(142848K) NonClass: 122970K(123456K)->122970K(123456K) Class: 18535K(19392K)->18535K(19392K)
[2026-09-19T07:05:12.841+0000][6687.875s][debug][gc,heap        ] GC(98) Heap after GC invocations=99 (full 5):
[2026-09-19T07:05:12.841+0000][6687.875s][debug][gc,heap        ] GC(98)  def new generation   total 78912K, used 850K [0x00000000e7000000, 0x00000000ec5a0000, 0x00000000ef550000)
[2026-09-19T07:05:12.841+0000][6687.875s][debug][gc,heap        ] GC(98)   eden space 70144K,   0% used [0x00000000e7000000, 0x00000000e7000000, 0x00000000eb480000)
[2026-09-19T07:05:12.841+0000][6687.875s][debug][gc,heap        ] GC(98)   from space 8768K,   9% used [0x00000000ebd10000, 0x00000000ebde4868, 0x00000000ec5a0000)
[2026-09-19T07:05:12.841+0000][6687.875s][debug][gc,heap        ] GC(98)   to   space 8768K,   0% used [0x00000000eb480000, 0x00000000eb480000, 0x00000000ebd10000)
[2026-09-19T07:05:12.841+0000][6687.875s][debug][gc,heap        ] GC(98)  tenured generation   total 174784K, used 60147K [0x00000000ef550000, 0x00000000fa000000, 0x0000000100000000)
[2026-09-19T07:05:12.841+0000][6687.875s][debug][gc,heap        ] GC(98)    the space 174784K,  34% used [0x00000000ef550000, 0x00000000f300cd08, 0x00000000f300ce00, 0x00000000fa000000)
[2026-09-19T07:05:12.841+0000][6687.875s][debug][gc,heap        ] GC(98)  Metaspace       used 141505K, committed 142848K, reserved 1179648K
[2026-09-19T07:05:12.841+0000][6687.875s][debug][gc,heap        ] GC(98)   class space    used 18535K, committed 19392K, reserved 1048576K
[2026-09-19T07:05:12.841+0000][6687.875s][info ][gc             ] GC(98) Pause Young (Allocation Failure) 128M->59M(247M) 2.418ms
[2026-09-19T07:05:12.842+0000][6687.875s][info ][gc,cpu         ] GC(98) User=0.00s Sys=0.00s Real=0.00s
[2026-09-19T07:07:02.467+0000][6797.500s][info ][gc,start       ] GC(99) Pause Young (Allocation Failure)
[2026-09-19T07:07:02.467+0000][6797.501s][debug][gc,heap        ] GC(99) Heap before GC invocations=99 (full 5):
[2026-09-19T07:07:02.467+0000][6797.501s][debug][gc,heap        ] GC(99)  def new generation   total 78912K, used 70994K [0x00000000e7000000, 0x00000000ec5a0000, 0x00000000ef550000)
[2026-09-19T07:07:02.467+0000][6797.501s][debug][gc,heap        ] GC(99)   eden space 70144K, 100% used [0x00000000e7000000, 0x00000000eb480000, 0x00000000eb480000)
[2026-09-19T07:07:02.467+0000][6797.501s][debug][gc,heap        ] GC(99)   from space 8768K,   9% used [0x00000000ebd10000, 0x00000000ebde4868, 0x00000000ec5a0000)
[2026-09-19T07:07:02.467+0000][6797.501s][debug][gc,heap        ] GC(99)   to   space 8768K,   0% used [0x00000000eb480000, 0x00000000eb480000, 0x00000000ebd10000)
[2026-09-19T07:07:02.467+0000][6797.501s][debug][gc,heap        ] GC(99)  tenured generation   total 174784K, used 60147K [0x00000000ef550000, 0x00000000fa000000, 0x0000000100000000)
[2026-09-19T07:07:02.467+0000][6797.501s][debug][gc,heap        ] GC(99)    the space 174784K,  34% used [0x00000000ef550000, 0x00000000f300cd08, 0x00000000f300ce00, 0x00000000fa000000)
[2026-09-19T07:07:02.467+0000][6797.501s][debug][gc,heap        ] GC(99)  Metaspace       used 141505K, committed 142848K, reserved 1179648K
[2026-09-19T07:07:02.467+0000][6797.501s][debug][gc,heap        ] GC(99)   class space    used 18535K, committed 19392K, reserved 1048576K
[2026-09-19T07:07:02.470+0000][6797.503s][info ][gc,heap        ] GC(99) DefNew: 70994K(78912K)->941K(78912K) Eden: 70144K(70144K)->0K(70144K) From: 850K(8768K)->941K(8768K)
[2026-09-19T07:07:02.470+0000][6797.503s][info ][gc,heap        ] GC(99) Tenured: 60147K(174784K)->60148K(174784K)
[2026-09-19T07:07:02.470+0000][6797.503s][info ][gc,metaspace   ] GC(99) Metaspace: 141505K(142848K)->141505K(142848K) NonClass: 122970K(123456K)->122970K(123456K) Class: 18535K(19392K)->18535K(19392K)
[2026-09-19T07:07:02.470+0000][6797.503s][debug][gc,heap        ] GC(99) Heap after GC invocations=100 (full 5):
[2026-09-19T07:07:02.470+0000][6797.503s][debug][gc,heap        ] GC(99)  def new generation   total 78912K, used 941K [0x00000000e7000000, 0x00000000ec5a0000, 0x00000000ef550000)
[2026-09-19T07:07:02.470+0000][6797.503s][debug][gc,heap        ] GC(99)   eden space 70144K,   0% used [0x00000000e7000000, 0x00000000e7000000, 0x00000000eb480000)
[2026-09-19T07:07:02.470+0000][6797.503s][debug][gc,heap        ] GC(99)   from space 8768K,  10% used [0x00000000eb480000, 0x00000000eb56b770, 0x00000000ebd10000)
[2026-09-19T07:07:02.470+0000][6797.503s][debug][gc,heap        ] GC(99)   to   space 8768K,   0% used [0x00000000ebd10000, 0x00000000ebd10000, 0x00000000ec5a0000)
[2026-09-19T07:07:02.470+0000][6797.503s][debug][gc,heap        ] GC(99)  tenured generation   total 174784K, used 60148K [0x00000000ef550000, 0x00000000fa000000, 0x0000000100000000)
[2026-09-19T07:07:02.470+0000][6797.503s][debug][gc,heap        ] GC(99)    the space 174784K,  34% used [0x00000000ef550000, 0x00000000f300d248, 0x00000000f300d400, 0x00000000fa000000)
[2026-09-19T07:07:02.470+0000][6797.503s][debug][gc,heap        ] GC(99)  Metaspace       used 141505K, committed 142848K, reserved 1179648K
[2026-09-19T07:07:02.470+0000][6797.503s][debug][gc,heap        ] GC(99)   class space    used 18535K, committed 19392K, reserved 1048576K
[2026-09-19T07:07:02.470+0000][6797.503s][info ][gc             ] GC(99) Pause Young (Allocation Failure) 128M->59M(247M) 2.691ms
[2026-09-19T07:07:02.470+0000][6797.503s][info ][gc,cpu         ] GC(99) User=0.00s Sys=0.00s Real=0.00s
[2026-09-19T07:08:55.450+0000][6910.483s][info ][gc,start       ] GC(100) Pause Young (Allocation Failure)
[2026-09-19T07:08:55.450+0000][6910.483s][debug][gc,heap        ] GC(100) Heap before GC invocations=100 (full 5):
[2026-09-19T07:08:55.450+0000][6910.483s][debug][gc,heap        ] GC(100)  def new generation   total 78912K, used 71085K [0x00000000e7000000, 0x00000000ec5a0000, 0x00000000ef550000)
[2026-09-19T07:08:55.450+0000][6910.483s][debug][gc,heap        ] GC(100)   eden space 70144K, 100% used [0x00000000e7000000, 0x00000000eb480000, 0x00000000eb480000)
[2026-09-19T07:08:55.450+0000][6910.483s][debug][gc,heap        ] GC(100)   from space 8768K,  10% used [0x00000000eb480000, 0x00000000eb56b770, 0x00000000ebd10000)
[2026-09-19T07:08:55.450+0000][6910.483s][debug][gc,heap        ] GC(100)   to   space 8768K,   0% used [0x00000000ebd10000, 0x00000000ebd10000, 0x00000000ec5a0000)
[2026-09-19T07:08:55.450+0000][6910.483s][debug][gc,heap        ] GC(100)  tenured generation   total 174784K, used 60148K [0x00000000ef550000, 0x00000000fa000000, 0x0000000100000000)
[2026-09-19T07:08:55.450+0000][6910.483s][debug][gc,heap        ] GC(100)    the space 174784K,  34% used [0x00000000ef550000, 0x00000000f300d248, 0x00000000f300d400, 0x00000000fa000000)
[2026-09-19T07:08:55.450+0000][6910.483s][debug][gc,heap        ] GC(100)  Metaspace       used 141505K, committed 142848K, reserved 1179648K
[2026-09-19T07:08:55.450+0000][6910.483s][debug][gc,heap        ] GC(100)   class space    used 18535K, committed 19392K, reserved 1048576K
[2026-09-19T07:08:55.452+0000][6910.486s][info ][gc,heap        ] GC(100) DefNew: 71085K(78912K)->1312K(78912K) Eden: 70144K(70144K)->0K(70144K) From: 941K(8768K)->1312K(8768K)
[2026-09-19T07:08:55.452+0000][6910.486s][info ][gc,heap        ] GC(100) Tenured: 60148K(174784K)->60203K(174784K)
[2026-09-19T07:08:55.452+0000][6910.486s][info ][gc,metaspace   ] GC(100) Metaspace: 141505K(142848K)->141505K(142848K) NonClass: 122970K(123456K)->122970K(123456K) Class: 18535K(19392K)->18535K(19392K)
[2026-09-19T07:08:55.452+0000][6910.486s][debug][gc,heap        ] GC(100) Heap after GC invocations=101 (full 5):
[2026-09-19T07:08:55.452+0000][6910.486s][debug][gc,heap        ] GC(100)  def new generation   total 78912K, used 1312K [0x00000000e7000000, 0x00000000ec5a0000, 0x00000000ef550000)
[2026-09-19T07:08:55.452+0000][6910.486s][debug][gc,heap        ] GC(100)   eden space 70144K,   0% used [0x00000000e7000000, 0x00000000e7000000, 0x00000000eb480000)
[2026-09-19T07:08:55.452+0000][6910.486s][debug][gc,heap        ] GC(100)   from space 8768K,  14% used [0x00000000ebd10000, 0x00000000ebe58220, 0x00000000ec5a0000)
[2026-09-19T07:08:55.452+0000][6910.486s][debug][gc,heap        ] GC(100)   to   space 8768K,   0% used [0x00000000eb480000, 0x00000000eb480000, 0x00000000ebd10000)
[2026-09-19T07:08:55.452+0000][6910.486s][debug][gc,heap        ] GC(100)  tenured generation   total 174784K, used 60203K [0x00000000ef550000, 0x00000000fa000000, 0x0000000100000000)
[2026-09-19T07:08:55.452+0000][6910.486s][debug][gc,heap        ] GC(100)    the space 174784K,  34% used [0x00000000ef550000, 0x00000000f301ae48, 0x00000000f301b000, 0x00000000fa000000)
[2026-09-19T07:08:55.452+0000][6910.486s][debug][gc,heap        ] GC(100)  Metaspace       used 141505K, committed 142848K, reserved 1179648K
[2026-09-19T07:08:55.452+0000][6910.486s][debug][gc,heap        ] GC(100)   class space    used 18535K, committed 19392K, reserved 1048576K
[2026-09-19T07:08:55.452+0000][6910.486s][info ][gc             ] GC(100) Pause Young (Allocation Failure) 128M->60M(247M) 2.681ms
[2026-09-19T07:08:55.453+0000][6910.486s][info ][gc,cpu         ] GC(100) User=0.00s Sys=0.00s Real=0.00s
[2026-09-19T07:10:44.589+0000][7019.622s][info ][gc,start       ] GC(101) Pause Young (Allocation Failure)
[2026-09-19T07:10:44.589+0000][7019.622s][debug][gc,heap        ] GC(101) Heap before GC invocations=101 (full 5):
[2026-09-19T07:10:44.589+0000][7019.622s][debug][gc,heap        ] GC(101)  def new generation   total 78912K, used 71456K [0x00000000e7000000, 0x00000000ec5a0000, 0x00000000ef550000)
[2026-09-19T07:10:44.589+0000][7019.622s][debug][gc,heap        ] GC(101)   eden space 70144K, 100% used [0x00000000e7000000, 0x00000000eb480000, 0x00000000eb480000)
[2026-09-19T07:10:44.589+0000][7019.622s][debug][gc,heap        ] GC(101)   from space 8768K,  14% used [0x00000000ebd10000, 0x00000000ebe58220, 0x00000000ec5a0000)
[2026-09-19T07:10:44.589+0000][7019.622s][debug][gc,heap        ] GC(101)   to   space 8768K,   0% used [0x00000000eb480000, 0x00000000eb480000, 0x00000000ebd10000)
[2026-09-19T07:10:44.589+0000][7019.622s][debug][gc,heap        ] GC(101)  tenured generation   total 174784K, used 60203K [0x00000000ef550000, 0x00000000fa000000, 0x0000000100000000)
[2026-09-19T07:10:44.589+0000][7019.622s][debug][gc,heap        ] GC(101)    the space 174784K,  34% used [0x00000000ef550000, 0x00000000f301ae48, 0x00000000f301b000, 0x00000000fa000000)
[2026-09-19T07:10:44.589+0000][7019.622s][debug][gc,heap        ] GC(101)  Metaspace       used 141505K, committed 142848K, reserved 1179648K
[2026-09-19T07:10:44.589+0000][7019.622s][debug][gc,heap        ] GC(101)   class space    used 18535K, committed 19392K, reserved 1048576K
[2026-09-19T07:10:44.591+0000][7019.625s][info ][gc,heap        ] GC(101) DefNew: 71456K(78912K)->1591K(78912K) Eden: 70144K(70144K)->0K(70144K) From: 1312K(8768K)->1591K(8768K)
[2026-09-19T07:10:44.591+0000][7019.625s][info ][gc,heap        ] GC(101) Tenured: 60203K(174784K)->60205K(174784K)
[2026-09-19T07:10:44.591+0000][7019.625s][info ][gc,metaspace   ] GC(101) Metaspace: 141505K(142848K)->141505K(142848K) NonClass: 122970K(123456K)->122970K(123456K) Class: 18535K(19392K)->18535K(19392K)
[2026-09-19T07:10:44.591+0000][7019.625s][debug][gc,heap        ] GC(101) Heap after GC invocations=102 (full 5):
[2026-09-19T07:10:44.591+0000][7019.625s][debug][gc,heap        ] GC(101)  def new generation   total 78912K, used 1591K [0x00000000e7000000, 0x00000000ec5a0000, 0x00000000ef550000)
[2026-09-19T07:10:44.591+0000][7019.625s][debug][gc,heap        ] GC(101)   eden space 70144K,   0% used [0x00000000e7000000, 0x00000000e7000000, 0x00000000eb480000)
[2026-09-19T07:10:44.591+0000][7019.625s][debug][gc,heap        ] GC(101)   from space 8768K,  18% used [0x00000000eb480000, 0x00000000eb60ddb0, 0x00000000ebd10000)
[2026-09-19T07:10:44.591+0000][7019.625s][debug][gc,heap        ] GC(101)   to   space 8768K,   0% used [0x00000000ebd10000, 0x00000000ebd10000, 0x00000000ec5a0000)
[2026-09-19T07:10:44.591+0000][7019.625s][debug][gc,heap        ] GC(101)  tenured generation   total 174784K, used 60205K [0x00000000ef550000, 0x00000000fa000000, 0x0000000100000000)
[2026-09-19T07:10:44.591+0000][7019.625s][debug][gc,heap        ] GC(101)    the space 174784K,  34% used [0x00000000ef550000, 0x00000000f301b698, 0x00000000f301b800, 0x00000000fa000000)
[2026-09-19T07:10:44.591+0000][7019.625s][debug][gc,heap        ] GC(101)  Metaspace       used 141505K, committed 142848K, reserved 1179648K
[2026-09-19T07:10:44.591+0000][7019.625s][debug][gc,heap        ] GC(101)   class space    used 18535K, committed 19392K, reserved 1048576K
[2026-09-19T07:10:44.591+0000][7019.625s][info ][gc             ] GC(101) Pause Young (Allocation Failure) 128M->60M(247M) 2.496ms
[2026-09-19T07:10:44.592+0000][7019.625s][info ][gc,cpu         ] GC(101) User=0.01s Sys=0.00s Real=0.00s
[2026-09-19T07:12:32.661+0000][7127.694s][info ][gc,start       ] GC(102) Pause Young (Allocation Failure)
[2026-09-19T07:12:32.661+0000][7127.694s][debug][gc,heap        ] GC(102) Heap before GC invocations=102 (full 5):
[2026-09-19T07:12:32.661+0000][7127.694s][debug][gc,heap        ] GC(102)  def new generation   total 78912K, used 71735K [0x00000000e7000000, 0x00000000ec5a0000, 0x00000000ef550000)
[2026-09-19T07:12:32.661+0000][7127.694s][debug][gc,heap        ] GC(102)   eden space 70144K, 100% used [0x00000000e7000000, 0x00000000eb480000, 0x00000000eb480000)
[2026-09-19T07:12:32.661+0000][7127.694s][debug][gc,heap        ] GC(102)   from space 8768K,  18% used [0x00000000eb480000, 0x00000000eb60ddb0, 0x00000000ebd10000)
[2026-09-19T07:12:32.661+0000][7127.694s][debug][gc,heap        ] GC(102)   to   space 8768K,   0% used [0x00000000ebd10000, 0x00000000ebd10000, 0x00000000ec5a0000)
[2026-09-19T07:12:32.661+0000][7127.694s][debug][gc,heap        ] GC(102)  tenured generation   total 174784K, used 60205K [0x00000000ef550000, 0x00000000fa000000, 0x0000000100000000)
[2026-09-19T07:12:32.661+0000][7127.694s][debug][gc,heap        ] GC(102)    the space 174784K,  34% used [0x00000000ef550000, 0x00000000f301b698, 0x00000000f301b800, 0x00000000fa000000)
[2026-09-19T07:12:32.661+0000][7127.694s][debug][gc,heap        ] GC(102)  Metaspace       used 141506K, committed 142848K, reserved 1179648K
[2026-09-19T07:12:32.661+0000][7127.694s][debug][gc,heap        ] GC(102)   class space    used 18535K, committed 19392K, reserved 1048576K
[2026-09-19T07:12:32.663+0000][7127.696s][info ][gc,heap        ] GC(102) DefNew: 71735K(78912K)->1747K(78912K) Eden: 70144K(70144K)->0K(70144K) From: 1591K(8768K)->1747K(8768K)
[2026-09-19T07:12:32.663+0000][7127.696s][info ][gc,heap        ] GC(102) Tenured: 60205K(174784K)->60238K(174784K)
[2026-09-19T07:12:32.663+0000][7127.696s][info ][gc,metaspace   ] GC(102) Metaspace: 141506K(142848K)->141506K(142848K) NonClass: 122970K(123456K)->122970K(123456K) Class: 18535K(19392K)->18535K(19392K)
[2026-09-19T07:12:32.663+0000][7127.696s][debug][gc,heap        ] GC(102) Heap after GC invocations=103 (full 5):
[2026-09-19T07:12:32.663+0000][7127.696s][debug][gc,heap        ] GC(102)  def new generation   total 78912K, used 1747K [0x00000000e7000000, 0x00000000ec5a0000, 0x00000000ef550000)
[2026-09-19T07:12:32.663+0000][7127.696s][debug][gc,heap        ] GC(102)   eden space 70144K,   0% used [0x00000000e7000000, 0x00000000e7000000, 0x00000000eb480000)
[2026-09-19T07:12:32.663+0000][7127.696s][debug][gc,heap        ] GC(102)   from space 8768K,  19% used [0x00000000ebd10000, 0x00000000ebec4d78, 0x00000000ec5a0000)
[2026-09-19T07:12:32.663+0000][7127.696s][debug][gc,heap        ] GC(102)   to   space 8768K,   0% used [0x00000000eb480000, 0x00000000eb480000, 0x00000000ebd10000)
[2026-09-19T07:12:32.663+0000][7127.696s][debug][gc,heap        ] GC(102)  tenured generation   total 174784K, used 60238K [0x00000000ef550000, 0x00000000fa000000, 0x0000000100000000)
[2026-09-19T07:12:32.663+0000][7127.696s][debug][gc,heap        ] GC(102)    the space 174784K,  34% used [0x00000000ef550000, 0x00000000f3023be0, 0x00000000f3023c00, 0x00000000fa000000)
[2026-09-19T07:12:32.663+0000][7127.696s][debug][gc,heap        ] GC(102)  Metaspace       used 141506K, committed 142848K, reserved 1179648K
[2026-09-19T07:12:32.663+0000][7127.696s][debug][gc,heap        ] GC(102)   class space    used 18535K, committed 19392K, reserved 1048576K
[2026-09-19T07:12:32.663+0000][7127.696s][info ][gc             ] GC(102) Pause Young (Allocation Failure) 128M->60M(247M) 2.564ms
[2026-09-19T07:12:32.663+0000][7127.696s][info ][gc,cpu         ] GC(102) User=0.01s Sys=0.00s Real=0.00s
[2026-09-19T07:14:17.776+0000][7232.810s][info ][gc,start       ] GC(103) Pause Young (Allocation Failure)
[2026-09-19T07:14:17.776+0000][7232.810s][debug][gc,heap        ] GC(103) Heap before GC invocations=103 (full 5):
[2026-09-19T07:14:17.776+0000][7232.810s][debug][gc,heap        ] GC(103)  def new generation   total 78912K, used 71891K [0x00000000e7000000, 0x00000000ec5a0000, 0x00000000ef550000)
[2026-09-19T07:14:17.776+0000][7232.810s][debug][gc,heap        ] GC(103)   eden space 70144K, 100% used [0x00000000e7000000, 0x00000000eb480000, 0x00000000eb480000)
[2026-09-19T07:14:17.776+0000][7232.810s][debug][gc,heap        ] GC(103)   from space 8768K,  19% used [0x00000000ebd10000, 0x00000000ebec4d78, 0x00000000ec5a0000)
[2026-09-19T07:14:17.776+0000][7232.810s][debug][gc,heap        ] GC(103)   to   space 8768K,   0% used [0x00000000eb480000, 0x00000000eb480000, 0x00000000ebd10000)
[2026-09-19T07:14:17.776+0000][7232.810s][debug][gc,heap        ] GC(103)  tenured generation   total 174784K, used 60238K [0x00000000ef550000, 0x00000000fa000000, 0x0000000100000000)
[2026-09-19T07:14:17.776+0000][7232.810s][debug][gc,heap        ] GC(103)    the space 174784K,  34% used [0x00000000ef550000, 0x00000000f3023be0, 0x00000000f3023c00, 0x00000000fa000000)
[2026-09-19T07:14:17.777+0000][7232.810s][debug][gc,heap        ] GC(103)  Metaspace       used 141508K, committed 142848K, reserved 1179648K
[2026-09-19T07:14:17.777+0000][7232.810s][debug][gc,heap        ] GC(103)   class space    used 18535K, committed 19392K, reserved 1048576K
[2026-09-19T07:14:17.779+0000][7232.812s][info ][gc,heap        ] GC(103) DefNew: 71891K(78912K)->803K(78912K) Eden: 70144K(70144K)->0K(70144K) From: 1747K(8768K)->803K(8768K)
[2026-09-19T07:14:17.779+0000][7232.812s][info ][gc,heap        ] GC(103) Tenured: 60238K(174784K)->60239K(174784K)
[2026-09-19T07:14:17.779+0000][7232.812s][info ][gc,metaspace   ] GC(103) Metaspace: 141508K(142848K)->141508K(142848K) NonClass: 122972K(123456K)->122972K(123456K) Class: 18535K(19392K)->18535K(19392K)
[2026-09-19T07:14:17.779+0000][7232.812s][debug][gc,heap        ] GC(103) Heap after GC invocations=104 (full 5):
[2026-09-19T07:14:17.779+0000][7232.812s][debug][gc,heap        ] GC(103)  def new generation   total 78912K, used 803K [0x00000000e7000000, 0x00000000ec5a0000, 0x00000000ef550000)
[2026-09-19T07:14:17.779+0000][7232.812s][debug][gc,heap        ] GC(103)   eden space 70144K,   0% used [0x00000000e7000000, 0x00000000e7000000, 0x00000000eb480000)
[2026-09-19T07:14:17.779+0000][7232.812s][debug][gc,heap        ] GC(103)   from space 8768K,   9% used [0x00000000eb480000, 0x00000000eb548eb8, 0x00000000ebd10000)
[2026-09-19T07:14:17.779+0000][7232.812s][debug][gc,heap        ] GC(103)   to   space 8768K,   0% used [0x00000000ebd10000, 0x00000000ebd10000, 0x00000000ec5a0000)
[2026-09-19T07:14:17.779+0000][7232.812s][debug][gc,heap        ] GC(103)  tenured generation   total 174784K, used 60239K [0x00000000ef550000, 0x00000000fa000000, 0x0000000100000000)
[2026-09-19T07:14:17.779+0000][7232.812s][debug][gc,heap        ] GC(103)    the space 174784K,  34% used [0x00000000ef550000, 0x00000000f3023c28, 0x00000000f3023e00, 0x00000000fa000000)
[2026-09-19T07:14:17.779+0000][7232.812s][debug][gc,heap        ] GC(103)  Metaspace       used 141508K, committed 142848K, reserved 1179648K
[2026-09-19T07:14:17.779+0000][7232.812s][debug][gc,heap        ] GC(103)   class space    used 18535K, committed 19392K, reserved 1048576K
[2026-09-19T07:14:17.779+0000][7232.812s][info ][gc             ] GC(103) Pause Young (Allocation Failure) 129M->59M(247M) 2.300ms
[2026-09-19T07:14:17.779+0000][7232.812s][info ][gc,cpu         ] GC(103) User=0.01s Sys=0.00s Real=0.00s
[2026-09-19T07:16:05.325+0000][7340.358s][info ][gc,start       ] GC(104) Pause Young (Allocation Failure)
[2026-09-19T07:16:05.325+0000][7340.358s][debug][gc,heap        ] GC(104) Heap before GC invocations=104 (full 5):
[2026-09-19T07:16:05.325+0000][7340.358s][debug][gc,heap        ] GC(104)  def new generation   total 78912K, used 70947K [0x00000000e7000000, 0x00000000ec5a0000, 0x00000000ef550000)
[2026-09-19T07:16:05.325+0000][7340.358s][debug][gc,heap        ] GC(104)   eden space 70144K, 100% used [0x00000000e7000000, 0x00000000eb480000, 0x00000000eb480000)
[2026-09-19T07:16:05.325+0000][7340.358s][debug][gc,heap        ] GC(104)   from space 8768K,   9% used [0x00000000eb480000, 0x00000000eb548eb8, 0x00000000ebd10000)
[2026-09-19T07:16:05.325+0000][7340.358s][debug][gc,heap        ] GC(104)   to   space 8768K,   0% used [0x00000000ebd10000, 0x00000000ebd10000, 0x00000000ec5a0000)
[2026-09-19T07:16:05.325+0000][7340.358s][debug][gc,heap        ] GC(104)  tenured generation   total 174784K, used 60239K [0x00000000ef550000, 0x00000000fa000000, 0x0000000100000000)
[2026-09-19T07:16:05.325+0000][7340.358s][debug][gc,heap        ] GC(104)    the space 174784K,  34% used [0x00000000ef550000, 0x00000000f3023c28, 0x00000000f3023e00, 0x00000000fa000000)
[2026-09-19T07:16:05.325+0000][7340.358s][debug][gc,heap        ] GC(104)  Metaspace       used 141508K, committed 142848K, reserved 1179648K
[2026-09-19T07:16:05.325+0000][7340.358s][debug][gc,heap        ] GC(104)   class space    used 18535K, committed 19392K, reserved 1048576K
[2026-09-19T07:16:05.327+0000][7340.360s][info ][gc,heap        ] GC(104) DefNew: 70947K(78912K)->999K(78912K) Eden: 70144K(70144K)->0K(70144K) From: 803K(8768K)->999K(8768K)
[2026-09-19T07:16:05.327+0000][7340.360s][info ][gc,heap        ] GC(104) Tenured: 60239K(174784K)->60239K(174784K)
[2026-09-19T07:16:05.327+0000][7340.360s][info ][gc,metaspace   ] GC(104) Metaspace: 141508K(142848K)->141508K(142848K) NonClass: 122972K(123456K)->122972K(123456K) Class: 18535K(19392K)->18535K(19392K)
[2026-09-19T07:16:05.327+0000][7340.360s][debug][gc,heap        ] GC(104) Heap after GC invocations=105 (full 5):
[2026-09-19T07:16:05.327+0000][7340.360s][debug][gc,heap        ] GC(104)  def new generation   total 78912K, used 999K [0x00000000e7000000, 0x00000000ec5a0000, 0x00000000ef550000)
[2026-09-19T07:16:05.327+0000][7340.360s][debug][gc,heap        ] GC(104)   eden space 70144K,   0% used [0x00000000e7000000, 0x00000000e7000000, 0x00000000eb480000)
[2026-09-19T07:16:05.327+0000][7340.360s][debug][gc,heap        ] GC(104)   from space 8768K,  11% used [0x00000000ebd10000, 0x00000000ebe09d60, 0x00000000ec5a0000)
[2026-09-19T07:16:05.327+0000][7340.360s][debug][gc,heap        ] GC(104)   to   space 8768K,   0% used [0x00000000eb480000, 0x00000000eb480000, 0x00000000ebd10000)
[2026-09-19T07:16:05.327+0000][7340.360s][debug][gc,heap        ] GC(104)  tenured generation   total 174784K, used 60239K [0x00000000ef550000, 0x00000000fa000000, 0x0000000100000000)
[2026-09-19T07:16:05.327+0000][7340.360s][debug][gc,heap        ] GC(104)    the space 174784K,  34% used [0x00000000ef550000, 0x00000000f3023c28, 0x00000000f3023e00, 0x00000000fa000000)
[2026-09-19T07:16:05.327+0000][7340.360s][debug][gc,heap        ] GC(104)  Metaspace       used 141508K, committed 142848K, reserved 1179648K
[2026-09-19T07:16:05.327+0000][7340.360s][debug][gc,heap        ] GC(104)   class space    used 18535K, committed 19392K, reserved 1048576K
[2026-09-19T07:16:05.327+0000][7340.360s][info ][gc             ] GC(104) Pause Young (Allocation Failure) 128M->59M(247M) 2.392ms
[2026-09-19T07:16:05.327+0000][7340.360s][info ][gc,cpu         ] GC(104) User=0.00s Sys=0.00s Real=0.00s
[2026-09-19T07:17:53.088+0000][7448.121s][info ][gc,start       ] GC(105) Pause Young (Allocation Failure)
[2026-09-19T07:17:53.088+0000][7448.121s][debug][gc,heap        ] GC(105) Heap before GC invocations=105 (full 5):
[2026-09-19T07:17:53.088+0000][7448.121s][debug][gc,heap        ] GC(105)  def new generation   total 78912K, used 71143K [0x00000000e7000000, 0x00000000ec5a0000, 0x00000000ef550000)
[2026-09-19T07:17:53.088+0000][7448.121s][debug][gc,heap        ] GC(105)   eden space 70144K, 100% used [0x00000000e7000000, 0x00000000eb480000, 0x00000000eb480000)
[2026-09-19T07:17:53.088+0000][7448.121s][debug][gc,heap        ] GC(105)   from space 8768K,  11% used [0x00000000ebd10000, 0x00000000ebe09d60, 0x00000000ec5a0000)
[2026-09-19T07:17:53.088+0000][7448.121s][debug][gc,heap        ] GC(105)   to   space 8768K,   0% used [0x00000000eb480000, 0x00000000eb480000, 0x00000000ebd10000)
[2026-09-19T07:17:53.088+0000][7448.121s][debug][gc,heap        ] GC(105)  tenured generation   total 174784K, used 60239K [0x00000000ef550000, 0x00000000fa000000, 0x0000000100000000)
[2026-09-19T07:17:53.088+0000][7448.121s][debug][gc,heap        ] GC(105)    the space 174784K,  34% used [0x00000000ef550000, 0x00000000f3023c28, 0x00000000f3023e00, 0x00000000fa000000)
[2026-09-19T07:17:53.088+0000][7448.121s][debug][gc,heap        ] GC(105)  Metaspace       used 141508K, committed 142848K, reserved 1179648K
[2026-09-19T07:17:53.088+0000][7448.121s][debug][gc,heap        ] GC(105)   class space    used 18535K, committed 19392K, reserved 1048576K
[2026-09-19T07:17:53.090+0000][7448.123s][info ][gc,heap        ] GC(105) DefNew: 71143K(78912K)->1590K(78912K) Eden: 70144K(70144K)->0K(70144K) From: 999K(8768K)->1590K(8768K)
[2026-09-19T07:17:53.090+0000][7448.123s][info ][gc,heap        ] GC(105) Tenured: 60239K(174784K)->60239K(174784K)
[2026-09-19T07:17:53.090+0000][7448.123s][info ][gc,metaspace   ] GC(105) Metaspace: 141508K(142848K)->141508K(142848K) NonClass: 122972K(123456K)->122972K(123456K) Class: 18535K(19392K)->18535K(19392K)
[2026-09-19T07:17:53.090+0000][7448.123s][debug][gc,heap        ] GC(105) Heap after GC invocations=106 (full 5):
[2026-09-19T07:17:53.090+0000][7448.123s][debug][gc,heap        ] GC(105)  def new generation   total 78912K, used 1590K [0x00000000e7000000, 0x00000000ec5a0000, 0x00000000ef550000)
[2026-09-19T07:17:53.090+0000][7448.123s][debug][gc,heap        ] GC(105)   eden space 70144K,   0% used [0x00000000e7000000, 0x00000000e7000000, 0x00000000eb480000)
[2026-09-19T07:17:53.090+0000][7448.123s][debug][gc,heap        ] GC(105)   from space 8768K,  18% used [0x00000000eb480000, 0x00000000eb60db88, 0x00000000ebd10000)
[2026-09-19T07:17:53.090+0000][7448.123s][debug][gc,heap        ] GC(105)   to   space 8768K,   0% used [0x00000000ebd10000, 0x00000000ebd10000, 0x00000000ec5a0000)
[2026-09-19T07:17:53.090+0000][7448.123s][debug][gc,heap        ] GC(105)  tenured generation   total 174784K, used 60239K [0x00000000ef550000, 0x00000000fa000000, 0x0000000100000000)
[2026-09-19T07:17:53.090+0000][7448.123s][debug][gc,heap        ] GC(105)    the space 174784K,  34% used [0x00000000ef550000, 0x00000000f3023c28, 0x00000000f3023e00, 0x00000000fa000000)
[2026-09-19T07:17:53.090+0000][7448.123s][debug][gc,heap        ] GC(105)  Metaspace       used 141508K, committed 142848K, reserved 1179648K
[2026-09-19T07:17:53.090+0000][7448.123s][debug][gc,heap        ] GC(105)   class space    used 18535K, committed 19392K, reserved 1048576K
[2026-09-19T07:17:53.090+0000][7448.123s][info ][gc             ] GC(105) Pause Young (Allocation Failure) 128M->60M(247M) 2.476ms
[2026-09-19T07:17:53.090+0000][7448.123s][info ][gc,cpu         ] GC(105) User=0.01s Sys=0.00s Real=0.00s
[2026-09-19T07:19:36.604+0000][7551.637s][info ][gc,start       ] GC(106) Pause Young (Allocation Failure)
[2026-09-19T07:19:36.604+0000][7551.637s][debug][gc,heap        ] GC(106) Heap before GC invocations=106 (full 5):
[2026-09-19T07:19:36.604+0000][7551.637s][debug][gc,heap        ] GC(106)  def new generation   total 78912K, used 71734K [0x00000000e7000000, 0x00000000ec5a0000, 0x00000000ef550000)
[2026-09-19T07:19:36.604+0000][7551.637s][debug][gc,heap        ] GC(106)   eden space 70144K, 100% used [0x00000000e7000000, 0x00000000eb480000, 0x00000000eb480000)
[2026-09-19T07:19:36.604+0000][7551.637s][debug][gc,heap        ] GC(106)   from space 8768K,  18% used [0x00000000eb480000, 0x00000000eb60db88, 0x00000000ebd10000)
[2026-09-19T07:19:36.604+0000][7551.637s][debug][gc,heap        ] GC(106)   to   space 8768K,   0% used [0x00000000ebd10000, 0x00000000ebd10000, 0x00000000ec5a0000)
[2026-09-19T07:19:36.604+0000][7551.637s][debug][gc,heap        ] GC(106)  tenured generation   total 174784K, used 60239K [0x00000000ef550000, 0x00000000fa000000, 0x0000000100000000)
[2026-09-19T07:19:36.604+0000][7551.637s][debug][gc,heap        ] GC(106)    the space 174784K,  34% used [0x00000000ef550000, 0x00000000f3023c28, 0x00000000f3023e00, 0x00000000fa000000)
[2026-09-19T07:19:36.604+0000][7551.637s][debug][gc,heap        ] GC(106)  Metaspace       used 141511K, committed 142848K, reserved 1179648K
[2026-09-19T07:19:36.604+0000][7551.637s][debug][gc,heap        ] GC(106)   class space    used 18535K, committed 19392K, reserved 1048576K
[2026-09-19T07:19:36.606+0000][7551.639s][info ][gc,heap        ] GC(106) DefNew: 71734K(78912K)->823K(78912K) Eden: 70144K(70144K)->0K(70144K) From: 1590K(8768K)->823K(8768K)
[2026-09-19T07:19:36.606+0000][7551.639s][info ][gc,heap        ] GC(106) Tenured: 60239K(174784K)->60246K(174784K)
[2026-09-19T07:19:36.606+0000][7551.639s][info ][gc,metaspace   ] GC(106) Metaspace: 141511K(142848K)->141511K(142848K) NonClass: 122976K(123456K)->122976K(123456K) Class: 18535K(19392K)->18535K(19392K)
[2026-09-19T07:19:36.606+0000][7551.639s][debug][gc,heap        ] GC(106) Heap after GC invocations=107 (full 5):
[2026-09-19T07:19:36.606+0000][7551.639s][debug][gc,heap        ] GC(106)  def new generation   total 78912K, used 823K [0x00000000e7000000, 0x00000000ec5a0000, 0x00000000ef550000)
[2026-09-19T07:19:36.606+0000][7551.639s][debug][gc,heap        ] GC(106)   eden space 70144K,   0% used [0x00000000e7000000, 0x00000000e7000000, 0x00000000eb480000)
[2026-09-19T07:19:36.606+0000][7551.639s][debug][gc,heap        ] GC(106)   from space 8768K,   9% used [0x00000000ebd10000, 0x00000000ebdddc00, 0x00000000ec5a0000)
[2026-09-19T07:19:36.606+0000][7551.639s][debug][gc,heap        ] GC(106)   to   space 8768K,   0% used [0x00000000eb480000, 0x00000000eb480000, 0x00000000ebd10000)
[2026-09-19T07:19:36.606+0000][7551.639s][debug][gc,heap        ] GC(106)  tenured generation   total 174784K, used 60246K [0x00000000ef550000, 0x00000000fa000000, 0x0000000100000000)
[2026-09-19T07:19:36.606+0000][7551.639s][debug][gc,heap        ] GC(106)    the space 174784K,  34% used [0x00000000ef550000, 0x00000000f30258d8, 0x00000000f3025a00, 0x00000000fa000000)
[2026-09-19T07:19:36.606+0000][7551.639s][debug][gc,heap        ] GC(106)  Metaspace       used 141511K, committed 142848K, reserved 1179648K
[2026-09-19T07:19:36.606+0000][7551.639s][debug][gc,heap        ] GC(106)   class space    used 18535K, committed 19392K, reserved 1048576K
[2026-09-19T07:19:36.606+0000][7551.639s][info ][gc             ] GC(106) Pause Young (Allocation Failure) 128M->59M(247M) 2.169ms
[2026-09-19T07:19:36.606+0000][7551.640s][info ][gc,cpu         ] GC(106) User=0.00s Sys=0.00s Real=0.00s
[2026-09-19T07:21:19.787+0000][7654.820s][info ][gc,start       ] GC(107) Pause Young (Allocation Failure)
[2026-09-19T07:21:19.787+0000][7654.820s][debug][gc,heap        ] GC(107) Heap before GC invocations=107 (full 5):
[2026-09-19T07:21:19.787+0000][7654.820s][debug][gc,heap        ] GC(107)  def new generation   total 78912K, used 70967K [0x00000000e7000000, 0x00000000ec5a0000, 0x00000000ef550000)
[2026-09-19T07:21:19.787+0000][7654.820s][debug][gc,heap        ] GC(107)   eden space 70144K, 100% used [0x00000000e7000000, 0x00000000eb480000, 0x00000000eb480000)
[2026-09-19T07:21:19.787+0000][7654.820s][debug][gc,heap        ] GC(107)   from space 8768K,   9% used [0x00000000ebd10000, 0x00000000ebdddc00, 0x00000000ec5a0000)
[2026-09-19T07:21:19.787+0000][7654.820s][debug][gc,heap        ] GC(107)   to   space 8768K,   0% used [0x00000000eb480000, 0x00000000eb480000, 0x00000000ebd10000)
[2026-09-19T07:21:19.787+0000][7654.820s][debug][gc,heap        ] GC(107)  tenured generation   total 174784K, used 60246K [0x00000000ef550000, 0x00000000fa000000, 0x0000000100000000)
[2026-09-19T07:21:19.787+0000][7654.820s][debug][gc,heap        ] GC(107)    the space 174784K,  34% used [0x00000000ef550000, 0x00000000f30258d8, 0x00000000f3025a00, 0x00000000fa000000)
[2026-09-19T07:21:19.787+0000][7654.820s][debug][gc,heap        ] GC(107)  Metaspace       used 141511K, committed 142848K, reserved 1179648K
[2026-09-19T07:21:19.787+0000][7654.820s][debug][gc,heap        ] GC(107)   class space    used 18535K, committed 19392K, reserved 1048576K
[2026-09-19T07:21:19.789+0000][7654.823s][info ][gc,heap        ] GC(107) DefNew: 70967K(78912K)->930K(78912K) Eden: 70144K(70144K)->0K(70144K) From: 823K(8768K)->930K(8768K)
[2026-09-19T07:21:19.790+0000][7654.823s][info ][gc,heap        ] GC(107) Tenured: 60246K(174784K)->60279K(174784K)
[2026-09-19T07:21:19.790+0000][7654.823s][info ][gc,metaspace   ] GC(107) Metaspace: 141511K(142848K)->141511K(142848K) NonClass: 122976K(123456K)->122976K(123456K) Class: 18535K(19392K)->18535K(19392K)
[2026-09-19T07:21:19.790+0000][7654.823s][debug][gc,heap        ] GC(107) Heap after GC invocations=108 (full 5):
[2026-09-19T07:21:19.790+0000][7654.823s][debug][gc,heap        ] GC(107)  def new generation   total 78912K, used 930K [0x00000000e7000000, 0x00000000ec5a0000, 0x00000000ef550000)
[2026-09-19T07:21:19.790+0000][7654.823s][debug][gc,heap        ] GC(107)   eden space 70144K,   0% used [0x00000000e7000000, 0x00000000e7000000, 0x00000000eb480000)
[2026-09-19T07:21:19.790+0000][7654.823s][debug][gc,heap        ] GC(107)   from space 8768K,  10% used [0x00000000eb480000, 0x00000000eb568860, 0x00000000ebd10000)
[2026-09-19T07:21:19.790+0000][7654.823s][debug][gc,heap        ] GC(107)   to   space 8768K,   0% used [0x00000000ebd10000, 0x00000000ebd10000, 0x00000000ec5a0000)
[2026-09-19T07:21:19.790+0000][7654.823s][debug][gc,heap        ] GC(107)  tenured generation   total 174784K, used 60279K [0x00000000ef550000, 0x00000000fa000000, 0x0000000100000000)
[2026-09-19T07:21:19.790+0000][7654.823s][debug][gc,heap        ] GC(107)    the space 174784K,  34% used [0x00000000ef550000, 0x00000000f302dc00, 0x00000000f302dc00, 0x00000000fa000000)
[2026-09-19T07:21:19.790+0000][7654.823s][debug][gc,heap        ] GC(107)  Metaspace       used 141511K, committed 142848K, reserved 1179648K
[2026-09-19T07:21:19.790+0000][7654.823s][debug][gc,heap        ] GC(107)   class space    used 18535K, committed 19392K, reserved 1048576K
[2026-09-19T07:21:19.790+0000][7654.823s][info ][gc             ] GC(107) Pause Young (Allocation Failure) 128M->59M(247M) 2.421ms
[2026-09-19T07:21:19.790+0000][7654.823s][info ][gc,cpu         ] GC(107) User=0.00s Sys=0.00s Real=0.00s
[2026-09-19T07:23:11.183+0000][7766.217s][info ][gc,start       ] GC(108) Pause Young (Allocation Failure)
[2026-09-19T07:23:11.183+0000][7766.217s][debug][gc,heap        ] GC(108) Heap before GC invocations=108 (full 5):
[2026-09-19T07:23:11.183+0000][7766.217s][debug][gc,heap        ] GC(108)  def new generation   total 78912K, used 71074K [0x00000000e7000000, 0x00000000ec5a0000, 0x00000000ef550000)
[2026-09-19T07:23:11.183+0000][7766.217s][debug][gc,heap        ] GC(108)   eden space 70144K, 100% used [0x00000000e7000000, 0x00000000eb480000, 0x00000000eb480000)
[2026-09-19T07:23:11.183+0000][7766.217s][debug][gc,heap        ] GC(108)   from space 8768K,  10% used [0x00000000eb480000, 0x00000000eb568860, 0x00000000ebd10000)
[2026-09-19T07:23:11.183+0000][7766.217s][debug][gc,heap        ] GC(108)   to   space 8768K,   0% used [0x00000000ebd10000, 0x00000000ebd10000, 0x00000000ec5a0000)
[2026-09-19T07:23:11.183+0000][7766.217s][debug][gc,heap        ] GC(108)  tenured generation   total 174784K, used 60279K [0x00000000ef550000, 0x00000000fa000000, 0x0000000100000000)
[2026-09-19T07:23:11.183+0000][7766.217s][debug][gc,heap        ] GC(108)    the space 174784K,  34% used [0x00000000ef550000, 0x00000000f302dc00, 0x00000000f302dc00, 0x00000000fa000000)
[2026-09-19T07:23:11.183+0000][7766.217s][debug][gc,heap        ] GC(108)  Metaspace       used 141560K, committed 142912K, reserved 1179648K
[2026-09-19T07:23:11.183+0000][7766.217s][debug][gc,heap        ] GC(108)   class space    used 18535K, committed 19392K, reserved 1048576K
[2026-09-19T07:23:11.186+0000][7766.219s][info ][gc,heap        ] GC(108) DefNew: 71074K(78912K)->1521K(78912K) Eden: 70144K(70144K)->0K(70144K) From: 930K(8768K)->1521K(8768K)
[2026-09-19T07:23:11.186+0000][7766.219s][info ][gc,heap        ] GC(108) Tenured: 60279K(174784K)->60279K(174784K)
[2026-09-19T07:23:11.186+0000][7766.219s][info ][gc,metaspace   ] GC(108) Metaspace: 141560K(142912K)->141560K(142912K) NonClass: 123025K(123520K)->123025K(123520K) Class: 18535K(19392K)->18535K(19392K)
[2026-09-19T07:23:11.186+0000][7766.219s][debug][gc,heap        ] GC(108) Heap after GC invocations=109 (full 5):
[2026-09-19T07:23:11.186+0000][7766.219s][debug][gc,heap        ] GC(108)  def new generation   total 78912K, used 1521K [0x00000000e7000000, 0x00000000ec5a0000, 0x00000000ef550000)
[2026-09-19T07:23:11.186+0000][7766.219s][debug][gc,heap        ] GC(108)   eden space 70144K,   0% used [0x00000000e7000000, 0x00000000e7000000, 0x00000000eb480000)
[2026-09-19T07:23:11.186+0000][7766.219s][debug][gc,heap        ] GC(108)   from space 8768K,  17% used [0x00000000ebd10000, 0x00000000ebe8c738, 0x00000000ec5a0000)
[2026-09-19T07:23:11.186+0000][7766.219s][debug][gc,heap        ] GC(108)   to   space 8768K,   0% used [0x00000000eb480000, 0x00000000eb480000, 0x00000000ebd10000)
[2026-09-19T07:23:11.186+0000][7766.219s][debug][gc,heap        ] GC(108)  tenured generation   total 174784K, used 60279K [0x00000000ef550000, 0x00000000fa000000, 0x0000000100000000)
[2026-09-19T07:23:11.186+0000][7766.219s][debug][gc,heap        ] GC(108)    the space 174784K,  34% used [0x00000000ef550000, 0x00000000f302dc00, 0x00000000f302dc00, 0x00000000fa000000)
[2026-09-19T07:23:11.186+0000][7766.219s][debug][gc,heap        ] GC(108)  Metaspace       used 141560K, committed 142912K, reserved 1179648K
[2026-09-19T07:23:11.186+0000][7766.219s][debug][gc,heap        ] GC(108)   class space    used 18535K, committed 19392K, reserved 1048576K
[2026-09-19T07:23:11.186+0000][7766.219s][info ][gc             ] GC(108) Pause Young (Allocation Failure) 128M->60M(247M) 2.490ms
[2026-09-19T07:23:11.186+0000][7766.219s][info ][gc,cpu         ] GC(108) User=0.01s Sys=0.00s Real=0.01s
[2026-09-19T07:24:54.641+0000][7869.675s][info ][gc,start       ] GC(109) Pause Young (Allocation Failure)
[2026-09-19T07:24:54.641+0000][7869.675s][debug][gc,heap        ] GC(109) Heap before GC invocations=109 (full 5):
[2026-09-19T07:24:54.641+0000][7869.675s][debug][gc,heap        ] GC(109)  def new generation   total 78912K, used 71665K [0x00000000e7000000, 0x00000000ec5a0000, 0x00000000ef550000)
[2026-09-19T07:24:54.641+0000][7869.675s][debug][gc,heap        ] GC(109)   eden space 70144K, 100% used [0x00000000e7000000, 0x00000000eb480000, 0x00000000eb480000)
[2026-09-19T07:24:54.641+0000][7869.675s][debug][gc,heap        ] GC(109)   from space 8768K,  17% used [0x00000000ebd10000, 0x00000000ebe8c738, 0x00000000ec5a0000)
[2026-09-19T07:24:54.641+0000][7869.675s][debug][gc,heap        ] GC(109)   to   space 8768K,   0% used [0x00000000eb480000, 0x00000000eb480000, 0x00000000ebd10000)
[2026-09-19T07:24:54.641+0000][7869.675s][debug][gc,heap        ] GC(109)  tenured generation   total 174784K, used 60279K [0x00000000ef550000, 0x00000000fa000000, 0x0000000100000000)
[2026-09-19T07:24:54.641+0000][7869.675s][debug][gc,heap        ] GC(109)    the space 174784K,  34% used [0x00000000ef550000, 0x00000000f302dc00, 0x00000000f302dc00, 0x00000000fa000000)
[2026-09-19T07:24:54.641+0000][7869.675s][debug][gc,heap        ] GC(109)  Metaspace       used 141565K, committed 142912K, reserved 1179648K
[2026-09-19T07:24:54.641+0000][7869.675s][debug][gc,heap        ] GC(109)   class space    used 18535K, committed 19392K, reserved 1048576K
[2026-09-19T07:24:54.644+0000][7869.677s][info ][gc,heap        ] GC(109) DefNew: 71665K(78912K)->864K(78912K) Eden: 70144K(70144K)->0K(70144K) From: 1521K(8768K)->864K(8768K)
[2026-09-19T07:24:54.644+0000][7869.677s][info ][gc,heap        ] GC(109) Tenured: 60279K(174784K)->60279K(174784K)
[2026-09-19T07:24:54.644+0000][7869.677s][info ][gc,metaspace   ] GC(109) Metaspace: 141565K(142912K)->141565K(142912K) NonClass: 123029K(123520K)->123029K(123520K) Class: 18535K(19392K)->18535K(19392K)
[2026-09-19T07:24:54.644+0000][7869.677s][debug][gc,heap        ] GC(109) Heap after GC invocations=110 (full 5):
[2026-09-19T07:24:54.644+0000][7869.677s][debug][gc,heap        ] GC(109)  def new generation   total 78912K, used 864K [0x00000000e7000000, 0x00000000ec5a0000, 0x00000000ef550000)
[2026-09-19T07:24:54.644+0000][7869.677s][debug][gc,heap        ] GC(109)   eden space 70144K,   0% used [0x00000000e7000000, 0x00000000e7000000, 0x00000000eb480000)
[2026-09-19T07:24:54.644+0000][7869.677s][debug][gc,heap        ] GC(109)   from space 8768K,   9% used [0x00000000eb480000, 0x00000000eb558160, 0x00000000ebd10000)
[2026-09-19T07:24:54.644+0000][7869.677s][debug][gc,heap        ] GC(109)   to   space 8768K,   0% used [0x00000000ebd10000, 0x00000000ebd10000, 0x00000000ec5a0000)
[2026-09-19T07:24:54.644+0000][7869.677s][debug][gc,heap        ] GC(109)  tenured generation   total 174784K, used 60279K [0x00000000ef550000, 0x00000000fa000000, 0x0000000100000000)
[2026-09-19T07:24:54.644+0000][7869.677s][debug][gc,heap        ] GC(109)    the space 174784K,  34% used [0x00000000ef550000, 0x00000000f302dc50, 0x00000000f302de00, 0x00000000fa000000)
[2026-09-19T07:24:54.644+0000][7869.677s][debug][gc,heap        ] GC(109)  Metaspace       used 141565K, committed 142912K, reserved 1179648K
[2026-09-19T07:24:54.644+0000][7869.677s][debug][gc,heap        ] GC(109)   class space    used 18535K, committed 19392K, reserved 1048576K
[2026-09-19T07:24:54.644+0000][7869.677s][info ][gc             ] GC(109) Pause Young (Allocation Failure) 128M->59M(247M) 2.478ms
[2026-09-19T07:24:54.644+0000][7869.677s][info ][gc,cpu         ] GC(109) User=0.01s Sys=0.00s Real=0.01s
[2026-09-19T07:26:43.660+0000][7978.694s][info ][gc,start       ] GC(110) Pause Young (Allocation Failure)
[2026-09-19T07:26:43.660+0000][7978.694s][debug][gc,heap        ] GC(110) Heap before GC invocations=110 (full 5):
[2026-09-19T07:26:43.660+0000][7978.694s][debug][gc,heap        ] GC(110)  def new generation   total 78912K, used 71008K [0x00000000e7000000, 0x00000000ec5a0000, 0x00000000ef550000)
[2026-09-19T07:26:43.660+0000][7978.694s][debug][gc,heap        ] GC(110)   eden space 70144K, 100% used [0x00000000e7000000, 0x00000000eb480000, 0x00000000eb480000)
[2026-09-19T07:26:43.660+0000][7978.694s][debug][gc,heap        ] GC(110)   from space 8768K,   9% used [0x00000000eb480000, 0x00000000eb558160, 0x00000000ebd10000)
[2026-09-19T07:26:43.660+0000][7978.694s][debug][gc,heap        ] GC(110)   to   space 8768K,   0% used [0x00000000ebd10000, 0x00000000ebd10000, 0x00000000ec5a0000)
[2026-09-19T07:26:43.660+0000][7978.694s][debug][gc,heap        ] GC(110)  tenured generation   total 174784K, used 60279K [0x00000000ef550000, 0x00000000fa000000, 0x0000000100000000)
[2026-09-19T07:26:43.660+0000][7978.694s][debug][gc,heap        ] GC(110)    the space 174784K,  34% used [0x00000000ef550000, 0x00000000f302dc50, 0x00000000f302de00, 0x00000000fa000000)
[2026-09-19T07:26:43.660+0000][7978.694s][debug][gc,heap        ] GC(110)  Metaspace       used 141569K, committed 142912K, reserved 1179648K
[2026-09-19T07:26:43.661+0000][7978.694s][debug][gc,heap        ] GC(110)   class space    used 18535K, committed 19392K, reserved 1048576K
[2026-09-19T07:26:43.663+0000][7978.696s][info ][gc,heap        ] GC(110) DefNew: 71008K(78912K)->838K(78912K) Eden: 70144K(70144K)->0K(70144K) From: 864K(8768K)->838K(8768K)
[2026-09-19T07:26:43.663+0000][7978.696s][info ][gc,heap        ] GC(110) Tenured: 60279K(174784K)->60279K(174784K)
[2026-09-19T07:26:43.663+0000][7978.696s][info ][gc,metaspace   ] GC(110) Metaspace: 141569K(142912K)->141569K(142912K) NonClass: 123033K(123520K)->123033K(123520K) Class: 18535K(19392K)->18535K(19392K)
[2026-09-19T07:26:43.663+0000][7978.696s][debug][gc,heap        ] GC(110) Heap after GC invocations=111 (full 5):
[2026-09-19T07:26:43.663+0000][7978.696s][debug][gc,heap        ] GC(110)  def new generation   total 78912K, used 838K [0x00000000e7000000, 0x00000000ec5a0000, 0x00000000ef550000)
[2026-09-19T07:26:43.663+0000][7978.696s][debug][gc,heap        ] GC(110)   eden space 70144K,   0% used [0x00000000e7000000, 0x00000000e7000000, 0x00000000eb480000)
[2026-09-19T07:26:43.663+0000][7978.696s][debug][gc,heap        ] GC(110)   from space 8768K,   9% used [0x00000000ebd10000, 0x00000000ebde1b48, 0x00000000ec5a0000)
[2026-09-19T07:26:43.663+0000][7978.696s][debug][gc,heap        ] GC(110)   to   space 8768K,   0% used [0x00000000eb480000, 0x00000000eb480000, 0x00000000ebd10000)
[2026-09-19T07:26:43.663+0000][7978.696s][debug][gc,heap        ] GC(110)  tenured generation   total 174784K, used 60279K [0x00000000ef550000, 0x00000000fa000000, 0x0000000100000000)
[2026-09-19T07:26:43.663+0000][7978.696s][debug][gc,heap        ] GC(110)    the space 174784K,  34% used [0x00000000ef550000, 0x00000000f302de90, 0x00000000f302e000, 0x00000000fa000000)
[2026-09-19T07:26:43.663+0000][7978.696s][debug][gc,heap        ] GC(110)  Metaspace       used 141569K, committed 142912K, reserved 1179648K
[2026-09-19T07:26:43.663+0000][7978.696s][debug][gc,heap        ] GC(110)   class space    used 18535K, committed 19392K, reserved 1048576K
[2026-09-19T07:26:43.663+0000][7978.696s][info ][gc             ] GC(110) Pause Young (Allocation Failure) 128M->59M(247M) 2.300ms
[2026-09-19T07:26:43.663+0000][7978.696s][info ][gc,cpu         ] GC(110) User=0.00s Sys=0.00s Real=0.00s
[2026-09-19T07:28:32.238+0000][8087.271s][info ][gc,start       ] GC(111) Pause Young (Allocation Failure)
[2026-09-19T07:28:32.238+0000][8087.271s][debug][gc,heap        ] GC(111) Heap before GC invocations=111 (full 5):
[2026-09-19T07:28:32.238+0000][8087.271s][debug][gc,heap        ] GC(111)  def new generation   total 78912K, used 70982K [0x00000000e7000000, 0x00000000ec5a0000, 0x00000000ef550000)
[2026-09-19T07:28:32.238+0000][8087.271s][debug][gc,heap        ] GC(111)   eden space 70144K, 100% used [0x00000000e7000000, 0x00000000eb480000, 0x00000000eb480000)
[2026-09-19T07:28:32.238+0000][8087.271s][debug][gc,heap        ] GC(111)   from space 8768K,   9% used [0x00000000ebd10000, 0x00000000ebde1b48, 0x00000000ec5a0000)
[2026-09-19T07:28:32.238+0000][8087.271s][debug][gc,heap        ] GC(111)   to   space 8768K,   0% used [0x00000000eb480000, 0x00000000eb480000, 0x00000000ebd10000)
[2026-09-19T07:28:32.238+0000][8087.271s][debug][gc,heap        ] GC(111)  tenured generation   total 174784K, used 60279K [0x00000000ef550000, 0x00000000fa000000, 0x0000000100000000)
[2026-09-19T07:28:32.238+0000][8087.271s][debug][gc,heap        ] GC(111)    the space 174784K,  34% used [0x00000000ef550000, 0x00000000f302de90, 0x00000000f302e000, 0x00000000fa000000)
[2026-09-19T07:28:32.238+0000][8087.271s][debug][gc,heap        ] GC(111)  Metaspace       used 141571K, committed 142912K, reserved 1179648K
[2026-09-19T07:28:32.238+0000][8087.271s][debug][gc,heap        ] GC(111)   class space    used 18535K, committed 19392K, reserved 1048576K
[2026-09-19T07:28:32.240+0000][8087.273s][info ][gc,heap        ] GC(111) DefNew: 70982K(78912K)->908K(78912K) Eden: 70144K(70144K)->0K(70144K) From: 838K(8768K)->908K(8768K)
[2026-09-19T07:28:32.240+0000][8087.273s][info ][gc,heap        ] GC(111) Tenured: 60279K(174784K)->60286K(174784K)
[2026-09-19T07:28:32.240+0000][8087.273s][info ][gc,metaspace   ] GC(111) Metaspace: 141571K(142912K)->141571K(142912K) NonClass: 123036K(123520K)->123036K(123520K) Class: 18535K(19392K)->18535K(19392K)
[2026-09-19T07:28:32.240+0000][8087.273s][debug][gc,heap        ] GC(111) Heap after GC invocations=112 (full 5):
[2026-09-19T07:28:32.240+0000][8087.273s][debug][gc,heap        ] GC(111)  def new generation   total 78912K, used 908K [0x00000000e7000000, 0x00000000ec5a0000, 0x00000000ef550000)
[2026-09-19T07:28:32.240+0000][8087.273s][debug][gc,heap        ] GC(111)   eden space 70144K,   0% used [0x00000000e7000000, 0x00000000e7000000, 0x00000000eb480000)
[2026-09-19T07:28:32.240+0000][8087.273s][debug][gc,heap        ] GC(111)   from space 8768K,  10% used [0x00000000eb480000, 0x00000000eb563388, 0x00000000ebd10000)
[2026-09-19T07:28:32.240+0000][8087.273s][debug][gc,heap        ] GC(111)   to   space 8768K,   0% used [0x00000000ebd10000, 0x00000000ebd10000, 0x00000000ec5a0000)
[2026-09-19T07:28:32.240+0000][8087.273s][debug][gc,heap        ] GC(111)  tenured generation   total 174784K, used 60286K [0x00000000ef550000, 0x00000000fa000000, 0x0000000100000000)
[2026-09-19T07:28:32.240+0000][8087.273s][debug][gc,heap        ] GC(111)    the space 174784K,  34% used [0x00000000ef550000, 0x00000000f302fb98, 0x00000000f302fc00, 0x00000000fa000000)
[2026-09-19T07:28:32.240+0000][8087.273s][debug][gc,heap        ] GC(111)  Metaspace       used 141571K, committed 142912K, reserved 1179648K
[2026-09-19T07:28:32.240+0000][8087.273s][debug][gc,heap        ] GC(111)   class space    used 18535K, committed 19392K, reserved 1048576K
[2026-09-19T07:28:32.240+0000][8087.273s][info ][gc             ] GC(111) Pause Young (Allocation Failure) 128M->59M(247M) 2.482ms
[2026-09-19T07:28:32.240+0000][8087.273s][info ][gc,cpu         ] GC(111) User=0.00s Sys=0.00s Real=0.00s
[2026-09-19T07:30:20.688+0000][8195.721s][info ][gc,start       ] GC(112) Pause Young (Allocation Failure)
[2026-09-19T07:30:20.688+0000][8195.721s][debug][gc,heap        ] GC(112) Heap before GC invocations=112 (full 5):
[2026-09-19T07:30:20.688+0000][8195.721s][debug][gc,heap        ] GC(112)  def new generation   total 78912K, used 71052K [0x00000000e7000000, 0x00000000ec5a0000, 0x00000000ef550000)
[2026-09-19T07:30:20.688+0000][8195.721s][debug][gc,heap        ] GC(112)   eden space 70144K, 100% used [0x00000000e7000000, 0x00000000eb480000, 0x00000000eb480000)
[2026-09-19T07:30:20.688+0000][8195.721s][debug][gc,heap        ] GC(112)   from space 8768K,  10% used [0x00000000eb480000, 0x00000000eb563388, 0x00000000ebd10000)
[2026-09-19T07:30:20.688+0000][8195.721s][debug][gc,heap        ] GC(112)   to   space 8768K,   0% used [0x00000000ebd10000, 0x00000000ebd10000, 0x00000000ec5a0000)
[2026-09-19T07:30:20.688+0000][8195.721s][debug][gc,heap        ] GC(112)  tenured generation   total 174784K, used 60286K [0x00000000ef550000, 0x00000000fa000000, 0x0000000100000000)
[2026-09-19T07:30:20.688+0000][8195.721s][debug][gc,heap        ] GC(112)    the space 174784K,  34% used [0x00000000ef550000, 0x00000000f302fb98, 0x00000000f302fc00, 0x00000000fa000000)
[2026-09-19T07:30:20.688+0000][8195.721s][debug][gc,heap        ] GC(112)  Metaspace       used 141572K, committed 142912K, reserved 1179648K
[2026-09-19T07:30:20.688+0000][8195.721s][debug][gc,heap        ] GC(112)   class space    used 18536K, committed 19392K, reserved 1048576K
[2026-09-19T07:30:20.691+0000][8195.724s][info ][gc,heap        ] GC(112) DefNew: 71052K(78912K)->1462K(78912K) Eden: 70144K(70144K)->0K(70144K) From: 908K(8768K)->1462K(8768K)
[2026-09-19T07:30:20.691+0000][8195.724s][info ][gc,heap        ] GC(112) Tenured: 60286K(174784K)->60341K(174784K)
[2026-09-19T07:30:20.691+0000][8195.724s][info ][gc,metaspace   ] GC(112) Metaspace: 141572K(142912K)->141572K(142912K) NonClass: 123036K(123520K)->123036K(123520K) Class: 18536K(19392K)->18536K(19392K)
[2026-09-19T07:30:20.691+0000][8195.724s][debug][gc,heap        ] GC(112) Heap after GC invocations=113 (full 5):
[2026-09-19T07:30:20.691+0000][8195.724s][debug][gc,heap        ] GC(112)  def new generation   total 78912K, used 1462K [0x00000000e7000000, 0x00000000ec5a0000, 0x00000000ef550000)
[2026-09-19T07:30:20.691+0000][8195.724s][debug][gc,heap        ] GC(112)   eden space 70144K,   0% used [0x00000000e7000000, 0x00000000e7000000, 0x00000000eb480000)
[2026-09-19T07:30:20.691+0000][8195.724s][debug][gc,heap        ] GC(112)   from space 8768K,  16% used [0x00000000ebd10000, 0x00000000ebe7d818, 0x00000000ec5a0000)
[2026-09-19T07:30:20.691+0000][8195.724s][debug][gc,heap        ] GC(112)   to   space 8768K,   0% used [0x00000000eb480000, 0x00000000eb480000, 0x00000000ebd10000)
[2026-09-19T07:30:20.691+0000][8195.724s][debug][gc,heap        ] GC(112)  tenured generation   total 174784K, used 60341K [0x00000000ef550000, 0x00000000fa000000, 0x0000000100000000)
[2026-09-19T07:30:20.691+0000][8195.724s][debug][gc,heap        ] GC(112)    the space 174784K,  34% used [0x00000000ef550000, 0x00000000f303d598, 0x00000000f303d600, 0x00000000fa000000)
[2026-09-19T07:30:20.691+0000][8195.724s][debug][gc,heap        ] GC(112)  Metaspace       used 141572K, committed 142912K, reserved 1179648K
[2026-09-19T07:30:20.691+0000][8195.724s][debug][gc,heap        ] GC(112)   class space    used 18536K, committed 19392K, reserved 1048576K
[2026-09-19T07:30:20.691+0000][8195.724s][info ][gc             ] GC(112) Pause Young (Allocation Failure) 128M->60M(247M) 2.739ms
[2026-09-19T07:30:20.691+0000][8195.724s][info ][gc,cpu         ] GC(112) User=0.00s Sys=0.00s Real=0.00s
[2026-09-19T07:32:10.421+0000][8305.454s][info ][gc,start       ] GC(113) Pause Young (Allocation Failure)
[2026-09-19T07:32:10.421+0000][8305.454s][debug][gc,heap        ] GC(113) Heap before GC invocations=113 (full 5):
[2026-09-19T07:32:10.421+0000][8305.454s][debug][gc,heap        ] GC(113)  def new generation   total 78912K, used 71606K [0x00000000e7000000, 0x00000000ec5a0000, 0x00000000ef550000)
[2026-09-19T07:32:10.421+0000][8305.454s][debug][gc,heap        ] GC(113)   eden space 70144K, 100% used [0x00000000e7000000, 0x00000000eb480000, 0x00000000eb480000)
[2026-09-19T07:32:10.421+0000][8305.454s][debug][gc,heap        ] GC(113)   from space 8768K,  16% used [0x00000000ebd10000, 0x00000000ebe7d818, 0x00000000ec5a0000)
[2026-09-19T07:32:10.421+0000][8305.454s][debug][gc,heap        ] GC(113)   to   space 8768K,   0% used [0x00000000eb480000, 0x00000000eb480000, 0x00000000ebd10000)
[2026-09-19T07:32:10.421+0000][8305.454s][debug][gc,heap        ] GC(113)  tenured generation   total 174784K, used 60341K [0x00000000ef550000, 0x00000000fa000000, 0x0000000100000000)
[2026-09-19T07:32:10.421+0000][8305.454s][debug][gc,heap        ] GC(113)    the space 174784K,  34% used [0x00000000ef550000, 0x00000000f303d598, 0x00000000f303d600, 0x00000000fa000000)
[2026-09-19T07:32:10.421+0000][8305.454s][debug][gc,heap        ] GC(113)  Metaspace       used 141572K, committed 142912K, reserved 1179648K
[2026-09-19T07:32:10.421+0000][8305.454s][debug][gc,heap        ] GC(113)   class space    used 18536K, committed 19392K, reserved 1048576K
[2026-09-19T07:32:10.423+0000][8305.457s][info ][gc,heap        ] GC(113) DefNew: 71606K(78912K)->1275K(78912K) Eden: 70144K(70144K)->0K(70144K) From: 1462K(8768K)->1275K(8768K)
[2026-09-19T07:32:10.423+0000][8305.457s][info ][gc,heap        ] GC(113) Tenured: 60341K(174784K)->60375K(174784K)
[2026-09-19T07:32:10.423+0000][8305.457s][info ][gc,metaspace   ] GC(113) Metaspace: 141572K(142912K)->141572K(142912K) NonClass: 123036K(123520K)->123036K(123520K) Class: 18536K(19392K)->18536K(19392K)
[2026-09-19T07:32:10.423+0000][8305.457s][debug][gc,heap        ] GC(113) Heap after GC invocations=114 (full 5):
[2026-09-19T07:32:10.423+0000][8305.457s][debug][gc,heap        ] GC(113)  def new generation   total 78912K, used 1275K [0x00000000e7000000, 0x00000000ec5a0000, 0x00000000ef550000)
[2026-09-19T07:32:10.423+0000][8305.457s][debug][gc,heap        ] GC(113)   eden space 70144K,   0% used [0x00000000e7000000, 0x00000000e7000000, 0x00000000eb480000)
[2026-09-19T07:32:10.423+0000][8305.457s][debug][gc,heap        ] GC(113)   from space 8768K,  14% used [0x00000000eb480000, 0x00000000eb5becf8, 0x00000000ebd10000)
[2026-09-19T07:32:10.423+0000][8305.457s][debug][gc,heap        ] GC(113)   to   space 8768K,   0% used [0x00000000ebd10000, 0x00000000ebd10000, 0x00000000ec5a0000)
[2026-09-19T07:32:10.423+0000][8305.457s][debug][gc,heap        ] GC(113)  tenured generation   total 174784K, used 60375K [0x00000000ef550000, 0x00000000fa000000, 0x0000000100000000)
[2026-09-19T07:32:10.423+0000][8305.457s][debug][gc,heap        ] GC(113)    the space 174784K,  34% used [0x00000000ef550000, 0x00000000f3045da8, 0x00000000f3045e00, 0x00000000fa000000)
[2026-09-19T07:32:10.423+0000][8305.457s][debug][gc,heap        ] GC(113)  Metaspace       used 141572K, committed 142912K, reserved 1179648K
[2026-09-19T07:32:10.423+0000][8305.457s][debug][gc,heap        ] GC(113)   class space    used 18536K, committed 19392K, reserved 1048576K
[2026-09-19T07:32:10.423+0000][8305.457s][info ][gc             ] GC(113) Pause Young (Allocation Failure) 128M->60M(247M) 2.833ms
[2026-09-19T07:32:10.424+0000][8305.457s][info ][gc,cpu         ] GC(113) User=0.00s Sys=0.00s Real=0.01s
[2026-09-19T07:33:57.613+0000][8412.646s][info ][gc,start       ] GC(114) Pause Young (Allocation Failure)
[2026-09-19T07:33:57.613+0000][8412.646s][debug][gc,heap        ] GC(114) Heap before GC invocations=114 (full 5):
[2026-09-19T07:33:57.613+0000][8412.646s][debug][gc,heap        ] GC(114)  def new generation   total 78912K, used 71419K [0x00000000e7000000, 0x00000000ec5a0000, 0x00000000ef550000)
[2026-09-19T07:33:57.613+0000][8412.646s][debug][gc,heap        ] GC(114)   eden space 70144K, 100% used [0x00000000e7000000, 0x00000000eb480000, 0x00000000eb480000)
[2026-09-19T07:33:57.613+0000][8412.646s][debug][gc,heap        ] GC(114)   from space 8768K,  14% used [0x00000000eb480000, 0x00000000eb5becf8, 0x00000000ebd10000)
[2026-09-19T07:33:57.613+0000][8412.646s][debug][gc,heap        ] GC(114)   to   space 8768K,   0% used [0x00000000ebd10000, 0x00000000ebd10000, 0x00000000ec5a0000)
[2026-09-19T07:33:57.613+0000][8412.646s][debug][gc,heap        ] GC(114)  tenured generation   total 174784K, used 60375K [0x00000000ef550000, 0x00000000fa000000, 0x0000000100000000)
[2026-09-19T07:33:57.613+0000][8412.646s][debug][gc,heap        ] GC(114)    the space 174784K,  34% used [0x00000000ef550000, 0x00000000f3045da8, 0x00000000f3045e00, 0x00000000fa000000)
[2026-09-19T07:33:57.613+0000][8412.646s][debug][gc,heap        ] GC(114)  Metaspace       used 141572K, committed 142912K, reserved 1179648K
[2026-09-19T07:33:57.613+0000][8412.646s][debug][gc,heap        ] GC(114)   class space    used 18536K, committed 19392K, reserved 1048576K
[2026-09-19T07:33:57.615+0000][8412.648s][info ][gc,heap        ] GC(114) DefNew: 71419K(78912K)->802K(78912K) Eden: 70144K(70144K)->0K(70144K) From: 1275K(8768K)->802K(8768K)
[2026-09-19T07:33:57.615+0000][8412.648s][info ][gc,heap        ] GC(114) Tenured: 60375K(174784K)->60375K(174784K)
[2026-09-19T07:33:57.615+0000][8412.648s][info ][gc,metaspace   ] GC(114) Metaspace: 141572K(142912K)->141572K(142912K) NonClass: 123036K(123520K)->123036K(123520K) Class: 18536K(19392K)->18536K(19392K)
[2026-09-19T07:33:57.615+0000][8412.648s][debug][gc,heap        ] GC(114) Heap after GC invocations=115 (full 5):
[2026-09-19T07:33:57.615+0000][8412.648s][debug][gc,heap        ] GC(114)  def new generation   total 78912K, used 802K [0x00000000e7000000, 0x00000000ec5a0000, 0x00000000ef550000)
[2026-09-19T07:33:57.615+0000][8412.648s][debug][gc,heap        ] GC(114)   eden space 70144K,   0% used [0x00000000e7000000, 0x00000000e7000000, 0x00000000eb480000)
[2026-09-19T07:33:57.615+0000][8412.648s][debug][gc,heap        ] GC(114)   from space 8768K,   9% used [0x00000000ebd10000, 0x00000000ebdd8860, 0x00000000ec5a0000)
[2026-09-19T07:33:57.615+0000][8412.648s][debug][gc,heap        ] GC(114)   to   space 8768K,   0% used [0x00000000eb480000, 0x00000000eb480000, 0x00000000ebd10000)
[2026-09-19T07:33:57.615+0000][8412.648s][debug][gc,heap        ] GC(114)  tenured generation   total 174784K, used 60375K [0x00000000ef550000, 0x00000000fa000000, 0x0000000100000000)
[2026-09-19T07:33:57.615+0000][8412.648s][debug][gc,heap        ] GC(114)    the space 174784K,  34% used [0x00000000ef550000, 0x00000000f3045da8, 0x00000000f3045e00, 0x00000000fa000000)
[2026-09-19T07:33:57.615+0000][8412.648s][debug][gc,heap        ] GC(114)  Metaspace       used 141572K, committed 142912K, reserved 1179648K
[2026-09-19T07:33:57.615+0000][8412.648s][debug][gc,heap        ] GC(114)   class space    used 18536K, committed 19392K, reserved 1048576K
[2026-09-19T07:33:57.615+0000][8412.648s][info ][gc             ] GC(114) Pause Young (Allocation Failure) 128M->59M(247M) 2.447ms
[2026-09-19T07:33:57.615+0000][8412.648s][info ][gc,cpu         ] GC(114) User=0.01s Sys=0.00s Real=0.01s
[2026-09-19T07:35:47.431+0000][8522.464s][info ][gc,start       ] GC(115) Pause Young (Allocation Failure)
[2026-09-19T07:35:47.431+0000][8522.464s][debug][gc,heap        ] GC(115) Heap before GC invocations=115 (full 5):
[2026-09-19T07:35:47.431+0000][8522.464s][debug][gc,heap        ] GC(115)  def new generation   total 78912K, used 70946K [0x00000000e7000000, 0x00000000ec5a0000, 0x00000000ef550000)
[2026-09-19T07:35:47.431+0000][8522.464s][debug][gc,heap        ] GC(115)   eden space 70144K, 100% used [0x00000000e7000000, 0x00000000eb480000, 0x00000000eb480000)
[2026-09-19T07:35:47.431+0000][8522.464s][debug][gc,heap        ] GC(115)   from space 8768K,   9% used [0x00000000ebd10000, 0x00000000ebdd8860, 0x00000000ec5a0000)
[2026-09-19T07:35:47.431+0000][8522.464s][debug][gc,heap        ] GC(115)   to   space 8768K,   0% used [0x00000000eb480000, 0x00000000eb480000, 0x00000000ebd10000)
[2026-09-19T07:35:47.431+0000][8522.464s][debug][gc,heap        ] GC(115)  tenured generation   total 174784K, used 60375K [0x00000000ef550000, 0x00000000fa000000, 0x0000000100000000)
[2026-09-19T07:35:47.431+0000][8522.464s][debug][gc,heap        ] GC(115)    the space 174784K,  34% used [0x00000000ef550000, 0x00000000f3045da8, 0x00000000f3045e00, 0x00000000fa000000)
[2026-09-19T07:35:47.431+0000][8522.464s][debug][gc,heap        ] GC(115)  Metaspace       used 141574K, committed 142912K, reserved 1179648K
[2026-09-19T07:35:47.431+0000][8522.464s][debug][gc,heap        ] GC(115)   class space    used 18536K, committed 19392K, reserved 1048576K
[2026-09-19T07:35:47.434+0000][8522.467s][info ][gc,heap        ] GC(115) DefNew: 70946K(78912K)->852K(78912K) Eden: 70144K(70144K)->0K(70144K) From: 802K(8768K)->852K(8768K)
[2026-09-19T07:35:47.434+0000][8522.467s][info ][gc,heap        ] GC(115) Tenured: 60375K(174784K)->60375K(174784K)
[2026-09-19T07:35:47.434+0000][8522.467s][info ][gc,metaspace   ] GC(115) Metaspace: 141574K(142912K)->141574K(142912K) NonClass: 123037K(123520K)->123037K(123520K) Class: 18536K(19392K)->18536K(19392K)
[2026-09-19T07:35:47.434+0000][8522.467s][debug][gc,heap        ] GC(115) Heap after GC invocations=116 (full 5):
[2026-09-19T07:35:47.434+0000][8522.467s][debug][gc,heap        ] GC(115)  def new generation   total 78912K, used 852K [0x00000000e7000000, 0x00000000ec5a0000, 0x00000000ef550000)
[2026-09-19T07:35:47.434+0000][8522.467s][debug][gc,heap        ] GC(115)   eden space 70144K,   0% used [0x00000000e7000000, 0x00000000e7000000, 0x00000000eb480000)
[2026-09-19T07:35:47.434+0000][8522.467s][debug][gc,heap        ] GC(115)   from space 8768K,   9% used [0x00000000eb480000, 0x00000000eb555080, 0x00000000ebd10000)
[2026-09-19T07:35:47.434+0000][8522.467s][debug][gc,heap        ] GC(115)   to   space 8768K,   0% used [0x00000000ebd10000, 0x00000000ebd10000, 0x00000000ec5a0000)
[2026-09-19T07:35:47.434+0000][8522.467s][debug][gc,heap        ] GC(115)  tenured generation   total 174784K, used 60375K [0x00000000ef550000, 0x00000000fa000000, 0x0000000100000000)
[2026-09-19T07:35:47.434+0000][8522.467s][debug][gc,heap        ] GC(115)    the space 174784K,  34% used [0x00000000ef550000, 0x00000000f3045da8, 0x00000000f3045e00, 0x00000000fa000000)
[2026-09-19T07:35:47.434+0000][8522.467s][debug][gc,heap        ] GC(115)  Metaspace       used 141574K, committed 142912K, reserved 1179648K
[2026-09-19T07:35:47.434+0000][8522.467s][debug][gc,heap        ] GC(115)   class space    used 18536K, committed 19392K, reserved 1048576K
[2026-09-19T07:35:47.434+0000][8522.467s][info ][gc             ] GC(115) Pause Young (Allocation Failure) 128M->59M(247M) 2.608ms
[2026-09-19T07:35:47.434+0000][8522.467s][info ][gc,cpu         ] GC(115) User=0.00s Sys=0.00s Real=0.01s
[2026-09-19T07:37:38.980+0000][8634.014s][info ][gc,start       ] GC(116) Pause Young (Allocation Failure)
[2026-09-19T07:37:38.981+0000][8634.014s][debug][gc,heap        ] GC(116) Heap before GC invocations=116 (full 5):
[2026-09-19T07:37:38.981+0000][8634.014s][debug][gc,heap        ] GC(116)  def new generation   total 78912K, used 70996K [0x00000000e7000000, 0x00000000ec5a0000, 0x00000000ef550000)
[2026-09-19T07:37:38.981+0000][8634.014s][debug][gc,heap        ] GC(116)   eden space 70144K, 100% used [0x00000000e7000000, 0x00000000eb480000, 0x00000000eb480000)
[2026-09-19T07:37:38.981+0000][8634.014s][debug][gc,heap        ] GC(116)   from space 8768K,   9% used [0x00000000eb480000, 0x00000000eb555080, 0x00000000ebd10000)
[2026-09-19T07:37:38.981+0000][8634.014s][debug][gc,heap        ] GC(116)   to   space 8768K,   0% used [0x00000000ebd10000, 0x00000000ebd10000, 0x00000000ec5a0000)
[2026-09-19T07:37:38.981+0000][8634.014s][debug][gc,heap        ] GC(116)  tenured generation   total 174784K, used 60375K [0x00000000ef550000, 0x00000000fa000000, 0x0000000100000000)
[2026-09-19T07:37:38.981+0000][8634.014s][debug][gc,heap        ] GC(116)    the space 174784K,  34% used [0x00000000ef550000, 0x00000000f3045da8, 0x00000000f3045e00, 0x00000000fa000000)
[2026-09-19T07:37:38.981+0000][8634.014s][debug][gc,heap        ] GC(116)  Metaspace       used 141574K, committed 142912K, reserved 1179648K
[2026-09-19T07:37:38.981+0000][8634.014s][debug][gc,heap        ] GC(116)   class space    used 18536K, committed 19392K, reserved 1048576K
[2026-09-19T07:37:38.983+0000][8634.016s][info ][gc,heap        ] GC(116) DefNew: 70996K(78912K)->1030K(78912K) Eden: 70144K(70144K)->0K(70144K) From: 852K(8768K)->1030K(8768K)
[2026-09-19T07:37:38.983+0000][8634.016s][info ][gc,heap        ] GC(116) Tenured: 60375K(174784K)->60375K(174784K)
[2026-09-19T07:37:38.983+0000][8634.016s][info ][gc,metaspace   ] GC(116) Metaspace: 141574K(142912K)->141574K(142912K) NonClass: 123037K(123520K)->123037K(123520K) Class: 18536K(19392K)->18536K(19392K)
[2026-09-19T07:37:38.983+0000][8634.016s][debug][gc,heap        ] GC(116) Heap after GC invocations=117 (full 5):
[2026-09-19T07:37:38.983+0000][8634.016s][debug][gc,heap        ] GC(116)  def new generation   total 78912K, used 1030K [0x00000000e7000000, 0x00000000ec5a0000, 0x00000000ef550000)
[2026-09-19T07:37:38.983+0000][8634.016s][debug][gc,heap        ] GC(116)   eden space 70144K,   0% used [0x00000000e7000000, 0x00000000e7000000, 0x00000000eb480000)
[2026-09-19T07:37:38.983+0000][8634.016s][debug][gc,heap        ] GC(116)   from space 8768K,  11% used [0x00000000ebd10000, 0x00000000ebe11a18, 0x00000000ec5a0000)
[2026-09-19T07:37:38.983+0000][8634.016s][debug][gc,heap        ] GC(116)   to   space 8768K,   0% used [0x00000000eb480000, 0x00000000eb480000, 0x00000000ebd10000)
[2026-09-19T07:37:38.983+0000][8634.016s][debug][gc,heap        ] GC(116)  tenured generation   total 174784K, used 60375K [0x00000000ef550000, 0x00000000fa000000, 0x0000000100000000)
[2026-09-19T07:37:38.983+0000][8634.016s][debug][gc,heap        ] GC(116)    the space 174784K,  34% used [0x00000000ef550000, 0x00000000f3045da8, 0x00000000f3045e00, 0x00000000fa000000)
[2026-09-19T07:37:38.983+0000][8634.016s][debug][gc,heap        ] GC(116)  Metaspace       used 141574K, committed 142912K, reserved 1179648K
[2026-09-19T07:37:38.983+0000][8634.016s][debug][gc,heap        ] GC(116)   class space    used 18536K, committed 19392K, reserved 1048576K
[2026-09-19T07:37:38.983+0000][8634.016s][info ][gc             ] GC(116) Pause Young (Allocation Failure) 128M->59M(247M) 2.684ms
[2026-09-19T07:37:38.983+0000][8634.016s][info ][gc,cpu         ] GC(116) User=0.01s Sys=0.00s Real=0.00s
[2026-09-19T07:39:22.976+0000][8738.009s][info ][gc,start       ] GC(117) Pause Young (Allocation Failure)
[2026-09-19T07:39:22.976+0000][8738.009s][debug][gc,heap        ] GC(117) Heap before GC invocations=117 (full 5):
[2026-09-19T07:39:22.976+0000][8738.009s][debug][gc,heap        ] GC(117)  def new generation   total 78912K, used 71174K [0x00000000e7000000, 0x00000000ec5a0000, 0x00000000ef550000)
[2026-09-19T07:39:22.976+0000][8738.009s][debug][gc,heap        ] GC(117)   eden space 70144K, 100% used [0x00000000e7000000, 0x00000000eb480000, 0x00000000eb480000)
[2026-09-19T07:39:22.976+0000][8738.009s][debug][gc,heap        ] GC(117)   from space 8768K,  11% used [0x00000000ebd10000, 0x00000000ebe11a18, 0x00000000ec5a0000)
[2026-09-19T07:39:22.976+0000][8738.009s][debug][gc,heap        ] GC(117)   to   space 8768K,   0% used [0x00000000eb480000, 0x00000000eb480000, 0x00000000ebd10000)
[2026-09-19T07:39:22.976+0000][8738.009s][debug][gc,heap        ] GC(117)  tenured generation   total 174784K, used 60375K [0x00000000ef550000, 0x00000000fa000000, 0x0000000100000000)
[2026-09-19T07:39:22.976+0000][8738.009s][debug][gc,heap        ] GC(117)    the space 174784K,  34% used [0x00000000ef550000, 0x00000000f3045da8, 0x00000000f3045e00, 0x00000000fa000000)
[2026-09-19T07:39:22.976+0000][8738.009s][debug][gc,heap        ] GC(117)  Metaspace       used 141574K, committed 142912K, reserved 1179648K
[2026-09-19T07:39:22.976+0000][8738.009s][debug][gc,heap        ] GC(117)   class space    used 18536K, committed 19392K, reserved 1048576K
[2026-09-19T07:39:22.979+0000][8738.012s][info ][gc,heap        ] GC(117) DefNew: 71174K(78912K)->1749K(78912K) Eden: 70144K(70144K)->0K(70144K) From: 1030K(8768K)->1749K(8768K)
[2026-09-19T07:39:22.979+0000][8738.012s][info ][gc,heap        ] GC(117) Tenured: 60375K(174784K)->60375K(174784K)
[2026-09-19T07:39:22.979+0000][8738.012s][info ][gc,metaspace   ] GC(117) Metaspace: 141574K(142912K)->141574K(142912K) NonClass: 123037K(123520K)->123037K(123520K) Class: 18536K(19392K)->18536K(19392K)
[2026-09-19T07:39:22.979+0000][8738.012s][debug][gc,heap        ] GC(117) Heap after GC invocations=118 (full 5):
[2026-09-19T07:39:22.979+0000][8738.012s][debug][gc,heap        ] GC(117)  def new generation   total 78912K, used 1749K [0x00000000e7000000, 0x00000000ec5a0000, 0x00000000ef550000)
[2026-09-19T07:39:22.979+0000][8738.012s][debug][gc,heap        ] GC(117)   eden space 70144K,   0% used [0x00000000e7000000, 0x00000000e7000000, 0x00000000eb480000)
[2026-09-19T07:39:22.979+0000][8738.012s][debug][gc,heap        ] GC(117)   from space 8768K,  19% used [0x00000000eb480000, 0x00000000eb635548, 0x00000000ebd10000)
[2026-09-19T07:39:22.979+0000][8738.012s][debug][gc,heap        ] GC(117)   to   space 8768K,   0% used [0x00000000ebd10000, 0x00000000ebd10000, 0x00000000ec5a0000)
[2026-09-19T07:39:22.979+0000][8738.012s][debug][gc,heap        ] GC(117)  tenured generation   total 174784K, used 60375K [0x00000000ef550000, 0x00000000fa000000, 0x0000000100000000)
[2026-09-19T07:39:22.979+0000][8738.012s][debug][gc,heap        ] GC(117)    the space 174784K,  34% used [0x00000000ef550000, 0x00000000f3045e98, 0x00000000f3046000, 0x00000000fa000000)
[2026-09-19T07:39:22.979+0000][8738.012s][debug][gc,heap        ] GC(117)  Metaspace       used 141574K, committed 142912K, reserved 1179648K
[2026-09-19T07:39:22.979+0000][8738.012s][debug][gc,heap        ] GC(117)   class space    used 18536K, committed 19392K, reserved 1048576K
[2026-09-19T07:39:22.979+0000][8738.012s][info ][gc             ] GC(117) Pause Young (Allocation Failure) 128M->60M(247M) 3.025ms
[2026-09-19T07:39:22.979+0000][8738.012s][info ][gc,cpu         ] GC(117) User=0.00s Sys=0.00s Real=0.00s
[2026-09-19T07:41:12.518+0000][8847.551s][info ][gc,start       ] GC(118) Pause Young (Allocation Failure)
[2026-09-19T07:41:12.518+0000][8847.551s][debug][gc,heap        ] GC(118) Heap before GC invocations=118 (full 5):
[2026-09-19T07:41:12.518+0000][8847.551s][debug][gc,heap        ] GC(118)  def new generation   total 78912K, used 71893K [0x00000000e7000000, 0x00000000ec5a0000, 0x00000000ef550000)
[2026-09-19T07:41:12.518+0000][8847.551s][debug][gc,heap        ] GC(118)   eden space 70144K, 100% used [0x00000000e7000000, 0x00000000eb480000, 0x00000000eb480000)
[2026-09-19T07:41:12.518+0000][8847.551s][debug][gc,heap        ] GC(118)   from space 8768K,  19% used [0x00000000eb480000, 0x00000000eb635548, 0x00000000ebd10000)
[2026-09-19T07:41:12.518+0000][8847.551s][debug][gc,heap        ] GC(118)   to   space 8768K,   0% used [0x00000000ebd10000, 0x00000000ebd10000, 0x00000000ec5a0000)
[2026-09-19T07:41:12.518+0000][8847.551s][debug][gc,heap        ] GC(118)  tenured generation   total 174784K, used 60375K [0x00000000ef550000, 0x00000000fa000000, 0x0000000100000000)
[2026-09-19T07:41:12.518+0000][8847.551s][debug][gc,heap        ] GC(118)    the space 174784K,  34% used [0x00000000ef550000, 0x00000000f3045e98, 0x00000000f3046000, 0x00000000fa000000)
[2026-09-19T07:41:12.518+0000][8847.551s][debug][gc,heap        ] GC(118)  Metaspace       used 141574K, committed 142912K, reserved 1179648K
[2026-09-19T07:41:12.518+0000][8847.551s][debug][gc,heap        ] GC(118)   class space    used 18536K, committed 19392K, reserved 1048576K
[2026-09-19T07:41:12.520+0000][8847.554s][info ][gc,heap        ] GC(118) DefNew: 71893K(78912K)->832K(78912K) Eden: 70144K(70144K)->0K(70144K) From: 1749K(8768K)->832K(8768K)
[2026-09-19T07:41:12.520+0000][8847.554s][info ][gc,heap        ] GC(118) Tenured: 60375K(174784K)->60375K(174784K)
[2026-09-19T07:41:12.520+0000][8847.554s][info ][gc,metaspace   ] GC(118) Metaspace: 141574K(142912K)->141574K(142912K) NonClass: 123037K(123520K)->123037K(123520K) Class: 18536K(19392K)->18536K(19392K)
[2026-09-19T07:41:12.520+0000][8847.554s][debug][gc,heap        ] GC(118) Heap after GC invocations=119 (full 5):
[2026-09-19T07:41:12.520+0000][8847.554s][debug][gc,heap        ] GC(118)  def new generation   total 78912K, used 832K [0x00000000e7000000, 0x00000000ec5a0000, 0x00000000ef550000)
[2026-09-19T07:41:12.520+0000][8847.554s][debug][gc,heap        ] GC(118)   eden space 70144K,   0% used [0x00000000e7000000, 0x00000000e7000000, 0x00000000eb480000)
[2026-09-19T07:41:12.520+0000][8847.554s][debug][gc,heap        ] GC(118)   from space 8768K,   9% used [0x00000000ebd10000, 0x00000000ebde0020, 0x00000000ec5a0000)
[2026-09-19T07:41:12.520+0000][8847.554s][debug][gc,heap        ] GC(118)   to   space 8768K,   0% used [0x00000000eb480000, 0x00000000eb480000, 0x00000000ebd10000)
[2026-09-19T07:41:12.520+0000][8847.554s][debug][gc,heap        ] GC(118)  tenured generation   total 174784K, used 60375K [0x00000000ef550000, 0x00000000fa000000, 0x0000000100000000)
[2026-09-19T07:41:12.520+0000][8847.554s][debug][gc,heap        ] GC(118)    the space 174784K,  34% used [0x00000000ef550000, 0x00000000f3045f08, 0x00000000f3046000, 0x00000000fa000000)
[2026-09-19T07:41:12.520+0000][8847.554s][debug][gc,heap        ] GC(118)  Metaspace       used 141574K, committed 142912K, reserved 1179648K
[2026-09-19T07:41:12.520+0000][8847.554s][debug][gc,heap        ] GC(118)   class space    used 18536K, committed 19392K, reserved 1048576K
[2026-09-19T07:41:12.520+0000][8847.554s][info ][gc             ] GC(118) Pause Young (Allocation Failure) 129M->59M(247M) 2.488ms
[2026-09-19T07:41:12.520+0000][8847.554s][info ][gc,cpu         ] GC(118) User=0.00s Sys=0.00s Real=0.00s
[2026-09-19T07:43:01.386+0000][8956.419s][info ][gc,start       ] GC(119) Pause Young (Allocation Failure)
[2026-09-19T07:43:01.386+0000][8956.419s][debug][gc,heap        ] GC(119) Heap before GC invocations=119 (full 5):
[2026-09-19T07:43:01.386+0000][8956.419s][debug][gc,heap        ] GC(119)  def new generation   total 78912K, used 70976K [0x00000000e7000000, 0x00000000ec5a0000, 0x00000000ef550000)
[2026-09-19T07:43:01.386+0000][8956.419s][debug][gc,heap        ] GC(119)   eden space 70144K, 100% used [0x00000000e7000000, 0x00000000eb480000, 0x00000000eb480000)
[2026-09-19T07:43:01.386+0000][8956.419s][debug][gc,heap        ] GC(119)   from space 8768K,   9% used [0x00000000ebd10000, 0x00000000ebde0020, 0x00000000ec5a0000)
[2026-09-19T07:43:01.386+0000][8956.419s][debug][gc,heap        ] GC(119)   to   space 8768K,   0% used [0x00000000eb480000, 0x00000000eb480000, 0x00000000ebd10000)
[2026-09-19T07:43:01.386+0000][8956.419s][debug][gc,heap        ] GC(119)  tenured generation   total 174784K, used 60375K [0x00000000ef550000, 0x00000000fa000000, 0x0000000100000000)
[2026-09-19T07:43:01.386+0000][8956.419s][debug][gc,heap        ] GC(119)    the space 174784K,  34% used [0x00000000ef550000, 0x00000000f3045f08, 0x00000000f3046000, 0x00000000fa000000)
[2026-09-19T07:43:01.386+0000][8956.419s][debug][gc,heap        ] GC(119)  Metaspace       used 141575K, committed 142912K, reserved 1179648K
[2026-09-19T07:43:01.386+0000][8956.419s][debug][gc,heap        ] GC(119)   class space    used 18536K, committed 19392K, reserved 1048576K
[2026-09-19T07:43:01.388+0000][8956.421s][info ][gc,heap        ] GC(119) DefNew: 70976K(78912K)->920K(78912K) Eden: 70144K(70144K)->0K(70144K) From: 832K(8768K)->920K(8768K)
[2026-09-19T07:43:01.388+0000][8956.421s][info ][gc,heap        ] GC(119) Tenured: 60375K(174784K)->60409K(174784K)
[2026-09-19T07:43:01.388+0000][8956.421s][info ][gc,metaspace   ] GC(119) Metaspace: 141575K(142912K)->141575K(142912K) NonClass: 123039K(123520K)->123039K(123520K) Class: 18536K(19392K)->18536K(19392K)
[2026-09-19T07:43:01.388+0000][8956.421s][debug][gc,heap        ] GC(119) Heap after GC invocations=120 (full 5):
[2026-09-19T07:43:01.388+0000][8956.421s][debug][gc,heap        ] GC(119)  def new generation   total 78912K, used 920K [0x00000000e7000000, 0x00000000ec5a0000, 0x00000000ef550000)
[2026-09-19T07:43:01.388+0000][8956.421s][debug][gc,heap        ] GC(119)   eden space 70144K,   0% used [0x00000000e7000000, 0x00000000e7000000, 0x00000000eb480000)
[2026-09-19T07:43:01.388+0000][8956.421s][debug][gc,heap        ] GC(119)   from space 8768K,  10% used [0x00000000eb480000, 0x00000000eb566058, 0x00000000ebd10000)
[2026-09-19T07:43:01.388+0000][8956.421s][debug][gc,heap        ] GC(119)   to   space 8768K,   0% used [0x00000000ebd10000, 0x00000000ebd10000, 0x00000000ec5a0000)
[2026-09-19T07:43:01.388+0000][8956.421s][debug][gc,heap        ] GC(119)  tenured generation   total 174784K, used 60409K [0x00000000ef550000, 0x00000000fa000000, 0x0000000100000000)
[2026-09-19T07:43:01.388+0000][8956.421s][debug][gc,heap        ] GC(119)    the space 174784K,  34% used [0x00000000ef550000, 0x00000000f304e618, 0x00000000f304e800, 0x00000000fa000000)
[2026-09-19T07:43:01.388+0000][8956.421s][debug][gc,heap        ] GC(119)  Metaspace       used 141575K, committed 142912K, reserved 1179648K
[2026-09-19T07:43:01.388+0000][8956.421s][debug][gc,heap        ] GC(119)   class space    used 18536K, committed 19392K, reserved 1048576K
[2026-09-19T07:43:01.388+0000][8956.421s][info ][gc             ] GC(119) Pause Young (Allocation Failure) 128M->59M(247M) 2.627ms
[2026-09-19T07:43:01.388+0000][8956.422s][info ][gc,cpu         ] GC(119) User=0.00s Sys=0.00s Real=0.00s
[2026-09-19T07:44:51.822+0000][9066.855s][info ][gc,start       ] GC(120) Pause Young (Allocation Failure)
[2026-09-19T07:44:51.822+0000][9066.855s][debug][gc,heap        ] GC(120) Heap before GC invocations=120 (full 5):
[2026-09-19T07:44:51.822+0000][9066.855s][debug][gc,heap        ] GC(120)  def new generation   total 78912K, used 71064K [0x00000000e7000000, 0x00000000ec5a0000, 0x00000000ef550000)
[2026-09-19T07:44:51.822+0000][9066.855s][debug][gc,heap        ] GC(120)   eden space 70144K, 100% used [0x00000000e7000000, 0x00000000eb480000, 0x00000000eb480000)
[2026-09-19T07:44:51.822+0000][9066.855s][debug][gc,heap        ] GC(120)   from space 8768K,  10% used [0x00000000eb480000, 0x00000000eb566058, 0x00000000ebd10000)
[2026-09-19T07:44:51.822+0000][9066.855s][debug][gc,heap        ] GC(120)   to   space 8768K,   0% used [0x00000000ebd10000, 0x00000000ebd10000, 0x00000000ec5a0000)
[2026-09-19T07:44:51.822+0000][9066.855s][debug][gc,heap        ] GC(120)  tenured generation   total 174784K, used 60409K [0x00000000ef550000, 0x00000000fa000000, 0x0000000100000000)
[2026-09-19T07:44:51.822+0000][9066.855s][debug][gc,heap        ] GC(120)    the space 174784K,  34% used [0x00000000ef550000, 0x00000000f304e618, 0x00000000f304e800, 0x00000000fa000000)
[2026-09-19T07:44:51.822+0000][9066.855s][debug][gc,heap        ] GC(120)  Metaspace       used 141603K, committed 142912K, reserved 1179648K
[2026-09-19T07:44:51.822+0000][9066.855s][debug][gc,heap        ] GC(120)   class space    used 18536K, committed 19392K, reserved 1048576K
[2026-09-19T07:44:51.825+0000][9066.858s][info ][gc,heap        ] GC(120) DefNew: 71064K(78912K)->1506K(78912K) Eden: 70144K(70144K)->0K(70144K) From: 920K(8768K)->1506K(8768K)
[2026-09-19T07:44:51.825+0000][9066.858s][info ][gc,heap        ] GC(120) Tenured: 60409K(174784K)->60409K(174784K)
[2026-09-19T07:44:51.825+0000][9066.858s][info ][gc,metaspace   ] GC(120) Metaspace: 141603K(142912K)->141603K(142912K) NonClass: 123066K(123520K)->123066K(123520K) Class: 18536K(19392K)->18536K(19392K)
[2026-09-19T07:44:51.825+0000][9066.858s][debug][gc,heap        ] GC(120) Heap after GC invocations=121 (full 5):
[2026-09-19T07:44:51.825+0000][9066.858s][debug][gc,heap        ] GC(120)  def new generation   total 78912K, used 1506K [0x00000000e7000000, 0x00000000ec5a0000, 0x00000000ef550000)
[2026-09-19T07:44:51.825+0000][9066.858s][debug][gc,heap        ] GC(120)   eden space 70144K,   0% used [0x00000000e7000000, 0x00000000e7000000, 0x00000000eb480000)
[2026-09-19T07:44:51.825+0000][9066.858s][debug][gc,heap        ] GC(120)   from space 8768K,  17% used [0x00000000ebd10000, 0x00000000ebe88908, 0x00000000ec5a0000)
[2026-09-19T07:44:51.825+0000][9066.858s][debug][gc,heap        ] GC(120)   to   space 8768K,   0% used [0x00000000eb480000, 0x00000000eb480000, 0x00000000ebd10000)
[2026-09-19T07:44:51.825+0000][9066.858s][debug][gc,heap        ] GC(120)  tenured generation   total 174784K, used 60409K [0x00000000ef550000, 0x00000000fa000000, 0x0000000100000000)
[2026-09-19T07:44:51.825+0000][9066.858s][debug][gc,heap        ] GC(120)    the space 174784K,  34% used [0x00000000ef550000, 0x00000000f304e618, 0x00000000f304e800, 0x00000000fa000000)
[2026-09-19T07:44:51.825+0000][9066.858s][debug][gc,heap        ] GC(120)  Metaspace       used 141603K, committed 142912K, reserved 1179648K
[2026-09-19T07:44:51.825+0000][9066.858s][debug][gc,heap        ] GC(120)   class space    used 18536K, committed 19392K, reserved 1048576K
[2026-09-19T07:44:51.825+0000][9066.858s][info ][gc             ] GC(120) Pause Young (Allocation Failure) 128M->60M(247M) 2.836ms
[2026-09-19T07:44:51.825+0000][9066.858s][info ][gc,cpu         ] GC(120) User=0.01s Sys=0.00s Real=0.01s
[2026-09-19T07:46:40.746+0000][9175.780s][info ][gc,start       ] GC(121) Pause Young (Allocation Failure)
[2026-09-19T07:46:40.746+0000][9175.780s][debug][gc,heap        ] GC(121) Heap before GC invocations=121 (full 5):
[2026-09-19T07:46:40.746+0000][9175.780s][debug][gc,heap        ] GC(121)  def new generation   total 78912K, used 71650K [0x00000000e7000000, 0x00000000ec5a0000, 0x00000000ef550000)
[2026-09-19T07:46:40.746+0000][9175.780s][debug][gc,heap        ] GC(121)   eden space 70144K, 100% used [0x00000000e7000000, 0x00000000eb480000, 0x00000000eb480000)
[2026-09-19T07:46:40.746+0000][9175.780s][debug][gc,heap        ] GC(121)   from space 8768K,  17% used [0x00000000ebd10000, 0x00000000ebe88908, 0x00000000ec5a0000)
[2026-09-19T07:46:40.746+0000][9175.780s][debug][gc,heap        ] GC(121)   to   space 8768K,   0% used [0x00000000eb480000, 0x00000000eb480000, 0x00000000ebd10000)
[2026-09-19T07:46:40.746+0000][9175.780s][debug][gc,heap        ] GC(121)  tenured generation   total 174784K, used 60409K [0x00000000ef550000, 0x00000000fa000000, 0x0000000100000000)
[2026-09-19T07:46:40.746+0000][9175.780s][debug][gc,heap        ] GC(121)    the space 174784K,  34% used [0x00000000ef550000, 0x00000000f304e618, 0x00000000f304e800, 0x00000000fa000000)
[2026-09-19T07:46:40.746+0000][9175.780s][debug][gc,heap        ] GC(121)  Metaspace       used 141608K, committed 142912K, reserved 1179648K
[2026-09-19T07:46:40.746+0000][9175.780s][debug][gc,heap        ] GC(121)   class space    used 18536K, committed 19392K, reserved 1048576K
[2026-09-19T07:46:40.749+0000][9175.782s][info ][gc,heap        ] GC(121) DefNew: 71650K(78912K)->827K(78912K) Eden: 70144K(70144K)->0K(70144K) From: 1506K(8768K)->827K(8768K)
[2026-09-19T07:46:40.749+0000][9175.782s][info ][gc,heap        ] GC(121) Tenured: 60409K(174784K)->60409K(174784K)
[2026-09-19T07:46:40.749+0000][9175.782s][info ][gc,metaspace   ] GC(121) Metaspace: 141608K(142912K)->141608K(142912K) NonClass: 123071K(123520K)->123071K(123520K) Class: 18536K(19392K)->18536K(19392K)
[2026-09-19T07:46:40.749+0000][9175.782s][debug][gc,heap        ] GC(121) Heap after GC invocations=122 (full 5):
[2026-09-19T07:46:40.749+0000][9175.782s][debug][gc,heap        ] GC(121)  def new generation   total 78912K, used 827K [0x00000000e7000000, 0x00000000ec5a0000, 0x00000000ef550000)
[2026-09-19T07:46:40.749+0000][9175.782s][debug][gc,heap        ] GC(121)   eden space 70144K,   0% used [0x00000000e7000000, 0x00000000e7000000, 0x00000000eb480000)
[2026-09-19T07:46:40.749+0000][9175.782s][debug][gc,heap        ] GC(121)   from space 8768K,   9% used [0x00000000eb480000, 0x00000000eb54ee30, 0x00000000ebd10000)
[2026-09-19T07:46:40.749+0000][9175.782s][debug][gc,heap        ] GC(121)   to   space 8768K,   0% used [0x00000000ebd10000, 0x00000000ebd10000, 0x00000000ec5a0000)
[2026-09-19T07:46:40.749+0000][9175.782s][debug][gc,heap        ] GC(121)  tenured generation   total 174784K, used 60409K [0x00000000ef550000, 0x00000000fa000000, 0x0000000100000000)
[2026-09-19T07:46:40.749+0000][9175.782s][debug][gc,heap        ] GC(121)    the space 174784K,  34% used [0x00000000ef550000, 0x00000000f304e7a8, 0x00000000f304e800, 0x00000000fa000000)
[2026-09-19T07:46:40.749+0000][9175.782s][debug][gc,heap        ] GC(121)  Metaspace       used 141608K, committed 142912K, reserved 1179648K
[2026-09-19T07:46:40.749+0000][9175.782s][debug][gc,heap        ] GC(121)   class space    used 18536K, committed 19392K, reserved 1048576K
[2026-09-19T07:46:40.749+0000][9175.782s][info ][gc             ] GC(121) Pause Young (Allocation Failure) 128M->59M(247M) 2.578ms
[2026-09-19T07:46:40.749+0000][9175.782s][info ][gc,cpu         ] GC(121) User=0.01s Sys=0.00s Real=0.00s
[2026-09-19T07:48:30.767+0000][9285.800s][info ][gc,start       ] GC(122) Pause Young (Allocation Failure)
[2026-09-19T07:48:30.767+0000][9285.800s][debug][gc,heap        ] GC(122) Heap before GC invocations=122 (full 5):
[2026-09-19T07:48:30.767+0000][9285.800s][debug][gc,heap        ] GC(122)  def new generation   total 78912K, used 70971K [0x00000000e7000000, 0x00000000ec5a0000, 0x00000000ef550000)
[2026-09-19T07:48:30.767+0000][9285.800s][debug][gc,heap        ] GC(122)   eden space 70144K, 100% used [0x00000000e7000000, 0x00000000eb480000, 0x00000000eb480000)
[2026-09-19T07:48:30.767+0000][9285.800s][debug][gc,heap        ] GC(122)   from space 8768K,   9% used [0x00000000eb480000, 0x00000000eb54ee30, 0x00000000ebd10000)
[2026-09-19T07:48:30.767+0000][9285.800s][debug][gc,heap        ] GC(122)   to   space 8768K,   0% used [0x00000000ebd10000, 0x00000000ebd10000, 0x00000000ec5a0000)
[2026-09-19T07:48:30.767+0000][9285.800s][debug][gc,heap        ] GC(122)  tenured generation   total 174784K, used 60409K [0x00000000ef550000, 0x00000000fa000000, 0x0000000100000000)
[2026-09-19T07:48:30.767+0000][9285.800s][debug][gc,heap        ] GC(122)    the space 174784K,  34% used [0x00000000ef550000, 0x00000000f304e7a8, 0x00000000f304e800, 0x00000000fa000000)
[2026-09-19T07:48:30.767+0000][9285.800s][debug][gc,heap        ] GC(122)  Metaspace       used 141608K, committed 142912K, reserved 1179648K
[2026-09-19T07:48:30.767+0000][9285.800s][debug][gc,heap        ] GC(122)   class space    used 18536K, committed 19392K, reserved 1048576K
[2026-09-19T07:48:30.769+0000][9285.802s][info ][gc,heap        ] GC(122) DefNew: 70971K(78912K)->981K(78912K) Eden: 70144K(70144K)->0K(70144K) From: 827K(8768K)->981K(8768K)
[2026-09-19T07:48:30.769+0000][9285.802s][info ][gc,heap        ] GC(122) Tenured: 60409K(174784K)->60458K(174784K)
[2026-09-19T07:48:30.769+0000][9285.802s][info ][gc,metaspace   ] GC(122) Metaspace: 141608K(142912K)->141608K(142912K) NonClass: 123071K(123520K)->123071K(123520K) Class: 18536K(19392K)->18536K(19392K)
[2026-09-19T07:48:30.769+0000][9285.802s][debug][gc,heap        ] GC(122) Heap after GC invocations=123 (full 5):
[2026-09-19T07:48:30.769+0000][9285.802s][debug][gc,heap        ] GC(122)  def new generation   total 78912K, used 981K [0x00000000e7000000, 0x00000000ec5a0000, 0x00000000ef550000)
[2026-09-19T07:48:30.769+0000][9285.802s][debug][gc,heap        ] GC(122)   eden space 70144K,   0% used [0x00000000e7000000, 0x00000000e7000000, 0x00000000eb480000)
[2026-09-19T07:48:30.769+0000][9285.802s][debug][gc,heap        ] GC(122)   from space 8768K,  11% used [0x00000000ebd10000, 0x00000000ebe05788, 0x00000000ec5a0000)
[2026-09-19T07:48:30.769+0000][9285.802s][debug][gc,heap        ] GC(122)   to   space 8768K,   0% used [0x00000000eb480000, 0x00000000eb480000, 0x00000000ebd10000)
[2026-09-19T07:48:30.769+0000][9285.802s][debug][gc,heap        ] GC(122)  tenured generation   total 174784K, used 60458K [0x00000000ef550000, 0x00000000fa000000, 0x0000000100000000)
[2026-09-19T07:48:30.769+0000][9285.802s][debug][gc,heap        ] GC(122)    the space 174784K,  34% used [0x00000000ef550000, 0x00000000f305aaa8, 0x00000000f305ac00, 0x00000000fa000000)
[2026-09-19T07:48:30.769+0000][9285.802s][debug][gc,heap        ] GC(122)  Metaspace       used 141608K, committed 142912K, reserved 1179648K
[2026-09-19T07:48:30.769+0000][9285.802s][debug][gc,heap        ] GC(122)   class space    used 18536K, committed 19392K, reserved 1048576K
[2026-09-19T07:48:30.769+0000][9285.802s][info ][gc             ] GC(122) Pause Young (Allocation Failure) 128M->60M(247M) 2.737ms
[2026-09-19T07:48:30.769+0000][9285.802s][info ][gc,cpu         ] GC(122) User=0.00s Sys=0.00s Real=0.00s
[2026-09-19T07:50:24.457+0000][9399.490s][info ][gc,start       ] GC(123) Pause Young (Allocation Failure)
[2026-09-19T07:50:24.457+0000][9399.491s][debug][gc,heap        ] GC(123) Heap before GC invocations=123 (full 5):
[2026-09-19T07:50:24.457+0000][9399.491s][debug][gc,heap        ] GC(123)  def new generation   total 78912K, used 71125K [0x00000000e7000000, 0x00000000ec5a0000, 0x00000000ef550000)
[2026-09-19T07:50:24.457+0000][9399.491s][debug][gc,heap        ] GC(123)   eden space 70144K, 100% used [0x00000000e7000000, 0x00000000eb480000, 0x00000000eb480000)
[2026-09-19T07:50:24.457+0000][9399.491s][debug][gc,heap        ] GC(123)   from space 8768K,  11% used [0x00000000ebd10000, 0x00000000ebe05788, 0x00000000ec5a0000)
[2026-09-19T07:50:24.457+0000][9399.491s][debug][gc,heap        ] GC(123)   to   space 8768K,   0% used [0x00000000eb480000, 0x00000000eb480000, 0x00000000ebd10000)
[2026-09-19T07:50:24.457+0000][9399.491s][debug][gc,heap        ] GC(123)  tenured generation   total 174784K, used 60458K [0x00000000ef550000, 0x00000000fa000000, 0x0000000100000000)
[2026-09-19T07:50:24.457+0000][9399.491s][debug][gc,heap        ] GC(123)    the space 174784K,  34% used [0x00000000ef550000, 0x00000000f305aaa8, 0x00000000f305ac00, 0x00000000fa000000)
[2026-09-19T07:50:24.457+0000][9399.491s][debug][gc,heap        ] GC(123)  Metaspace       used 141609K, committed 142912K, reserved 1179648K
[2026-09-19T07:50:24.457+0000][9399.491s][debug][gc,heap        ] GC(123)   class space    used 18536K, committed 19392K, reserved 1048576K
[2026-09-19T07:50:24.460+0000][9399.493s][info ][gc,heap        ] GC(123) DefNew: 71125K(78912K)->1376K(78912K) Eden: 70144K(70144K)->0K(70144K) From: 981K(8768K)->1376K(8768K)
[2026-09-19T07:50:24.460+0000][9399.493s][info ][gc,heap        ] GC(123) Tenured: 60458K(174784K)->60464K(174784K)
[2026-09-19T07:50:24.460+0000][9399.493s][info ][gc,metaspace   ] GC(123) Metaspace: 141609K(142912K)->141609K(142912K) NonClass: 123072K(123520K)->123072K(123520K) Class: 18536K(19392K)->18536K(19392K)
[2026-09-19T07:50:24.460+0000][9399.493s][debug][gc,heap        ] GC(123) Heap after GC invocations=124 (full 5):
[2026-09-19T07:50:24.460+0000][9399.493s][debug][gc,heap        ] GC(123)  def new generation   total 78912K, used 1376K [0x00000000e7000000, 0x00000000ec5a0000, 0x00000000ef550000)
[2026-09-19T07:50:24.460+0000][9399.493s][debug][gc,heap        ] GC(123)   eden space 70144K,   0% used [0x00000000e7000000, 0x00000000e7000000, 0x00000000eb480000)
[2026-09-19T07:50:24.460+0000][9399.493s][debug][gc,heap        ] GC(123)   from space 8768K,  15% used [0x00000000eb480000, 0x00000000eb5d81c0, 0x00000000ebd10000)
[2026-09-19T07:50:24.460+0000][9399.493s][debug][gc,heap        ] GC(123)   to   space 8768K,   0% used [0x00000000ebd10000, 0x00000000ebd10000, 0x00000000ec5a0000)
[2026-09-19T07:50:24.460+0000][9399.493s][debug][gc,heap        ] GC(123)  tenured generation   total 174784K, used 60464K [0x00000000ef550000, 0x00000000fa000000, 0x0000000100000000)
[2026-09-19T07:50:24.460+0000][9399.493s][debug][gc,heap        ] GC(123)    the space 174784K,  34% used [0x00000000ef550000, 0x00000000f305c028, 0x00000000f305c200, 0x00000000fa000000)
[2026-09-19T07:50:24.460+0000][9399.493s][debug][gc,heap        ] GC(123)  Metaspace       used 141609K, committed 142912K, reserved 1179648K
[2026-09-19T07:50:24.460+0000][9399.493s][debug][gc,heap        ] GC(123)   class space    used 18536K, committed 19392K, reserved 1048576K
[2026-09-19T07:50:24.460+0000][9399.493s][info ][gc             ] GC(123) Pause Young (Allocation Failure) 128M->60M(247M) 2.846ms
[2026-09-19T07:50:24.460+0000][9399.493s][info ][gc,cpu         ] GC(123) User=0.00s Sys=0.00s Real=0.00s
[2026-09-19T07:52:11.617+0000][9506.650s][info ][gc,start       ] GC(124) Pause Young (Allocation Failure)
[2026-09-19T07:52:11.617+0000][9506.650s][debug][gc,heap        ] GC(124) Heap before GC invocations=124 (full 5):
[2026-09-19T07:52:11.617+0000][9506.650s][debug][gc,heap        ] GC(124)  def new generation   total 78912K, used 71520K [0x00000000e7000000, 0x00000000ec5a0000, 0x00000000ef550000)
[2026-09-19T07:52:11.617+0000][9506.650s][debug][gc,heap        ] GC(124)   eden space 70144K, 100% used [0x00000000e7000000, 0x00000000eb480000, 0x00000000eb480000)
[2026-09-19T07:52:11.617+0000][9506.650s][debug][gc,heap        ] GC(124)   from space 8768K,  15% used [0x00000000eb480000, 0x00000000eb5d81c0, 0x00000000ebd10000)
[2026-09-19T07:52:11.617+0000][9506.650s][debug][gc,heap        ] GC(124)   to   space 8768K,   0% used [0x00000000ebd10000, 0x00000000ebd10000, 0x00000000ec5a0000)
[2026-09-19T07:52:11.617+0000][9506.650s][debug][gc,heap        ] GC(124)  tenured generation   total 174784K, used 60464K [0x00000000ef550000, 0x00000000fa000000, 0x0000000100000000)
[2026-09-19T07:52:11.617+0000][9506.650s][debug][gc,heap        ] GC(124)    the space 174784K,  34% used [0x00000000ef550000, 0x00000000f305c028, 0x00000000f305c200, 0x00000000fa000000)
[2026-09-19T07:52:11.617+0000][9506.650s][debug][gc,heap        ] GC(124)  Metaspace       used 141671K, committed 142976K, reserved 1179648K
[2026-09-19T07:52:11.617+0000][9506.650s][debug][gc,heap        ] GC(124)   class space    used 18536K, committed 19392K, reserved 1048576K
[2026-09-19T07:52:11.619+0000][9506.653s][info ][gc,heap        ] GC(124) DefNew: 71520K(78912K)->1429K(78912K) Eden: 70144K(70144K)->0K(70144K) From: 1376K(8768K)->1429K(8768K)
[2026-09-19T07:52:11.620+0000][9506.653s][info ][gc,heap        ] GC(124) Tenured: 60464K(174784K)->60545K(174784K)
[2026-09-19T07:52:11.620+0000][9506.653s][info ][gc,metaspace   ] GC(124) Metaspace: 141671K(142976K)->141671K(142976K) NonClass: 123134K(123584K)->123134K(123584K) Class: 18536K(19392K)->18536K(19392K)
[2026-09-19T07:52:11.620+0000][9506.653s][debug][gc,heap        ] GC(124) Heap after GC invocations=125 (full 5):
[2026-09-19T07:52:11.620+0000][9506.653s][debug][gc,heap        ] GC(124)  def new generation   total 78912K, used 1429K [0x00000000e7000000, 0x00000000ec5a0000, 0x00000000ef550000)
[2026-09-19T07:52:11.620+0000][9506.653s][debug][gc,heap        ] GC(124)   eden space 70144K,   0% used [0x00000000e7000000, 0x00000000e7000000, 0x00000000eb480000)
[2026-09-19T07:52:11.620+0000][9506.653s][debug][gc,heap        ] GC(124)   from space 8768K,  16% used [0x00000000ebd10000, 0x00000000ebe75510, 0x00000000ec5a0000)
[2026-09-19T07:52:11.620+0000][9506.653s][debug][gc,heap        ] GC(124)   to   space 8768K,   0% used [0x00000000eb480000, 0x00000000eb480000, 0x00000000ebd10000)
[2026-09-19T07:52:11.620+0000][9506.653s][debug][gc,heap        ] GC(124)  tenured generation   total 174784K, used 60545K [0x00000000ef550000, 0x00000000fa000000, 0x0000000100000000)
[2026-09-19T07:52:11.620+0000][9506.653s][debug][gc,heap        ] GC(124)    the space 174784K,  34% used [0x00000000ef550000, 0x00000000f3070690, 0x00000000f3070800, 0x00000000fa000000)
[2026-09-19T07:52:11.620+0000][9506.653s][debug][gc,heap        ] GC(124)  Metaspace       used 141671K, committed 142976K, reserved 1179648K
[2026-09-19T07:52:11.620+0000][9506.653s][debug][gc,heap        ] GC(124)   class space    used 18536K, committed 19392K, reserved 1048576K
[2026-09-19T07:52:11.620+0000][9506.653s][info ][gc             ] GC(124) Pause Young (Allocation Failure) 128M->60M(247M) 2.729ms
[2026-09-19T07:52:11.620+0000][9506.653s][info ][gc,cpu         ] GC(124) User=0.01s Sys=0.00s Real=0.00s
[2026-09-19T07:54:01.029+0000][9616.062s][info ][gc,start       ] GC(125) Pause Young (Allocation Failure)
[2026-09-19T07:54:01.029+0000][9616.062s][debug][gc,heap        ] GC(125) Heap before GC invocations=125 (full 5):
[2026-09-19T07:54:01.029+0000][9616.062s][debug][gc,heap        ] GC(125)  def new generation   total 78912K, used 71573K [0x00000000e7000000, 0x00000000ec5a0000, 0x00000000ef550000)
[2026-09-19T07:54:01.029+0000][9616.062s][debug][gc,heap        ] GC(125)   eden space 70144K, 100% used [0x00000000e7000000, 0x00000000eb480000, 0x00000000eb480000)
[2026-09-19T07:54:01.029+0000][9616.062s][debug][gc,heap        ] GC(125)   from space 8768K,  16% used [0x00000000ebd10000, 0x00000000ebe75510, 0x00000000ec5a0000)
[2026-09-19T07:54:01.029+0000][9616.062s][debug][gc,heap        ] GC(125)   to   space 8768K,   0% used [0x00000000eb480000, 0x00000000eb480000, 0x00000000ebd10000)
[2026-09-19T07:54:01.029+0000][9616.062s][debug][gc,heap        ] GC(125)  tenured generation   total 174784K, used 60545K [0x00000000ef550000, 0x00000000fa000000, 0x0000000100000000)
[2026-09-19T07:54:01.029+0000][9616.062s][debug][gc,heap        ] GC(125)    the space 174784K,  34% used [0x00000000ef550000, 0x00000000f3070690, 0x00000000f3070800, 0x00000000fa000000)
[2026-09-19T07:54:01.029+0000][9616.062s][debug][gc,heap        ] GC(125)  Metaspace       used 141671K, committed 142976K, reserved 1179648K
[2026-09-19T07:54:01.029+0000][9616.062s][debug][gc,heap        ] GC(125)   class space    used 18536K, committed 19392K, reserved 1048576K
[2026-09-19T07:54:01.033+0000][9616.066s][info ][gc,heap        ] GC(125) DefNew: 71573K(78912K)->1567K(78912K) Eden: 70144K(70144K)->0K(70144K) From: 1429K(8768K)->1567K(8768K)
[2026-09-19T07:54:01.033+0000][9616.066s][info ][gc,heap        ] GC(125) Tenured: 60545K(174784K)->60600K(174784K)
[2026-09-19T07:54:01.033+0000][9616.066s][info ][gc,metaspace   ] GC(125) Metaspace: 141671K(142976K)->141671K(142976K) NonClass: 123134K(123584K)->123134K(123584K) Class: 18536K(19392K)->18536K(19392K)
[2026-09-19T07:54:01.033+0000][9616.066s][debug][gc,heap        ] GC(125) Heap after GC invocations=126 (full 5):
[2026-09-19T07:54:01.033+0000][9616.066s][debug][gc,heap        ] GC(125)  def new generation   total 78912K, used 1567K [0x00000000e7000000, 0x00000000ec5a0000, 0x00000000ef550000)
[2026-09-19T07:54:01.033+0000][9616.066s][debug][gc,heap        ] GC(125)   eden space 70144K,   0% used [0x00000000e7000000, 0x00000000e7000000, 0x00000000eb480000)
[2026-09-19T07:54:01.033+0000][9616.066s][debug][gc,heap        ] GC(125)   from space 8768K,  17% used [0x00000000eb480000, 0x00000000eb607c60, 0x00000000ebd10000)
[2026-09-19T07:54:01.033+0000][9616.066s][debug][gc,heap        ] GC(125)   to   space 8768K,   0% used [0x00000000ebd10000, 0x00000000ebd10000, 0x00000000ec5a0000)
[2026-09-19T07:54:01.033+0000][9616.066s][debug][gc,heap        ] GC(125)  tenured generation   total 174784K, used 60600K [0x00000000ef550000, 0x00000000fa000000, 0x0000000100000000)
[2026-09-19T07:54:01.033+0000][9616.066s][debug][gc,heap        ] GC(125)    the space 174784K,  34% used [0x00000000ef550000, 0x00000000f307e0b8, 0x00000000f307e200, 0x00000000fa000000)
[2026-09-19T07:54:01.033+0000][9616.066s][debug][gc,heap        ] GC(125)  Metaspace       used 141671K, committed 142976K, reserved 1179648K
[2026-09-19T07:54:01.033+0000][9616.066s][debug][gc,heap        ] GC(125)   class space    used 18536K, committed 19392K, reserved 1048576K
[2026-09-19T07:54:01.033+0000][9616.066s][info ][gc             ] GC(125) Pause Young (Allocation Failure) 129M->60M(247M) 4.152ms
[2026-09-19T07:54:01.033+0000][9616.066s][info ][gc,cpu         ] GC(125) User=0.01s Sys=0.00s Real=0.00s
[2026-09-19T07:55:45.222+0000][9720.255s][info ][gc,start       ] GC(126) Pause Young (Allocation Failure)
[2026-09-19T07:55:45.222+0000][9720.255s][debug][gc,heap        ] GC(126) Heap before GC invocations=126 (full 5):
[2026-09-19T07:55:45.222+0000][9720.255s][debug][gc,heap        ] GC(126)  def new generation   total 78912K, used 71711K [0x00000000e7000000, 0x00000000ec5a0000, 0x00000000ef550000)
[2026-09-19T07:55:45.222+0000][9720.255s][debug][gc,heap        ] GC(126)   eden space 70144K, 100% used [0x00000000e7000000, 0x00000000eb480000, 0x00000000eb480000)
[2026-09-19T07:55:45.222+0000][9720.255s][debug][gc,heap        ] GC(126)   from space 8768K,  17% used [0x00000000eb480000, 0x00000000eb607c60, 0x00000000ebd10000)
[2026-09-19T07:55:45.222+0000][9720.255s][debug][gc,heap        ] GC(126)   to   space 8768K,   0% used [0x00000000ebd10000, 0x00000000ebd10000, 0x00000000ec5a0000)
[2026-09-19T07:55:45.222+0000][9720.255s][debug][gc,heap        ] GC(126)  tenured generation   total 174784K, used 60600K [0x00000000ef550000, 0x00000000fa000000, 0x0000000100000000)
[2026-09-19T07:55:45.222+0000][9720.255s][debug][gc,heap        ] GC(126)    the space 174784K,  34% used [0x00000000ef550000, 0x00000000f307e0b8, 0x00000000f307e200, 0x00000000fa000000)
[2026-09-19T07:55:45.222+0000][9720.255s][debug][gc,heap        ] GC(126)  Metaspace       used 141672K, committed 142976K, reserved 1179648K
[2026-09-19T07:55:45.222+0000][9720.255s][debug][gc,heap        ] GC(126)   class space    used 18536K, committed 19392K, reserved 1048576K
[2026-09-19T07:55:45.224+0000][9720.257s][info ][gc,heap        ] GC(126) DefNew: 71711K(78912K)->939K(78912K) Eden: 70144K(70144K)->0K(70144K) From: 1567K(8768K)->939K(8768K)
[2026-09-19T07:55:45.224+0000][9720.257s][info ][gc,heap        ] GC(126) Tenured: 60600K(174784K)->60603K(174784K)
[2026-09-19T07:55:45.224+0000][9720.257s][info ][gc,metaspace   ] GC(126) Metaspace: 141672K(142976K)->141672K(142976K) NonClass: 123135K(123584K)->123135K(123584K) Class: 18536K(19392K)->18536K(19392K)
[2026-09-19T07:55:45.224+0000][9720.257s][debug][gc,heap        ] GC(126) Heap after GC invocations=127 (full 5):
[2026-09-19T07:55:45.224+0000][9720.257s][debug][gc,heap        ] GC(126)  def new generation   total 78912K, used 939K [0x00000000e7000000, 0x00000000ec5a0000, 0x00000000ef550000)
[2026-09-19T07:55:45.224+0000][9720.257s][debug][gc,heap        ] GC(126)   eden space 70144K,   0% used [0x00000000e7000000, 0x00000000e7000000, 0x00000000eb480000)
[2026-09-19T07:55:45.224+0000][9720.257s][debug][gc,heap        ] GC(126)   from space 8768K,  10% used [0x00000000ebd10000, 0x00000000ebdfaeb0, 0x00000000ec5a0000)
[2026-09-19T07:55:45.224+0000][9720.257s][debug][gc,heap        ] GC(126)   to   space 8768K,   0% used [0x00000000eb480000, 0x00000000eb480000, 0x00000000ebd10000)
[2026-09-19T07:55:45.224+0000][9720.257s][debug][gc,heap        ] GC(126)  tenured generation   total 174784K, used 60603K [0x00000000ef550000, 0x00000000fa000000, 0x0000000100000000)
[2026-09-19T07:55:45.224+0000][9720.257s][debug][gc,heap        ] GC(126)    the space 174784K,  34% used [0x00000000ef550000, 0x00000000f307eca8, 0x00000000f307ee00, 0x00000000fa000000)
[2026-09-19T07:55:45.224+0000][9720.257s][debug][gc,heap        ] GC(126)  Metaspace       used 141672K, committed 142976K, reserved 1179648K
[2026-09-19T07:55:45.224+0000][9720.257s][debug][gc,heap        ] GC(126)   class space    used 18536K, committed 19392K, reserved 1048576K
[2026-09-19T07:55:45.224+0000][9720.258s][info ][gc             ] GC(126) Pause Young (Allocation Failure) 129M->60M(247M) 2.567ms
[2026-09-19T07:55:45.224+0000][9720.258s][info ][gc,cpu         ] GC(126) User=0.00s Sys=0.00s Real=0.01s
[2026-09-19T07:57:28.830+0000][9823.863s][info ][gc,start       ] GC(127) Pause Young (Allocation Failure)
[2026-09-19T07:57:28.830+0000][9823.863s][debug][gc,heap        ] GC(127) Heap before GC invocations=127 (full 5):
[2026-09-19T07:57:28.830+0000][9823.863s][debug][gc,heap        ] GC(127)  def new generation   total 78912K, used 71083K [0x00000000e7000000, 0x00000000ec5a0000, 0x00000000ef550000)
[2026-09-19T07:57:28.830+0000][9823.863s][debug][gc,heap        ] GC(127)   eden space 70144K, 100% used [0x00000000e7000000, 0x00000000eb480000, 0x00000000eb480000)
[2026-09-19T07:57:28.830+0000][9823.863s][debug][gc,heap        ] GC(127)   from space 8768K,  10% used [0x00000000ebd10000, 0x00000000ebdfaeb0, 0x00000000ec5a0000)
[2026-09-19T07:57:28.830+0000][9823.863s][debug][gc,heap        ] GC(127)   to   space 8768K,   0% used [0x00000000eb480000, 0x00000000eb480000, 0x00000000ebd10000)
[2026-09-19T07:57:28.830+0000][9823.863s][debug][gc,heap        ] GC(127)  tenured generation   total 174784K, used 60603K [0x00000000ef550000, 0x00000000fa000000, 0x0000000100000000)
[2026-09-19T07:57:28.830+0000][9823.863s][debug][gc,heap        ] GC(127)    the space 174784K,  34% used [0x00000000ef550000, 0x00000000f307eca8, 0x00000000f307ee00, 0x00000000fa000000)
[2026-09-19T07:57:28.830+0000][9823.863s][debug][gc,heap        ] GC(127)  Metaspace       used 141672K, committed 142976K, reserved 1179648K
[2026-09-19T07:57:28.830+0000][9823.863s][debug][gc,heap        ] GC(127)   class space    used 18536K, committed 19392K, reserved 1048576K
[2026-09-19T07:57:28.833+0000][9823.866s][info ][gc,heap        ] GC(127) DefNew: 71083K(78912K)->907K(78912K) Eden: 70144K(70144K)->0K(70144K) From: 939K(8768K)->907K(8768K)
[2026-09-19T07:57:28.833+0000][9823.866s][info ][gc,heap        ] GC(127) Tenured: 60603K(174784K)->60605K(174784K)
[2026-09-19T07:57:28.833+0000][9823.866s][info ][gc,metaspace   ] GC(127) Metaspace: 141672K(142976K)->141672K(142976K) NonClass: 123135K(123584K)->123135K(123584K) Class: 18536K(19392K)->18536K(19392K)
[2026-09-19T07:57:28.833+0000][9823.866s][debug][gc,heap        ] GC(127) Heap after GC invocations=128 (full 5):
[2026-09-19T07:57:28.833+0000][9823.866s][debug][gc,heap        ] GC(127)  def new generation   total 78912K, used 907K [0x00000000e7000000, 0x00000000ec5a0000, 0x00000000ef550000)
[2026-09-19T07:57:28.833+0000][9823.866s][debug][gc,heap        ] GC(127)   eden space 70144K,   0% used [0x00000000e7000000, 0x00000000e7000000, 0x00000000eb480000)
[2026-09-19T07:57:28.833+0000][9823.866s][debug][gc,heap        ] GC(127)   from space 8768K,  10% used [0x00000000eb480000, 0x00000000eb562e68, 0x00000000ebd10000)
[2026-09-19T07:57:28.833+0000][9823.866s][debug][gc,heap        ] GC(127)   to   space 8768K,   0% used [0x00000000ebd10000, 0x00000000ebd10000, 0x00000000ec5a0000)
[2026-09-19T07:57:28.833+0000][9823.866s][debug][gc,heap        ] GC(127)  tenured generation   total 174784K, used 60605K [0x00000000ef550000, 0x00000000fa000000, 0x0000000100000000)
[2026-09-19T07:57:28.833+0000][9823.866s][debug][gc,heap        ] GC(127)    the space 174784K,  34% used [0x00000000ef550000, 0x00000000f307f5f8, 0x00000000f307f600, 0x00000000fa000000)
[2026-09-19T07:57:28.833+0000][9823.866s][debug][gc,heap        ] GC(127)  Metaspace       used 141672K, committed 142976K, reserved 1179648K
[2026-09-19T07:57:28.833+0000][9823.866s][debug][gc,heap        ] GC(127)   class space    used 18536K, committed 19392K, reserved 1048576K
[2026-09-19T07:57:28.833+0000][9823.866s][info ][gc             ] GC(127) Pause Young (Allocation Failure) 128M->60M(247M) 2.598ms
[2026-09-19T07:57:28.833+0000][9823.866s][info ][gc,cpu         ] GC(127) User=0.00s Sys=0.00s Real=0.00s
[2026-09-19T07:59:15.384+0000][9930.417s][info ][gc,start       ] GC(128) Pause Young (Allocation Failure)
[2026-09-19T07:59:15.384+0000][9930.417s][debug][gc,heap        ] GC(128) Heap before GC invocations=128 (full 5):
[2026-09-19T07:59:15.384+0000][9930.417s][debug][gc,heap        ] GC(128)  def new generation   total 78912K, used 71051K [0x00000000e7000000, 0x00000000ec5a0000, 0x00000000ef550000)
[2026-09-19T07:59:15.384+0000][9930.417s][debug][gc,heap        ] GC(128)   eden space 70144K, 100% used [0x00000000e7000000, 0x00000000eb480000, 0x00000000eb480000)
[2026-09-19T07:59:15.384+0000][9930.417s][debug][gc,heap        ] GC(128)   from space 8768K,  10% used [0x00000000eb480000, 0x00000000eb562e68, 0x00000000ebd10000)
[2026-09-19T07:59:15.384+0000][9930.417s][debug][gc,heap        ] GC(128)   to   space 8768K,   0% used [0x00000000ebd10000, 0x00000000ebd10000, 0x00000000ec5a0000)
[2026-09-19T07:59:15.384+0000][9930.417s][debug][gc,heap        ] GC(128)  tenured generation   total 174784K, used 60605K [0x00000000ef550000, 0x00000000fa000000, 0x0000000100000000)
[2026-09-19T07:59:15.384+0000][9930.417s][debug][gc,heap        ] GC(128)    the space 174784K,  34% used [0x00000000ef550000, 0x00000000f307f5f8, 0x00000000f307f600, 0x00000000fa000000)
[2026-09-19T07:59:15.384+0000][9930.417s][debug][gc,heap        ] GC(128)  Metaspace       used 141672K, committed 142976K, reserved 1179648K
[2026-09-19T07:59:15.384+0000][9930.417s][debug][gc,heap        ] GC(128)   class space    used 18536K, committed 19392K, reserved 1048576K
[2026-09-19T07:59:15.386+0000][9930.420s][info ][gc,heap        ] GC(128) DefNew: 71051K(78912K)->861K(78912K) Eden: 70144K(70144K)->0K(70144K) From: 907K(8768K)->861K(8768K)
[2026-09-19T07:59:15.386+0000][9930.420s][info ][gc,heap        ] GC(128) Tenured: 60605K(174784K)->60605K(174784K)
[2026-09-19T07:59:15.386+0000][9930.420s][info ][gc,metaspace   ] GC(128) Metaspace: 141672K(142976K)->141672K(142976K) NonClass: 123135K(123584K)->123135K(123584K) Class: 18536K(19392K)->18536K(19392K)
[2026-09-19T07:59:15.386+0000][9930.420s][debug][gc,heap        ] GC(128) Heap after GC invocations=129 (full 5):
[2026-09-19T07:59:15.386+0000][9930.420s][debug][gc,heap        ] GC(128)  def new generation   total 78912K, used 861K [0x00000000e7000000, 0x00000000ec5a0000, 0x00000000ef550000)
[2026-09-19T07:59:15.386+0000][9930.420s][debug][gc,heap        ] GC(128)   eden space 70144K,   0% used [0x00000000e7000000, 0x00000000e7000000, 0x00000000eb480000)
[2026-09-19T07:59:15.386+0000][9930.420s][debug][gc,heap        ] GC(128)   from space 8768K,   9% used [0x00000000ebd10000, 0x00000000ebde77c0, 0x00000000ec5a0000)
[2026-09-19T07:59:15.386+0000][9930.420s][debug][gc,heap        ] GC(128)   to   space 8768K,   0% used [0x00000000eb480000, 0x00000000eb480000, 0x00000000ebd10000)
[2026-09-19T07:59:15.386+0000][9930.420s][debug][gc,heap        ] GC(128)  tenured generation   total 174784K, used 60605K [0x00000000ef550000, 0x00000000fa000000, 0x0000000100000000)
[2026-09-19T07:59:15.386+0000][9930.420s][debug][gc,heap        ] GC(128)    the space 174784K,  34% used [0x00000000ef550000, 0x00000000f307f670, 0x00000000f307f800, 0x00000000fa000000)
[2026-09-19T07:59:15.386+0000][9930.420s][debug][gc,heap        ] GC(128)  Metaspace       used 141672K, committed 142976K, reserved 1179648K
[2026-09-19T07:59:15.386+0000][9930.420s][debug][gc,heap        ] GC(128)   class space    used 18536K, committed 19392K, reserved 1048576K
[2026-09-19T07:59:15.387+0000][9930.420s][info ][gc             ] GC(128) Pause Young (Allocation Failure) 128M->60M(247M) 2.316ms
[2026-09-19T07:59:15.387+0000][9930.420s][info ][gc,cpu         ] GC(128) User=0.00s Sys=0.00s Real=0.00s
[2026-09-19T08:01:07.497+0000][10042.530s][info ][gc,start       ] GC(129) Pause Young (Allocation Failure)
[2026-09-19T08:01:07.497+0000][10042.530s][debug][gc,heap        ] GC(129) Heap before GC invocations=129 (full 5):
[2026-09-19T08:01:07.497+0000][10042.530s][debug][gc,heap        ] GC(129)  def new generation   total 78912K, used 71005K [0x00000000e7000000, 0x00000000ec5a0000, 0x00000000ef550000)
[2026-09-19T08:01:07.497+0000][10042.530s][debug][gc,heap        ] GC(129)   eden space 70144K, 100% used [0x00000000e7000000, 0x00000000eb480000, 0x00000000eb480000)
[2026-09-19T08:01:07.497+0000][10042.530s][debug][gc,heap        ] GC(129)   from space 8768K,   9% used [0x00000000ebd10000, 0x00000000ebde77c0, 0x00000000ec5a0000)
[2026-09-19T08:01:07.497+0000][10042.530s][debug][gc,heap        ] GC(129)   to   space 8768K,   0% used [0x00000000eb480000, 0x00000000eb480000, 0x00000000ebd10000)
[2026-09-19T08:01:07.497+0000][10042.530s][debug][gc,heap        ] GC(129)  tenured generation   total 174784K, used 60605K [0x00000000ef550000, 0x00000000fa000000, 0x0000000100000000)
[2026-09-19T08:01:07.497+0000][10042.530s][debug][gc,heap        ] GC(129)    the space 174784K,  34% used [0x00000000ef550000, 0x00000000f307f670, 0x00000000f307f800, 0x00000000fa000000)
[2026-09-19T08:01:07.497+0000][10042.530s][debug][gc,heap        ] GC(129)  Metaspace       used 141675K, committed 142976K, reserved 1179648K
[2026-09-19T08:01:07.497+0000][10042.530s][debug][gc,heap        ] GC(129)   class space    used 18537K, committed 19392K, reserved 1048576K
[2026-09-19T08:01:07.499+0000][10042.532s][info ][gc,heap        ] GC(129) DefNew: 71005K(78912K)->877K(78912K) Eden: 70144K(70144K)->0K(70144K) From: 861K(8768K)->877K(8768K)
[2026-09-19T08:01:07.499+0000][10042.532s][info ][gc,heap        ] GC(129) Tenured: 60605K(174784K)->60605K(174784K)
[2026-09-19T08:01:07.499+0000][10042.532s][info ][gc,metaspace   ] GC(129) Metaspace: 141675K(142976K)->141675K(142976K) NonClass: 123138K(123584K)->123138K(123584K) Class: 18537K(19392K)->18537K(19392K)
[2026-09-19T08:01:07.499+0000][10042.532s][debug][gc,heap        ] GC(129) Heap after GC invocations=130 (full 5):
[2026-09-19T08:01:07.499+0000][10042.532s][debug][gc,heap        ] GC(129)  def new generation   total 78912K, used 877K [0x00000000e7000000, 0x00000000ec5a0000, 0x00000000ef550000)
[2026-09-19T08:01:07.499+0000][10042.532s][debug][gc,heap        ] GC(129)   eden space 70144K,   0% used [0x00000000e7000000, 0x00000000e7000000, 0x00000000eb480000)
[2026-09-19T08:01:07.499+0000][10042.532s][debug][gc,heap        ] GC(129)   from space 8768K,  10% used [0x00000000eb480000, 0x00000000eb55b6b8, 0x00000000ebd10000)
[2026-09-19T08:01:07.499+0000][10042.532s][debug][gc,heap        ] GC(129)   to   space 8768K,   0% used [0x00000000ebd10000, 0x00000000ebd10000, 0x00000000ec5a0000)
[2026-09-19T08:01:07.499+0000][10042.532s][debug][gc,heap        ] GC(129)  tenured generation   total 174784K, used 60605K [0x00000000ef550000, 0x00000000fa000000, 0x0000000100000000)
[2026-09-19T08:01:07.499+0000][10042.532s][debug][gc,heap        ] GC(129)    the space 174784K,  34% used [0x00000000ef550000, 0x00000000f307f760, 0x00000000f307f800, 0x00000000fa000000)
[2026-09-19T08:01:07.499+0000][10042.532s][debug][gc,heap        ] GC(129)  Metaspace       used 141675K, committed 142976K, reserved 1179648K
[2026-09-19T08:01:07.499+0000][10042.532s][debug][gc,heap        ] GC(129)   class space    used 18537K, committed 19392K, reserved 1048576K
[2026-09-19T08:01:07.499+0000][10042.532s][info ][gc             ] GC(129) Pause Young (Allocation Failure) 128M->60M(247M) 2.707ms
[2026-09-19T08:01:07.499+0000][10042.533s][info ][gc,cpu         ] GC(129) User=0.01s Sys=0.01s Real=0.00s
[2026-09-19T08:02:58.467+0000][10153.500s][info ][gc,start       ] GC(130) Pause Young (Allocation Failure)
[2026-09-19T08:02:58.467+0000][10153.500s][debug][gc,heap        ] GC(130) Heap before GC invocations=130 (full 5):
[2026-09-19T08:02:58.467+0000][10153.500s][debug][gc,heap        ] GC(130)  def new generation   total 78912K, used 71021K [0x00000000e7000000, 0x00000000ec5a0000, 0x00000000ef550000)
[2026-09-19T08:02:58.467+0000][10153.500s][debug][gc,heap        ] GC(130)   eden space 70144K, 100% used [0x00000000e7000000, 0x00000000eb480000, 0x00000000eb480000)
[2026-09-19T08:02:58.467+0000][10153.500s][debug][gc,heap        ] GC(130)   from space 8768K,  10% used [0x00000000eb480000, 0x00000000eb55b6b8, 0x00000000ebd10000)
[2026-09-19T08:02:58.467+0000][10153.500s][debug][gc,heap        ] GC(130)   to   space 8768K,   0% used [0x00000000ebd10000, 0x00000000ebd10000, 0x00000000ec5a0000)
[2026-09-19T08:02:58.467+0000][10153.500s][debug][gc,heap        ] GC(130)  tenured generation   total 174784K, used 60605K [0x00000000ef550000, 0x00000000fa000000, 0x0000000100000000)
[2026-09-19T08:02:58.467+0000][10153.500s][debug][gc,heap        ] GC(130)    the space 174784K,  34% used [0x00000000ef550000, 0x00000000f307f760, 0x00000000f307f800, 0x00000000fa000000)
[2026-09-19T08:02:58.467+0000][10153.500s][debug][gc,heap        ] GC(130)  Metaspace       used 141675K, committed 142976K, reserved 1179648K
[2026-09-19T08:02:58.467+0000][10153.500s][debug][gc,heap        ] GC(130)   class space    used 18537K, committed 19392K, reserved 1048576K
[2026-09-19T08:02:58.469+0000][10153.502s][info ][gc,heap        ] GC(130) DefNew: 71021K(78912K)->1366K(78912K) Eden: 70144K(70144K)->0K(70144K) From: 877K(8768K)->1366K(8768K)
[2026-09-19T08:02:58.469+0000][10153.502s][info ][gc,heap        ] GC(130) Tenured: 60605K(174784K)->60687K(174784K)
[2026-09-19T08:02:58.469+0000][10153.502s][info ][gc,metaspace   ] GC(130) Metaspace: 141675K(142976K)->141675K(142976K) NonClass: 123138K(123584K)->123138K(123584K) Class: 18537K(19392K)->18537K(19392K)
[2026-09-19T08:02:58.469+0000][10153.502s][debug][gc,heap        ] GC(130) Heap after GC invocations=131 (full 5):
[2026-09-19T08:02:58.469+0000][10153.502s][debug][gc,heap        ] GC(130)  def new generation   total 78912K, used 1366K [0x00000000e7000000, 0x00000000ec5a0000, 0x00000000ef550000)
[2026-09-19T08:02:58.469+0000][10153.502s][debug][gc,heap        ] GC(130)   eden space 70144K,   0% used [0x00000000e7000000, 0x00000000e7000000, 0x00000000eb480000)
[2026-09-19T08:02:58.469+0000][10153.502s][debug][gc,heap        ] GC(130)   from space 8768K,  15% used [0x00000000ebd10000, 0x00000000ebe65898, 0x00000000ec5a0000)
[2026-09-19T08:02:58.469+0000][10153.503s][debug][gc,heap        ] GC(130)   to   space 8768K,   0% used [0x00000000eb480000, 0x00000000eb480000, 0x00000000ebd10000)
[2026-09-19T08:02:58.469+0000][10153.503s][debug][gc,heap        ] GC(130)  tenured generation   total 174784K, used 60687K [0x00000000ef550000, 0x00000000fa000000, 0x0000000100000000)
[2026-09-19T08:02:58.469+0000][10153.503s][debug][gc,heap        ] GC(130)    the space 174784K,  34% used [0x00000000ef550000, 0x00000000f3093d28, 0x00000000f3093e00, 0x00000000fa000000)
[2026-09-19T08:02:58.469+0000][10153.503s][debug][gc,heap        ] GC(130)  Metaspace       used 141675K, committed 142976K, reserved 1179648K
[2026-09-19T08:02:58.469+0000][10153.503s][debug][gc,heap        ] GC(130)   class space    used 18537K, committed 19392K, reserved 1048576K
[2026-09-19T08:02:58.469+0000][10153.503s][info ][gc             ] GC(130) Pause Young (Allocation Failure) 128M->60M(247M) 2.746ms
[2026-09-19T08:02:58.469+0000][10153.503s][info ][gc,cpu         ] GC(130) User=0.00s Sys=0.00s Real=0.00s
[2026-09-19T08:04:46.091+0000][10261.124s][info ][gc,start       ] GC(131) Pause Young (Allocation Failure)
[2026-09-19T08:04:46.091+0000][10261.124s][debug][gc,heap        ] GC(131) Heap before GC invocations=131 (full 5):
[2026-09-19T08:04:46.091+0000][10261.124s][debug][gc,heap        ] GC(131)  def new generation   total 78912K, used 71510K [0x00000000e7000000, 0x00000000ec5a0000, 0x00000000ef550000)
[2026-09-19T08:04:46.091+0000][10261.124s][debug][gc,heap        ] GC(131)   eden space 70144K, 100% used [0x00000000e7000000, 0x00000000eb480000, 0x00000000eb480000)
[2026-09-19T08:04:46.091+0000][10261.124s][debug][gc,heap        ] GC(131)   from space 8768K,  15% used [0x00000000ebd10000, 0x00000000ebe65898, 0x00000000ec5a0000)
[2026-09-19T08:04:46.091+0000][10261.124s][debug][gc,heap        ] GC(131)   to   space 8768K,   0% used [0x00000000eb480000, 0x00000000eb480000, 0x00000000ebd10000)
[2026-09-19T08:04:46.091+0000][10261.124s][debug][gc,heap        ] GC(131)  tenured generation   total 174784K, used 60687K [0x00000000ef550000, 0x00000000fa000000, 0x0000000100000000)
[2026-09-19T08:04:46.091+0000][10261.124s][debug][gc,heap        ] GC(131)    the space 174784K,  34% used [0x00000000ef550000, 0x00000000f3093d28, 0x00000000f3093e00, 0x00000000fa000000)
[2026-09-19T08:04:46.091+0000][10261.124s][debug][gc,heap        ] GC(131)  Metaspace       used 141675K, committed 142976K, reserved 1179648K
[2026-09-19T08:04:46.091+0000][10261.124s][debug][gc,heap        ] GC(131)   class space    used 18537K, committed 19392K, reserved 1048576K
[2026-09-19T08:04:46.094+0000][10261.127s][info ][gc,heap        ] GC(131) DefNew: 71510K(78912K)->1527K(78912K) Eden: 70144K(70144K)->0K(70144K) From: 1366K(8768K)->1527K(8768K)
[2026-09-19T08:04:46.094+0000][10261.127s][info ][gc,heap        ] GC(131) Tenured: 60687K(174784K)->60687K(174784K)
[2026-09-19T08:04:46.094+0000][10261.127s][info ][gc,metaspace   ] GC(131) Metaspace: 141675K(142976K)->141675K(142976K) NonClass: 123138K(123584K)->123138K(123584K) Class: 18537K(19392K)->18537K(19392K)
[2026-09-19T08:04:46.094+0000][10261.127s][debug][gc,heap        ] GC(131) Heap after GC invocations=132 (full 5):
[2026-09-19T08:04:46.094+0000][10261.127s][debug][gc,heap        ] GC(131)  def new generation   total 78912K, used 1527K [0x00000000e7000000, 0x00000000ec5a0000, 0x00000000ef550000)
[2026-09-19T08:04:46.094+0000][10261.127s][debug][gc,heap        ] GC(131)   eden space 70144K,   0% used [0x00000000e7000000, 0x00000000e7000000, 0x00000000eb480000)
[2026-09-19T08:04:46.094+0000][10261.127s][debug][gc,heap        ] GC(131)   from space 8768K,  17% used [0x00000000eb480000, 0x00000000eb5fdd38, 0x00000000ebd10000)
[2026-09-19T08:04:46.094+0000][10261.127s][debug][gc,heap        ] GC(131)   to   space 8768K,   0% used [0x00000000ebd10000, 0x00000000ebd10000, 0x00000000ec5a0000)
[2026-09-19T08:04:46.094+0000][10261.127s][debug][gc,heap        ] GC(131)  tenured generation   total 174784K, used 60687K [0x00000000ef550000, 0x00000000fa000000, 0x0000000100000000)
[2026-09-19T08:04:46.094+0000][10261.127s][debug][gc,heap        ] GC(131)    the space 174784K,  34% used [0x00000000ef550000, 0x00000000f3093d28, 0x00000000f3093e00, 0x00000000fa000000)
[2026-09-19T08:04:46.094+0000][10261.127s][debug][gc,heap        ] GC(131)  Metaspace       used 141675K, committed 142976K, reserved 1179648K
[2026-09-19T08:04:46.094+0000][10261.127s][debug][gc,heap        ] GC(131)   class space    used 18537K, committed 19392K, reserved 1048576K
[2026-09-19T08:04:46.094+0000][10261.127s][info ][gc             ] GC(131) Pause Young (Allocation Failure) 129M->60M(247M) 2.841ms
[2026-09-19T08:04:46.094+0000][10261.127s][info ][gc,cpu         ] GC(131) User=0.00s Sys=0.00s Real=0.01s
[2026-09-19T08:06:38.894+0000][10373.927s][info ][gc,start       ] GC(132) Pause Young (Allocation Failure)
[2026-09-19T08:06:38.894+0000][10373.927s][debug][gc,heap        ] GC(132) Heap before GC invocations=132 (full 5):
[2026-09-19T08:06:38.894+0000][10373.927s][debug][gc,heap        ] GC(132)  def new generation   total 78912K, used 71671K [0x00000000e7000000, 0x00000000ec5a0000, 0x00000000ef550000)
[2026-09-19T08:06:38.894+0000][10373.927s][debug][gc,heap        ] GC(132)   eden space 70144K, 100% used [0x00000000e7000000, 0x00000000eb480000, 0x00000000eb480000)
[2026-09-19T08:06:38.894+0000][10373.927s][debug][gc,heap        ] GC(132)   from space 8768K,  17% used [0x00000000eb480000, 0x00000000eb5fdd38, 0x00000000ebd10000)
[2026-09-19T08:06:38.894+0000][10373.927s][debug][gc,heap        ] GC(132)   to   space 8768K,   0% used [0x00000000ebd10000, 0x00000000ebd10000, 0x00000000ec5a0000)
[2026-09-19T08:06:38.894+0000][10373.927s][debug][gc,heap        ] GC(132)  tenured generation   total 174784K, used 60687K [0x00000000ef550000, 0x00000000fa000000, 0x0000000100000000)
[2026-09-19T08:06:38.894+0000][10373.927s][debug][gc,heap        ] GC(132)    the space 174784K,  34% used [0x00000000ef550000, 0x00000000f3093d28, 0x00000000f3093e00, 0x00000000fa000000)
[2026-09-19T08:06:38.894+0000][10373.927s][debug][gc,heap        ] GC(132)  Metaspace       used 141698K, committed 142976K, reserved 1179648K
[2026-09-19T08:06:38.894+0000][10373.927s][debug][gc,heap        ] GC(132)   class space    used 18537K, committed 19392K, reserved 1048576K
[2026-09-19T08:06:38.896+0000][10373.930s][info ][gc,heap        ] GC(132) DefNew: 71671K(78912K)->1598K(78912K) Eden: 70144K(70144K)->0K(70144K) From: 1527K(8768K)->1598K(8768K)
[2026-09-19T08:06:38.896+0000][10373.930s][info ][gc,heap        ] GC(132) Tenured: 60687K(174784K)->60687K(174784K)
[2026-09-19T08:06:38.896+0000][10373.930s][info ][gc,metaspace   ] GC(132) Metaspace: 141698K(142976K)->141698K(142976K) NonClass: 123160K(123584K)->123160K(123584K) Class: 18537K(19392K)->18537K(19392K)
[2026-09-19T08:06:38.896+0000][10373.930s][debug][gc,heap        ] GC(132) Heap after GC invocations=133 (full 5):
[2026-09-19T08:06:38.896+0000][10373.930s][debug][gc,heap        ] GC(132)  def new generation   total 78912K, used 1598K [0x00000000e7000000, 0x00000000ec5a0000, 0x00000000ef550000)
[2026-09-19T08:06:38.896+0000][10373.930s][debug][gc,heap        ] GC(132)   eden space 70144K,   0% used [0x00000000e7000000, 0x00000000e7000000, 0x00000000eb480000)
[2026-09-19T08:06:38.896+0000][10373.930s][debug][gc,heap        ] GC(132)   from space 8768K,  18% used [0x00000000ebd10000, 0x00000000ebe9fa18, 0x00000000ec5a0000)
[2026-09-19T08:06:38.896+0000][10373.930s][debug][gc,heap        ] GC(132)   to   space 8768K,   0% used [0x00000000eb480000, 0x00000000eb480000, 0x00000000ebd10000)
[2026-09-19T08:06:38.896+0000][10373.930s][debug][gc,heap        ] GC(132)  tenured generation   total 174784K, used 60687K [0x00000000ef550000, 0x00000000fa000000, 0x0000000100000000)
[2026-09-19T08:06:38.896+0000][10373.930s][debug][gc,heap        ] GC(132)    the space 174784K,  34% used [0x00000000ef550000, 0x00000000f3093d48, 0x00000000f3093e00, 0x00000000fa000000)
[2026-09-19T08:06:38.896+0000][10373.930s][debug][gc,heap        ] GC(132)  Metaspace       used 141698K, committed 142976K, reserved 1179648K
[2026-09-19T08:06:38.896+0000][10373.930s][debug][gc,heap        ] GC(132)   class space    used 18537K, committed 19392K, reserved 1048576K
[2026-09-19T08:06:38.896+0000][10373.930s][info ][gc             ] GC(132) Pause Young (Allocation Failure) 129M->60M(247M) 2.890ms
[2026-09-19T08:06:38.896+0000][10373.930s][info ][gc,cpu         ] GC(132) User=0.00s Sys=0.00s Real=0.00s
[2026-09-19T08:08:31.390+0000][10486.424s][info ][gc,start       ] GC(133) Pause Young (Allocation Failure)
[2026-09-19T08:08:31.390+0000][10486.424s][debug][gc,heap        ] GC(133) Heap before GC invocations=133 (full 5):
[2026-09-19T08:08:31.390+0000][10486.424s][debug][gc,heap        ] GC(133)  def new generation   total 78912K, used 71742K [0x00000000e7000000, 0x00000000ec5a0000, 0x00000000ef550000)
[2026-09-19T08:08:31.390+0000][10486.424s][debug][gc,heap        ] GC(133)   eden space 70144K, 100% used [0x00000000e7000000, 0x00000000eb480000, 0x00000000eb480000)
[2026-09-19T08:08:31.390+0000][10486.424s][debug][gc,heap        ] GC(133)   from space 8768K,  18% used [0x00000000ebd10000, 0x00000000ebe9fa18, 0x00000000ec5a0000)
[2026-09-19T08:08:31.390+0000][10486.424s][debug][gc,heap        ] GC(133)   to   space 8768K,   0% used [0x00000000eb480000, 0x00000000eb480000, 0x00000000ebd10000)
[2026-09-19T08:08:31.390+0000][10486.424s][debug][gc,heap        ] GC(133)  tenured generation   total 174784K, used 60687K [0x00000000ef550000, 0x00000000fa000000, 0x0000000100000000)
[2026-09-19T08:08:31.390+0000][10486.424s][debug][gc,heap        ] GC(133)    the space 174784K,  34% used [0x00000000ef550000, 0x00000000f3093d48, 0x00000000f3093e00, 0x00000000fa000000)
[2026-09-19T08:08:31.390+0000][10486.424s][debug][gc,heap        ] GC(133)  Metaspace       used 141698K, committed 142976K, reserved 1179648K
[2026-09-19T08:08:31.390+0000][10486.424s][debug][gc,heap        ] GC(133)   class space    used 18537K, committed 19392K, reserved 1048576K
[2026-09-19T08:08:31.393+0000][10486.426s][info ][gc,heap        ] GC(133) DefNew: 71742K(78912K)->866K(78912K) Eden: 70144K(70144K)->0K(70144K) From: 1598K(8768K)->866K(8768K)
[2026-09-19T08:08:31.393+0000][10486.426s][info ][gc,heap        ] GC(133) Tenured: 60687K(174784K)->60687K(174784K)
[2026-09-19T08:08:31.393+0000][10486.426s][info ][gc,metaspace   ] GC(133) Metaspace: 141698K(142976K)->141698K(142976K) NonClass: 123161K(123584K)->123161K(123584K) Class: 18537K(19392K)->18537K(19392K)
[2026-09-19T08:08:31.393+0000][10486.426s][debug][gc,heap        ] GC(133) Heap after GC invocations=134 (full 5):
[2026-09-19T08:08:31.393+0000][10486.426s][debug][gc,heap        ] GC(133)  def new generation   total 78912K, used 866K [0x00000000e7000000, 0x00000000ec5a0000, 0x00000000ef550000)
[2026-09-19T08:08:31.393+0000][10486.426s][debug][gc,heap        ] GC(133)   eden space 70144K,   0% used [0x00000000e7000000, 0x00000000e7000000, 0x00000000eb480000)
[2026-09-19T08:08:31.393+0000][10486.426s][debug][gc,heap        ] GC(133)   from space 8768K,   9% used [0x00000000eb480000, 0x00000000eb558898, 0x00000000ebd10000)
[2026-09-19T08:08:31.393+0000][10486.426s][debug][gc,heap        ] GC(133)   to   space 8768K,   0% used [0x00000000ebd10000, 0x00000000ebd10000, 0x00000000ec5a0000)
[2026-09-19T08:08:31.393+0000][10486.426s][debug][gc,heap        ] GC(133)  tenured generation   total 174784K, used 60687K [0x00000000ef550000, 0x00000000fa000000, 0x0000000100000000)
[2026-09-19T08:08:31.393+0000][10486.426s][debug][gc,heap        ] GC(133)    the space 174784K,  34% used [0x00000000ef550000, 0x00000000f3093d48, 0x00000000f3093e00, 0x00000000fa000000)
[2026-09-19T08:08:31.393+0000][10486.426s][debug][gc,heap        ] GC(133)  Metaspace       used 141698K, committed 142976K, reserved 1179648K
[2026-09-19T08:08:31.393+0000][10486.426s][debug][gc,heap        ] GC(133)   class space    used 18537K, committed 19392K, reserved 1048576K
[2026-09-19T08:08:31.393+0000][10486.426s][info ][gc             ] GC(133) Pause Young (Allocation Failure) 129M->60M(247M) 2.615ms
[2026-09-19T08:08:31.393+0000][10486.426s][info ][gc,cpu         ] GC(133) User=0.00s Sys=0.00s Real=0.00s
[2026-09-19T08:10:23.425+0000][10598.458s][info ][gc,start       ] GC(134) Pause Young (Allocation Failure)
[2026-09-19T08:10:23.425+0000][10598.458s][debug][gc,heap        ] GC(134) Heap before GC invocations=134 (full 5):
[2026-09-19T08:10:23.425+0000][10598.458s][debug][gc,heap        ] GC(134)  def new generation   total 78912K, used 71010K [0x00000000e7000000, 0x00000000ec5a0000, 0x00000000ef550000)
[2026-09-19T08:10:23.425+0000][10598.458s][debug][gc,heap        ] GC(134)   eden space 70144K, 100% used [0x00000000e7000000, 0x00000000eb480000, 0x00000000eb480000)
[2026-09-19T08:10:23.425+0000][10598.458s][debug][gc,heap        ] GC(134)   from space 8768K,   9% used [0x00000000eb480000, 0x00000000eb558898, 0x00000000ebd10000)
[2026-09-19T08:10:23.425+0000][10598.458s][debug][gc,heap        ] GC(134)   to   space 8768K,   0% used [0x00000000ebd10000, 0x00000000ebd10000, 0x00000000ec5a0000)
[2026-09-19T08:10:23.425+0000][10598.458s][debug][gc,heap        ] GC(134)  tenured generation   total 174784K, used 60687K [0x00000000ef550000, 0x00000000fa000000, 0x0000000100000000)
[2026-09-19T08:10:23.425+0000][10598.458s][debug][gc,heap        ] GC(134)    the space 174784K,  34% used [0x00000000ef550000, 0x00000000f3093d48, 0x00000000f3093e00, 0x00000000fa000000)
[2026-09-19T08:10:23.425+0000][10598.458s][debug][gc,heap        ] GC(134)  Metaspace       used 141698K, committed 142976K, reserved 1179648K
[2026-09-19T08:10:23.425+0000][10598.458s][debug][gc,heap        ] GC(134)   class space    used 18537K, committed 19392K, reserved 1048576K
[2026-09-19T08:10:23.427+0000][10598.460s][info ][gc,heap        ] GC(134) DefNew: 71010K(78912K)->983K(78912K) Eden: 70144K(70144K)->0K(70144K) From: 866K(8768K)->983K(8768K)
[2026-09-19T08:10:23.427+0000][10598.460s][info ][gc,heap        ] GC(134) Tenured: 60687K(174784K)->60687K(174784K)
[2026-09-19T08:10:23.427+0000][10598.460s][info ][gc,metaspace   ] GC(134) Metaspace: 141698K(142976K)->141698K(142976K) NonClass: 123161K(123584K)->123161K(123584K) Class: 18537K(19392K)->18537K(19392K)
[2026-09-19T08:10:23.427+0000][10598.460s][debug][gc,heap        ] GC(134) Heap after GC invocations=135 (full 5):
[2026-09-19T08:10:23.427+0000][10598.460s][debug][gc,heap        ] GC(134)  def new generation   total 78912K, used 983K [0x00000000e7000000, 0x00000000ec5a0000, 0x00000000ef550000)
[2026-09-19T08:10:23.427+0000][10598.460s][debug][gc,heap        ] GC(134)   eden space 70144K,   0% used [0x00000000e7000000, 0x00000000e7000000, 0x00000000eb480000)
[2026-09-19T08:10:23.427+0000][10598.460s][debug][gc,heap        ] GC(134)   from space 8768K,  11% used [0x00000000ebd10000, 0x00000000ebe05d78, 0x00000000ec5a0000)
[2026-09-19T08:10:23.427+0000][10598.460s][debug][gc,heap        ] GC(134)   to   space 8768K,   0% used [0x00000000eb480000, 0x00000000eb480000, 0x00000000ebd10000)
[2026-09-19T08:10:23.427+0000][10598.460s][debug][gc,heap        ] GC(134)  tenured generation   total 174784K, used 60687K [0x00000000ef550000, 0x00000000fa000000, 0x0000000100000000)
[2026-09-19T08:10:23.427+0000][10598.460s][debug][gc,heap        ] GC(134)    the space 174784K,  34% used [0x00000000ef550000, 0x00000000f3093d88, 0x00000000f3093e00, 0x00000000fa000000)
[2026-09-19T08:10:23.427+0000][10598.460s][debug][gc,heap        ] GC(134)  Metaspace       used 141698K, committed 142976K, reserved 1179648K
[2026-09-19T08:10:23.427+0000][10598.460s][debug][gc,heap        ] GC(134)   class space    used 18537K, committed 19392K, reserved 1048576K
[2026-09-19T08:10:23.427+0000][10598.460s][info ][gc             ] GC(134) Pause Young (Allocation Failure) 128M->60M(247M) 2.719ms
[2026-09-19T08:10:23.427+0000][10598.460s][info ][gc,cpu         ] GC(134) User=0.01s Sys=0.00s Real=0.00s
[2026-09-19T08:12:11.570+0000][10706.603s][info ][gc,start       ] GC(135) Pause Young (Allocation Failure)
[2026-09-19T08:12:11.570+0000][10706.603s][debug][gc,heap        ] GC(135) Heap before GC invocations=135 (full 5):
[2026-09-19T08:12:11.570+0000][10706.603s][debug][gc,heap        ] GC(135)  def new generation   total 78912K, used 71127K [0x00000000e7000000, 0x00000000ec5a0000, 0x00000000ef550000)
[2026-09-19T08:12:11.570+0000][10706.603s][debug][gc,heap        ] GC(135)   eden space 70144K, 100% used [0x00000000e7000000, 0x00000000eb480000, 0x00000000eb480000)
[2026-09-19T08:12:11.570+0000][10706.603s][debug][gc,heap        ] GC(135)   from space 8768K,  11% used [0x00000000ebd10000, 0x00000000ebe05d78, 0x00000000ec5a0000)
[2026-09-19T08:12:11.570+0000][10706.603s][debug][gc,heap        ] GC(135)   to   space 8768K,   0% used [0x00000000eb480000, 0x00000000eb480000, 0x00000000ebd10000)
[2026-09-19T08:12:11.570+0000][10706.603s][debug][gc,heap        ] GC(135)  tenured generation   total 174784K, used 60687K [0x00000000ef550000, 0x00000000fa000000, 0x0000000100000000)
[2026-09-19T08:12:11.570+0000][10706.603s][debug][gc,heap        ] GC(135)    the space 174784K,  34% used [0x00000000ef550000, 0x00000000f3093d88, 0x00000000f3093e00, 0x00000000fa000000)
[2026-09-19T08:12:11.570+0000][10706.603s][debug][gc,heap        ] GC(135)  Metaspace       used 141698K, committed 142976K, reserved 1179648K
[2026-09-19T08:12:11.570+0000][10706.603s][debug][gc,heap        ] GC(135)   class space    used 18537K, committed 19392K, reserved 1048576K
[2026-09-19T08:12:11.573+0000][10706.606s][info ][gc,heap        ] GC(135) DefNew: 71127K(78912K)->1479K(78912K) Eden: 70144K(70144K)->0K(70144K) From: 983K(8768K)->1479K(8768K)
[2026-09-19T08:12:11.573+0000][10706.606s][info ][gc,heap        ] GC(135) Tenured: 60687K(174784K)->60726K(174784K)
[2026-09-19T08:12:11.573+0000][10706.606s][info ][gc,metaspace   ] GC(135) Metaspace: 141698K(142976K)->141698K(142976K) NonClass: 123161K(123584K)->123161K(123584K) Class: 18537K(19392K)->18537K(19392K)
[2026-09-19T08:12:11.573+0000][10706.606s][debug][gc,heap        ] GC(135) Heap after GC invocations=136 (full 5):
[2026-09-19T08:12:11.573+0000][10706.606s][debug][gc,heap        ] GC(135)  def new generation   total 78912K, used 1479K [0x00000000e7000000, 0x00000000ec5a0000, 0x00000000ef550000)
[2026-09-19T08:12:11.573+0000][10706.606s][debug][gc,heap        ] GC(135)   eden space 70144K,   0% used [0x00000000e7000000, 0x00000000e7000000, 0x00000000eb480000)
[2026-09-19T08:12:11.573+0000][10706.606s][debug][gc,heap        ] GC(135)   from space 8768K,  16% used [0x00000000eb480000, 0x00000000eb5f1d20, 0x00000000ebd10000)
[2026-09-19T08:12:11.573+0000][10706.606s][debug][gc,heap        ] GC(135)   to   space 8768K,   0% used [0x00000000ebd10000, 0x00000000ebd10000, 0x00000000ec5a0000)
[2026-09-19T08:12:11.573+0000][10706.606s][debug][gc,heap        ] GC(135)  tenured generation   total 174784K, used 60726K [0x00000000ef550000, 0x00000000fa000000, 0x0000000100000000)
[2026-09-19T08:12:11.573+0000][10706.606s][debug][gc,heap        ] GC(135)    the space 174784K,  34% used [0x00000000ef550000, 0x00000000f309db68, 0x00000000f309dc00, 0x00000000fa000000)
[2026-09-19T08:12:11.573+0000][10706.606s][debug][gc,heap        ] GC(135)  Metaspace       used 141698K, committed 142976K, reserved 1179648K
[2026-09-19T08:12:11.573+0000][10706.606s][debug][gc,heap        ] GC(135)   class space    used 18537K, committed 19392K, reserved 1048576K
[2026-09-19T08:12:11.573+0000][10706.606s][info ][gc             ] GC(135) Pause Young (Allocation Failure) 128M->60M(247M) 2.835ms
[2026-09-19T08:12:11.573+0000][10706.606s][info ][gc,cpu         ] GC(135) User=0.00s Sys=0.00s Real=0.00s
[2026-09-19T08:14:01.101+0000][10816.135s][info ][gc,start       ] GC(136) Pause Young (Allocation Failure)
[2026-09-19T08:14:01.101+0000][10816.135s][debug][gc,heap        ] GC(136) Heap before GC invocations=136 (full 5):
[2026-09-19T08:14:01.101+0000][10816.135s][debug][gc,heap        ] GC(136)  def new generation   total 78912K, used 71623K [0x00000000e7000000, 0x00000000ec5a0000, 0x00000000ef550000)
[2026-09-19T08:14:01.101+0000][10816.135s][debug][gc,heap        ] GC(136)   eden space 70144K, 100% used [0x00000000e7000000, 0x00000000eb480000, 0x00000000eb480000)
[2026-09-19T08:14:01.101+0000][10816.135s][debug][gc,heap        ] GC(136)   from space 8768K,  16% used [0x00000000eb480000, 0x00000000eb5f1d20, 0x00000000ebd10000)
[2026-09-19T08:14:01.101+0000][10816.135s][debug][gc,heap        ] GC(136)   to   space 8768K,   0% used [0x00000000ebd10000, 0x00000000ebd10000, 0x00000000ec5a0000)
[2026-09-19T08:14:01.101+0000][10816.135s][debug][gc,heap        ] GC(136)  tenured generation   total 174784K, used 60726K [0x00000000ef550000, 0x00000000fa000000, 0x0000000100000000)
[2026-09-19T08:14:01.101+0000][10816.135s][debug][gc,heap        ] GC(136)    the space 174784K,  34% used [0x00000000ef550000, 0x00000000f309db68, 0x00000000f309dc00, 0x00000000fa000000)
[2026-09-19T08:14:01.101+0000][10816.135s][debug][gc,heap        ] GC(136)  Metaspace       used 141698K, committed 142976K, reserved 1179648K
[2026-09-19T08:14:01.101+0000][10816.135s][debug][gc,heap        ] GC(136)   class space    used 18537K, committed 19392K, reserved 1048576K
[2026-09-19T08:14:01.104+0000][10816.137s][info ][gc,heap        ] GC(136) DefNew: 71623K(78912K)->636K(78912K) Eden: 70144K(70144K)->0K(70144K) From: 1479K(8768K)->636K(8768K)
[2026-09-19T08:14:01.104+0000][10816.137s][info ][gc,heap        ] GC(136) Tenured: 60726K(174784K)->60728K(174784K)
[2026-09-19T08:14:01.104+0000][10816.137s][info ][gc,metaspace   ] GC(136) Metaspace: 141698K(142976K)->141698K(142976K) NonClass: 123161K(123584K)->123161K(123584K) Class: 18537K(19392K)->18537K(19392K)
[2026-09-19T08:14:01.104+0000][10816.137s][debug][gc,heap        ] GC(136) Heap after GC invocations=137 (full 5):
[2026-09-19T08:14:01.104+0000][10816.137s][debug][gc,heap        ] GC(136)  def new generation   total 78912K, used 636K [0x00000000e7000000, 0x00000000ec5a0000, 0x00000000ef550000)
[2026-09-19T08:14:01.104+0000][10816.137s][debug][gc,heap        ] GC(136)   eden space 70144K,   0% used [0x00000000e7000000, 0x00000000e7000000, 0x00000000eb480000)
[2026-09-19T08:14:01.104+0000][10816.137s][debug][gc,heap        ] GC(136)   from space 8768K,   7% used [0x00000000ebd10000, 0x00000000ebdaf388, 0x00000000ec5a0000)
[2026-09-19T08:14:01.104+0000][10816.137s][debug][gc,heap        ] GC(136)   to   space 8768K,   0% used [0x00000000eb480000, 0x00000000eb480000, 0x00000000ebd10000)
[2026-09-19T08:14:01.104+0000][10816.137s][debug][gc,heap        ] GC(136)  tenured generation   total 174784K, used 60728K [0x00000000ef550000, 0x00000000fa000000, 0x0000000100000000)
[2026-09-19T08:14:01.104+0000][10816.137s][debug][gc,heap        ] GC(136)    the space 174784K,  34% used [0x00000000ef550000, 0x00000000f309e110, 0x00000000f309e200, 0x00000000fa000000)
[2026-09-19T08:14:01.104+0000][10816.137s][debug][gc,heap        ] GC(136)  Metaspace       used 141698K, committed 142976K, reserved 1179648K
[2026-09-19T08:14:01.104+0000][10816.137s][debug][gc,heap        ] GC(136)   class space    used 18537K, committed 19392K, reserved 1048576K
[2026-09-19T08:14:01.104+0000][10816.137s][info ][gc             ] GC(136) Pause Young (Allocation Failure) 129M->59M(247M) 2.423ms
[2026-09-19T08:14:01.104+0000][10816.137s][info ][gc,cpu         ] GC(136) User=0.00s Sys=0.00s Real=0.01s
[2026-09-19T08:15:51.014+0000][10926.047s][info ][gc,start       ] GC(137) Pause Young (Allocation Failure)
[2026-09-19T08:15:51.014+0000][10926.047s][debug][gc,heap        ] GC(137) Heap before GC invocations=137 (full 5):
[2026-09-19T08:15:51.014+0000][10926.047s][debug][gc,heap        ] GC(137)  def new generation   total 78912K, used 70780K [0x00000000e7000000, 0x00000000ec5a0000, 0x00000000ef550000)
[2026-09-19T08:15:51.014+0000][10926.047s][debug][gc,heap        ] GC(137)   eden space 70144K, 100% used [0x00000000e7000000, 0x00000000eb480000, 0x00000000eb480000)
[2026-09-19T08:15:51.014+0000][10926.047s][debug][gc,heap        ] GC(137)   from space 8768K,   7% used [0x00000000ebd10000, 0x00000000ebdaf388, 0x00000000ec5a0000)
[2026-09-19T08:15:51.014+0000][10926.047s][debug][gc,heap        ] GC(137)   to   space 8768K,   0% used [0x00000000eb480000, 0x00000000eb480000, 0x00000000ebd10000)
[2026-09-19T08:15:51.014+0000][10926.047s][debug][gc,heap        ] GC(137)  tenured generation   total 174784K, used 60728K [0x00000000ef550000, 0x00000000fa000000, 0x0000000100000000)
[2026-09-19T08:15:51.014+0000][10926.047s][debug][gc,heap        ] GC(137)    the space 174784K,  34% used [0x00000000ef550000, 0x00000000f309e110, 0x00000000f309e200, 0x00000000fa000000)
[2026-09-19T08:15:51.014+0000][10926.047s][debug][gc,heap        ] GC(137)  Metaspace       used 141700K, committed 142976K, reserved 1179648K
[2026-09-19T08:15:51.014+0000][10926.047s][debug][gc,heap        ] GC(137)   class space    used 18537K, committed 19392K, reserved 1048576K
[2026-09-19T08:15:51.017+0000][10926.050s][info ][gc,heap        ] GC(137) DefNew: 70780K(78912K)->789K(78912K) Eden: 70144K(70144K)->0K(70144K) From: 636K(8768K)->789K(8768K)
[2026-09-19T08:15:51.017+0000][10926.050s][info ][gc,heap        ] GC(137) Tenured: 60728K(174784K)->60728K(174784K)
[2026-09-19T08:15:51.017+0000][10926.050s][info ][gc,metaspace   ] GC(137) Metaspace: 141700K(142976K)->141700K(142976K) NonClass: 123162K(123584K)->123162K(123584K) Class: 18537K(19392K)->18537K(19392K)
[2026-09-19T08:15:51.017+0000][10926.050s][debug][gc,heap        ] GC(137) Heap after GC invocations=138 (full 5):
[2026-09-19T08:15:51.017+0000][10926.050s][debug][gc,heap        ] GC(137)  def new generation   total 78912K, used 789K [0x00000000e7000000, 0x00000000ec5a0000, 0x00000000ef550000)
[2026-09-19T08:15:51.017+0000][10926.050s][debug][gc,heap        ] GC(137)   eden space 70144K,   0% used [0x00000000e7000000, 0x00000000e7000000, 0x00000000eb480000)
[2026-09-19T08:15:51.017+0000][10926.050s][debug][gc,heap        ] GC(137)   from space 8768K,   9% used [0x00000000eb480000, 0x00000000eb545708, 0x00000000ebd10000)
[2026-09-19T08:15:51.017+0000][10926.050s][debug][gc,heap        ] GC(137)   to   space 8768K,   0% used [0x00000000ebd10000, 0x00000000ebd10000, 0x00000000ec5a0000)
[2026-09-19T08:15:51.017+0000][10926.050s][debug][gc,heap        ] GC(137)  tenured generation   total 174784K, used 60728K [0x00000000ef550000, 0x00000000fa000000, 0x0000000100000000)
[2026-09-19T08:15:51.017+0000][10926.050s][debug][gc,heap        ] GC(137)    the space 174784K,  34% used [0x00000000ef550000, 0x00000000f309e298, 0x00000000f309e400, 0x00000000fa000000)
[2026-09-19T08:15:51.017+0000][10926.050s][debug][gc,heap        ] GC(137)  Metaspace       used 141700K, committed 142976K, reserved 1179648K
[2026-09-19T08:15:51.017+0000][10926.050s][debug][gc,heap        ] GC(137)   class space    used 18537K, committed 19392K, reserved 1048576K
[2026-09-19T08:15:51.017+0000][10926.050s][info ][gc             ] GC(137) Pause Young (Allocation Failure) 128M->60M(247M) 2.607ms
[2026-09-19T08:15:51.017+0000][10926.050s][info ][gc,cpu         ] GC(137) User=0.00s Sys=0.00s Real=0.00s
[2026-09-19T08:17:37.816+0000][11032.849s][info ][gc,start       ] GC(138) Pause Young (Allocation Failure)
[2026-09-19T08:17:37.816+0000][11032.849s][debug][gc,heap        ] GC(138) Heap before GC invocations=138 (full 5):
[2026-09-19T08:17:37.816+0000][11032.849s][debug][gc,heap        ] GC(138)  def new generation   total 78912K, used 70933K [0x00000000e7000000, 0x00000000ec5a0000, 0x00000000ef550000)
[2026-09-19T08:17:37.816+0000][11032.849s][debug][gc,heap        ] GC(138)   eden space 70144K, 100% used [0x00000000e7000000, 0x00000000eb480000, 0x00000000eb480000)
[2026-09-19T08:17:37.816+0000][11032.849s][debug][gc,heap        ] GC(138)   from space 8768K,   9% used [0x00000000eb480000, 0x00000000eb545708, 0x00000000ebd10000)
[2026-09-19T08:17:37.816+0000][11032.849s][debug][gc,heap        ] GC(138)   to   space 8768K,   0% used [0x00000000ebd10000, 0x00000000ebd10000, 0x00000000ec5a0000)
[2026-09-19T08:17:37.816+0000][11032.849s][debug][gc,heap        ] GC(138)  tenured generation   total 174784K, used 60728K [0x00000000ef550000, 0x00000000fa000000, 0x0000000100000000)
[2026-09-19T08:17:37.816+0000][11032.849s][debug][gc,heap        ] GC(138)    the space 174784K,  34% used [0x00000000ef550000, 0x00000000f309e298, 0x00000000f309e400, 0x00000000fa000000)
[2026-09-19T08:17:37.816+0000][11032.849s][debug][gc,heap        ] GC(138)  Metaspace       used 141700K, committed 142976K, reserved 1179648K
[2026-09-19T08:17:37.816+0000][11032.849s][debug][gc,heap        ] GC(138)   class space    used 18537K, committed 19392K, reserved 1048576K
[2026-09-19T08:17:37.818+0000][11032.852s][info ][gc,heap        ] GC(138) DefNew: 70933K(78912K)->853K(78912K) Eden: 70144K(70144K)->0K(70144K) From: 789K(8768K)->853K(8768K)
[2026-09-19T08:17:37.818+0000][11032.852s][info ][gc,heap        ] GC(138) Tenured: 60728K(174784K)->60735K(174784K)
[2026-09-19T08:17:37.819+0000][11032.852s][info ][gc,metaspace   ] GC(138) Metaspace: 141700K(142976K)->141700K(142976K) NonClass: 123162K(123584K)->123162K(123584K) Class: 18537K(19392K)->18537K(19392K)
[2026-09-19T08:17:37.819+0000][11032.852s][debug][gc,heap        ] GC(138) Heap after GC invocations=139 (full 5):
[2026-09-19T08:17:37.819+0000][11032.852s][debug][gc,heap        ] GC(138)  def new generation   total 78912K, used 853K [0x00000000e7000000, 0x00000000ec5a0000, 0x00000000ef550000)
[2026-09-19T08:17:37.819+0000][11032.852s][debug][gc,heap        ] GC(138)   eden space 70144K,   0% used [0x00000000e7000000, 0x00000000e7000000, 0x00000000eb480000)
[2026-09-19T08:17:37.819+0000][11032.852s][debug][gc,heap        ] GC(138)   from space 8768K,   9% used [0x00000000ebd10000, 0x00000000ebde5778, 0x00000000ec5a0000)
[2026-09-19T08:17:37.819+0000][11032.852s][debug][gc,heap        ] GC(138)   to   space 8768K,   0% used [0x00000000eb480000, 0x00000000eb480000, 0x00000000ebd10000)
[2026-09-19T08:17:37.819+0000][11032.852s][debug][gc,heap        ] GC(138)  tenured generation   total 174784K, used 60735K [0x00000000ef550000, 0x00000000fa000000, 0x0000000100000000)
[2026-09-19T08:17:37.819+0000][11032.852s][debug][gc,heap        ] GC(138)    the space 174784K,  34% used [0x00000000ef550000, 0x00000000f309fd20, 0x00000000f309fe00, 0x00000000fa000000)
[2026-09-19T08:17:37.819+0000][11032.852s][debug][gc,heap        ] GC(138)  Metaspace       used 141700K, committed 142976K, reserved 1179648K
[2026-09-19T08:17:37.819+0000][11032.852s][debug][gc,heap        ] GC(138)   class space    used 18537K, committed 19392K, reserved 1048576K
[2026-09-19T08:17:37.819+0000][11032.852s][info ][gc             ] GC(138) Pause Young (Allocation Failure) 128M->60M(247M) 2.731ms
[2026-09-19T08:17:37.819+0000][11032.852s][info ][gc,cpu         ] GC(138) User=0.00s Sys=0.00s Real=0.00s
[2026-09-19T08:19:31.893+0000][11146.926s][info ][gc,start       ] GC(139) Pause Young (Allocation Failure)
[2026-09-19T08:19:31.893+0000][11146.927s][debug][gc,heap        ] GC(139) Heap before GC invocations=139 (full 5):
[2026-09-19T08:19:31.893+0000][11146.927s][debug][gc,heap        ] GC(139)  def new generation   total 78912K, used 70997K [0x00000000e7000000, 0x00000000ec5a0000, 0x00000000ef550000)
[2026-09-19T08:19:31.893+0000][11146.927s][debug][gc,heap        ] GC(139)   eden space 70144K, 100% used [0x00000000e7000000, 0x00000000eb480000, 0x00000000eb480000)
[2026-09-19T08:19:31.893+0000][11146.927s][debug][gc,heap        ] GC(139)   from space 8768K,   9% used [0x00000000ebd10000, 0x00000000ebde5778, 0x00000000ec5a0000)
[2026-09-19T08:19:31.893+0000][11146.927s][debug][gc,heap        ] GC(139)   to   space 8768K,   0% used [0x00000000eb480000, 0x00000000eb480000, 0x00000000ebd10000)
[2026-09-19T08:19:31.893+0000][11146.927s][debug][gc,heap        ] GC(139)  tenured generation   total 174784K, used 60735K [0x00000000ef550000, 0x00000000fa000000, 0x0000000100000000)
[2026-09-19T08:19:31.893+0000][11146.927s][debug][gc,heap        ] GC(139)    the space 174784K,  34% used [0x00000000ef550000, 0x00000000f309fd20, 0x00000000f309fe00, 0x00000000fa000000)
[2026-09-19T08:19:31.893+0000][11146.927s][debug][gc,heap        ] GC(139)  Metaspace       used 141700K, committed 142976K, reserved 1179648K
[2026-09-19T08:19:31.893+0000][11146.927s][debug][gc,heap        ] GC(139)   class space    used 18537K, committed 19392K, reserved 1048576K
[2026-09-19T08:19:31.896+0000][11146.929s][info ][gc,heap        ] GC(139) DefNew: 70997K(78912K)->984K(78912K) Eden: 70144K(70144K)->0K(70144K) From: 853K(8768K)->984K(8768K)
[2026-09-19T08:19:31.896+0000][11146.929s][info ][gc,heap        ] GC(139) Tenured: 60735K(174784K)->60783K(174784K)
[2026-09-19T08:19:31.896+0000][11146.929s][info ][gc,metaspace   ] GC(139) Metaspace: 141700K(142976K)->141700K(142976K) NonClass: 123162K(123584K)->123162K(123584K) Class: 18537K(19392K)->18537K(19392K)
[2026-09-19T08:19:31.896+0000][11146.929s][debug][gc,heap        ] GC(139) Heap after GC invocations=140 (full 5):
[2026-09-19T08:19:31.896+0000][11146.929s][debug][gc,heap        ] GC(139)  def new generation   total 78912K, used 984K [0x00000000e7000000, 0x00000000ec5a0000, 0x00000000ef550000)
[2026-09-19T08:19:31.896+0000][11146.929s][debug][gc,heap        ] GC(139)   eden space 70144K,   0% used [0x00000000e7000000, 0x00000000e7000000, 0x00000000eb480000)
[2026-09-19T08:19:31.896+0000][11146.929s][debug][gc,heap        ] GC(139)   from space 8768K,  11% used [0x00000000eb480000, 0x00000000eb5760c0, 0x00000000ebd10000)
[2026-09-19T08:19:31.896+0000][11146.929s][debug][gc,heap        ] GC(139)   to   space 8768K,   0% used [0x00000000ebd10000, 0x00000000ebd10000, 0x00000000ec5a0000)
[2026-09-19T08:19:31.896+0000][11146.929s][debug][gc,heap        ] GC(139)  tenured generation   total 174784K, used 60783K [0x00000000ef550000, 0x00000000fa000000, 0x0000000100000000)
[2026-09-19T08:19:31.896+0000][11146.929s][debug][gc,heap        ] GC(139)    the space 174784K,  34% used [0x00000000ef550000, 0x00000000f30abf40, 0x00000000f30ac000, 0x00000000fa000000)
[2026-09-19T08:19:31.896+0000][11146.929s][debug][gc,heap        ] GC(139)  Metaspace       used 141700K, committed 142976K, reserved 1179648K
[2026-09-19T08:19:31.896+0000][11146.929s][debug][gc,heap        ] GC(139)   class space    used 18537K, committed 19392K, reserved 1048576K
[2026-09-19T08:19:31.896+0000][11146.929s][info ][gc             ] GC(139) Pause Young (Allocation Failure) 128M->60M(247M) 2.702ms
[2026-09-19T08:19:31.896+0000][11146.929s][info ][gc,cpu         ] GC(139) User=0.00s Sys=0.00s Real=0.01s
[2026-09-19T08:21:18.783+0000][11253.817s][info ][gc,start       ] GC(140) Pause Young (Allocation Failure)
[2026-09-19T08:21:18.783+0000][11253.817s][debug][gc,heap        ] GC(140) Heap before GC invocations=140 (full 5):
[2026-09-19T08:21:18.784+0000][11253.817s][debug][gc,heap        ] GC(140)  def new generation   total 78912K, used 71128K [0x00000000e7000000, 0x00000000ec5a0000, 0x00000000ef550000)
[2026-09-19T08:21:18.784+0000][11253.817s][debug][gc,heap        ] GC(140)   eden space 70144K, 100% used [0x00000000e7000000, 0x00000000eb480000, 0x00000000eb480000)
[2026-09-19T08:21:18.784+0000][11253.817s][debug][gc,heap        ] GC(140)   from space 8768K,  11% used [0x00000000eb480000, 0x00000000eb5760c0, 0x00000000ebd10000)
[2026-09-19T08:21:18.784+0000][11253.817s][debug][gc,heap        ] GC(140)   to   space 8768K,   0% used [0x00000000ebd10000, 0x00000000ebd10000, 0x00000000ec5a0000)
[2026-09-19T08:21:18.784+0000][11253.817s][debug][gc,heap        ] GC(140)  tenured generation   total 174784K, used 60783K [0x00000000ef550000, 0x00000000fa000000, 0x0000000100000000)
[2026-09-19T08:21:18.784+0000][11253.817s][debug][gc,heap        ] GC(140)    the space 174784K,  34% used [0x00000000ef550000, 0x00000000f30abf40, 0x00000000f30ac000, 0x00000000fa000000)
[2026-09-19T08:21:18.784+0000][11253.817s][debug][gc,heap        ] GC(140)  Metaspace       used 141700K, committed 142976K, reserved 1179648K
[2026-09-19T08:21:18.784+0000][11253.817s][debug][gc,heap        ] GC(140)   class space    used 18537K, committed 19392K, reserved 1048576K
[2026-09-19T08:21:18.786+0000][11253.819s][info ][gc,heap        ] GC(140) DefNew: 71128K(78912K)->1291K(78912K) Eden: 70144K(70144K)->0K(70144K) From: 984K(8768K)->1291K(8768K)
[2026-09-19T08:21:18.786+0000][11253.819s][info ][gc,heap        ] GC(140) Tenured: 60783K(174784K)->60790K(174784K)
[2026-09-19T08:21:18.786+0000][11253.819s][info ][gc,metaspace   ] GC(140) Metaspace: 141700K(142976K)->141700K(142976K) NonClass: 123162K(123584K)->123162K(123584K) Class: 18537K(19392K)->18537K(19392K)
[2026-09-19T08:21:18.786+0000][11253.819s][debug][gc,heap        ] GC(140) Heap after GC invocations=141 (full 5):
[2026-09-19T08:21:18.786+0000][11253.819s][debug][gc,heap        ] GC(140)  def new generation   total 78912K, used 1291K [0x00000000e7000000, 0x00000000ec5a0000, 0x00000000ef550000)
[2026-09-19T08:21:18.786+0000][11253.819s][debug][gc,heap        ] GC(140)   eden space 70144K,   0% used [0x00000000e7000000, 0x00000000e7000000, 0x00000000eb480000)
[2026-09-19T08:21:18.786+0000][11253.819s][debug][gc,heap        ] GC(140)   from space 8768K,  14% used [0x00000000ebd10000, 0x00000000ebe52c48, 0x00000000ec5a0000)
[2026-09-19T08:21:18.786+0000][11253.819s][debug][gc,heap        ] GC(140)   to   space 8768K,   0% used [0x00000000eb480000, 0x00000000eb480000, 0x00000000ebd10000)
[2026-09-19T08:21:18.786+0000][11253.819s][debug][gc,heap        ] GC(140)  tenured generation   total 174784K, used 60790K [0x00000000ef550000, 0x00000000fa000000, 0x0000000100000000)
[2026-09-19T08:21:18.786+0000][11253.819s][debug][gc,heap        ] GC(140)    the space 174784K,  34% used [0x00000000ef550000, 0x00000000f30ad9c8, 0x00000000f30ada00, 0x00000000fa000000)
[2026-09-19T08:21:18.786+0000][11253.819s][debug][gc,heap        ] GC(140)  Metaspace       used 141700K, committed 142976K, reserved 1179648K
[2026-09-19T08:21:18.786+0000][11253.819s][debug][gc,heap        ] GC(140)   class space    used 18537K, committed 19392K, reserved 1048576K
[2026-09-19T08:21:18.786+0000][11253.819s][info ][gc             ] GC(140) Pause Young (Allocation Failure) 128M->60M(247M) 2.771ms
[2026-09-19T08:21:18.786+0000][11253.819s][info ][gc,cpu         ] GC(140) User=0.00s Sys=0.00s Real=0.01s
[2026-09-19T08:23:03.507+0000][11358.540s][info ][gc,start       ] GC(141) Pause Young (Allocation Failure)
[2026-09-19T08:23:03.507+0000][11358.540s][debug][gc,heap        ] GC(141) Heap before GC invocations=141 (full 5):
[2026-09-19T08:23:03.507+0000][11358.540s][debug][gc,heap        ] GC(141)  def new generation   total 78912K, used 71435K [0x00000000e7000000, 0x00000000ec5a0000, 0x00000000ef550000)
[2026-09-19T08:23:03.507+0000][11358.540s][debug][gc,heap        ] GC(141)   eden space 70144K, 100% used [0x00000000e7000000, 0x00000000eb480000, 0x00000000eb480000)
[2026-09-19T08:23:03.507+0000][11358.540s][debug][gc,heap        ] GC(141)   from space 8768K,  14% used [0x00000000ebd10000, 0x00000000ebe52c48, 0x00000000ec5a0000)
[2026-09-19T08:23:03.507+0000][11358.540s][debug][gc,heap        ] GC(141)   to   space 8768K,   0% used [0x00000000eb480000, 0x00000000eb480000, 0x00000000ebd10000)
[2026-09-19T08:23:03.507+0000][11358.540s][debug][gc,heap        ] GC(141)  tenured generation   total 174784K, used 60790K [0x00000000ef550000, 0x00000000fa000000, 0x0000000100000000)
[2026-09-19T08:23:03.507+0000][11358.540s][debug][gc,heap        ] GC(141)    the space 174784K,  34% used [0x00000000ef550000, 0x00000000f30ad9c8, 0x00000000f30ada00, 0x00000000fa000000)
[2026-09-19T08:23:03.507+0000][11358.540s][debug][gc,heap        ] GC(141)  Metaspace       used 141700K, committed 142976K, reserved 1179648K
[2026-09-19T08:23:03.507+0000][11358.540s][debug][gc,heap        ] GC(141)   class space    used 18537K, committed 19392K, reserved 1048576K
[2026-09-19T08:23:03.509+0000][11358.542s][info ][gc,heap        ] GC(141) DefNew: 71435K(78912K)->683K(78912K) Eden: 70144K(70144K)->0K(70144K) From: 1291K(8768K)->683K(8768K)
[2026-09-19T08:23:03.509+0000][11358.542s][info ][gc,heap        ] GC(141) Tenured: 60790K(174784K)->60888K(174784K)
[2026-09-19T08:23:03.509+0000][11358.542s][info ][gc,metaspace   ] GC(141) Metaspace: 141700K(142976K)->141700K(142976K) NonClass: 123163K(123584K)->123163K(123584K) Class: 18537K(19392K)->18537K(19392K)
[2026-09-19T08:23:03.509+0000][11358.542s][debug][gc,heap        ] GC(141) Heap after GC invocations=142 (full 5):
[2026-09-19T08:23:03.509+0000][11358.542s][debug][gc,heap        ] GC(141)  def new generation   total 78912K, used 683K [0x00000000e7000000, 0x00000000ec5a0000, 0x00000000ef550000)
[2026-09-19T08:23:03.509+0000][11358.542s][debug][gc,heap        ] GC(141)   eden space 70144K,   0% used [0x00000000e7000000, 0x00000000e7000000, 0x00000000eb480000)
[2026-09-19T08:23:03.509+0000][11358.542s][debug][gc,heap        ] GC(141)   from space 8768K,   7% used [0x00000000eb480000, 0x00000000eb52ad40, 0x00000000ebd10000)
[2026-09-19T08:23:03.509+0000][11358.542s][debug][gc,heap        ] GC(141)   to   space 8768K,   0% used [0x00000000ebd10000, 0x00000000ebd10000, 0x00000000ec5a0000)
[2026-09-19T08:23:03.509+0000][11358.542s][debug][gc,heap        ] GC(141)  tenured generation   total 174784K, used 60888K [0x00000000ef550000, 0x00000000fa000000, 0x0000000100000000)
[2026-09-19T08:23:03.509+0000][11358.542s][debug][gc,heap        ] GC(141)    the space 174784K,  34% used [0x00000000ef550000, 0x00000000f30c6040, 0x00000000f30c6200, 0x00000000fa000000)
[2026-09-19T08:23:03.509+0000][11358.542s][debug][gc,heap        ] GC(141)  Metaspace       used 141700K, committed 142976K, reserved 1179648K
[2026-09-19T08:23:03.509+0000][11358.542s][debug][gc,heap        ] GC(141)   class space    used 18537K, committed 19392K, reserved 1048576K
[2026-09-19T08:23:03.509+0000][11358.542s][info ][gc             ] GC(141) Pause Young (Allocation Failure) 129M->60M(247M) 2.443ms
[2026-09-19T08:23:03.509+0000][11358.542s][info ][gc,cpu         ] GC(141) User=0.00s Sys=0.00s Real=0.00s
[2026-09-19T08:24:51.475+0000][11466.508s][info ][gc,start       ] GC(142) Pause Young (Allocation Failure)
[2026-09-19T08:24:51.475+0000][11466.508s][debug][gc,heap        ] GC(142) Heap before GC invocations=142 (full 5):
[2026-09-19T08:24:51.475+0000][11466.508s][debug][gc,heap        ] GC(142)  def new generation   total 78912K, used 70827K [0x00000000e7000000, 0x00000000ec5a0000, 0x00000000ef550000)
[2026-09-19T08:24:51.475+0000][11466.508s][debug][gc,heap        ] GC(142)   eden space 70144K, 100% used [0x00000000e7000000, 0x00000000eb480000, 0x00000000eb480000)
[2026-09-19T08:24:51.475+0000][11466.508s][debug][gc,heap        ] GC(142)   from space 8768K,   7% used [0x00000000eb480000, 0x00000000eb52ad40, 0x00000000ebd10000)
[2026-09-19T08:24:51.475+0000][11466.508s][debug][gc,heap        ] GC(142)   to   space 8768K,   0% used [0x00000000ebd10000, 0x00000000ebd10000, 0x00000000ec5a0000)
[2026-09-19T08:24:51.475+0000][11466.508s][debug][gc,heap        ] GC(142)  tenured generation   total 174784K, used 60888K [0x00000000ef550000, 0x00000000fa000000, 0x0000000100000000)
[2026-09-19T08:24:51.475+0000][11466.508s][debug][gc,heap        ] GC(142)    the space 174784K,  34% used [0x00000000ef550000, 0x00000000f30c6040, 0x00000000f30c6200, 0x00000000fa000000)
[2026-09-19T08:24:51.475+0000][11466.508s][debug][gc,heap        ] GC(142)  Metaspace       used 141705K, committed 142976K, reserved 1179648K
[2026-09-19T08:24:51.475+0000][11466.508s][debug][gc,heap        ] GC(142)   class space    used 18537K, committed 19392K, reserved 1048576K
[2026-09-19T08:24:51.477+0000][11466.511s][info ][gc,heap        ] GC(142) DefNew: 70827K(78912K)->841K(78912K) Eden: 70144K(70144K)->0K(70144K) From: 683K(8768K)->841K(8768K)
[2026-09-19T08:24:51.478+0000][11466.511s][info ][gc,heap        ] GC(142) Tenured: 60888K(174784K)->60888K(174784K)
[2026-09-19T08:24:51.478+0000][11466.511s][info ][gc,metaspace   ] GC(142) Metaspace: 141705K(142976K)->141705K(142976K) NonClass: 123167K(123584K)->123167K(123584K) Class: 18537K(19392K)->18537K(19392K)
[2026-09-19T08:24:51.478+0000][11466.511s][debug][gc,heap        ] GC(142) Heap after GC invocations=143 (full 5):
[2026-09-19T08:24:51.478+0000][11466.511s][debug][gc,heap        ] GC(142)  def new generation   total 78912K, used 841K [0x00000000e7000000, 0x00000000ec5a0000, 0x00000000ef550000)
[2026-09-19T08:24:51.478+0000][11466.511s][debug][gc,heap        ] GC(142)   eden space 70144K,   0% used [0x00000000e7000000, 0x00000000e7000000, 0x00000000eb480000)
[2026-09-19T08:24:51.478+0000][11466.511s][debug][gc,heap        ] GC(142)   from space 8768K,   9% used [0x00000000ebd10000, 0x00000000ebde2420, 0x00000000ec5a0000)
[2026-09-19T08:24:51.478+0000][11466.511s][debug][gc,heap        ] GC(142)   to   space 8768K,   0% used [0x00000000eb480000, 0x00000000eb480000, 0x00000000ebd10000)
[2026-09-19T08:24:51.478+0000][11466.511s][debug][gc,heap        ] GC(142)  tenured generation   total 174784K, used 60888K [0x00000000ef550000, 0x00000000fa000000, 0x0000000100000000)
[2026-09-19T08:24:51.478+0000][11466.511s][debug][gc,heap        ] GC(142)    the space 174784K,  34% used [0x00000000ef550000, 0x00000000f30c6180, 0x00000000f30c6200, 0x00000000fa000000)
[2026-09-19T08:24:51.478+0000][11466.511s][debug][gc,heap        ] GC(142)  Metaspace       used 141705K, committed 142976K, reserved 1179648K
[2026-09-19T08:24:51.478+0000][11466.511s][debug][gc,heap        ] GC(142)   class space    used 18537K, committed 19392K, reserved 1048576K
[2026-09-19T08:24:51.478+0000][11466.511s][info ][gc             ] GC(142) Pause Young (Allocation Failure) 128M->60M(247M) 2.681ms
[2026-09-19T08:24:51.478+0000][11466.511s][info ][gc,cpu         ] GC(142) User=0.00s Sys=0.00s Real=0.00s
[2026-09-19T08:26:58.894+0000][11593.927s][info ][gc,start       ] GC(143) Pause Young (Allocation Failure)
[2026-09-19T08:26:58.894+0000][11593.927s][debug][gc,heap        ] GC(143) Heap before GC invocations=143 (full 5):
[2026-09-19T08:26:58.894+0000][11593.927s][debug][gc,heap        ] GC(143)  def new generation   total 78912K, used 70985K [0x00000000e7000000, 0x00000000ec5a0000, 0x00000000ef550000)
[2026-09-19T08:26:58.894+0000][11593.927s][debug][gc,heap        ] GC(143)   eden space 70144K, 100% used [0x00000000e7000000, 0x00000000eb480000, 0x00000000eb480000)
[2026-09-19T08:26:58.894+0000][11593.927s][debug][gc,heap        ] GC(143)   from space 8768K,   9% used [0x00000000ebd10000, 0x00000000ebde2420, 0x00000000ec5a0000)
[2026-09-19T08:26:58.894+0000][11593.927s][debug][gc,heap        ] GC(143)   to   space 8768K,   0% used [0x00000000eb480000, 0x00000000eb480000, 0x00000000ebd10000)
[2026-09-19T08:26:58.894+0000][11593.927s][debug][gc,heap        ] GC(143)  tenured generation   total 174784K, used 60888K [0x00000000ef550000, 0x00000000fa000000, 0x0000000100000000)
[2026-09-19T08:26:58.894+0000][11593.927s][debug][gc,heap        ] GC(143)    the space 174784K,  34% used [0x00000000ef550000, 0x00000000f30c6180, 0x00000000f30c6200, 0x00000000fa000000)
[2026-09-19T08:26:58.894+0000][11593.927s][debug][gc,heap        ] GC(143)  Metaspace       used 141706K, committed 142976K, reserved 1179648K
[2026-09-19T08:26:58.894+0000][11593.927s][debug][gc,heap        ] GC(143)   class space    used 18537K, committed 19392K, reserved 1048576K
[2026-09-19T08:26:58.898+0000][11593.931s][info ][gc,heap        ] GC(143) DefNew: 70985K(78912K)->935K(78912K) Eden: 70144K(70144K)->0K(70144K) From: 841K(8768K)->935K(8768K)
[2026-09-19T08:26:58.898+0000][11593.931s][info ][gc,heap        ] GC(143) Tenured: 60888K(174784K)->60894K(174784K)
[2026-09-19T08:26:58.898+0000][11593.931s][info ][gc,metaspace   ] GC(143) Metaspace: 141706K(142976K)->141706K(142976K) NonClass: 123169K(123584K)->123169K(123584K) Class: 18537K(19392K)->18537K(19392K)
[2026-09-19T08:26:58.898+0000][11593.931s][debug][gc,heap        ] GC(143) Heap after GC invocations=144 (full 5):
[2026-09-19T08:26:58.898+0000][11593.931s][debug][gc,heap        ] GC(143)  def new generation   total 78912K, used 935K [0x00000000e7000000, 0x00000000ec5a0000, 0x00000000ef550000)
[2026-09-19T08:26:58.898+0000][11593.931s][debug][gc,heap        ] GC(143)   eden space 70144K,   0% used [0x00000000e7000000, 0x00000000e7000000, 0x00000000eb480000)
[2026-09-19T08:26:58.898+0000][11593.931s][debug][gc,heap        ] GC(143)   from space 8768K,  10% used [0x00000000eb480000, 0x00000000eb569d68, 0x00000000ebd10000)
[2026-09-19T08:26:58.898+0000][11593.931s][debug][gc,heap        ] GC(143)   to   space 8768K,   0% used [0x00000000ebd10000, 0x00000000ebd10000, 0x00000000ec5a0000)
[2026-09-19T08:26:58.898+0000][11593.931s][debug][gc,heap        ] GC(143)  tenured generation   total 174784K, used 60894K [0x00000000ef550000, 0x00000000fa000000, 0x0000000100000000)
[2026-09-19T08:26:58.898+0000][11593.931s][debug][gc,heap        ] GC(143)    the space 174784K,  34% used [0x00000000ef550000, 0x00000000f30c7b98, 0x00000000f30c7c00, 0x00000000fa000000)
[2026-09-19T08:26:58.898+0000][11593.931s][debug][gc,heap        ] GC(143)  Metaspace       used 141706K, committed 142976K, reserved 1179648K
[2026-09-19T08:26:58.898+0000][11593.931s][debug][gc,heap        ] GC(143)   class space    used 18537K, committed 19392K, reserved 1048576K
[2026-09-19T08:26:58.898+0000][11593.931s][info ][gc             ] GC(143) Pause Young (Allocation Failure) 128M->60M(247M) 4.276ms
[2026-09-19T08:26:58.898+0000][11593.931s][info ][gc,cpu         ] GC(143) User=0.00s Sys=0.00s Real=0.00s
[2026-09-19T08:29:03.852+0000][11718.885s][info ][gc,start       ] GC(144) Pause Young (Allocation Failure)
[2026-09-19T08:29:03.852+0000][11718.885s][debug][gc,heap        ] GC(144) Heap before GC invocations=144 (full 5):
[2026-09-19T08:29:03.852+0000][11718.885s][debug][gc,heap        ] GC(144)  def new generation   total 78912K, used 71079K [0x00000000e7000000, 0x00000000ec5a0000, 0x00000000ef550000)
[2026-09-19T08:29:03.852+0000][11718.885s][debug][gc,heap        ] GC(144)   eden space 70144K, 100% used [0x00000000e7000000, 0x00000000eb480000, 0x00000000eb480000)
[2026-09-19T08:29:03.852+0000][11718.885s][debug][gc,heap        ] GC(144)   from space 8768K,  10% used [0x00000000eb480000, 0x00000000eb569d68, 0x00000000ebd10000)
[2026-09-19T08:29:03.852+0000][11718.885s][debug][gc,heap        ] GC(144)   to   space 8768K,   0% used [0x00000000ebd10000, 0x00000000ebd10000, 0x00000000ec5a0000)
[2026-09-19T08:29:03.852+0000][11718.885s][debug][gc,heap        ] GC(144)  tenured generation   total 174784K, used 60894K [0x00000000ef550000, 0x00000000fa000000, 0x0000000100000000)
[2026-09-19T08:29:03.852+0000][11718.885s][debug][gc,heap        ] GC(144)    the space 174784K,  34% used [0x00000000ef550000, 0x00000000f30c7b98, 0x00000000f30c7c00, 0x00000000fa000000)
[2026-09-19T08:29:03.852+0000][11718.885s][debug][gc,heap        ] GC(144)  Metaspace       used 141720K, committed 143040K, reserved 1179648K
[2026-09-19T08:29:03.852+0000][11718.885s][debug][gc,heap        ] GC(144)   class space    used 18537K, committed 19392K, reserved 1048576K
[2026-09-19T08:29:03.855+0000][11718.888s][info ][gc,heap        ] GC(144) DefNew: 71079K(78912K)->1324K(78912K) Eden: 70144K(70144K)->0K(70144K) From: 935K(8768K)->1324K(8768K)
[2026-09-19T08:29:03.855+0000][11718.888s][info ][gc,heap        ] GC(144) Tenured: 60894K(174784K)->60896K(174784K)
[2026-09-19T08:29:03.855+0000][11718.888s][info ][gc,metaspace   ] GC(144) Metaspace: 141720K(143040K)->141720K(143040K) NonClass: 123183K(123648K)->123183K(123648K) Class: 18537K(19392K)->18537K(19392K)
[2026-09-19T08:29:03.855+0000][11718.888s][debug][gc,heap        ] GC(144) Heap after GC invocations=145 (full 5):
[2026-09-19T08:29:03.855+0000][11718.888s][debug][gc,heap        ] GC(144)  def new generation   total 78912K, used 1324K [0x00000000e7000000, 0x00000000ec5a0000, 0x00000000ef550000)
[2026-09-19T08:29:03.855+0000][11718.888s][debug][gc,heap        ] GC(144)   eden space 70144K,   0% used [0x00000000e7000000, 0x00000000e7000000, 0x00000000eb480000)
[2026-09-19T08:29:03.855+0000][11718.888s][debug][gc,heap        ] GC(144)   from space 8768K,  15% used [0x00000000ebd10000, 0x00000000ebe5b390, 0x00000000ec5a0000)
[2026-09-19T08:29:03.855+0000][11718.888s][debug][gc,heap        ] GC(144)   to   space 8768K,   0% used [0x00000000eb480000, 0x00000000eb480000, 0x00000000ebd10000)
[2026-09-19T08:29:03.855+0000][11718.888s][debug][gc,heap        ] GC(144)  tenured generation   total 174784K, used 60896K [0x00000000ef550000, 0x00000000fa000000, 0x0000000100000000)
[2026-09-19T08:29:03.855+0000][11718.888s][debug][gc,heap        ] GC(144)    the space 174784K,  34% used [0x00000000ef550000, 0x00000000f30c8038, 0x00000000f30c8200, 0x00000000fa000000)
[2026-09-19T08:29:03.855+0000][11718.888s][debug][gc,heap        ] GC(144)  Metaspace       used 141720K, committed 143040K, reserved 1179648K
[2026-09-19T08:29:03.855+0000][11718.888s][debug][gc,heap        ] GC(144)   class space    used 18537K, committed 19392K, reserved 1048576K
[2026-09-19T08:29:03.855+0000][11718.888s][info ][gc             ] GC(144) Pause Young (Allocation Failure) 128M->60M(247M) 2.837ms
[2026-09-19T08:29:03.855+0000][11718.888s][info ][gc,cpu         ] GC(144) User=0.00s Sys=0.00s Real=0.01s
[2026-09-19T08:30:54.903+0000][11829.936s][info ][gc,start       ] GC(145) Pause Young (Allocation Failure)
[2026-09-19T08:30:54.903+0000][11829.936s][debug][gc,heap        ] GC(145) Heap before GC invocations=145 (full 5):
[2026-09-19T08:30:54.903+0000][11829.936s][debug][gc,heap        ] GC(145)  def new generation   total 78912K, used 71468K [0x00000000e7000000, 0x00000000ec5a0000, 0x00000000ef550000)
[2026-09-19T08:30:54.903+0000][11829.936s][debug][gc,heap        ] GC(145)   eden space 70144K, 100% used [0x00000000e7000000, 0x00000000eb480000, 0x00000000eb480000)
[2026-09-19T08:30:54.903+0000][11829.936s][debug][gc,heap        ] GC(145)   from space 8768K,  15% used [0x00000000ebd10000, 0x00000000ebe5b390, 0x00000000ec5a0000)
[2026-09-19T08:30:54.903+0000][11829.936s][debug][gc,heap        ] GC(145)   to   space 8768K,   0% used [0x00000000eb480000, 0x00000000eb480000, 0x00000000ebd10000)
[2026-09-19T08:30:54.903+0000][11829.936s][debug][gc,heap        ] GC(145)  tenured generation   total 174784K, used 60896K [0x00000000ef550000, 0x00000000fa000000, 0x0000000100000000)
[2026-09-19T08:30:54.903+0000][11829.936s][debug][gc,heap        ] GC(145)    the space 174784K,  34% used [0x00000000ef550000, 0x00000000f30c8038, 0x00000000f30c8200, 0x00000000fa000000)
[2026-09-19T08:30:54.903+0000][11829.936s][debug][gc,heap        ] GC(145)  Metaspace       used 141720K, committed 143040K, reserved 1179648K
[2026-09-19T08:30:54.903+0000][11829.936s][debug][gc,heap        ] GC(145)   class space    used 18537K, committed 19392K, reserved 1048576K
[2026-09-19T08:30:54.905+0000][11829.938s][info ][gc,heap        ] GC(145) DefNew: 71468K(78912K)->1241K(78912K) Eden: 70144K(70144K)->0K(70144K) From: 1324K(8768K)->1241K(8768K)
[2026-09-19T08:30:54.905+0000][11829.938s][info ][gc,heap        ] GC(145) Tenured: 60896K(174784K)->60896K(174784K)
[2026-09-19T08:30:54.905+0000][11829.938s][info ][gc,metaspace   ] GC(145) Metaspace: 141720K(143040K)->141720K(143040K) NonClass: 123183K(123648K)->123183K(123648K) Class: 18537K(19392K)->18537K(19392K)
[2026-09-19T08:30:54.905+0000][11829.938s][debug][gc,heap        ] GC(145) Heap after GC invocations=146 (full 5):
[2026-09-19T08:30:54.905+0000][11829.938s][debug][gc,heap        ] GC(145)  def new generation   total 78912K, used 1241K [0x00000000e7000000, 0x00000000ec5a0000, 0x00000000ef550000)
[2026-09-19T08:30:54.905+0000][11829.938s][debug][gc,heap        ] GC(145)   eden space 70144K,   0% used [0x00000000e7000000, 0x00000000e7000000, 0x00000000eb480000)
[2026-09-19T08:30:54.905+0000][11829.939s][debug][gc,heap        ] GC(145)   from space 8768K,  14% used [0x00000000eb480000, 0x00000000eb5b6618, 0x00000000ebd10000)
[2026-09-19T08:30:54.905+0000][11829.939s][debug][gc,heap        ] GC(145)   to   space 8768K,   0% used [0x00000000ebd10000, 0x00000000ebd10000, 0x00000000ec5a0000)
[2026-09-19T08:30:54.905+0000][11829.939s][debug][gc,heap        ] GC(145)  tenured generation   total 174784K, used 60896K [0x00000000ef550000, 0x00000000fa000000, 0x0000000100000000)
[2026-09-19T08:30:54.905+0000][11829.939s][debug][gc,heap        ] GC(145)    the space 174784K,  34% used [0x00000000ef550000, 0x00000000f30c8038, 0x00000000f30c8200, 0x00000000fa000000)
[2026-09-19T08:30:54.905+0000][11829.939s][debug][gc,heap        ] GC(145)  Metaspace       used 141720K, committed 143040K, reserved 1179648K
[2026-09-19T08:30:54.905+0000][11829.939s][debug][gc,heap        ] GC(145)   class space    used 18537K, committed 19392K, reserved 1048576K
[2026-09-19T08:30:54.905+0000][11829.939s][info ][gc             ] GC(145) Pause Young (Allocation Failure) 129M->60M(247M) 2.579ms
[2026-09-19T08:30:54.905+0000][11829.939s][info ][gc,cpu         ] GC(145) User=0.00s Sys=0.00s Real=0.01s
[2026-09-19T08:32:48.248+0000][11943.281s][info ][gc,start       ] GC(146) Pause Young (Allocation Failure)
[2026-09-19T08:32:48.248+0000][11943.281s][debug][gc,heap        ] GC(146) Heap before GC invocations=146 (full 5):
[2026-09-19T08:32:48.248+0000][11943.281s][debug][gc,heap        ] GC(146)  def new generation   total 78912K, used 71385K [0x00000000e7000000, 0x00000000ec5a0000, 0x00000000ef550000)
[2026-09-19T08:32:48.248+0000][11943.281s][debug][gc,heap        ] GC(146)   eden space 70144K, 100% used [0x00000000e7000000, 0x00000000eb480000, 0x00000000eb480000)
[2026-09-19T08:32:48.248+0000][11943.281s][debug][gc,heap        ] GC(146)   from space 8768K,  14% used [0x00000000eb480000, 0x00000000eb5b6618, 0x00000000ebd10000)
[2026-09-19T08:32:48.248+0000][11943.281s][debug][gc,heap        ] GC(146)   to   space 8768K,   0% used [0x00000000ebd10000, 0x00000000ebd10000, 0x00000000ec5a0000)
[2026-09-19T08:32:48.248+0000][11943.281s][debug][gc,heap        ] GC(146)  tenured generation   total 174784K, used 60896K [0x00000000ef550000, 0x00000000fa000000, 0x0000000100000000)
[2026-09-19T08:32:48.248+0000][11943.281s][debug][gc,heap        ] GC(146)    the space 174784K,  34% used [0x00000000ef550000, 0x00000000f30c8038, 0x00000000f30c8200, 0x00000000fa000000)
[2026-09-19T08:32:48.248+0000][11943.281s][debug][gc,heap        ] GC(146)  Metaspace       used 141720K, committed 143040K, reserved 1179648K
[2026-09-19T08:32:48.248+0000][11943.281s][debug][gc,heap        ] GC(146)   class space    used 18537K, committed 19392K, reserved 1048576K
[2026-09-19T08:32:48.250+0000][11943.283s][info ][gc,heap        ] GC(146) DefNew: 71385K(78912K)->860K(78912K) Eden: 70144K(70144K)->0K(70144K) From: 1241K(8768K)->860K(8768K)
[2026-09-19T08:32:48.250+0000][11943.283s][info ][gc,heap        ] GC(146) Tenured: 60896K(174784K)->60929K(174784K)
[2026-09-19T08:32:48.250+0000][11943.283s][info ][gc,metaspace   ] GC(146) Metaspace: 141720K(143040K)->141720K(143040K) NonClass: 123183K(123648K)->123183K(123648K) Class: 18537K(19392K)->18537K(19392K)
[2026-09-19T08:32:48.250+0000][11943.283s][debug][gc,heap        ] GC(146) Heap after GC invocations=147 (full 5):
[2026-09-19T08:32:48.250+0000][11943.283s][debug][gc,heap        ] GC(146)  def new generation   total 78912K, used 860K [0x00000000e7000000, 0x00000000ec5a0000, 0x00000000ef550000)
[2026-09-19T08:32:48.250+0000][11943.283s][debug][gc,heap        ] GC(146)   eden space 70144K,   0% used [0x00000000e7000000, 0x00000000e7000000, 0x00000000eb480000)
[2026-09-19T08:32:48.250+0000][11943.283s][debug][gc,heap        ] GC(146)   from space 8768K,   9% used [0x00000000ebd10000, 0x00000000ebde7100, 0x00000000ec5a0000)
[2026-09-19T08:32:48.250+0000][11943.283s][debug][gc,heap        ] GC(146)   to   space 8768K,   0% used [0x00000000eb480000, 0x00000000eb480000, 0x00000000ebd10000)
[2026-09-19T08:32:48.250+0000][11943.283s][debug][gc,heap        ] GC(146)  tenured generation   total 174784K, used 60929K [0x00000000ef550000, 0x00000000fa000000, 0x0000000100000000)
[2026-09-19T08:32:48.250+0000][11943.283s][debug][gc,heap        ] GC(146)    the space 174784K,  34% used [0x00000000ef550000, 0x00000000f30d0510, 0x00000000f30d0600, 0x00000000fa000000)
[2026-09-19T08:32:48.250+0000][11943.283s][debug][gc,heap        ] GC(146)  Metaspace       used 141720K, committed 143040K, reserved 1179648K
[2026-09-19T08:32:48.250+0000][11943.283s][debug][gc,heap        ] GC(146)   class space    used 18537K, committed 19392K, reserved 1048576K
[2026-09-19T08:32:48.250+0000][11943.283s][info ][gc             ] GC(146) Pause Young (Allocation Failure) 129M->60M(247M) 2.281ms
[2026-09-19T08:32:48.250+0000][11943.283s][info ][gc,cpu         ] GC(146) User=0.00s Sys=0.00s Real=0.00s
[2026-09-19T08:34:53.030+0000][12068.063s][info ][gc,start       ] GC(147) Pause Young (Allocation Failure)
[2026-09-19T08:34:53.030+0000][12068.063s][debug][gc,heap        ] GC(147) Heap before GC invocations=147 (full 5):
[2026-09-19T08:34:53.030+0000][12068.064s][debug][gc,heap        ] GC(147)  def new generation   total 78912K, used 71004K [0x00000000e7000000, 0x00000000ec5a0000, 0x00000000ef550000)
[2026-09-19T08:34:53.030+0000][12068.064s][debug][gc,heap        ] GC(147)   eden space 70144K, 100% used [0x00000000e7000000, 0x00000000eb480000, 0x00000000eb480000)
[2026-09-19T08:34:53.030+0000][12068.064s][debug][gc,heap        ] GC(147)   from space 8768K,   9% used [0x00000000ebd10000, 0x00000000ebde7100, 0x00000000ec5a0000)
[2026-09-19T08:34:53.030+0000][12068.064s][debug][gc,heap        ] GC(147)   to   space 8768K,   0% used [0x00000000eb480000, 0x00000000eb480000, 0x00000000ebd10000)
[2026-09-19T08:34:53.030+0000][12068.064s][debug][gc,heap        ] GC(147)  tenured generation   total 174784K, used 60929K [0x00000000ef550000, 0x00000000fa000000, 0x0000000100000000)
[2026-09-19T08:34:53.030+0000][12068.064s][debug][gc,heap        ] GC(147)    the space 174784K,  34% used [0x00000000ef550000, 0x00000000f30d0510, 0x00000000f30d0600, 0x00000000fa000000)
[2026-09-19T08:34:53.030+0000][12068.064s][debug][gc,heap        ] GC(147)  Metaspace       used 141722K, committed 143040K, reserved 1179648K
[2026-09-19T08:34:53.030+0000][12068.064s][debug][gc,heap        ] GC(147)   class space    used 18537K, committed 19392K, reserved 1048576K
[2026-09-19T08:34:53.033+0000][12068.066s][info ][gc,heap        ] GC(147) DefNew: 71004K(78912K)->885K(78912K) Eden: 70144K(70144K)->0K(70144K) From: 860K(8768K)->885K(8768K)
[2026-09-19T08:34:53.033+0000][12068.066s][info ][gc,heap        ] GC(147) Tenured: 60929K(174784K)->60930K(174784K)
[2026-09-19T08:34:53.033+0000][12068.066s][info ][gc,metaspace   ] GC(147) Metaspace: 141722K(143040K)->141722K(143040K) NonClass: 123185K(123648K)->123185K(123648K) Class: 18537K(19392K)->18537K(19392K)
[2026-09-19T08:34:53.033+0000][12068.066s][debug][gc,heap        ] GC(147) Heap after GC invocations=148 (full 5):
[2026-09-19T08:34:53.033+0000][12068.066s][debug][gc,heap        ] GC(147)  def new generation   total 78912K, used 885K [0x00000000e7000000, 0x00000000ec5a0000, 0x00000000ef550000)
[2026-09-19T08:34:53.033+0000][12068.066s][debug][gc,heap        ] GC(147)   eden space 70144K,   0% used [0x00000000e7000000, 0x00000000e7000000, 0x00000000eb480000)
[2026-09-19T08:34:53.033+0000][12068.066s][debug][gc,heap        ] GC(147)   from space 8768K,  10% used [0x00000000eb480000, 0x00000000eb55d630, 0x00000000ebd10000)
[2026-09-19T08:34:53.033+0000][12068.066s][debug][gc,heap        ] GC(147)   to   space 8768K,   0% used [0x00000000ebd10000, 0x00000000ebd10000, 0x00000000ec5a0000)
[2026-09-19T08:34:53.033+0000][12068.066s][debug][gc,heap        ] GC(147)  tenured generation   total 174784K, used 60930K [0x00000000ef550000, 0x00000000fa000000, 0x0000000100000000)
[2026-09-19T08:34:53.033+0000][12068.066s][debug][gc,heap        ] GC(147)    the space 174784K,  34% used [0x00000000ef550000, 0x00000000f30d0ac8, 0x00000000f30d0c00, 0x00000000fa000000)
[2026-09-19T08:34:53.033+0000][12068.066s][debug][gc,heap        ] GC(147)  Metaspace       used 141722K, committed 143040K, reserved 1179648K
[2026-09-19T08:34:53.033+0000][12068.066s][debug][gc,heap        ] GC(147)   class space    used 18537K, committed 19392K, reserved 1048576K
[2026-09-19T08:34:53.033+0000][12068.066s][info ][gc             ] GC(147) Pause Young (Allocation Failure) 128M->60M(247M) 2.443ms
[2026-09-19T08:34:53.033+0000][12068.066s][info ][gc,cpu         ] GC(147) User=0.00s Sys=0.00s Real=0.00s
[2026-09-19T08:36:59.680+0000][12194.713s][info ][gc,start       ] GC(148) Pause Young (Allocation Failure)
[2026-09-19T08:36:59.680+0000][12194.713s][debug][gc,heap        ] GC(148) Heap before GC invocations=148 (full 5):
[2026-09-19T08:36:59.680+0000][12194.713s][debug][gc,heap        ] GC(148)  def new generation   total 78912K, used 71029K [0x00000000e7000000, 0x00000000ec5a0000, 0x00000000ef550000)
[2026-09-19T08:36:59.680+0000][12194.713s][debug][gc,heap        ] GC(148)   eden space 70144K, 100% used [0x00000000e7000000, 0x00000000eb480000, 0x00000000eb480000)
[2026-09-19T08:36:59.680+0000][12194.713s][debug][gc,heap        ] GC(148)   from space 8768K,  10% used [0x00000000eb480000, 0x00000000eb55d630, 0x00000000ebd10000)
[2026-09-19T08:36:59.680+0000][12194.713s][debug][gc,heap        ] GC(148)   to   space 8768K,   0% used [0x00000000ebd10000, 0x00000000ebd10000, 0x00000000ec5a0000)
[2026-09-19T08:36:59.680+0000][12194.713s][debug][gc,heap        ] GC(148)  tenured generation   total 174784K, used 60930K [0x00000000ef550000, 0x00000000fa000000, 0x0000000100000000)
[2026-09-19T08:36:59.680+0000][12194.713s][debug][gc,heap        ] GC(148)    the space 174784K,  34% used [0x00000000ef550000, 0x00000000f30d0ac8, 0x00000000f30d0c00, 0x00000000fa000000)
[2026-09-19T08:36:59.680+0000][12194.713s][debug][gc,heap        ] GC(148)  Metaspace       used 141722K, committed 143040K, reserved 1179648K
[2026-09-19T08:36:59.680+0000][12194.713s][debug][gc,heap        ] GC(148)   class space    used 18537K, committed 19392K, reserved 1048576K
[2026-09-19T08:36:59.682+0000][12194.715s][info ][gc,heap        ] GC(148) DefNew: 71029K(78912K)->1354K(78912K) Eden: 70144K(70144K)->0K(70144K) From: 885K(8768K)->1354K(8768K)
[2026-09-19T08:36:59.682+0000][12194.715s][info ][gc,heap        ] GC(148) Tenured: 60930K(174784K)->60930K(174784K)
[2026-09-19T08:36:59.682+0000][12194.715s][info ][gc,metaspace   ] GC(148) Metaspace: 141722K(143040K)->141722K(143040K) NonClass: 123185K(123648K)->123185K(123648K) Class: 18537K(19392K)->18537K(19392K)
[2026-09-19T08:36:59.682+0000][12194.715s][debug][gc,heap        ] GC(148) Heap after GC invocations=149 (full 5):
[2026-09-19T08:36:59.682+0000][12194.715s][debug][gc,heap        ] GC(148)  def new generation   total 78912K, used 1354K [0x00000000e7000000, 0x00000000ec5a0000, 0x00000000ef550000)
[2026-09-19T08:36:59.682+0000][12194.715s][debug][gc,heap        ] GC(148)   eden space 70144K,   0% used [0x00000000e7000000, 0x00000000e7000000, 0x00000000eb480000)
[2026-09-19T08:36:59.682+0000][12194.715s][debug][gc,heap        ] GC(148)   from space 8768K,  15% used [0x00000000ebd10000, 0x00000000ebe62a60, 0x00000000ec5a0000)
[2026-09-19T08:36:59.682+0000][12194.715s][debug][gc,heap        ] GC(148)   to   space 8768K,   0% used [0x00000000eb480000, 0x00000000eb480000, 0x00000000ebd10000)
[2026-09-19T08:36:59.682+0000][12194.715s][debug][gc,heap        ] GC(148)  tenured generation   total 174784K, used 60930K [0x00000000ef550000, 0x00000000fa000000, 0x0000000100000000)
[2026-09-19T08:36:59.682+0000][12194.715s][debug][gc,heap        ] GC(148)    the space 174784K,  34% used [0x00000000ef550000, 0x00000000f30d0ba8, 0x00000000f30d0c00, 0x00000000fa000000)
[2026-09-19T08:36:59.682+0000][12194.715s][debug][gc,heap        ] GC(148)  Metaspace       used 141722K, committed 143040K, reserved 1179648K
[2026-09-19T08:36:59.682+0000][12194.715s][debug][gc,heap        ] GC(148)   class space    used 18537K, committed 19392K, reserved 1048576K
[2026-09-19T08:36:59.682+0000][12194.715s][info ][gc             ] GC(148) Pause Young (Allocation Failure) 128M->60M(247M) 2.517ms
[2026-09-19T08:36:59.682+0000][12194.715s][info ][gc,cpu         ] GC(148) User=0.00s Sys=0.01s Real=0.00s
[2026-09-19T08:39:01.071+0000][12316.104s][info ][gc,start       ] GC(149) Pause Young (Allocation Failure)
[2026-09-19T08:39:01.071+0000][12316.104s][debug][gc,heap        ] GC(149) Heap before GC invocations=149 (full 5):
[2026-09-19T08:39:01.071+0000][12316.104s][debug][gc,heap        ] GC(149)  def new generation   total 78912K, used 71498K [0x00000000e7000000, 0x00000000ec5a0000, 0x00000000ef550000)
[2026-09-19T08:39:01.071+0000][12316.104s][debug][gc,heap        ] GC(149)   eden space 70144K, 100% used [0x00000000e7000000, 0x00000000eb480000, 0x00000000eb480000)
[2026-09-19T08:39:01.071+0000][12316.104s][debug][gc,heap        ] GC(149)   from space 8768K,  15% used [0x00000000ebd10000, 0x00000000ebe62a60, 0x00000000ec5a0000)
[2026-09-19T08:39:01.071+0000][12316.104s][debug][gc,heap        ] GC(149)   to   space 8768K,   0% used [0x00000000eb480000, 0x00000000eb480000, 0x00000000ebd10000)
[2026-09-19T08:39:01.071+0000][12316.104s][debug][gc,heap        ] GC(149)  tenured generation   total 174784K, used 60930K [0x00000000ef550000, 0x00000000fa000000, 0x0000000100000000)
[2026-09-19T08:39:01.071+0000][12316.104s][debug][gc,heap        ] GC(149)    the space 174784K,  34% used [0x00000000ef550000, 0x00000000f30d0ba8, 0x00000000f30d0c00, 0x00000000fa000000)
[2026-09-19T08:39:01.071+0000][12316.104s][debug][gc,heap        ] GC(149)  Metaspace       used 141722K, committed 143040K, reserved 1179648K
[2026-09-19T08:39:01.071+0000][12316.104s][debug][gc,heap        ] GC(149)   class space    used 18537K, committed 19392K, reserved 1048576K
[2026-09-19T08:39:01.073+0000][12316.106s][info ][gc,heap        ] GC(149) DefNew: 71498K(78912K)->771K(78912K) Eden: 70144K(70144K)->0K(70144K) From: 1354K(8768K)->771K(8768K)
[2026-09-19T08:39:01.073+0000][12316.106s][info ][gc,heap        ] GC(149) Tenured: 60930K(174784K)->60931K(174784K)
[2026-09-19T08:39:01.073+0000][12316.106s][info ][gc,metaspace   ] GC(149) Metaspace: 141722K(143040K)->141722K(143040K) NonClass: 123185K(123648K)->123185K(123648K) Class: 18537K(19392K)->18537K(19392K)
[2026-09-19T08:39:01.073+0000][12316.106s][debug][gc,heap        ] GC(149) Heap after GC invocations=150 (full 5):
[2026-09-19T08:39:01.073+0000][12316.106s][debug][gc,heap        ] GC(149)  def new generation   total 78912K, used 771K [0x00000000e7000000, 0x00000000ec5a0000, 0x00000000ef550000)
[2026-09-19T08:39:01.073+0000][12316.107s][debug][gc,heap        ] GC(149)   eden space 70144K,   0% used [0x00000000e7000000, 0x00000000e7000000, 0x00000000eb480000)
[2026-09-19T08:39:01.073+0000][12316.107s][debug][gc,heap        ] GC(149)   from space 8768K,   8% used [0x00000000eb480000, 0x00000000eb540e20, 0x00000000ebd10000)
[2026-09-19T08:39:01.073+0000][12316.107s][debug][gc,heap        ] GC(149)   to   space 8768K,   0% used [0x00000000ebd10000, 0x00000000ebd10000, 0x00000000ec5a0000)
[2026-09-19T08:39:01.073+0000][12316.107s][debug][gc,heap        ] GC(149)  tenured generation   total 174784K, used 60931K [0x00000000ef550000, 0x00000000fa000000, 0x0000000100000000)
[2026-09-19T08:39:01.073+0000][12316.107s][debug][gc,heap        ] GC(149)    the space 174784K,  34% used [0x00000000ef550000, 0x00000000f30d0e90, 0x00000000f30d1000, 0x00000000fa000000)
[2026-09-19T08:39:01.073+0000][12316.107s][debug][gc,heap        ] GC(149)  Metaspace       used 141722K, committed 143040K, reserved 1179648K
[2026-09-19T08:39:01.073+0000][12316.107s][debug][gc,heap        ] GC(149)   class space    used 18537K, committed 19392K, reserved 1048576K
[2026-09-19T08:39:01.073+0000][12316.107s][info ][gc             ] GC(149) Pause Young (Allocation Failure) 129M->60M(247M) 2.211ms
[2026-09-19T08:39:01.073+0000][12316.107s][info ][gc,cpu         ] GC(149) User=0.00s Sys=0.01s Real=0.00s
[2026-09-19T08:41:05.651+0000][12440.684s][info ][gc,start       ] GC(150) Pause Young (Allocation Failure)
[2026-09-19T08:41:05.651+0000][12440.684s][debug][gc,heap        ] GC(150) Heap before GC invocations=150 (full 5):
[2026-09-19T08:41:05.651+0000][12440.684s][debug][gc,heap        ] GC(150)  def new generation   total 78912K, used 70915K [0x00000000e7000000, 0x00000000ec5a0000, 0x00000000ef550000)
[2026-09-19T08:41:05.651+0000][12440.684s][debug][gc,heap        ] GC(150)   eden space 70144K, 100% used [0x00000000e7000000, 0x00000000eb480000, 0x00000000eb480000)
[2026-09-19T08:41:05.651+0000][12440.684s][debug][gc,heap        ] GC(150)   from space 8768K,   8% used [0x00000000eb480000, 0x00000000eb540e20, 0x00000000ebd10000)
[2026-09-19T08:41:05.651+0000][12440.684s][debug][gc,heap        ] GC(150)   to   space 8768K,   0% used [0x00000000ebd10000, 0x00000000ebd10000, 0x00000000ec5a0000)
[2026-09-19T08:41:05.651+0000][12440.684s][debug][gc,heap        ] GC(150)  tenured generation   total 174784K, used 60931K [0x00000000ef550000, 0x00000000fa000000, 0x0000000100000000)
[2026-09-19T08:41:05.651+0000][12440.684s][debug][gc,heap        ] GC(150)    the space 174784K,  34% used [0x00000000ef550000, 0x00000000f30d0e90, 0x00000000f30d1000, 0x00000000fa000000)
[2026-09-19T08:41:05.651+0000][12440.684s][debug][gc,heap        ] GC(150)  Metaspace       used 141722K, committed 143040K, reserved 1179648K
[2026-09-19T08:41:05.651+0000][12440.684s][debug][gc,heap        ] GC(150)   class space    used 18537K, committed 19392K, reserved 1048576K
[2026-09-19T08:41:05.653+0000][12440.686s][info ][gc,heap        ] GC(150) DefNew: 70915K(78912K)->799K(78912K) Eden: 70144K(70144K)->0K(70144K) From: 771K(8768K)->799K(8768K)
[2026-09-19T08:41:05.653+0000][12440.686s][info ][gc,heap        ] GC(150) Tenured: 60931K(174784K)->60931K(174784K)
[2026-09-19T08:41:05.653+0000][12440.686s][info ][gc,metaspace   ] GC(150) Metaspace: 141722K(143040K)->141722K(143040K) NonClass: 123185K(123648K)->123185K(123648K) Class: 18537K(19392K)->18537K(19392K)
[2026-09-19T08:41:05.653+0000][12440.686s][debug][gc,heap        ] GC(150) Heap after GC invocations=151 (full 5):
[2026-09-19T08:41:05.653+0000][12440.686s][debug][gc,heap        ] GC(150)  def new generation   total 78912K, used 799K [0x00000000e7000000, 0x00000000ec5a0000, 0x00000000ef550000)
[2026-09-19T08:41:05.653+0000][12440.686s][debug][gc,heap        ] GC(150)   eden space 70144K,   0% used [0x00000000e7000000, 0x00000000e7000000, 0x00000000eb480000)
[2026-09-19T08:41:05.653+0000][12440.686s][debug][gc,heap        ] GC(150)   from space 8768K,   9% used [0x00000000ebd10000, 0x00000000ebdd7e58, 0x00000000ec5a0000)
[2026-09-19T08:41:05.653+0000][12440.686s][debug][gc,heap        ] GC(150)   to   space 8768K,   0% used [0x00000000eb480000, 0x00000000eb480000, 0x00000000ebd10000)
[2026-09-19T08:41:05.653+0000][12440.686s][debug][gc,heap        ] GC(150)  tenured generation   total 174784K, used 60931K [0x00000000ef550000, 0x00000000fa000000, 0x0000000100000000)
[2026-09-19T08:41:05.653+0000][12440.686s][debug][gc,heap        ] GC(150)    the space 174784K,  34% used [0x00000000ef550000, 0x00000000f30d0e90, 0x00000000f30d1000, 0x00000000fa000000)
[2026-09-19T08:41:05.653+0000][12440.686s][debug][gc,heap        ] GC(150)  Metaspace       used 141722K, committed 143040K, reserved 1179648K
[2026-09-19T08:41:05.653+0000][12440.686s][debug][gc,heap        ] GC(150)   class space    used 18537K, committed 19392K, reserved 1048576K
[2026-09-19T08:41:05.653+0000][12440.686s][info ][gc             ] GC(150) Pause Young (Allocation Failure) 128M->60M(247M) 2.315ms
[2026-09-19T08:41:05.653+0000][12440.686s][info ][gc,cpu         ] GC(150) User=0.00s Sys=0.00s Real=0.00s
[2026-09-19T08:43:02.054+0000][12557.087s][info ][gc,start       ] GC(151) Pause Young (Allocation Failure)
[2026-09-19T08:43:02.054+0000][12557.087s][debug][gc,heap        ] GC(151) Heap before GC invocations=151 (full 5):
[2026-09-19T08:43:02.054+0000][12557.087s][debug][gc,heap        ] GC(151)  def new generation   total 78912K, used 70943K [0x00000000e7000000, 0x00000000ec5a0000, 0x00000000ef550000)
[2026-09-19T08:43:02.054+0000][12557.087s][debug][gc,heap        ] GC(151)   eden space 70144K, 100% used [0x00000000e7000000, 0x00000000eb480000, 0x00000000eb480000)
[2026-09-19T08:43:02.054+0000][12557.087s][debug][gc,heap        ] GC(151)   from space 8768K,   9% used [0x00000000ebd10000, 0x00000000ebdd7e58, 0x00000000ec5a0000)
[2026-09-19T08:43:02.054+0000][12557.087s][debug][gc,heap        ] GC(151)   to   space 8768K,   0% used [0x00000000eb480000, 0x00000000eb480000, 0x00000000ebd10000)
[2026-09-19T08:43:02.054+0000][12557.087s][debug][gc,heap        ] GC(151)  tenured generation   total 174784K, used 60931K [0x00000000ef550000, 0x00000000fa000000, 0x0000000100000000)
[2026-09-19T08:43:02.054+0000][12557.087s][debug][gc,heap        ] GC(151)    the space 174784K,  34% used [0x00000000ef550000, 0x00000000f30d0e90, 0x00000000f30d1000, 0x00000000fa000000)
[2026-09-19T08:43:02.054+0000][12557.087s][debug][gc,heap        ] GC(151)  Metaspace       used 141722K, committed 143040K, reserved 1179648K
[2026-09-19T08:43:02.054+0000][12557.087s][debug][gc,heap        ] GC(151)   class space    used 18537K, committed 19392K, reserved 1048576K
[2026-09-19T08:43:02.056+0000][12557.089s][info ][gc,heap        ] GC(151) DefNew: 70943K(78912K)->800K(78912K) Eden: 70144K(70144K)->0K(70144K) From: 799K(8768K)->800K(8768K)
[2026-09-19T08:43:02.056+0000][12557.089s][info ][gc,heap        ] GC(151) Tenured: 60931K(174784K)->60932K(174784K)
[2026-09-19T08:43:02.056+0000][12557.089s][info ][gc,metaspace   ] GC(151) Metaspace: 141722K(143040K)->141722K(143040K) NonClass: 123185K(123648K)->123185K(123648K) Class: 18537K(19392K)->18537K(19392K)
[2026-09-19T08:43:02.056+0000][12557.089s][debug][gc,heap        ] GC(151) Heap after GC invocations=152 (full 5):
[2026-09-19T08:43:02.056+0000][12557.089s][debug][gc,heap        ] GC(151)  def new generation   total 78912K, used 800K [0x00000000e7000000, 0x00000000ec5a0000, 0x00000000ef550000)
[2026-09-19T08:43:02.056+0000][12557.089s][debug][gc,heap        ] GC(151)   eden space 70144K,   0% used [0x00000000e7000000, 0x00000000e7000000, 0x00000000eb480000)
[2026-09-19T08:43:02.056+0000][12557.089s][debug][gc,heap        ] GC(151)   from space 8768K,   9% used [0x00000000eb480000, 0x00000000eb548088, 0x00000000ebd10000)
[2026-09-19T08:43:02.056+0000][12557.089s][debug][gc,heap        ] GC(151)   to   space 8768K,   0% used [0x00000000ebd10000, 0x00000000ebd10000, 0x00000000ec5a0000)
[2026-09-19T08:43:02.056+0000][12557.089s][debug][gc,heap        ] GC(151)  tenured generation   total 174784K, used 60932K [0x00000000ef550000, 0x00000000fa000000, 0x0000000100000000)
[2026-09-19T08:43:02.056+0000][12557.089s][debug][gc,heap        ] GC(151)    the space 174784K,  34% used [0x00000000ef550000, 0x00000000f30d1178, 0x00000000f30d1200, 0x00000000fa000000)
[2026-09-19T08:43:02.056+0000][12557.089s][debug][gc,heap        ] GC(151)  Metaspace       used 141722K, committed 143040K, reserved 1179648K
[2026-09-19T08:43:02.056+0000][12557.089s][debug][gc,heap        ] GC(151)   class space    used 18537K, committed 19392K, reserved 1048576K
[2026-09-19T08:43:02.056+0000][12557.089s][info ][gc             ] GC(151) Pause Young (Allocation Failure) 128M->60M(247M) 2.290ms
[2026-09-19T08:43:02.056+0000][12557.089s][info ][gc,cpu         ] GC(151) User=0.01s Sys=0.00s Real=0.00s
[2026-09-19T08:45:19.371+0000][12694.404s][info ][gc,start       ] GC(152) Pause Young (Allocation Failure)
[2026-09-19T08:45:19.371+0000][12694.404s][debug][gc,heap        ] GC(152) Heap before GC invocations=152 (full 5):
[2026-09-19T08:45:19.371+0000][12694.404s][debug][gc,heap        ] GC(152)  def new generation   total 78912K, used 70944K [0x00000000e7000000, 0x00000000ec5a0000, 0x00000000ef550000)
[2026-09-19T08:45:19.371+0000][12694.404s][debug][gc,heap        ] GC(152)   eden space 70144K, 100% used [0x00000000e7000000, 0x00000000eb480000, 0x00000000eb480000)
[2026-09-19T08:45:19.371+0000][12694.404s][debug][gc,heap        ] GC(152)   from space 8768K,   9% used [0x00000000eb480000, 0x00000000eb548088, 0x00000000ebd10000)
[2026-09-19T08:45:19.371+0000][12694.404s][debug][gc,heap        ] GC(152)   to   space 8768K,   0% used [0x00000000ebd10000, 0x00000000ebd10000, 0x00000000ec5a0000)
[2026-09-19T08:45:19.371+0000][12694.404s][debug][gc,heap        ] GC(152)  tenured generation   total 174784K, used 60932K [0x00000000ef550000, 0x00000000fa000000, 0x0000000100000000)
[2026-09-19T08:45:19.371+0000][12694.404s][debug][gc,heap        ] GC(152)    the space 174784K,  34% used [0x00000000ef550000, 0x00000000f30d1178, 0x00000000f30d1200, 0x00000000fa000000)
[2026-09-19T08:45:19.371+0000][12694.404s][debug][gc,heap        ] GC(152)  Metaspace       used 141732K, committed 143040K, reserved 1179648K
[2026-09-19T08:45:19.371+0000][12694.404s][debug][gc,heap        ] GC(152)   class space    used 18537K, committed 19392K, reserved 1048576K
[2026-09-19T08:45:19.374+0000][12694.407s][info ][gc,heap        ] GC(152) DefNew: 70944K(78912K)->831K(78912K) Eden: 70144K(70144K)->0K(70144K) From: 800K(8768K)->831K(8768K)
[2026-09-19T08:45:19.374+0000][12694.407s][info ][gc,heap        ] GC(152) Tenured: 60932K(174784K)->60933K(174784K)
[2026-09-19T08:45:19.374+0000][12694.407s][info ][gc,metaspace   ] GC(152) Metaspace: 141732K(143040K)->141732K(143040K) NonClass: 123195K(123648K)->123195K(123648K) Class: 18537K(19392K)->18537K(19392K)
[2026-09-19T08:45:19.374+0000][12694.407s][debug][gc,heap        ] GC(152) Heap after GC invocations=153 (full 5):
[2026-09-19T08:45:19.374+0000][12694.407s][debug][gc,heap        ] GC(152)  def new generation   total 78912K, used 831K [0x00000000e7000000, 0x00000000ec5a0000, 0x00000000ef550000)
[2026-09-19T08:45:19.374+0000][12694.407s][debug][gc,heap        ] GC(152)   eden space 70144K,   0% used [0x00000000e7000000, 0x00000000e7000000, 0x00000000eb480000)
[2026-09-19T08:45:19.374+0000][12694.407s][debug][gc,heap        ] GC(152)   from space 8768K,   9% used [0x00000000ebd10000, 0x00000000ebddfe00, 0x00000000ec5a0000)
[2026-09-19T08:45:19.374+0000][12694.407s][debug][gc,heap        ] GC(152)   to   space 8768K,   0% used [0x00000000eb480000, 0x00000000eb480000, 0x00000000ebd10000)
[2026-09-19T08:45:19.374+0000][12694.407s][debug][gc,heap        ] GC(152)  tenured generation   total 174784K, used 60933K [0x00000000ef550000, 0x00000000fa000000, 0x0000000100000000)
[2026-09-19T08:45:19.374+0000][12694.407s][debug][gc,heap        ] GC(152)    the space 174784K,  34% used [0x00000000ef550000, 0x00000000f30d1518, 0x00000000f30d1600, 0x00000000fa000000)
[2026-09-19T08:45:19.374+0000][12694.407s][debug][gc,heap        ] GC(152)  Metaspace       used 141732K, committed 143040K, reserved 1179648K
[2026-09-19T08:45:19.374+0000][12694.407s][debug][gc,heap        ] GC(152)   class space    used 18537K, committed 19392K, reserved 1048576K
[2026-09-19T08:45:19.374+0000][12694.407s][info ][gc             ] GC(152) Pause Young (Allocation Failure) 128M->60M(247M) 2.562ms
[2026-09-19T08:45:19.374+0000][12694.407s][info ][gc,cpu         ] GC(152) User=0.00s Sys=0.00s Real=0.01s
[2026-09-19T08:47:29.616+0000][12824.649s][info ][gc,start       ] GC(153) Pause Young (Allocation Failure)
[2026-09-19T08:47:29.616+0000][12824.649s][debug][gc,heap        ] GC(153) Heap before GC invocations=153 (full 5):
[2026-09-19T08:47:29.616+0000][12824.649s][debug][gc,heap        ] GC(153)  def new generation   total 78912K, used 70975K [0x00000000e7000000, 0x00000000ec5a0000, 0x00000000ef550000)
[2026-09-19T08:47:29.616+0000][12824.649s][debug][gc,heap        ] GC(153)   eden space 70144K, 100% used [0x00000000e7000000, 0x00000000eb480000, 0x00000000eb480000)
[2026-09-19T08:47:29.616+0000][12824.649s][debug][gc,heap        ] GC(153)   from space 8768K,   9% used [0x00000000ebd10000, 0x00000000ebddfe00, 0x00000000ec5a0000)
[2026-09-19T08:47:29.616+0000][12824.649s][debug][gc,heap        ] GC(153)   to   space 8768K,   0% used [0x00000000eb480000, 0x00000000eb480000, 0x00000000ebd10000)
[2026-09-19T08:47:29.616+0000][12824.649s][debug][gc,heap        ] GC(153)  tenured generation   total 174784K, used 60933K [0x00000000ef550000, 0x00000000fa000000, 0x0000000100000000)
[2026-09-19T08:47:29.616+0000][12824.649s][debug][gc,heap        ] GC(153)    the space 174784K,  34% used [0x00000000ef550000, 0x00000000f30d1518, 0x00000000f30d1600, 0x00000000fa000000)
[2026-09-19T08:47:29.616+0000][12824.649s][debug][gc,heap        ] GC(153)  Metaspace       used 141737K, committed 143040K, reserved 1179648K
[2026-09-19T08:47:29.616+0000][12824.649s][debug][gc,heap        ] GC(153)   class space    used 18537K, committed 19392K, reserved 1048576K
[2026-09-19T08:47:29.618+0000][12824.651s][info ][gc,heap        ] GC(153) DefNew: 70975K(78912K)->816K(78912K) Eden: 70144K(70144K)->0K(70144K) From: 831K(8768K)->816K(8768K)
[2026-09-19T08:47:29.618+0000][12824.651s][info ][gc,heap        ] GC(153) Tenured: 60933K(174784K)->60940K(174784K)
[2026-09-19T08:47:29.618+0000][12824.651s][info ][gc,metaspace   ] GC(153) Metaspace: 141737K(143040K)->141737K(143040K) NonClass: 123200K(123648K)->123200K(123648K) Class: 18537K(19392K)->18537K(19392K)
[2026-09-19T08:47:29.618+0000][12824.651s][debug][gc,heap        ] GC(153) Heap after GC invocations=154 (full 5):
[2026-09-19T08:47:29.618+0000][12824.651s][debug][gc,heap        ] GC(153)  def new generation   total 78912K, used 816K [0x00000000e7000000, 0x00000000ec5a0000, 0x00000000ef550000)
[2026-09-19T08:47:29.618+0000][12824.651s][debug][gc,heap        ] GC(153)   eden space 70144K,   0% used [0x00000000e7000000, 0x00000000e7000000, 0x00000000eb480000)
[2026-09-19T08:47:29.618+0000][12824.651s][debug][gc,heap        ] GC(153)   from space 8768K,   9% used [0x00000000eb480000, 0x00000000eb54c218, 0x00000000ebd10000)
[2026-09-19T08:47:29.618+0000][12824.651s][debug][gc,heap        ] GC(153)   to   space 8768K,   0% used [0x00000000ebd10000, 0x00000000ebd10000, 0x00000000ec5a0000)
[2026-09-19T08:47:29.618+0000][12824.651s][debug][gc,heap        ] GC(153)  tenured generation   total 174784K, used 60940K [0x00000000ef550000, 0x00000000fa000000, 0x0000000100000000)
[2026-09-19T08:47:29.618+0000][12824.651s][debug][gc,heap        ] GC(153)    the space 174784K,  34% used [0x00000000ef550000, 0x00000000f30d32f8, 0x00000000f30d3400, 0x00000000fa000000)
[2026-09-19T08:47:29.618+0000][12824.651s][debug][gc,heap        ] GC(153)  Metaspace       used 141737K, committed 143040K, reserved 1179648K
[2026-09-19T08:47:29.618+0000][12824.651s][debug][gc,heap        ] GC(153)   class space    used 18537K, committed 19392K, reserved 1048576K
[2026-09-19T08:47:29.618+0000][12824.651s][info ][gc             ] GC(153) Pause Young (Allocation Failure) 128M->60M(247M) 2.552ms
[2026-09-19T08:47:29.618+0000][12824.651s][info ][gc,cpu         ] GC(153) User=0.00s Sys=0.00s Real=0.00s
[2026-09-19T08:49:55.515+0000][12970.548s][info ][gc,start       ] GC(154) Pause Young (Allocation Failure)
[2026-09-19T08:49:55.515+0000][12970.548s][debug][gc,heap        ] GC(154) Heap before GC invocations=154 (full 5):
[2026-09-19T08:49:55.515+0000][12970.548s][debug][gc,heap        ] GC(154)  def new generation   total 78912K, used 70960K [0x00000000e7000000, 0x00000000ec5a0000, 0x00000000ef550000)
[2026-09-19T08:49:55.515+0000][12970.548s][debug][gc,heap        ] GC(154)   eden space 70144K, 100% used [0x00000000e7000000, 0x00000000eb480000, 0x00000000eb480000)
[2026-09-19T08:49:55.515+0000][12970.548s][debug][gc,heap        ] GC(154)   from space 8768K,   9% used [0x00000000eb480000, 0x00000000eb54c218, 0x00000000ebd10000)
[2026-09-19T08:49:55.515+0000][12970.548s][debug][gc,heap        ] GC(154)   to   space 8768K,   0% used [0x00000000ebd10000, 0x00000000ebd10000, 0x00000000ec5a0000)
[2026-09-19T08:49:55.515+0000][12970.548s][debug][gc,heap        ] GC(154)  tenured generation   total 174784K, used 60940K [0x00000000ef550000, 0x00000000fa000000, 0x0000000100000000)
[2026-09-19T08:49:55.515+0000][12970.548s][debug][gc,heap        ] GC(154)    the space 174784K,  34% used [0x00000000ef550000, 0x00000000f30d32f8, 0x00000000f30d3400, 0x00000000fa000000)
[2026-09-19T08:49:55.515+0000][12970.548s][debug][gc,heap        ] GC(154)  Metaspace       used 141741K, committed 143040K, reserved 1179648K
[2026-09-19T08:49:55.515+0000][12970.548s][debug][gc,heap        ] GC(154)   class space    used 18537K, committed 19392K, reserved 1048576K
[2026-09-19T08:49:55.517+0000][12970.550s][info ][gc,heap        ] GC(154) DefNew: 70960K(78912K)->862K(78912K) Eden: 70144K(70144K)->0K(70144K) From: 816K(8768K)->862K(8768K)
[2026-09-19T08:49:55.517+0000][12970.550s][info ][gc,heap        ] GC(154) Tenured: 60940K(174784K)->60940K(174784K)
[2026-09-19T08:49:55.517+0000][12970.550s][info ][gc,metaspace   ] GC(154) Metaspace: 141741K(143040K)->141741K(143040K) NonClass: 123204K(123648K)->123204K(123648K) Class: 18537K(19392K)->18537K(19392K)
[2026-09-19T08:49:55.517+0000][12970.550s][debug][gc,heap        ] GC(154) Heap after GC invocations=155 (full 5):
[2026-09-19T08:49:55.517+0000][12970.550s][debug][gc,heap        ] GC(154)  def new generation   total 78912K, used 862K [0x00000000e7000000, 0x00000000ec5a0000, 0x00000000ef550000)
[2026-09-19T08:49:55.517+0000][12970.550s][debug][gc,heap        ] GC(154)   eden space 70144K,   0% used [0x00000000e7000000, 0x00000000e7000000, 0x00000000eb480000)
[2026-09-19T08:49:55.517+0000][12970.550s][debug][gc,heap        ] GC(154)   from space 8768K,   9% used [0x00000000ebd10000, 0x00000000ebde7bd0, 0x00000000ec5a0000)
[2026-09-19T08:49:55.517+0000][12970.550s][debug][gc,heap        ] GC(154)   to   space 8768K,   0% used [0x00000000eb480000, 0x00000000eb480000, 0x00000000ebd10000)
[2026-09-19T08:49:55.517+0000][12970.550s][debug][gc,heap        ] GC(154)  tenured generation   total 174784K, used 60940K [0x00000000ef550000, 0x00000000fa000000, 0x0000000100000000)
[2026-09-19T08:49:55.517+0000][12970.550s][debug][gc,heap        ] GC(154)    the space 174784K,  34% used [0x00000000ef550000, 0x00000000f30d3318, 0x00000000f30d3400, 0x00000000fa000000)
[2026-09-19T08:49:55.517+0000][12970.550s][debug][gc,heap        ] GC(154)  Metaspace       used 141741K, committed 143040K, reserved 1179648K
[2026-09-19T08:49:55.517+0000][12970.550s][debug][gc,heap        ] GC(154)   class space    used 18537K, committed 19392K, reserved 1048576K
[2026-09-19T08:49:55.517+0000][12970.550s][info ][gc             ] GC(154) Pause Young (Allocation Failure) 128M->60M(247M) 2.322ms
[2026-09-19T08:49:55.517+0000][12970.550s][info ][gc,cpu         ] GC(154) User=0.00s Sys=0.00s Real=0.00s
