[2026-09-17T13:51:42.158+0000][0.003s][info][gc,init] CardTable entry size: 512
[2026-09-17T13:51:42.158+0000][0.003s][debug][gc,heap] Minimum heap 268435456  Initial heap 268435456  Maximum heap 419430400
[2026-09-17T13:51:42.158+0000][0.003s][info ][gc     ] Using Serial
[2026-09-17T13:51:42.158+0000][0.003s][info ][gc,init] Version: 21.0.12.1+9-LTS (release)
[2026-09-17T13:51:42.158+0000][0.003s][info ][gc,init] CPUs: 8 total, 1 available
[2026-09-17T13:51:42.158+0000][0.003s][info ][gc,init] Memory: 512M
[2026-09-17T13:51:42.158+0000][0.003s][info ][gc,init] Large Page Support: Disabled
[2026-09-17T13:51:42.158+0000][0.003s][info ][gc,init] NUMA Support: Disabled
[2026-09-17T13:51:42.158+0000][0.003s][info ][gc,init] Compressed Oops: Enabled (32-bit)
[2026-09-17T13:51:42.158+0000][0.003s][info ][gc,init] Heap Min Capacity: 256M
[2026-09-17T13:51:42.158+0000][0.003s][info ][gc,init] Heap Initial Capacity: 256M
[2026-09-17T13:51:42.158+0000][0.003s][info ][gc,init] Heap Max Capacity: 400M
[2026-09-17T13:51:42.158+0000][0.003s][info ][gc,init] Pre-touch: Disabled
[2026-09-17T13:51:42.164+0000][0.009s][info ][gc,metaspace] CDS archive(s) mapped at: [0x00007fe33d000000-0x00007fe33dc9c000-0x00007fe33dc9c000), size 13221888, SharedBaseAddress: 0x00007fe33d000000, ArchiveRelocationMode: 1.
[2026-09-17T13:51:42.164+0000][0.009s][info ][gc,metaspace] Compressed class space mapped at: 0x00007fe33e000000-0x00007fe37e000000, reserved size: 1073741824
[2026-09-17T13:51:42.164+0000][0.009s][info ][gc,metaspace] Narrow klass base: 0x00007fe33d000000, Narrow klass shift: 0, Narrow klass range: 0x100000000
[2026-09-17T13:51:43.109+0000][0.954s][info ][gc,start    ] GC(0) Pause Young (Allocation Failure)
[2026-09-17T13:51:43.109+0000][0.954s][debug][gc,heap     ] GC(0) Heap before GC invocations=0 (full 0):
[2026-09-17T13:51:43.109+0000][0.954s][debug][gc,heap     ] GC(0)  def new generation   total 78656K, used 69952K [0x00000000e7000000, 0x00000000ec550000, 0x00000000ef550000)
[2026-09-17T13:51:43.109+0000][0.954s][debug][gc,heap     ] GC(0)   eden space 69952K, 100% used [0x00000000e7000000, 0x00000000eb450000, 0x00000000eb450000)
[2026-09-17T13:51:43.109+0000][0.954s][debug][gc,heap     ] GC(0)   from space 8704K,   0% used [0x00000000eb450000, 0x00000000eb450000, 0x00000000ebcd0000)
[2026-09-17T13:51:43.109+0000][0.954s][debug][gc,heap     ] GC(0)   to   space 8704K,   0% used [0x00000000ebcd0000, 0x00000000ebcd0000, 0x00000000ec550000)
[2026-09-17T13:51:43.109+0000][0.954s][debug][gc,heap     ] GC(0)  tenured generation   total 174784K, used 1073K [0x00000000ef550000, 0x00000000fa000000, 0x0000000100000000)
[2026-09-17T13:51:43.109+0000][0.954s][debug][gc,heap     ] GC(0)    the space 174784K,   0% used [0x00000000ef550000, 0x00000000ef65c660, 0x00000000ef65c800, 0x00000000fa000000)
[2026-09-17T13:51:43.109+0000][0.954s][debug][gc,heap     ] GC(0)  Metaspace       used 4248K, committed 4544K, reserved 1114112K
[2026-09-17T13:51:43.109+0000][0.954s][debug][gc,heap     ] GC(0)   class space    used 454K, committed 576K, reserved 1048576K
[2026-09-17T13:51:43.115+0000][0.960s][info ][gc,heap     ] GC(0) DefNew: 69952K(78656K)->3599K(78656K) Eden: 69952K(69952K)->0K(69952K) From: 0K(8704K)->3599K(8704K)
[2026-09-17T13:51:43.115+0000][0.960s][info ][gc,heap     ] GC(0) Tenured: 1073K(174784K)->1073K(174784K)
[2026-09-17T13:51:43.115+0000][0.960s][info ][gc,metaspace] GC(0) Metaspace: 4248K(4544K)->4248K(4544K) NonClass: 3794K(3968K)->3794K(3968K) Class: 454K(576K)->454K(576K)
[2026-09-17T13:51:43.115+0000][0.960s][debug][gc,heap     ] GC(0) Heap after GC invocations=1 (full 0):
[2026-09-17T13:51:43.115+0000][0.960s][debug][gc,heap     ] GC(0)  def new generation   total 78656K, used 3599K [0x00000000e7000000, 0x00000000ec550000, 0x00000000ef550000)
[2026-09-17T13:51:43.115+0000][0.960s][debug][gc,heap     ] GC(0)   eden space 69952K,   0% used [0x00000000e7000000, 0x00000000e7000000, 0x00000000eb450000)
[2026-09-17T13:51:43.115+0000][0.960s][debug][gc,heap     ] GC(0)   from space 8704K,  41% used [0x00000000ebcd0000, 0x00000000ec053de8, 0x00000000ec550000)
[2026-09-17T13:51:43.115+0000][0.960s][debug][gc,heap     ] GC(0)   to   space 8704K,   0% used [0x00000000eb450000, 0x00000000eb450000, 0x00000000ebcd0000)
[2026-09-17T13:51:43.115+0000][0.960s][debug][gc,heap     ] GC(0)  tenured generation   total 174784K, used 1073K [0x00000000ef550000, 0x00000000fa000000, 0x0000000100000000)
[2026-09-17T13:51:43.115+0000][0.960s][debug][gc,heap     ] GC(0)    the space 174784K,   0% used [0x00000000ef550000, 0x00000000ef65c660, 0x00000000ef65c800, 0x00000000fa000000)
[2026-09-17T13:51:43.115+0000][0.960s][debug][gc,heap     ] GC(0)  Metaspace       used 4248K, committed 4544K, reserved 1114112K
[2026-09-17T13:51:43.115+0000][0.960s][debug][gc,heap     ] GC(0)   class space    used 454K, committed 576K, reserved 1048576K
[2026-09-17T13:51:43.115+0000][0.960s][info ][gc          ] GC(0) Pause Young (Allocation Failure) 69M->4M(247M) 5.736ms
[2026-09-17T13:51:43.115+0000][0.960s][info ][gc,cpu      ] GC(0) User=0.01s Sys=0.00s Real=0.00s
[2026-09-17T13:51:43.908+0000][1.753s][info ][gc,start    ] GC(1) Pause Young (Allocation Failure)
[2026-09-17T13:51:43.908+0000][1.753s][debug][gc,heap     ] GC(1) Heap before GC invocations=1 (full 0):
[2026-09-17T13:51:43.908+0000][1.753s][debug][gc,heap     ] GC(1)  def new generation   total 78656K, used 73551K [0x00000000e7000000, 0x00000000ec550000, 0x00000000ef550000)
[2026-09-17T13:51:43.908+0000][1.753s][debug][gc,heap     ] GC(1)   eden space 69952K, 100% used [0x00000000e7000000, 0x00000000eb450000, 0x00000000eb450000)
[2026-09-17T13:51:43.908+0000][1.753s][debug][gc,heap     ] GC(1)   from space 8704K,  41% used [0x00000000ebcd0000, 0x00000000ec053de8, 0x00000000ec550000)
[2026-09-17T13:51:43.908+0000][1.753s][debug][gc,heap     ] GC(1)   to   space 8704K,   0% used [0x00000000eb450000, 0x00000000eb450000, 0x00000000ebcd0000)
[2026-09-17T13:51:43.908+0000][1.753s][debug][gc,heap     ] GC(1)  tenured generation   total 174784K, used 1073K [0x00000000ef550000, 0x00000000fa000000, 0x0000000100000000)
[2026-09-17T13:51:43.908+0000][1.753s][debug][gc,heap     ] GC(1)    the space 174784K,   0% used [0x00000000ef550000, 0x00000000ef65c660, 0x00000000ef65c800, 0x00000000fa000000)
[2026-09-17T13:51:43.908+0000][1.753s][debug][gc,heap     ] GC(1)  Metaspace       used 10284K, committed 10688K, reserved 1114112K
[2026-09-17T13:51:43.908+0000][1.753s][debug][gc,heap     ] GC(1)   class space    used 1298K, committed 1472K, reserved 1048576K
[2026-09-17T13:51:43.916+0000][1.761s][info ][gc,heap     ] GC(1) DefNew: 73551K(78656K)->5466K(78656K) Eden: 69952K(69952K)->0K(69952K) From: 3599K(8704K)->5466K(8704K)
[2026-09-17T13:51:43.916+0000][1.761s][info ][gc,heap     ] GC(1) Tenured: 1073K(174784K)->1073K(174784K)
[2026-09-17T13:51:43.916+0000][1.761s][info ][gc,metaspace] GC(1) Metaspace: 10284K(10688K)->10284K(10688K) NonClass: 8985K(9216K)->8985K(9216K) Class: 1298K(1472K)->1298K(1472K)
[2026-09-17T13:51:43.916+0000][1.761s][debug][gc,heap     ] GC(1) Heap after GC invocations=2 (full 0):
[2026-09-17T13:51:43.916+0000][1.761s][debug][gc,heap     ] GC(1)  def new generation   total 78656K, used 5466K [0x00000000e7000000, 0x00000000ec550000, 0x00000000ef550000)
[2026-09-17T13:51:43.916+0000][1.761s][debug][gc,heap     ] GC(1)   eden space 69952K,   0% used [0x00000000e7000000, 0x00000000e7000000, 0x00000000eb450000)
[2026-09-17T13:51:43.916+0000][1.761s][debug][gc,heap     ] GC(1)   from space 8704K,  62% used [0x00000000eb450000, 0x00000000eb9a6a68, 0x00000000ebcd0000)
[2026-09-17T13:51:43.916+0000][1.761s][debug][gc,heap     ] GC(1)   to   space 8704K,   0% used [0x00000000ebcd0000, 0x00000000ebcd0000, 0x00000000ec550000)
[2026-09-17T13:51:43.916+0000][1.762s][debug][gc,heap     ] GC(1)  tenured generation   total 174784K, used 1073K [0x00000000ef550000, 0x00000000fa000000, 0x0000000100000000)
[2026-09-17T13:51:43.916+0000][1.762s][debug][gc,heap     ] GC(1)    the space 174784K,   0% used [0x00000000ef550000, 0x00000000ef65c660, 0x00000000ef65c800, 0x00000000fa000000)
[2026-09-17T13:51:43.916+0000][1.762s][debug][gc,heap     ] GC(1)  Metaspace       used 10284K, committed 10688K, reserved 1114112K
[2026-09-17T13:51:43.916+0000][1.762s][debug][gc,heap     ] GC(1)   class space    used 1298K, committed 1472K, reserved 1048576K
[2026-09-17T13:51:43.916+0000][1.762s][info ][gc          ] GC(1) Pause Young (Allocation Failure) 72M->6M(247M) 8.525ms
[2026-09-17T13:51:43.916+0000][1.762s][info ][gc,cpu      ] GC(1) User=0.01s Sys=0.00s Real=0.01s
[2026-09-17T13:51:44.633+0000][2.478s][info ][gc,start    ] GC(2) Pause Young (Allocation Failure)
[2026-09-17T13:51:44.633+0000][2.478s][debug][gc,heap     ] GC(2) Heap before GC invocations=2 (full 0):
[2026-09-17T13:51:44.633+0000][2.478s][debug][gc,heap     ] GC(2)  def new generation   total 78656K, used 75418K [0x00000000e7000000, 0x00000000ec550000, 0x00000000ef550000)
[2026-09-17T13:51:44.633+0000][2.478s][debug][gc,heap     ] GC(2)   eden space 69952K, 100% used [0x00000000e7000000, 0x00000000eb450000, 0x00000000eb450000)
[2026-09-17T13:51:44.633+0000][2.478s][debug][gc,heap     ] GC(2)   from space 8704K,  62% used [0x00000000eb450000, 0x00000000eb9a6a68, 0x00000000ebcd0000)
[2026-09-17T13:51:44.633+0000][2.478s][debug][gc,heap     ] GC(2)   to   space 8704K,   0% used [0x00000000ebcd0000, 0x00000000ebcd0000, 0x00000000ec550000)
[2026-09-17T13:51:44.633+0000][2.478s][debug][gc,heap     ] GC(2)  tenured generation   total 174784K, used 1073K [0x00000000ef550000, 0x00000000fa000000, 0x0000000100000000)
[2026-09-17T13:51:44.633+0000][2.478s][debug][gc,heap     ] GC(2)    the space 174784K,   0% used [0x00000000ef550000, 0x00000000ef65c660, 0x00000000ef65c800, 0x00000000fa000000)
[2026-09-17T13:51:44.633+0000][2.478s][debug][gc,heap     ] GC(2)  Metaspace       used 14445K, committed 14848K, reserved 1114112K
[2026-09-17T13:51:44.633+0000][2.478s][debug][gc,heap     ] GC(2)   class space    used 1862K, committed 2048K, reserved 1048576K
[2026-09-17T13:51:44.706+0000][2.551s][info ][gc,heap     ] GC(2) DefNew: 75418K(78656K)->4725K(78656K) Eden: 69952K(69952K)->0K(69952K) From: 5466K(8704K)->4725K(8704K)
[2026-09-17T13:51:44.706+0000][2.551s][info ][gc,heap     ] GC(2) Tenured: 1073K(174784K)->4579K(174784K)
[2026-09-17T13:51:44.706+0000][2.551s][info ][gc,metaspace] GC(2) Metaspace: 14445K(14848K)->14445K(14848K) NonClass: 12582K(12800K)->12582K(12800K) Class: 1862K(2048K)->1862K(2048K)
[2026-09-17T13:51:44.706+0000][2.551s][debug][gc,heap     ] GC(2) Heap after GC invocations=3 (full 0):
[2026-09-17T13:51:44.706+0000][2.551s][debug][gc,heap     ] GC(2)  def new generation   total 78656K, used 4725K [0x00000000e7000000, 0x00000000ec550000, 0x00000000ef550000)
[2026-09-17T13:51:44.706+0000][2.551s][debug][gc,heap     ] GC(2)   eden space 69952K,   0% used [0x00000000e7000000, 0x00000000e7000000, 0x00000000eb450000)
[2026-09-17T13:51:44.706+0000][2.551s][debug][gc,heap     ] GC(2)   from space 8704K,  54% used [0x00000000ebcd0000, 0x00000000ec16d460, 0x00000000ec550000)
[2026-09-17T13:51:44.706+0000][2.551s][debug][gc,heap     ] GC(2)   to   space 8704K,   0% used [0x00000000eb450000, 0x00000000eb450000, 0x00000000ebcd0000)
[2026-09-17T13:51:44.706+0000][2.551s][debug][gc,heap     ] GC(2)  tenured generation   total 174784K, used 4579K [0x00000000ef550000, 0x00000000fa000000, 0x0000000100000000)
[2026-09-17T13:51:44.706+0000][2.551s][debug][gc,heap     ] GC(2)    the space 174784K,   2% used [0x00000000ef550000, 0x00000000ef9c8d68, 0x00000000ef9c8e00, 0x00000000fa000000)
[2026-09-17T13:51:44.706+0000][2.551s][debug][gc,heap     ] GC(2)  Metaspace       used 14445K, committed 14848K, reserved 1114112K
[2026-09-17T13:51:44.706+0000][2.551s][debug][gc,heap     ] GC(2)   class space    used 1862K, committed 2048K, reserved 1048576K
[2026-09-17T13:51:44.706+0000][2.551s][info ][gc          ] GC(2) Pause Young (Allocation Failure) 74M->9M(247M) 72.864ms
[2026-09-17T13:51:44.706+0000][2.551s][info ][gc,cpu      ] GC(2) User=0.01s Sys=0.00s Real=0.08s
[2026-09-17T13:51:45.330+0000][3.175s][info ][gc,start    ] GC(3) Pause Young (Allocation Failure)
[2026-09-17T13:51:45.330+0000][3.175s][debug][gc,heap     ] GC(3) Heap before GC invocations=3 (full 0):
[2026-09-17T13:51:45.330+0000][3.175s][debug][gc,heap     ] GC(3)  def new generation   total 78656K, used 74677K [0x00000000e7000000, 0x00000000ec550000, 0x00000000ef550000)
[2026-09-17T13:51:45.330+0000][3.175s][debug][gc,heap     ] GC(3)   eden space 69952K, 100% used [0x00000000e7000000, 0x00000000eb450000, 0x00000000eb450000)
[2026-09-17T13:51:45.330+0000][3.175s][debug][gc,heap     ] GC(3)   from space 8704K,  54% used [0x00000000ebcd0000, 0x00000000ec16d460, 0x00000000ec550000)
[2026-09-17T13:51:45.330+0000][3.175s][debug][gc,heap     ] GC(3)   to   space 8704K,   0% used [0x00000000eb450000, 0x00000000eb450000, 0x00000000ebcd0000)
[2026-09-17T13:51:45.330+0000][3.175s][debug][gc,heap     ] GC(3)  tenured generation   total 174784K, used 4579K [0x00000000ef550000, 0x00000000fa000000, 0x0000000100000000)
[2026-09-17T13:51:45.330+0000][3.175s][debug][gc,heap     ] GC(3)    the space 174784K,   2% used [0x00000000ef550000, 0x00000000ef9c8d68, 0x00000000ef9c8e00, 0x00000000fa000000)
[2026-09-17T13:51:45.330+0000][3.175s][debug][gc,heap     ] GC(3)  Metaspace       used 18143K, committed 18496K, reserved 1114112K
[2026-09-17T13:51:45.330+0000][3.175s][debug][gc,heap     ] GC(3)   class space    used 2242K, committed 2368K, reserved 1048576K
[2026-09-17T13:51:45.402+0000][3.247s][info ][gc,heap     ] GC(3) DefNew: 74677K(78656K)->5619K(78656K) Eden: 69952K(69952K)->0K(69952K) From: 4725K(8704K)->5619K(8704K)
[2026-09-17T13:51:45.402+0000][3.247s][info ][gc,heap     ] GC(3) Tenured: 4579K(174784K)->6358K(174784K)
[2026-09-17T13:51:45.402+0000][3.247s][info ][gc,metaspace] GC(3) Metaspace: 18143K(18496K)->18143K(18496K) NonClass: 15900K(16128K)->15900K(16128K) Class: 2242K(2368K)->2242K(2368K)
[2026-09-17T13:51:45.402+0000][3.247s][debug][gc,heap     ] GC(3) Heap after GC invocations=4 (full 0):
[2026-09-17T13:51:45.402+0000][3.247s][debug][gc,heap     ] GC(3)  def new generation   total 78656K, used 5619K [0x00000000e7000000, 0x00000000ec550000, 0x00000000ef550000)
[2026-09-17T13:51:45.402+0000][3.247s][debug][gc,heap     ] GC(3)   eden space 69952K,   0% used [0x00000000e7000000, 0x00000000e7000000, 0x00000000eb450000)
[2026-09-17T13:51:45.402+0000][3.247s][debug][gc,heap     ] GC(3)   from space 8704K,  64% used [0x00000000eb450000, 0x00000000eb9ccc38, 0x00000000ebcd0000)
[2026-09-17T13:51:45.402+0000][3.247s][debug][gc,heap     ] GC(3)   to   space 8704K,   0% used [0x00000000ebcd0000, 0x00000000ebcd0000, 0x00000000ec550000)
[2026-09-17T13:51:45.402+0000][3.247s][debug][gc,heap     ] GC(3)  tenured generation   total 174784K, used 6358K [0x00000000ef550000, 0x00000000fa000000, 0x0000000100000000)
[2026-09-17T13:51:45.402+0000][3.247s][debug][gc,heap     ] GC(3)    the space 174784K,   3% used [0x00000000ef550000, 0x00000000efb85b20, 0x00000000efb85c00, 0x00000000fa000000)
[2026-09-17T13:51:45.402+0000][3.247s][debug][gc,heap     ] GC(3)  Metaspace       used 18143K, committed 18496K, reserved 1114112K
[2026-09-17T13:51:45.402+0000][3.247s][debug][gc,heap     ] GC(3)   class space    used 2242K, committed 2368K, reserved 1048576K
[2026-09-17T13:51:45.402+0000][3.247s][info ][gc          ] GC(3) Pause Young (Allocation Failure) 77M->11M(247M) 71.918ms
[2026-09-17T13:51:45.402+0000][3.247s][info ][gc,cpu      ] GC(3) User=0.03s Sys=0.01s Real=0.07s
[2026-09-17T13:51:46.023+0000][3.868s][info ][gc,start    ] GC(4) Pause Full (Metadata GC Threshold)
[2026-09-17T13:51:46.023+0000][3.868s][debug][gc,heap     ] GC(4) Heap before GC invocations=4 (full 0):
[2026-09-17T13:51:46.023+0000][3.868s][debug][gc,heap     ] GC(4)  def new generation   total 78656K, used 65834K [0x00000000e7000000, 0x00000000ec550000, 0x00000000ef550000)
[2026-09-17T13:51:46.023+0000][3.868s][debug][gc,heap     ] GC(4)   eden space 69952K,  86% used [0x00000000e7000000, 0x00000000eaacdbe0, 0x00000000eb450000)
[2026-09-17T13:51:46.023+0000][3.868s][debug][gc,heap     ] GC(4)   from space 8704K,  64% used [0x00000000eb450000, 0x00000000eb9ccc38, 0x00000000ebcd0000)
[2026-09-17T13:51:46.023+0000][3.868s][debug][gc,heap     ] GC(4)   to   space 8704K,   0% used [0x00000000ebcd0000, 0x00000000ebcd0000, 0x00000000ec550000)
[2026-09-17T13:51:46.023+0000][3.868s][debug][gc,heap     ] GC(4)  tenured generation   total 174784K, used 6358K [0x00000000ef550000, 0x00000000fa000000, 0x0000000100000000)
[2026-09-17T13:51:46.023+0000][3.868s][debug][gc,heap     ] GC(4)    the space 174784K,   3% used [0x00000000ef550000, 0x00000000efb85b20, 0x00000000efb85c00, 0x00000000fa000000)
[2026-09-17T13:51:46.023+0000][3.868s][debug][gc,heap     ] GC(4)  Metaspace       used 21182K, committed 21504K, reserved 1114112K
[2026-09-17T13:51:46.023+0000][3.868s][debug][gc,heap     ] GC(4)   class space    used 2601K, committed 2752K, reserved 1048576K
[2026-09-17T13:51:46.023+0000][3.868s][info ][gc,phases,start] GC(4) Phase 1: Mark live objects
[2026-09-17T13:51:46.040+0000][3.885s][info ][gc,phases      ] GC(4) Phase 1: Mark live objects 16.935ms
[2026-09-17T13:51:46.040+0000][3.885s][info ][gc,phases,start] GC(4) Phase 2: Compute new object addresses
[2026-09-17T13:51:46.051+0000][3.896s][info ][gc,phases      ] GC(4) Phase 2: Compute new object addresses 11.064ms
[2026-09-17T13:51:46.051+0000][3.896s][info ][gc,phases,start] GC(4) Phase 3: Adjust pointers
[2026-09-17T13:51:46.101+0000][3.946s][info ][gc,phases      ] GC(4) Phase 3: Adjust pointers 49.551ms
[2026-09-17T13:51:46.101+0000][3.946s][info ][gc,phases,start] GC(4) Phase 4: Move objects
[2026-09-17T13:51:46.106+0000][3.951s][info ][gc,phases      ] GC(4) Phase 4: Move objects 5.197ms
[2026-09-17T13:51:46.107+0000][3.952s][info ][gc,heap        ] GC(4) DefNew: 65834K(78656K)->0K(78720K) Eden: 60214K(69952K)->0K(70016K) From: 5619K(8704K)->0K(8704K)
[2026-09-17T13:51:46.107+0000][3.952s][info ][gc,heap        ] GC(4) Tenured: 6358K(174784K)->13768K(174784K)
[2026-09-17T13:51:46.107+0000][3.952s][info ][gc,metaspace   ] GC(4) Metaspace: 21182K(21504K)->21182K(21504K) NonClass: 18580K(18752K)->18580K(18752K) Class: 2601K(2752K)->2601K(2752K)
[2026-09-17T13:51:46.107+0000][3.952s][debug][gc,heap        ] GC(4) Heap after GC invocations=5 (full 1):
[2026-09-17T13:51:46.107+0000][3.952s][debug][gc,heap        ] GC(4)  def new generation   total 78720K, used 0K [0x00000000e7000000, 0x00000000ec560000, 0x00000000ef550000)
[2026-09-17T13:51:46.107+0000][3.952s][debug][gc,heap        ] GC(4)   eden space 70016K,   0% used [0x00000000e7000000, 0x00000000e7000000, 0x00000000eb460000)
[2026-09-17T13:51:46.107+0000][3.952s][debug][gc,heap        ] GC(4)   from space 8704K,   0% used [0x00000000eb460000, 0x00000000eb460000, 0x00000000ebce0000)
[2026-09-17T13:51:46.107+0000][3.952s][debug][gc,heap        ] GC(4)   to   space 8704K,   0% used [0x00000000ebce0000, 0x00000000ebce0000, 0x00000000ec560000)
[2026-09-17T13:51:46.107+0000][3.952s][debug][gc,heap        ] GC(4)  tenured generation   total 174784K, used 13768K [0x00000000ef550000, 0x00000000fa000000, 0x0000000100000000)
[2026-09-17T13:51:46.107+0000][3.952s][debug][gc,heap        ] GC(4)    the space 174784K,   7% used [0x00000000ef550000, 0x00000000f02c2338, 0x00000000f02c2400, 0x00000000fa000000)
[2026-09-17T13:51:46.107+0000][3.952s][debug][gc,heap        ] GC(4)  Metaspace       used 21182K, committed 21504K, reserved 1114112K
[2026-09-17T13:51:46.107+0000][3.952s][debug][gc,heap        ] GC(4)   class space    used 2601K, committed 2752K, reserved 1048576K
[2026-09-17T13:51:46.107+0000][3.952s][info ][gc             ] GC(4) Pause Full (Metadata GC Threshold) 70M->13M(247M) 83.587ms
[2026-09-17T13:51:46.107+0000][3.952s][info ][gc,cpu         ] GC(4) User=0.04s Sys=0.01s Real=0.09s
[2026-09-17T13:51:46.538+0000][4.383s][info ][gc,start       ] GC(5) Pause Young (Allocation Failure)
[2026-09-17T13:51:46.538+0000][4.383s][debug][gc,heap        ] GC(5) Heap before GC invocations=5 (full 1):
[2026-09-17T13:51:46.538+0000][4.383s][debug][gc,heap        ] GC(5)  def new generation   total 78720K, used 70016K [0x00000000e7000000, 0x00000000ec560000, 0x00000000ef550000)
[2026-09-17T13:51:46.538+0000][4.383s][debug][gc,heap        ] GC(5)   eden space 70016K, 100% used [0x00000000e7000000, 0x00000000eb460000, 0x00000000eb460000)
[2026-09-17T13:51:46.538+0000][4.383s][debug][gc,heap        ] GC(5)   from space 8704K,   0% used [0x00000000eb460000, 0x00000000eb460000, 0x00000000ebce0000)
[2026-09-17T13:51:46.538+0000][4.383s][debug][gc,heap        ] GC(5)   to   space 8704K,   0% used [0x00000000ebce0000, 0x00000000ebce0000, 0x00000000ec560000)
[2026-09-17T13:51:46.538+0000][4.383s][debug][gc,heap        ] GC(5)  tenured generation   total 174784K, used 13768K [0x00000000ef550000, 0x00000000fa000000, 0x0000000100000000)
[2026-09-17T13:51:46.538+0000][4.383s][debug][gc,heap        ] GC(5)    the space 174784K,   7% used [0x00000000ef550000, 0x00000000f02c2338, 0x00000000f02c2400, 0x00000000fa000000)
[2026-09-17T13:51:46.538+0000][4.383s][debug][gc,heap        ] GC(5)  Metaspace       used 24630K, committed 25024K, reserved 1114112K
[2026-09-17T13:51:46.538+0000][4.383s][debug][gc,heap        ] GC(5)   class space    used 3139K, committed 3328K, reserved 1048576K
[2026-09-17T13:51:46.544+0000][4.389s][info ][gc,heap        ] GC(5) DefNew: 70016K(78720K)->1220K(78720K) Eden: 70016K(70016K)->0K(70016K) From: 0K(8704K)->1220K(8704K)
[2026-09-17T13:51:46.544+0000][4.389s][info ][gc,heap        ] GC(5) Tenured: 13768K(174784K)->13768K(174784K)
[2026-09-17T13:51:46.544+0000][4.389s][info ][gc,metaspace   ] GC(5) Metaspace: 24630K(25024K)->24630K(25024K) NonClass: 21491K(21696K)->21491K(21696K) Class: 3139K(3328K)->3139K(3328K)
[2026-09-17T13:51:46.544+0000][4.389s][debug][gc,heap        ] GC(5) Heap after GC invocations=6 (full 1):
[2026-09-17T13:51:46.544+0000][4.389s][debug][gc,heap        ] GC(5)  def new generation   total 78720K, used 1220K [0x00000000e7000000, 0x00000000ec560000, 0x00000000ef550000)
[2026-09-17T13:51:46.544+0000][4.389s][debug][gc,heap        ] GC(5)   eden space 70016K,   0% used [0x00000000e7000000, 0x00000000e7000000, 0x00000000eb460000)
[2026-09-17T13:51:46.544+0000][4.389s][debug][gc,heap        ] GC(5)   from space 8704K,  14% used [0x00000000ebce0000, 0x00000000ebe11018, 0x00000000ec560000)
[2026-09-17T13:51:46.544+0000][4.389s][debug][gc,heap        ] GC(5)   to   space 8704K,   0% used [0x00000000eb460000, 0x00000000eb460000, 0x00000000ebce0000)
[2026-09-17T13:51:46.544+0000][4.389s][debug][gc,heap        ] GC(5)  tenured generation   total 174784K, used 13768K [0x00000000ef550000, 0x00000000fa000000, 0x0000000100000000)
[2026-09-17T13:51:46.544+0000][4.389s][debug][gc,heap        ] GC(5)    the space 174784K,   7% used [0x00000000ef550000, 0x00000000f02c2338, 0x00000000f02c2400, 0x00000000fa000000)
[2026-09-17T13:51:46.544+0000][4.389s][debug][gc,heap        ] GC(5)  Metaspace       used 24630K, committed 25024K, reserved 1114112K
[2026-09-17T13:51:46.544+0000][4.389s][debug][gc,heap        ] GC(5)   class space    used 3139K, committed 3328K, reserved 1048576K
[2026-09-17T13:51:46.544+0000][4.389s][info ][gc             ] GC(5) Pause Young (Allocation Failure) 81M->14M(247M) 5.606ms
[2026-09-17T13:51:46.544+0000][4.389s][info ][gc,cpu         ] GC(5) User=0.01s Sys=0.00s Real=0.00s
[2026-09-17T13:51:47.022+0000][4.867s][info ][gc,start       ] GC(6) Pause Young (Allocation Failure)
[2026-09-17T13:51:47.022+0000][4.867s][debug][gc,heap        ] GC(6) Heap before GC invocations=6 (full 1):
[2026-09-17T13:51:47.022+0000][4.867s][debug][gc,heap        ] GC(6)  def new generation   total 78720K, used 71236K [0x00000000e7000000, 0x00000000ec560000, 0x00000000ef550000)
[2026-09-17T13:51:47.022+0000][4.867s][debug][gc,heap        ] GC(6)   eden space 70016K, 100% used [0x00000000e7000000, 0x00000000eb460000, 0x00000000eb460000)
[2026-09-17T13:51:47.022+0000][4.867s][debug][gc,heap        ] GC(6)   from space 8704K,  14% used [0x00000000ebce0000, 0x00000000ebe11018, 0x00000000ec560000)
[2026-09-17T13:51:47.022+0000][4.867s][debug][gc,heap        ] GC(6)   to   space 8704K,   0% used [0x00000000eb460000, 0x00000000eb460000, 0x00000000ebce0000)
[2026-09-17T13:51:47.022+0000][4.867s][debug][gc,heap        ] GC(6)  tenured generation   total 174784K, used 13768K [0x00000000ef550000, 0x00000000fa000000, 0x0000000100000000)
[2026-09-17T13:51:47.022+0000][4.867s][debug][gc,heap        ] GC(6)    the space 174784K,   7% used [0x00000000ef550000, 0x00000000f02c2338, 0x00000000f02c2400, 0x00000000fa000000)
[2026-09-17T13:51:47.022+0000][4.867s][debug][gc,heap        ] GC(6)  Metaspace       used 26942K, committed 27392K, reserved 1114112K
[2026-09-17T13:51:47.022+0000][4.867s][debug][gc,heap        ] GC(6)   class space    used 3549K, committed 3776K, reserved 1048576K
[2026-09-17T13:51:47.027+0000][4.872s][info ][gc,heap        ] GC(6) DefNew: 71236K(78720K)->2532K(78720K) Eden: 70016K(70016K)->0K(70016K) From: 1220K(8704K)->2532K(8704K)
[2026-09-17T13:51:47.027+0000][4.872s][info ][gc,heap        ] GC(6) Tenured: 13768K(174784K)->13768K(174784K)
[2026-09-17T13:51:47.027+0000][4.872s][info ][gc,metaspace   ] GC(6) Metaspace: 26942K(27392K)->26942K(27392K) NonClass: 23393K(23616K)->23393K(23616K) Class: 3549K(3776K)->3549K(3776K)
[2026-09-17T13:51:47.027+0000][4.872s][debug][gc,heap        ] GC(6) Heap after GC invocations=7 (full 1):
[2026-09-17T13:51:47.027+0000][4.872s][debug][gc,heap        ] GC(6)  def new generation   total 78720K, used 2532K [0x00000000e7000000, 0x00000000ec560000, 0x00000000ef550000)
[2026-09-17T13:51:47.027+0000][4.872s][debug][gc,heap        ] GC(6)   eden space 70016K,   0% used [0x00000000e7000000, 0x00000000e7000000, 0x00000000eb460000)
[2026-09-17T13:51:47.027+0000][4.872s][debug][gc,heap        ] GC(6)   from space 8704K,  29% used [0x00000000eb460000, 0x00000000eb6d9028, 0x00000000ebce0000)
[2026-09-17T13:51:47.027+0000][4.872s][debug][gc,heap        ] GC(6)   to   space 8704K,   0% used [0x00000000ebce0000, 0x00000000ebce0000, 0x00000000ec560000)
[2026-09-17T13:51:47.027+0000][4.872s][debug][gc,heap        ] GC(6)  tenured generation   total 174784K, used 13768K [0x00000000ef550000, 0x00000000fa000000, 0x0000000100000000)
[2026-09-17T13:51:47.027+0000][4.872s][debug][gc,heap        ] GC(6)    the space 174784K,   7% used [0x00000000ef550000, 0x00000000f02c2338, 0x00000000f02c2400, 0x00000000fa000000)
[2026-09-17T13:51:47.027+0000][4.872s][debug][gc,heap        ] GC(6)  Metaspace       used 26942K, committed 27392K, reserved 1114112K
[2026-09-17T13:51:47.027+0000][4.872s][debug][gc,heap        ] GC(6)   class space    used 3549K, committed 3776K, reserved 1048576K
[2026-09-17T13:51:47.027+0000][4.872s][info ][gc             ] GC(6) Pause Young (Allocation Failure) 83M->15M(247M) 5.044ms
[2026-09-17T13:51:47.027+0000][4.872s][info ][gc,cpu         ] GC(6) User=0.01s Sys=0.00s Real=0.01s
[2026-09-17T13:51:47.833+0000][5.678s][info ][gc,start       ] GC(7) Pause Young (Allocation Failure)
[2026-09-17T13:51:47.833+0000][5.678s][debug][gc,heap        ] GC(7) Heap before GC invocations=7 (full 1):
[2026-09-17T13:51:47.833+0000][5.678s][debug][gc,heap        ] GC(7)  def new generation   total 78720K, used 72548K [0x00000000e7000000, 0x00000000ec560000, 0x00000000ef550000)
[2026-09-17T13:51:47.833+0000][5.678s][debug][gc,heap        ] GC(7)   eden space 70016K, 100% used [0x00000000e7000000, 0x00000000eb460000, 0x00000000eb460000)
[2026-09-17T13:51:47.833+0000][5.678s][debug][gc,heap        ] GC(7)   from space 8704K,  29% used [0x00000000eb460000, 0x00000000eb6d9028, 0x00000000ebce0000)
[2026-09-17T13:51:47.833+0000][5.678s][debug][gc,heap        ] GC(7)   to   space 8704K,   0% used [0x00000000ebce0000, 0x00000000ebce0000, 0x00000000ec560000)
[2026-09-17T13:51:47.833+0000][5.678s][debug][gc,heap        ] GC(7)  tenured generation   total 174784K, used 13768K [0x00000000ef550000, 0x00000000fa000000, 0x0000000100000000)
[2026-09-17T13:51:47.833+0000][5.678s][debug][gc,heap        ] GC(7)    the space 174784K,   7% used [0x00000000ef550000, 0x00000000f02c2338, 0x00000000f02c2400, 0x00000000fa000000)
[2026-09-17T13:51:47.833+0000][5.678s][debug][gc,heap        ] GC(7)  Metaspace       used 31657K, committed 32064K, reserved 1114112K
[2026-09-17T13:51:47.833+0000][5.678s][debug][gc,heap        ] GC(7)   class space    used 4161K, committed 4352K, reserved 1048576K
[2026-09-17T13:51:47.842+0000][5.687s][info ][gc,heap        ] GC(7) DefNew: 72548K(78720K)->4979K(78720K) Eden: 70016K(70016K)->0K(70016K) From: 2532K(8704K)->4979K(8704K)
[2026-09-17T13:51:47.842+0000][5.687s][info ][gc,heap        ] GC(7) Tenured: 13768K(174784K)->13768K(174784K)
[2026-09-17T13:51:47.842+0000][5.687s][info ][gc,metaspace   ] GC(7) Metaspace: 31657K(32064K)->31657K(32064K) NonClass: 27496K(27712K)->27496K(27712K) Class: 4161K(4352K)->4161K(4352K)
[2026-09-17T13:51:47.842+0000][5.687s][debug][gc,heap        ] GC(7) Heap after GC invocations=8 (full 1):
[2026-09-17T13:51:47.842+0000][5.687s][debug][gc,heap        ] GC(7)  def new generation   total 78720K, used 4979K [0x00000000e7000000, 0x00000000ec560000, 0x00000000ef550000)
[2026-09-17T13:51:47.842+0000][5.687s][debug][gc,heap        ] GC(7)   eden space 70016K,   0% used [0x00000000e7000000, 0x00000000e7000000, 0x00000000eb460000)
[2026-09-17T13:51:47.842+0000][5.687s][debug][gc,heap        ] GC(7)   from space 8704K,  57% used [0x00000000ebce0000, 0x00000000ec1bcf60, 0x00000000ec560000)
[2026-09-17T13:51:47.842+0000][5.687s][debug][gc,heap        ] GC(7)   to   space 8704K,   0% used [0x00000000eb460000, 0x00000000eb460000, 0x00000000ebce0000)
[2026-09-17T13:51:47.842+0000][5.687s][debug][gc,heap        ] GC(7)  tenured generation   total 174784K, used 13768K [0x00000000ef550000, 0x00000000fa000000, 0x0000000100000000)
[2026-09-17T13:51:47.842+0000][5.687s][debug][gc,heap        ] GC(7)    the space 174784K,   7% used [0x00000000ef550000, 0x00000000f02c2338, 0x00000000f02c2400, 0x00000000fa000000)
[2026-09-17T13:51:47.842+0000][5.687s][debug][gc,heap        ] GC(7)  Metaspace       used 31657K, committed 32064K, reserved 1114112K
[2026-09-17T13:51:47.842+0000][5.687s][debug][gc,heap        ] GC(7)   class space    used 4161K, committed 4352K, reserved 1048576K
[2026-09-17T13:51:47.842+0000][5.687s][info ][gc             ] GC(7) Pause Young (Allocation Failure) 84M->18M(247M) 9.510ms
[2026-09-17T13:51:47.842+0000][5.687s][info ][gc,cpu         ] GC(7) User=0.01s Sys=0.00s Real=0.01s
[2026-09-17T13:51:48.409+0000][6.254s][info ][gc,start       ] GC(8) Pause Full (Metadata GC Threshold)
[2026-09-17T13:51:48.409+0000][6.254s][debug][gc,heap        ] GC(8) Heap before GC invocations=8 (full 1):
[2026-09-17T13:51:48.409+0000][6.254s][debug][gc,heap        ] GC(8)  def new generation   total 78720K, used 65355K [0x00000000e7000000, 0x00000000ec560000, 0x00000000ef550000)
[2026-09-17T13:51:48.409+0000][6.254s][debug][gc,heap        ] GC(8)   eden space 70016K,  86% used [0x00000000e7000000, 0x00000000eaaf5ca0, 0x00000000eb460000)
[2026-09-17T13:51:48.409+0000][6.254s][debug][gc,heap        ] GC(8)   from space 8704K,  57% used [0x00000000ebce0000, 0x00000000ec1bcf60, 0x00000000ec560000)
[2026-09-17T13:51:48.409+0000][6.254s][debug][gc,heap        ] GC(8)   to   space 8704K,   0% used [0x00000000eb460000, 0x00000000eb460000, 0x00000000ebce0000)
[2026-09-17T13:51:48.409+0000][6.254s][debug][gc,heap        ] GC(8)  tenured generation   total 174784K, used 13768K [0x00000000ef550000, 0x00000000fa000000, 0x0000000100000000)
[2026-09-17T13:51:48.409+0000][6.254s][debug][gc,heap        ] GC(8)    the space 174784K,   7% used [0x00000000ef550000, 0x00000000f02c2338, 0x00000000f02c2400, 0x00000000fa000000)
[2026-09-17T13:51:48.409+0000][6.254s][debug][gc,heap        ] GC(8)  Metaspace       used 35332K, committed 35840K, reserved 1114112K
[2026-09-17T13:51:48.409+0000][6.254s][debug][gc,heap        ] GC(8)   class space    used 4677K, committed 4928K, reserved 1048576K
[2026-09-17T13:51:48.409+0000][6.254s][info ][gc,phases,start] GC(8) Phase 1: Mark live objects
[2026-09-17T13:51:48.434+0000][6.279s][info ][gc,phases      ] GC(8) Phase 1: Mark live objects 24.953ms
[2026-09-17T13:51:48.434+0000][6.279s][info ][gc,phases,start] GC(8) Phase 2: Compute new object addresses
[2026-09-17T13:51:48.447+0000][6.292s][info ][gc,phases      ] GC(8) Phase 2: Compute new object addresses 13.103ms
[2026-09-17T13:51:48.447+0000][6.292s][info ][gc,phases,start] GC(8) Phase 3: Adjust pointers
[2026-09-17T13:51:48.458+0000][6.303s][info ][gc,phases      ] GC(8) Phase 3: Adjust pointers 11.185ms
[2026-09-17T13:51:48.458+0000][6.303s][info ][gc,phases,start] GC(8) Phase 4: Move objects
[2026-09-17T13:51:48.462+0000][6.307s][info ][gc,phases      ] GC(8) Phase 4: Move objects 3.943ms
[2026-09-17T13:51:48.463+0000][6.308s][info ][gc,heap        ] GC(8) DefNew: 65355K(78720K)->0K(78720K) Eden: 60375K(70016K)->0K(70016K) From: 4979K(8704K)->0K(8704K)
[2026-09-17T13:51:48.463+0000][6.308s][info ][gc,heap        ] GC(8) Tenured: 13768K(174784K)->20299K(174784K)
[2026-09-17T13:51:48.463+0000][6.308s][info ][gc,metaspace   ] GC(8) Metaspace: 35332K(35840K)->35332K(35840K) NonClass: 30654K(30912K)->30654K(30912K) Class: 4677K(4928K)->4677K(4928K)
[2026-09-17T13:51:48.463+0000][6.308s][debug][gc,heap        ] GC(8) Heap after GC invocations=9 (full 2):
[2026-09-17T13:51:48.463+0000][6.308s][debug][gc,heap        ] GC(8)  def new generation   total 78720K, used 0K [0x00000000e7000000, 0x00000000ec560000, 0x00000000ef550000)
[2026-09-17T13:51:48.463+0000][6.308s][debug][gc,heap        ] GC(8)   eden space 70016K,   0% used [0x00000000e7000000, 0x00000000e7000000, 0x00000000eb460000)
[2026-09-17T13:51:48.463+0000][6.308s][debug][gc,heap        ] GC(8)   from space 8704K,   0% used [0x00000000ebce0000, 0x00000000ebce0000, 0x00000000ec560000)
[2026-09-17T13:51:48.463+0000][6.308s][debug][gc,heap        ] GC(8)   to   space 8704K,   0% used [0x00000000eb460000, 0x00000000eb460000, 0x00000000ebce0000)
[2026-09-17T13:51:48.463+0000][6.308s][debug][gc,heap        ] GC(8)  tenured generation   total 174784K, used 20299K [0x00000000ef550000, 0x00000000fa000000, 0x0000000100000000)
[2026-09-17T13:51:48.463+0000][6.308s][debug][gc,heap        ] GC(8)    the space 174784K,  11% used [0x00000000ef550000, 0x00000000f0922ed0, 0x00000000f0923000, 0x00000000fa000000)
[2026-09-17T13:51:48.463+0000][6.308s][debug][gc,heap        ] GC(8)  Metaspace       used 35332K, committed 35840K, reserved 1114112K
[2026-09-17T13:51:48.463+0000][6.308s][debug][gc,heap        ] GC(8)   class space    used 4677K, committed 4928K, reserved 1048576K
[2026-09-17T13:51:48.463+0000][6.308s][info ][gc             ] GC(8) Pause Full (Metadata GC Threshold) 77M->19M(247M) 53.855ms
[2026-09-17T13:51:48.463+0000][6.308s][info ][gc,cpu         ] GC(8) User=0.06s Sys=0.00s Real=0.05s
[2026-09-17T13:51:49.106+0000][6.952s][info ][gc,start       ] GC(9) Pause Young (Allocation Failure)
[2026-09-17T13:51:49.107+0000][6.952s][debug][gc,heap        ] GC(9) Heap before GC invocations=9 (full 2):
[2026-09-17T13:51:49.107+0000][6.952s][debug][gc,heap        ] GC(9)  def new generation   total 78720K, used 70016K [0x00000000e7000000, 0x00000000ec560000, 0x00000000ef550000)
[2026-09-17T13:51:49.107+0000][6.952s][debug][gc,heap        ] GC(9)   eden space 70016K, 100% used [0x00000000e7000000, 0x00000000eb460000, 0x00000000eb460000)
[2026-09-17T13:51:49.107+0000][6.952s][debug][gc,heap        ] GC(9)   from space 8704K,   0% used [0x00000000ebce0000, 0x00000000ebce0000, 0x00000000ec560000)
[2026-09-17T13:51:49.107+0000][6.952s][debug][gc,heap        ] GC(9)   to   space 8704K,   0% used [0x00000000eb460000, 0x00000000eb460000, 0x00000000ebce0000)
[2026-09-17T13:51:49.107+0000][6.952s][debug][gc,heap        ] GC(9)  tenured generation   total 174784K, used 20299K [0x00000000ef550000, 0x00000000fa000000, 0x0000000100000000)
[2026-09-17T13:51:49.107+0000][6.952s][debug][gc,heap        ] GC(9)    the space 174784K,  11% used [0x00000000ef550000, 0x00000000f0922ed0, 0x00000000f0923000, 0x00000000fa000000)
[2026-09-17T13:51:49.107+0000][6.952s][debug][gc,heap        ] GC(9)  Metaspace       used 39848K, committed 40448K, reserved 1114112K
[2026-09-17T13:51:49.107+0000][6.952s][debug][gc,heap        ] GC(9)   class space    used 5220K, committed 5504K, reserved 1048576K
[2026-09-17T13:51:49.113+0000][6.958s][info ][gc,heap        ] GC(9) DefNew: 70016K(78720K)->2570K(78720K) Eden: 70016K(70016K)->0K(70016K) From: 0K(8704K)->2570K(8704K)
[2026-09-17T13:51:49.113+0000][6.958s][info ][gc,heap        ] GC(9) Tenured: 20299K(174784K)->20299K(174784K)
[2026-09-17T13:51:49.113+0000][6.958s][info ][gc,metaspace   ] GC(9) Metaspace: 39848K(40448K)->39848K(40448K) NonClass: 34628K(34944K)->34628K(34944K) Class: 5220K(5504K)->5220K(5504K)
[2026-09-17T13:51:49.113+0000][6.958s][debug][gc,heap        ] GC(9) Heap after GC invocations=10 (full 2):
[2026-09-17T13:51:49.113+0000][6.958s][debug][gc,heap        ] GC(9)  def new generation   total 78720K, used 2570K [0x00000000e7000000, 0x00000000ec560000, 0x00000000ef550000)
[2026-09-17T13:51:49.113+0000][6.958s][debug][gc,heap        ] GC(9)   eden space 70016K,   0% used [0x00000000e7000000, 0x00000000e7000000, 0x00000000eb460000)
[2026-09-17T13:51:49.113+0000][6.958s][debug][gc,heap        ] GC(9)   from space 8704K,  29% used [0x00000000eb460000, 0x00000000eb6e2ab8, 0x00000000ebce0000)
[2026-09-17T13:51:49.113+0000][6.958s][debug][gc,heap        ] GC(9)   to   space 8704K,   0% used [0x00000000ebce0000, 0x00000000ebce0000, 0x00000000ec560000)
[2026-09-17T13:51:49.113+0000][6.958s][debug][gc,heap        ] GC(9)  tenured generation   total 174784K, used 20299K [0x00000000ef550000, 0x00000000fa000000, 0x0000000100000000)
[2026-09-17T13:51:49.113+0000][6.958s][debug][gc,heap        ] GC(9)    the space 174784K,  11% used [0x00000000ef550000, 0x00000000f0922ed0, 0x00000000f0923000, 0x00000000fa000000)
[2026-09-17T13:51:49.113+0000][6.958s][debug][gc,heap        ] GC(9)  Metaspace       used 39848K, committed 40448K, reserved 1114112K
[2026-09-17T13:51:49.113+0000][6.958s][debug][gc,heap        ] GC(9)   class space    used 5220K, committed 5504K, reserved 1048576K
[2026-09-17T13:51:49.113+0000][6.958s][info ][gc             ] GC(9) Pause Young (Allocation Failure) 88M->22M(247M) 6.866ms
[2026-09-17T13:51:49.113+0000][6.958s][info ][gc,cpu         ] GC(9) User=0.01s Sys=0.00s Real=0.00s
[2026-09-17T13:51:49.450+0000][7.295s][info ][gc,start       ] GC(10) Pause Young (Allocation Failure)
[2026-09-17T13:51:49.450+0000][7.295s][debug][gc,heap        ] GC(10) Heap before GC invocations=10 (full 2):
[2026-09-17T13:51:49.450+0000][7.295s][debug][gc,heap        ] GC(10)  def new generation   total 78720K, used 72586K [0x00000000e7000000, 0x00000000ec560000, 0x00000000ef550000)
[2026-09-17T13:51:49.450+0000][7.295s][debug][gc,heap        ] GC(10)   eden space 70016K, 100% used [0x00000000e7000000, 0x00000000eb460000, 0x00000000eb460000)
[2026-09-17T13:51:49.450+0000][7.295s][debug][gc,heap        ] GC(10)   from space 8704K,  29% used [0x00000000eb460000, 0x00000000eb6e2ab8, 0x00000000ebce0000)
[2026-09-17T13:51:49.450+0000][7.295s][debug][gc,heap        ] GC(10)   to   space 8704K,   0% used [0x00000000ebce0000, 0x00000000ebce0000, 0x00000000ec560000)
[2026-09-17T13:51:49.450+0000][7.295s][debug][gc,heap        ] GC(10)  tenured generation   total 174784K, used 20299K [0x00000000ef550000, 0x00000000fa000000, 0x0000000100000000)
[2026-09-17T13:51:49.450+0000][7.295s][debug][gc,heap        ] GC(10)    the space 174784K,  11% used [0x00000000ef550000, 0x00000000f0922ed0, 0x00000000f0923000, 0x00000000fa000000)
[2026-09-17T13:51:49.450+0000][7.295s][debug][gc,heap        ] GC(10)  Metaspace       used 45572K, committed 46144K, reserved 1114112K
[2026-09-17T13:51:49.450+0000][7.295s][debug][gc,heap        ] GC(10)   class space    used 5897K, committed 6144K, reserved 1048576K
[2026-09-17T13:51:49.456+0000][7.301s][info ][gc,heap        ] GC(10) DefNew: 72586K(78720K)->3261K(78720K) Eden: 70016K(70016K)->0K(70016K) From: 2570K(8704K)->3261K(8704K)
[2026-09-17T13:51:49.456+0000][7.301s][info ][gc,heap        ] GC(10) Tenured: 20299K(174784K)->20299K(174784K)
[2026-09-17T13:51:49.456+0000][7.301s][info ][gc,metaspace   ] GC(10) Metaspace: 45572K(46144K)->45572K(46144K) NonClass: 39675K(40000K)->39675K(40000K) Class: 5897K(6144K)->5897K(6144K)
[2026-09-17T13:51:49.456+0000][7.301s][debug][gc,heap        ] GC(10) Heap after GC invocations=11 (full 2):
[2026-09-17T13:51:49.456+0000][7.301s][debug][gc,heap        ] GC(10)  def new generation   total 78720K, used 3261K [0x00000000e7000000, 0x00000000ec560000, 0x00000000ef550000)
[2026-09-17T13:51:49.456+0000][7.301s][debug][gc,heap        ] GC(10)   eden space 70016K,   0% used [0x00000000e7000000, 0x00000000e7000000, 0x00000000eb460000)
[2026-09-17T13:51:49.456+0000][7.301s][debug][gc,heap        ] GC(10)   from space 8704K,  37% used [0x00000000ebce0000, 0x00000000ec00f748, 0x00000000ec560000)
[2026-09-17T13:51:49.456+0000][7.301s][debug][gc,heap        ] GC(10)   to   space 8704K,   0% used [0x00000000eb460000, 0x00000000eb460000, 0x00000000ebce0000)
[2026-09-17T13:51:49.456+0000][7.301s][debug][gc,heap        ] GC(10)  tenured generation   total 174784K, used 20299K [0x00000000ef550000, 0x00000000fa000000, 0x0000000100000000)
[2026-09-17T13:51:49.456+0000][7.301s][debug][gc,heap        ] GC(10)    the space 174784K,  11% used [0x00000000ef550000, 0x00000000f0922ed0, 0x00000000f0923000, 0x00000000fa000000)
[2026-09-17T13:51:49.456+0000][7.301s][debug][gc,heap        ] GC(10)  Metaspace       used 45572K, committed 46144K, reserved 1114112K
[2026-09-17T13:51:49.456+0000][7.301s][debug][gc,heap        ] GC(10)   class space    used 5897K, committed 6144K, reserved 1048576K
[2026-09-17T13:51:49.456+0000][7.301s][info ][gc             ] GC(10) Pause Young (Allocation Failure) 90M->23M(247M) 5.679ms
[2026-09-17T13:51:49.456+0000][7.301s][info ][gc,cpu         ] GC(10) User=0.01s Sys=0.00s Real=0.01s
[2026-09-17T13:51:50.414+0000][8.259s][info ][gc,start       ] GC(11) Pause Young (Allocation Failure)
[2026-09-17T13:51:50.414+0000][8.259s][debug][gc,heap        ] GC(11) Heap before GC invocations=11 (full 2):
[2026-09-17T13:51:50.414+0000][8.259s][debug][gc,heap        ] GC(11)  def new generation   total 78720K, used 73277K [0x00000000e7000000, 0x00000000ec560000, 0x00000000ef550000)
[2026-09-17T13:51:50.414+0000][8.259s][debug][gc,heap        ] GC(11)   eden space 70016K, 100% used [0x00000000e7000000, 0x00000000eb460000, 0x00000000eb460000)
[2026-09-17T13:51:50.414+0000][8.259s][debug][gc,heap        ] GC(11)   from space 8704K,  37% used [0x00000000ebce0000, 0x00000000ec00f748, 0x00000000ec560000)
[2026-09-17T13:51:50.414+0000][8.259s][debug][gc,heap        ] GC(11)   to   space 8704K,   0% used [0x00000000eb460000, 0x00000000eb460000, 0x00000000ebce0000)
[2026-09-17T13:51:50.414+0000][8.259s][debug][gc,heap        ] GC(11)  tenured generation   total 174784K, used 20299K [0x00000000ef550000, 0x00000000fa000000, 0x0000000100000000)
[2026-09-17T13:51:50.414+0000][8.259s][debug][gc,heap        ] GC(11)    the space 174784K,  11% used [0x00000000ef550000, 0x00000000f0922ed0, 0x00000000f0923000, 0x00000000fa000000)
[2026-09-17T13:51:50.414+0000][8.259s][debug][gc,heap        ] GC(11)  Metaspace       used 52924K, committed 53568K, reserved 1114112K
[2026-09-17T13:51:50.414+0000][8.259s][debug][gc,heap        ] GC(11)   class space    used 6830K, committed 7104K, reserved 1048576K
[2026-09-17T13:51:50.423+0000][8.268s][info ][gc,heap        ] GC(11) DefNew: 73277K(78720K)->5198K(78720K) Eden: 70016K(70016K)->0K(70016K) From: 3261K(8704K)->5198K(8704K)
[2026-09-17T13:51:50.423+0000][8.268s][info ][gc,heap        ] GC(11) Tenured: 20299K(174784K)->20299K(174784K)
[2026-09-17T13:51:50.423+0000][8.268s][info ][gc,metaspace   ] GC(11) Metaspace: 52924K(53568K)->52924K(53568K) NonClass: 46094K(46464K)->46094K(46464K) Class: 6830K(7104K)->6830K(7104K)
[2026-09-17T13:51:50.423+0000][8.268s][debug][gc,heap        ] GC(11) Heap after GC invocations=12 (full 2):
[2026-09-17T13:51:50.423+0000][8.268s][debug][gc,heap        ] GC(11)  def new generation   total 78720K, used 5198K [0x00000000e7000000, 0x00000000ec560000, 0x00000000ef550000)
[2026-09-17T13:51:50.423+0000][8.268s][debug][gc,heap        ] GC(11)   eden space 70016K,   0% used [0x00000000e7000000, 0x00000000e7000000, 0x00000000eb460000)
[2026-09-17T13:51:50.423+0000][8.268s][debug][gc,heap        ] GC(11)   from space 8704K,  59% used [0x00000000eb460000, 0x00000000eb9739d8, 0x00000000ebce0000)
[2026-09-17T13:51:50.423+0000][8.268s][debug][gc,heap        ] GC(11)   to   space 8704K,   0% used [0x00000000ebce0000, 0x00000000ebce0000, 0x00000000ec560000)
[2026-09-17T13:51:50.423+0000][8.268s][debug][gc,heap        ] GC(11)  tenured generation   total 174784K, used 20299K [0x00000000ef550000, 0x00000000fa000000, 0x0000000100000000)
[2026-09-17T13:51:50.423+0000][8.268s][debug][gc,heap        ] GC(11)    the space 174784K,  11% used [0x00000000ef550000, 0x00000000f0922ed0, 0x00000000f0923000, 0x00000000fa000000)
[2026-09-17T13:51:50.423+0000][8.268s][debug][gc,heap        ] GC(11)  Metaspace       used 52924K, committed 53568K, reserved 1114112K
[2026-09-17T13:51:50.423+0000][8.268s][debug][gc,heap        ] GC(11)   class space    used 6830K, committed 7104K, reserved 1048576K
[2026-09-17T13:51:50.423+0000][8.268s][info ][gc             ] GC(11) Pause Young (Allocation Failure) 91M->24M(247M) 9.769ms
[2026-09-17T13:51:50.423+0000][8.268s][info ][gc,cpu         ] GC(11) User=0.02s Sys=0.00s Real=0.01s
[2026-09-17T13:51:51.123+0000][8.968s][info ][gc,start       ] GC(12) Pause Young (Allocation Failure)
[2026-09-17T13:51:51.123+0000][8.969s][debug][gc,heap        ] GC(12) Heap before GC invocations=12 (full 2):
[2026-09-17T13:51:51.123+0000][8.969s][debug][gc,heap        ] GC(12)  def new generation   total 78720K, used 75214K [0x00000000e7000000, 0x00000000ec560000, 0x00000000ef550000)
[2026-09-17T13:51:51.123+0000][8.969s][debug][gc,heap        ] GC(12)   eden space 70016K, 100% used [0x00000000e7000000, 0x00000000eb460000, 0x00000000eb460000)
[2026-09-17T13:51:51.123+0000][8.969s][debug][gc,heap        ] GC(12)   from space 8704K,  59% used [0x00000000eb460000, 0x00000000eb9739d8, 0x00000000ebce0000)
[2026-09-17T13:51:51.123+0000][8.969s][debug][gc,heap        ] GC(12)   to   space 8704K,   0% used [0x00000000ebce0000, 0x00000000ebce0000, 0x00000000ec560000)
[2026-09-17T13:51:51.123+0000][8.969s][debug][gc,heap        ] GC(12)  tenured generation   total 174784K, used 20299K [0x00000000ef550000, 0x00000000fa000000, 0x0000000100000000)
[2026-09-17T13:51:51.123+0000][8.969s][debug][gc,heap        ] GC(12)    the space 174784K,  11% used [0x00000000ef550000, 0x00000000f0922ed0, 0x00000000f0923000, 0x00000000fa000000)
[2026-09-17T13:51:51.123+0000][8.969s][debug][gc,heap        ] GC(12)  Metaspace       used 57607K, committed 58304K, reserved 1114112K
[2026-09-17T13:51:51.123+0000][8.969s][debug][gc,heap        ] GC(12)   class space    used 7574K, committed 7872K, reserved 1048576K
[2026-09-17T13:51:51.134+0000][8.979s][info ][gc,heap        ] GC(12) DefNew: 75214K(78720K)->4063K(78720K) Eden: 70016K(70016K)->0K(70016K) From: 5198K(8704K)->4063K(8704K)
[2026-09-17T13:51:51.134+0000][8.979s][info ][gc,heap        ] GC(12) Tenured: 20299K(174784K)->22724K(174784K)
[2026-09-17T13:51:51.134+0000][8.979s][info ][gc,metaspace   ] GC(12) Metaspace: 57607K(58304K)->57607K(58304K) NonClass: 50033K(50432K)->50033K(50432K) Class: 7574K(7872K)->7574K(7872K)
[2026-09-17T13:51:51.134+0000][8.979s][debug][gc,heap        ] GC(12) Heap after GC invocations=13 (full 2):
[2026-09-17T13:51:51.134+0000][8.979s][debug][gc,heap        ] GC(12)  def new generation   total 78720K, used 4063K [0x00000000e7000000, 0x00000000ec560000, 0x00000000ef550000)
[2026-09-17T13:51:51.134+0000][8.979s][debug][gc,heap        ] GC(12)   eden space 70016K,   0% used [0x00000000e7000000, 0x00000000e7000000, 0x00000000eb460000)
[2026-09-17T13:51:51.134+0000][8.979s][debug][gc,heap        ] GC(12)   from space 8704K,  46% used [0x00000000ebce0000, 0x00000000ec0d7d60, 0x00000000ec560000)
[2026-09-17T13:51:51.134+0000][8.979s][debug][gc,heap        ] GC(12)   to   space 8704K,   0% used [0x00000000eb460000, 0x00000000eb460000, 0x00000000ebce0000)
[2026-09-17T13:51:51.134+0000][8.979s][debug][gc,heap        ] GC(12)  tenured generation   total 174784K, used 22724K [0x00000000ef550000, 0x00000000fa000000, 0x0000000100000000)
[2026-09-17T13:51:51.134+0000][8.979s][debug][gc,heap        ] GC(12)    the space 174784K,  13% used [0x00000000ef550000, 0x00000000f0b81108, 0x00000000f0b81200, 0x00000000fa000000)
[2026-09-17T13:51:51.134+0000][8.979s][debug][gc,heap        ] GC(12)  Metaspace       used 57607K, committed 58304K, reserved 1114112K
[2026-09-17T13:51:51.134+0000][8.979s][debug][gc,heap        ] GC(12)   class space    used 7574K, committed 7872K, reserved 1048576K
[2026-09-17T13:51:51.134+0000][8.979s][info ][gc             ] GC(12) Pause Young (Allocation Failure) 93M->26M(247M) 10.870ms
[2026-09-17T13:51:51.134+0000][8.979s][info ][gc,cpu         ] GC(12) User=0.02s Sys=0.00s Real=0.01s
[2026-09-17T13:51:51.328+0000][9.173s][info ][gc,start       ] GC(13) Pause Full (Metadata GC Threshold)
[2026-09-17T13:51:51.328+0000][9.173s][debug][gc,heap        ] GC(13) Heap before GC invocations=13 (full 2):
[2026-09-17T13:51:51.328+0000][9.173s][debug][gc,heap        ] GC(13)  def new generation   total 78720K, used 38001K [0x00000000e7000000, 0x00000000ec560000, 0x00000000ef550000)
[2026-09-17T13:51:51.328+0000][9.173s][debug][gc,heap        ] GC(13)   eden space 70016K,  48% used [0x00000000e7000000, 0x00000000e91249d0, 0x00000000eb460000)
[2026-09-17T13:51:51.328+0000][9.173s][debug][gc,heap        ] GC(13)   from space 8704K,  46% used [0x00000000ebce0000, 0x00000000ec0d7d60, 0x00000000ec560000)
[2026-09-17T13:51:51.328+0000][9.173s][debug][gc,heap        ] GC(13)   to   space 8704K,   0% used [0x00000000eb460000, 0x00000000eb460000, 0x00000000ebce0000)
[2026-09-17T13:51:51.328+0000][9.173s][debug][gc,heap        ] GC(13)  tenured generation   total 174784K, used 22724K [0x00000000ef550000, 0x00000000fa000000, 0x0000000100000000)
[2026-09-17T13:51:51.328+0000][9.173s][debug][gc,heap        ] GC(13)    the space 174784K,  13% used [0x00000000ef550000, 0x00000000f0b81108, 0x00000000f0b81200, 0x00000000fa000000)
[2026-09-17T13:51:51.328+0000][9.173s][debug][gc,heap        ] GC(13)  Metaspace       used 59065K, committed 59776K, reserved 1114112K
[2026-09-17T13:51:51.328+0000][9.173s][debug][gc,heap        ] GC(13)   class space    used 7921K, committed 8256K, reserved 1048576K
[2026-09-17T13:51:51.328+0000][9.173s][info ][gc,phases,start] GC(13) Phase 1: Mark live objects
[2026-09-17T13:51:51.411+0000][9.256s][info ][gc,phases      ] GC(13) Phase 1: Mark live objects 82.544ms
[2026-09-17T13:51:51.411+0000][9.256s][info ][gc,phases,start] GC(13) Phase 2: Compute new object addresses
[2026-09-17T13:51:51.422+0000][9.267s][info ][gc,phases      ] GC(13) Phase 2: Compute new object addresses 11.265ms
[2026-09-17T13:51:51.422+0000][9.267s][info ][gc,phases,start] GC(13) Phase 3: Adjust pointers
[2026-09-17T13:51:51.437+0000][9.282s][info ][gc,phases      ] GC(13) Phase 3: Adjust pointers 15.118ms
[2026-09-17T13:51:51.437+0000][9.282s][info ][gc,phases,start] GC(13) Phase 4: Move objects
[2026-09-17T13:51:51.440+0000][9.285s][info ][gc,phases      ] GC(13) Phase 4: Move objects 2.998ms
[2026-09-17T13:51:51.441+0000][9.286s][info ][gc,heap        ] GC(13) DefNew: 38001K(78720K)->0K(78720K) Eden: 33938K(70016K)->0K(70016K) From: 4063K(8704K)->0K(8704K)
[2026-09-17T13:51:51.441+0000][9.286s][info ][gc,heap        ] GC(13) Tenured: 22724K(174784K)->27710K(174784K)
[2026-09-17T13:51:51.441+0000][9.286s][info ][gc,metaspace   ] GC(13) Metaspace: 59065K(59776K)->59065K(59776K) NonClass: 51143K(51520K)->51143K(51520K) Class: 7921K(8256K)->7921K(8256K)
[2026-09-17T13:51:51.441+0000][9.286s][debug][gc,heap        ] GC(13) Heap after GC invocations=14 (full 3):
[2026-09-17T13:51:51.441+0000][9.286s][debug][gc,heap        ] GC(13)  def new generation   total 78720K, used 0K [0x00000000e7000000, 0x00000000ec560000, 0x00000000ef550000)
[2026-09-17T13:51:51.441+0000][9.286s][debug][gc,heap        ] GC(13)   eden space 70016K,   0% used [0x00000000e7000000, 0x00000000e7000000, 0x00000000eb460000)
[2026-09-17T13:51:51.441+0000][9.286s][debug][gc,heap        ] GC(13)   from space 8704K,   0% used [0x00000000ebce0000, 0x00000000ebce0000, 0x00000000ec560000)
[2026-09-17T13:51:51.441+0000][9.286s][debug][gc,heap        ] GC(13)   to   space 8704K,   0% used [0x00000000eb460000, 0x00000000eb460000, 0x00000000ebce0000)
[2026-09-17T13:51:51.441+0000][9.286s][debug][gc,heap        ] GC(13)  tenured generation   total 174784K, used 27710K [0x00000000ef550000, 0x00000000fa000000, 0x0000000100000000)
[2026-09-17T13:51:51.441+0000][9.286s][debug][gc,heap        ] GC(13)    the space 174784K,  15% used [0x00000000ef550000, 0x00000000f105fa40, 0x00000000f105fc00, 0x00000000fa000000)
[2026-09-17T13:51:51.441+0000][9.286s][debug][gc,heap        ] GC(13)  Metaspace       used 59065K, committed 59776K, reserved 1114112K
[2026-09-17T13:51:51.441+0000][9.286s][debug][gc,heap        ] GC(13)   class space    used 7921K, committed 8256K, reserved 1048576K
[2026-09-17T13:51:51.441+0000][9.286s][info ][gc             ] GC(13) Pause Full (Metadata GC Threshold) 59M->27M(247M) 112.777ms
[2026-09-17T13:51:51.441+0000][9.286s][info ][gc,cpu         ] GC(13) User=0.07s Sys=0.00s Real=0.11s
[2026-09-17T13:51:51.896+0000][9.741s][info ][gc,start       ] GC(14) Pause Young (Allocation Failure)
[2026-09-17T13:51:51.896+0000][9.742s][debug][gc,heap        ] GC(14) Heap before GC invocations=14 (full 3):
[2026-09-17T13:51:51.896+0000][9.742s][debug][gc,heap        ] GC(14)  def new generation   total 78720K, used 70016K [0x00000000e7000000, 0x00000000ec560000, 0x00000000ef550000)
[2026-09-17T13:51:51.896+0000][9.742s][debug][gc,heap        ] GC(14)   eden space 70016K, 100% used [0x00000000e7000000, 0x00000000eb460000, 0x00000000eb460000)
[2026-09-17T13:51:51.896+0000][9.742s][debug][gc,heap        ] GC(14)   from space 8704K,   0% used [0x00000000ebce0000, 0x00000000ebce0000, 0x00000000ec560000)
[2026-09-17T13:51:51.896+0000][9.742s][debug][gc,heap        ] GC(14)   to   space 8704K,   0% used [0x00000000eb460000, 0x00000000eb460000, 0x00000000ebce0000)
[2026-09-17T13:51:51.896+0000][9.742s][debug][gc,heap        ] GC(14)  tenured generation   total 174784K, used 27710K [0x00000000ef550000, 0x00000000fa000000, 0x0000000100000000)
[2026-09-17T13:51:51.896+0000][9.742s][debug][gc,heap        ] GC(14)    the space 174784K,  15% used [0x00000000ef550000, 0x00000000f105fa40, 0x00000000f105fc00, 0x00000000fa000000)
[2026-09-17T13:51:51.896+0000][9.742s][debug][gc,heap        ] GC(14)  Metaspace       used 63073K, committed 63744K, reserved 1114112K
[2026-09-17T13:51:51.897+0000][9.742s][debug][gc,heap        ] GC(14)   class space    used 8562K, committed 8896K, reserved 1048576K
[2026-09-17T13:51:51.900+0000][9.745s][info ][gc,heap        ] GC(14) DefNew: 70016K(78720K)->939K(78720K) Eden: 70016K(70016K)->0K(70016K) From: 0K(8704K)->939K(8704K)
[2026-09-17T13:51:51.900+0000][9.745s][info ][gc,heap        ] GC(14) Tenured: 27710K(174784K)->27710K(174784K)
[2026-09-17T13:51:51.900+0000][9.745s][info ][gc,metaspace   ] GC(14) Metaspace: 63073K(63744K)->63073K(63744K) NonClass: 54510K(54848K)->54510K(54848K) Class: 8562K(8896K)->8562K(8896K)
[2026-09-17T13:51:51.900+0000][9.745s][debug][gc,heap        ] GC(14) Heap after GC invocations=15 (full 3):
[2026-09-17T13:51:51.900+0000][9.745s][debug][gc,heap        ] GC(14)  def new generation   total 78720K, used 939K [0x00000000e7000000, 0x00000000ec560000, 0x00000000ef550000)
[2026-09-17T13:51:51.900+0000][9.745s][debug][gc,heap        ] GC(14)   eden space 70016K,   0% used [0x00000000e7000000, 0x00000000e7000000, 0x00000000eb460000)
[2026-09-17T13:51:51.900+0000][9.745s][debug][gc,heap        ] GC(14)   from space 8704K,  10% used [0x00000000eb460000, 0x00000000eb54ae58, 0x00000000ebce0000)
[2026-09-17T13:51:51.900+0000][9.745s][debug][gc,heap        ] GC(14)   to   space 8704K,   0% used [0x00000000ebce0000, 0x00000000ebce0000, 0x00000000ec560000)
[2026-09-17T13:51:51.900+0000][9.745s][debug][gc,heap        ] GC(14)  tenured generation   total 174784K, used 27710K [0x00000000ef550000, 0x00000000fa000000, 0x0000000100000000)
[2026-09-17T13:51:51.900+0000][9.745s][debug][gc,heap        ] GC(14)    the space 174784K,  15% used [0x00000000ef550000, 0x00000000f105fa40, 0x00000000f105fc00, 0x00000000fa000000)
[2026-09-17T13:51:51.900+0000][9.745s][debug][gc,heap        ] GC(14)  Metaspace       used 63073K, committed 63744K, reserved 1114112K
[2026-09-17T13:51:51.900+0000][9.745s][debug][gc,heap        ] GC(14)   class space    used 8562K, committed 8896K, reserved 1048576K
[2026-09-17T13:51:51.900+0000][9.745s][info ][gc             ] GC(14) Pause Young (Allocation Failure) 95M->27M(247M) 4.004ms
[2026-09-17T13:51:51.900+0000][9.745s][info ][gc,cpu         ] GC(14) User=0.00s Sys=0.00s Real=0.00s
[2026-09-17T13:51:52.531+0000][10.376s][info ][gc,start       ] GC(15) Pause Young (Allocation Failure)
[2026-09-17T13:51:52.531+0000][10.376s][debug][gc,heap        ] GC(15) Heap before GC invocations=15 (full 3):
[2026-09-17T13:51:52.531+0000][10.376s][debug][gc,heap        ] GC(15)  def new generation   total 78720K, used 70955K [0x00000000e7000000, 0x00000000ec560000, 0x00000000ef550000)
[2026-09-17T13:51:52.531+0000][10.376s][debug][gc,heap        ] GC(15)   eden space 70016K, 100% used [0x00000000e7000000, 0x00000000eb460000, 0x00000000eb460000)
[2026-09-17T13:51:52.531+0000][10.376s][debug][gc,heap        ] GC(15)   from space 8704K,  10% used [0x00000000eb460000, 0x00000000eb54ae58, 0x00000000ebce0000)
[2026-09-17T13:51:52.531+0000][10.376s][debug][gc,heap        ] GC(15)   to   space 8704K,   0% used [0x00000000ebce0000, 0x00000000ebce0000, 0x00000000ec560000)
[2026-09-17T13:51:52.531+0000][10.376s][debug][gc,heap        ] GC(15)  tenured generation   total 174784K, used 27710K [0x00000000ef550000, 0x00000000fa000000, 0x0000000100000000)
[2026-09-17T13:51:52.531+0000][10.376s][debug][gc,heap        ] GC(15)    the space 174784K,  15% used [0x00000000ef550000, 0x00000000f105fa40, 0x00000000f105fc00, 0x00000000fa000000)
[2026-09-17T13:51:52.531+0000][10.376s][debug][gc,heap        ] GC(15)  Metaspace       used 68457K, committed 69184K, reserved 1114112K
[2026-09-17T13:51:52.531+0000][10.376s][debug][gc,heap        ] GC(15)   class space    used 9265K, committed 9600K, reserved 1048576K
[2026-09-17T13:51:52.537+0000][10.382s][info ][gc,heap        ] GC(15) DefNew: 70955K(78720K)->2654K(78720K) Eden: 70016K(70016K)->0K(70016K) From: 939K(8704K)->2654K(8704K)
[2026-09-17T13:51:52.537+0000][10.382s][info ][gc,heap        ] GC(15) Tenured: 27710K(174784K)->27710K(174784K)
[2026-09-17T13:51:52.537+0000][10.382s][info ][gc,metaspace   ] GC(15) Metaspace: 68457K(69184K)->68457K(69184K) NonClass: 59192K(59584K)->59192K(59584K) Class: 9265K(9600K)->9265K(9600K)
[2026-09-17T13:51:52.537+0000][10.382s][debug][gc,heap        ] GC(15) Heap after GC invocations=16 (full 3):
[2026-09-17T13:51:52.537+0000][10.382s][debug][gc,heap        ] GC(15)  def new generation   total 78720K, used 2654K [0x00000000e7000000, 0x00000000ec560000, 0x00000000ef550000)
[2026-09-17T13:51:52.537+0000][10.382s][debug][gc,heap        ] GC(15)   eden space 70016K,   0% used [0x00000000e7000000, 0x00000000e7000000, 0x00000000eb460000)
[2026-09-17T13:51:52.537+0000][10.382s][debug][gc,heap        ] GC(15)   from space 8704K,  30% used [0x00000000ebce0000, 0x00000000ebf77aa8, 0x00000000ec560000)
[2026-09-17T13:51:52.537+0000][10.382s][debug][gc,heap        ] GC(15)   to   space 8704K,   0% used [0x00000000eb460000, 0x00000000eb460000, 0x00000000ebce0000)
[2026-09-17T13:51:52.537+0000][10.382s][debug][gc,heap        ] GC(15)  tenured generation   total 174784K, used 27710K [0x00000000ef550000, 0x00000000fa000000, 0x0000000100000000)
[2026-09-17T13:51:52.537+0000][10.382s][debug][gc,heap        ] GC(15)    the space 174784K,  15% used [0x00000000ef550000, 0x00000000f105fa40, 0x00000000f105fc00, 0x00000000fa000000)
[2026-09-17T13:51:52.537+0000][10.382s][debug][gc,heap        ] GC(15)  Metaspace       used 68457K, committed 69184K, reserved 1114112K
[2026-09-17T13:51:52.537+0000][10.382s][debug][gc,heap        ] GC(15)   class space    used 9265K, committed 9600K, reserved 1048576K
[2026-09-17T13:51:52.537+0000][10.382s][info ][gc             ] GC(15) Pause Young (Allocation Failure) 96M->29M(247M) 6.357ms
[2026-09-17T13:51:52.537+0000][10.382s][info ][gc,cpu         ] GC(15) User=0.01s Sys=0.00s Real=0.01s
[2026-09-17T13:51:53.124+0000][10.969s][info ][gc,start       ] GC(16) Pause Young (Allocation Failure)
[2026-09-17T13:51:53.124+0000][10.969s][debug][gc,heap        ] GC(16) Heap before GC invocations=16 (full 3):
[2026-09-17T13:51:53.124+0000][10.969s][debug][gc,heap        ] GC(16)  def new generation   total 78720K, used 72670K [0x00000000e7000000, 0x00000000ec560000, 0x00000000ef550000)
[2026-09-17T13:51:53.124+0000][10.969s][debug][gc,heap        ] GC(16)   eden space 70016K, 100% used [0x00000000e7000000, 0x00000000eb460000, 0x00000000eb460000)
[2026-09-17T13:51:53.124+0000][10.969s][debug][gc,heap        ] GC(16)   from space 8704K,  30% used [0x00000000ebce0000, 0x00000000ebf77aa8, 0x00000000ec560000)
[2026-09-17T13:51:53.124+0000][10.969s][debug][gc,heap        ] GC(16)   to   space 8704K,   0% used [0x00000000eb460000, 0x00000000eb460000, 0x00000000ebce0000)
[2026-09-17T13:51:53.124+0000][10.969s][debug][gc,heap        ] GC(16)  tenured generation   total 174784K, used 27710K [0x00000000ef550000, 0x00000000fa000000, 0x0000000100000000)
[2026-09-17T13:51:53.124+0000][10.969s][debug][gc,heap        ] GC(16)    the space 174784K,  15% used [0x00000000ef550000, 0x00000000f105fa40, 0x00000000f105fc00, 0x00000000fa000000)
[2026-09-17T13:51:53.124+0000][10.969s][debug][gc,heap        ] GC(16)  Metaspace       used 74197K, committed 74944K, reserved 1114112K
[2026-09-17T13:51:53.124+0000][10.969s][debug][gc,heap        ] GC(16)   class space    used 10084K, committed 10432K, reserved 1048576K
[2026-09-17T13:51:53.132+0000][10.977s][info ][gc,heap        ] GC(16) DefNew: 72670K(78720K)->3975K(78720K) Eden: 70016K(70016K)->0K(70016K) From: 2654K(8704K)->3975K(8704K)
[2026-09-17T13:51:53.132+0000][10.977s][info ][gc,heap        ] GC(16) Tenured: 27710K(174784K)->27710K(174784K)
[2026-09-17T13:51:53.132+0000][10.977s][info ][gc,metaspace   ] GC(16) Metaspace: 74197K(74944K)->74197K(74944K) NonClass: 64112K(64512K)->64112K(64512K) Class: 10084K(10432K)->10084K(10432K)
[2026-09-17T13:51:53.132+0000][10.977s][debug][gc,heap        ] GC(16) Heap after GC invocations=17 (full 3):
[2026-09-17T13:51:53.132+0000][10.977s][debug][gc,heap        ] GC(16)  def new generation   total 78720K, used 3975K [0x00000000e7000000, 0x00000000ec560000, 0x00000000ef550000)
[2026-09-17T13:51:53.132+0000][10.977s][debug][gc,heap        ] GC(16)   eden space 70016K,   0% used [0x00000000e7000000, 0x00000000e7000000, 0x00000000eb460000)
[2026-09-17T13:51:53.132+0000][10.977s][debug][gc,heap        ] GC(16)   from space 8704K,  45% used [0x00000000eb460000, 0x00000000eb841e08, 0x00000000ebce0000)
[2026-09-17T13:51:53.132+0000][10.977s][debug][gc,heap        ] GC(16)   to   space 8704K,   0% used [0x00000000ebce0000, 0x00000000ebce0000, 0x00000000ec560000)
[2026-09-17T13:51:53.132+0000][10.977s][debug][gc,heap        ] GC(16)  tenured generation   total 174784K, used 27710K [0x00000000ef550000, 0x00000000fa000000, 0x0000000100000000)
[2026-09-17T13:51:53.132+0000][10.977s][debug][gc,heap        ] GC(16)    the space 174784K,  15% used [0x00000000ef550000, 0x00000000f105fa40, 0x00000000f105fc00, 0x00000000fa000000)
[2026-09-17T13:51:53.132+0000][10.977s][debug][gc,heap        ] GC(16)  Metaspace       used 74197K, committed 74944K, reserved 1114112K
[2026-09-17T13:51:53.132+0000][10.977s][debug][gc,heap        ] GC(16)   class space    used 10084K, committed 10432K, reserved 1048576K
[2026-09-17T13:51:53.132+0000][10.977s][info ][gc             ] GC(16) Pause Young (Allocation Failure) 98M->30M(247M) 7.967ms
[2026-09-17T13:51:53.132+0000][10.977s][info ][gc,cpu         ] GC(16) User=0.01s Sys=0.00s Real=0.01s
[2026-09-17T13:51:53.620+0000][11.465s][info ][gc,start       ] GC(17) Pause Young (Allocation Failure)
[2026-09-17T13:51:53.620+0000][11.465s][debug][gc,heap        ] GC(17) Heap before GC invocations=17 (full 3):
[2026-09-17T13:51:53.620+0000][11.465s][debug][gc,heap        ] GC(17)  def new generation   total 78720K, used 73991K [0x00000000e7000000, 0x00000000ec560000, 0x00000000ef550000)
[2026-09-17T13:51:53.620+0000][11.465s][debug][gc,heap        ] GC(17)   eden space 70016K, 100% used [0x00000000e7000000, 0x00000000eb460000, 0x00000000eb460000)
[2026-09-17T13:51:53.620+0000][11.465s][debug][gc,heap        ] GC(17)   from space 8704K,  45% used [0x00000000eb460000, 0x00000000eb841e08, 0x00000000ebce0000)
[2026-09-17T13:51:53.620+0000][11.465s][debug][gc,heap        ] GC(17)   to   space 8704K,   0% used [0x00000000ebce0000, 0x00000000ebce0000, 0x00000000ec560000)
[2026-09-17T13:51:53.620+0000][11.465s][debug][gc,heap        ] GC(17)  tenured generation   total 174784K, used 27710K [0x00000000ef550000, 0x00000000fa000000, 0x0000000100000000)
[2026-09-17T13:51:53.620+0000][11.465s][debug][gc,heap        ] GC(17)    the space 174784K,  15% used [0x00000000ef550000, 0x00000000f105fa40, 0x00000000f105fc00, 0x00000000fa000000)
[2026-09-17T13:51:53.620+0000][11.465s][debug][gc,heap        ] GC(17)  Metaspace       used 79495K, committed 80256K, reserved 1179648K
[2026-09-17T13:51:53.620+0000][11.465s][debug][gc,heap        ] GC(17)   class space    used 10973K, committed 11328K, reserved 1048576K
[2026-09-17T13:51:53.627+0000][11.472s][info ][gc,heap        ] GC(17) DefNew: 73991K(78720K)->4878K(78720K) Eden: 70016K(70016K)->0K(70016K) From: 3975K(8704K)->4878K(8704K)
[2026-09-17T13:51:53.627+0000][11.473s][info ][gc,heap        ] GC(17) Tenured: 27710K(174784K)->27710K(174784K)
[2026-09-17T13:51:53.627+0000][11.473s][info ][gc,metaspace   ] GC(17) Metaspace: 79495K(80256K)->79495K(80256K) NonClass: 68522K(68928K)->68522K(68928K) Class: 10973K(11328K)->10973K(11328K)
[2026-09-17T13:51:53.627+0000][11.473s][debug][gc,heap        ] GC(17) Heap after GC invocations=18 (full 3):
[2026-09-17T13:51:53.627+0000][11.473s][debug][gc,heap        ] GC(17)  def new generation   total 78720K, used 4878K [0x00000000e7000000, 0x00000000ec560000, 0x00000000ef550000)
[2026-09-17T13:51:53.627+0000][11.473s][debug][gc,heap        ] GC(17)   eden space 70016K,   0% used [0x00000000e7000000, 0x00000000e7000000, 0x00000000eb460000)
[2026-09-17T13:51:53.627+0000][11.473s][debug][gc,heap        ] GC(17)   from space 8704K,  56% used [0x00000000ebce0000, 0x00000000ec1a3a30, 0x00000000ec560000)
[2026-09-17T13:51:53.627+0000][11.473s][debug][gc,heap        ] GC(17)   to   space 8704K,   0% used [0x00000000eb460000, 0x00000000eb460000, 0x00000000ebce0000)
[2026-09-17T13:51:53.627+0000][11.473s][debug][gc,heap        ] GC(17)  tenured generation   total 174784K, used 27710K [0x00000000ef550000, 0x00000000fa000000, 0x0000000100000000)
[2026-09-17T13:51:53.627+0000][11.473s][debug][gc,heap        ] GC(17)    the space 174784K,  15% used [0x00000000ef550000, 0x00000000f105fa40, 0x00000000f105fc00, 0x00000000fa000000)
[2026-09-17T13:51:53.627+0000][11.473s][debug][gc,heap        ] GC(17)  Metaspace       used 79495K, committed 80256K, reserved 1179648K
[2026-09-17T13:51:53.627+0000][11.473s][debug][gc,heap        ] GC(17)   class space    used 10973K, committed 11328K, reserved 1048576K
[2026-09-17T13:51:53.627+0000][11.473s][info ][gc             ] GC(17) Pause Young (Allocation Failure) 99M->31M(247M) 7.924ms
[2026-09-17T13:51:53.627+0000][11.473s][info ][gc,cpu         ] GC(17) User=0.01s Sys=0.00s Real=0.01s
[2026-09-17T13:51:54.323+0000][12.168s][info ][gc,start       ] GC(18) Pause Young (Allocation Failure)
[2026-09-17T13:51:54.323+0000][12.168s][debug][gc,heap        ] GC(18) Heap before GC invocations=18 (full 3):
[2026-09-17T13:51:54.323+0000][12.168s][debug][gc,heap        ] GC(18)  def new generation   total 78720K, used 74894K [0x00000000e7000000, 0x00000000ec560000, 0x00000000ef550000)
[2026-09-17T13:51:54.323+0000][12.168s][debug][gc,heap        ] GC(18)   eden space 70016K, 100% used [0x00000000e7000000, 0x00000000eb460000, 0x00000000eb460000)
[2026-09-17T13:51:54.323+0000][12.168s][debug][gc,heap        ] GC(18)   from space 8704K,  56% used [0x00000000ebce0000, 0x00000000ec1a3a30, 0x00000000ec560000)
[2026-09-17T13:51:54.323+0000][12.168s][debug][gc,heap        ] GC(18)   to   space 8704K,   0% used [0x00000000eb460000, 0x00000000eb460000, 0x00000000ebce0000)
[2026-09-17T13:51:54.323+0000][12.168s][debug][gc,heap        ] GC(18)  tenured generation   total 174784K, used 27710K [0x00000000ef550000, 0x00000000fa000000, 0x0000000100000000)
[2026-09-17T13:51:54.323+0000][12.168s][debug][gc,heap        ] GC(18)    the space 174784K,  15% used [0x00000000ef550000, 0x00000000f105fa40, 0x00000000f105fc00, 0x00000000fa000000)
[2026-09-17T13:51:54.323+0000][12.168s][debug][gc,heap        ] GC(18)  Metaspace       used 84121K, committed 84928K, reserved 1179648K
[2026-09-17T13:51:54.323+0000][12.168s][debug][gc,heap        ] GC(18)   class space    used 11620K, committed 11968K, reserved 1048576K
[2026-09-17T13:51:54.333+0000][12.178s][info ][gc,heap        ] GC(18) DefNew: 74894K(78720K)->5434K(78720K) Eden: 70016K(70016K)->0K(70016K) From: 4878K(8704K)->5434K(8704K)
[2026-09-17T13:51:54.333+0000][12.178s][info ][gc,heap        ] GC(18) Tenured: 27710K(174784K)->28576K(174784K)
[2026-09-17T13:51:54.333+0000][12.178s][info ][gc,metaspace   ] GC(18) Metaspace: 84121K(84928K)->84121K(84928K) NonClass: 72500K(72960K)->72500K(72960K) Class: 11620K(11968K)->11620K(11968K)
[2026-09-17T13:51:54.333+0000][12.178s][debug][gc,heap        ] GC(18) Heap after GC invocations=19 (full 3):
[2026-09-17T13:51:54.333+0000][12.178s][debug][gc,heap        ] GC(18)  def new generation   total 78720K, used 5434K [0x00000000e7000000, 0x00000000ec560000, 0x00000000ef550000)
[2026-09-17T13:51:54.333+0000][12.178s][debug][gc,heap        ] GC(18)   eden space 70016K,   0% used [0x00000000e7000000, 0x00000000e7000000, 0x00000000eb460000)
[2026-09-17T13:51:54.333+0000][12.178s][debug][gc,heap        ] GC(18)   from space 8704K,  62% used [0x00000000eb460000, 0x00000000eb9ae9d8, 0x00000000ebce0000)
[2026-09-17T13:51:54.333+0000][12.178s][debug][gc,heap        ] GC(18)   to   space 8704K,   0% used [0x00000000ebce0000, 0x00000000ebce0000, 0x00000000ec560000)
[2026-09-17T13:51:54.333+0000][12.178s][debug][gc,heap        ] GC(18)  tenured generation   total 174784K, used 28576K [0x00000000ef550000, 0x00000000fa000000, 0x0000000100000000)
[2026-09-17T13:51:54.333+0000][12.178s][debug][gc,heap        ] GC(18)    the space 174784K,  16% used [0x00000000ef550000, 0x00000000f1138300, 0x00000000f1138400, 0x00000000fa000000)
[2026-09-17T13:51:54.333+0000][12.178s][debug][gc,heap        ] GC(18)  Metaspace       used 84121K, committed 84928K, reserved 1179648K
[2026-09-17T13:51:54.333+0000][12.178s][debug][gc,heap        ] GC(18)   class space    used 11620K, committed 11968K, reserved 1048576K
[2026-09-17T13:51:54.333+0000][12.178s][info ][gc             ] GC(18) Pause Young (Allocation Failure) 100M->33M(247M) 10.407ms
[2026-09-17T13:51:54.333+0000][12.178s][info ][gc,cpu         ] GC(18) User=0.01s Sys=0.00s Real=0.01s
[2026-09-17T13:51:54.930+0000][12.775s][info ][gc,start       ] GC(19) Pause Young (Allocation Failure)
[2026-09-17T13:51:54.930+0000][12.775s][debug][gc,heap        ] GC(19) Heap before GC invocations=19 (full 3):
[2026-09-17T13:51:54.930+0000][12.775s][debug][gc,heap        ] GC(19)  def new generation   total 78720K, used 75450K [0x00000000e7000000, 0x00000000ec560000, 0x00000000ef550000)
[2026-09-17T13:51:54.930+0000][12.775s][debug][gc,heap        ] GC(19)   eden space 70016K, 100% used [0x00000000e7000000, 0x00000000eb460000, 0x00000000eb460000)
[2026-09-17T13:51:54.930+0000][12.775s][debug][gc,heap        ] GC(19)   from space 8704K,  62% used [0x00000000eb460000, 0x00000000eb9ae9d8, 0x00000000ebce0000)
[2026-09-17T13:51:54.930+0000][12.775s][debug][gc,heap        ] GC(19)   to   space 8704K,   0% used [0x00000000ebce0000, 0x00000000ebce0000, 0x00000000ec560000)
[2026-09-17T13:51:54.930+0000][12.775s][debug][gc,heap        ] GC(19)  tenured generation   total 174784K, used 28576K [0x00000000ef550000, 0x00000000fa000000, 0x0000000100000000)
[2026-09-17T13:51:54.930+0000][12.775s][debug][gc,heap        ] GC(19)    the space 174784K,  16% used [0x00000000ef550000, 0x00000000f1138300, 0x00000000f1138400, 0x00000000fa000000)
[2026-09-17T13:51:54.930+0000][12.775s][debug][gc,heap        ] GC(19)  Metaspace       used 89213K, committed 89984K, reserved 1179648K
[2026-09-17T13:51:54.930+0000][12.775s][debug][gc,heap        ] GC(19)   class space    used 12307K, committed 12672K, reserved 1048576K
[2026-09-17T13:51:54.944+0000][12.789s][info ][gc,heap        ] GC(19) DefNew: 75450K(78720K)->6107K(78720K) Eden: 70016K(70016K)->0K(70016K) From: 5434K(8704K)->6107K(8704K)
[2026-09-17T13:51:54.944+0000][12.789s][info ][gc,heap        ] GC(19) Tenured: 28576K(174784K)->30277K(174784K)
[2026-09-17T13:51:54.944+0000][12.789s][info ][gc,metaspace   ] GC(19) Metaspace: 89213K(89984K)->89213K(89984K) NonClass: 76906K(77312K)->76906K(77312K) Class: 12307K(12672K)->12307K(12672K)
[2026-09-17T13:51:54.944+0000][12.789s][debug][gc,heap        ] GC(19) Heap after GC invocations=20 (full 3):
[2026-09-17T13:51:54.944+0000][12.789s][debug][gc,heap        ] GC(19)  def new generation   total 78720K, used 6107K [0x00000000e7000000, 0x00000000ec560000, 0x00000000ef550000)
[2026-09-17T13:51:54.944+0000][12.789s][debug][gc,heap        ] GC(19)   eden space 70016K,   0% used [0x00000000e7000000, 0x00000000e7000000, 0x00000000eb460000)
[2026-09-17T13:51:54.944+0000][12.789s][debug][gc,heap        ] GC(19)   from space 8704K,  70% used [0x00000000ebce0000, 0x00000000ec2d6ff0, 0x00000000ec560000)
[2026-09-17T13:51:54.944+0000][12.789s][debug][gc,heap        ] GC(19)   to   space 8704K,   0% used [0x00000000eb460000, 0x00000000eb460000, 0x00000000ebce0000)
[2026-09-17T13:51:54.944+0000][12.789s][debug][gc,heap        ] GC(19)  tenured generation   total 174784K, used 30277K [0x00000000ef550000, 0x00000000fa000000, 0x0000000100000000)
[2026-09-17T13:51:54.944+0000][12.789s][debug][gc,heap        ] GC(19)    the space 174784K,  17% used [0x00000000ef550000, 0x00000000f12e1510, 0x00000000f12e1600, 0x00000000fa000000)
[2026-09-17T13:51:54.944+0000][12.789s][debug][gc,heap        ] GC(19)  Metaspace       used 89213K, committed 89984K, reserved 1179648K
[2026-09-17T13:51:54.944+0000][12.789s][debug][gc,heap        ] GC(19)   class space    used 12307K, committed 12672K, reserved 1048576K
[2026-09-17T13:51:54.944+0000][12.789s][info ][gc             ] GC(19) Pause Young (Allocation Failure) 101M->35M(247M) 13.962ms
[2026-09-17T13:51:54.944+0000][12.789s][info ][gc,cpu         ] GC(19) User=0.02s Sys=0.00s Real=0.01s
[2026-09-17T13:51:55.400+0000][13.245s][info ][gc,start       ] GC(20) Pause Young (Allocation Failure)
[2026-09-17T13:51:55.400+0000][13.245s][debug][gc,heap        ] GC(20) Heap before GC invocations=20 (full 3):
[2026-09-17T13:51:55.400+0000][13.245s][debug][gc,heap        ] GC(20)  def new generation   total 78720K, used 76037K [0x00000000e7000000, 0x00000000ec560000, 0x00000000ef550000)
[2026-09-17T13:51:55.400+0000][13.245s][debug][gc,heap        ] GC(20)   eden space 70016K,  99% used [0x00000000e7000000, 0x00000000eb44a6e8, 0x00000000eb460000)
[2026-09-17T13:51:55.400+0000][13.245s][debug][gc,heap        ] GC(20)   from space 8704K,  70% used [0x00000000ebce0000, 0x00000000ec2d6ff0, 0x00000000ec560000)
[2026-09-17T13:51:55.400+0000][13.245s][debug][gc,heap        ] GC(20)   to   space 8704K,   0% used [0x00000000eb460000, 0x00000000eb460000, 0x00000000ebce0000)
[2026-09-17T13:51:55.400+0000][13.245s][debug][gc,heap        ] GC(20)  tenured generation   total 174784K, used 30277K [0x00000000ef550000, 0x00000000fa000000, 0x0000000100000000)
[2026-09-17T13:51:55.400+0000][13.245s][debug][gc,heap        ] GC(20)    the space 174784K,  17% used [0x00000000ef550000, 0x00000000f12e1510, 0x00000000f12e1600, 0x00000000fa000000)
[2026-09-17T13:51:55.400+0000][13.245s][debug][gc,heap        ] GC(20)  Metaspace       used 92751K, committed 93568K, reserved 1179648K
[2026-09-17T13:51:55.400+0000][13.245s][debug][gc,heap        ] GC(20)   class space    used 13009K, committed 13376K, reserved 1048576K
[2026-09-17T13:51:55.413+0000][13.258s][info ][gc,heap        ] GC(20) DefNew: 76037K(78720K)->6898K(78720K) Eden: 69929K(70016K)->0K(70016K) From: 6107K(8704K)->6898K(8704K)
[2026-09-17T13:51:55.413+0000][13.258s][info ][gc,heap        ] GC(20) Tenured: 30277K(174784K)->32512K(174784K)
[2026-09-17T13:51:55.413+0000][13.258s][info ][gc,metaspace   ] GC(20) Metaspace: 92751K(93568K)->92751K(93568K) NonClass: 79741K(80192K)->79741K(80192K) Class: 13009K(13376K)->13009K(13376K)
[2026-09-17T13:51:55.413+0000][13.258s][debug][gc,heap        ] GC(20) Heap after GC invocations=21 (full 3):
[2026-09-17T13:51:55.413+0000][13.258s][debug][gc,heap        ] GC(20)  def new generation   total 78720K, used 6898K [0x00000000e7000000, 0x00000000ec560000, 0x00000000ef550000)
[2026-09-17T13:51:55.413+0000][13.258s][debug][gc,heap        ] GC(20)   eden space 70016K,   0% used [0x00000000e7000000, 0x00000000e7000000, 0x00000000eb460000)
[2026-09-17T13:51:55.413+0000][13.258s][debug][gc,heap        ] GC(20)   from space 8704K,  79% used [0x00000000eb460000, 0x00000000ebb1cbd8, 0x00000000ebce0000)
[2026-09-17T13:51:55.413+0000][13.258s][debug][gc,heap        ] GC(20)   to   space 8704K,   0% used [0x00000000ebce0000, 0x00000000ebce0000, 0x00000000ec560000)
[2026-09-17T13:51:55.413+0000][13.258s][debug][gc,heap        ] GC(20)  tenured generation   total 174784K, used 32512K [0x00000000ef550000, 0x00000000fa000000, 0x0000000100000000)
[2026-09-17T13:51:55.413+0000][13.258s][debug][gc,heap        ] GC(20)    the space 174784K,  18% used [0x00000000ef550000, 0x00000000f1510138, 0x00000000f1510200, 0x00000000fa000000)
[2026-09-17T13:51:55.413+0000][13.258s][debug][gc,heap        ] GC(20)  Metaspace       used 92751K, committed 93568K, reserved 1179648K
[2026-09-17T13:51:55.413+0000][13.258s][debug][gc,heap        ] GC(20)   class space    used 13009K, committed 13376K, reserved 1048576K
[2026-09-17T13:51:55.413+0000][13.258s][info ][gc             ] GC(20) Pause Young (Allocation Failure) 103M->38M(247M) 13.259ms
[2026-09-17T13:51:55.413+0000][13.258s][info ][gc,cpu         ] GC(20) User=0.02s Sys=0.00s Real=0.01s
[2026-09-17T13:51:55.998+0000][13.843s][info ][gc,start       ] GC(21) Pause Full (Metadata GC Threshold)
[2026-09-17T13:51:55.998+0000][13.843s][debug][gc,heap        ] GC(21) Heap before GC invocations=21 (full 3):
[2026-09-17T13:51:55.998+0000][13.843s][debug][gc,heap        ] GC(21)  def new generation   total 78720K, used 61396K [0x00000000e7000000, 0x00000000ec560000, 0x00000000ef550000)
[2026-09-17T13:51:55.998+0000][13.843s][debug][gc,heap        ] GC(21)   eden space 70016K,  77% used [0x00000000e7000000, 0x00000000ea538790, 0x00000000eb460000)
[2026-09-17T13:51:55.998+0000][13.843s][debug][gc,heap        ] GC(21)   from space 8704K,  79% used [0x00000000eb460000, 0x00000000ebb1cbd8, 0x00000000ebce0000)
[2026-09-17T13:51:55.998+0000][13.843s][debug][gc,heap        ] GC(21)   to   space 8704K,   0% used [0x00000000ebce0000, 0x00000000ebce0000, 0x00000000ec560000)
[2026-09-17T13:51:55.998+0000][13.843s][debug][gc,heap        ] GC(21)  tenured generation   total 174784K, used 32512K [0x00000000ef550000, 0x00000000fa000000, 0x0000000100000000)
[2026-09-17T13:51:55.998+0000][13.843s][debug][gc,heap        ] GC(21)    the space 174784K,  18% used [0x00000000ef550000, 0x00000000f1510138, 0x00000000f1510200, 0x00000000fa000000)
[2026-09-17T13:51:55.998+0000][13.843s][debug][gc,heap        ] GC(21)  Metaspace       used 98847K, committed 99648K, reserved 1179648K
[2026-09-17T13:51:55.998+0000][13.843s][debug][gc,heap        ] GC(21)   class space    used 13874K, committed 14272K, reserved 1048576K
[2026-09-17T13:51:55.998+0000][13.843s][info ][gc,phases,start] GC(21) Phase 1: Mark live objects
[2026-09-17T13:51:56.042+0000][13.887s][info ][gc,phases      ] GC(21) Phase 1: Mark live objects 44.630ms
[2026-09-17T13:51:56.042+0000][13.887s][info ][gc,phases,start] GC(21) Phase 2: Compute new object addresses
[2026-09-17T13:51:56.059+0000][13.904s][info ][gc,phases      ] GC(21) Phase 2: Compute new object addresses 16.544ms
[2026-09-17T13:51:56.059+0000][13.904s][info ][gc,phases,start] GC(21) Phase 3: Adjust pointers
[2026-09-17T13:51:56.102+0000][13.947s][info ][gc,phases      ] GC(21) Phase 3: Adjust pointers 43.144ms
[2026-09-17T13:51:56.102+0000][13.947s][info ][gc,phases,start] GC(21) Phase 4: Move objects
[2026-09-17T13:51:56.115+0000][13.960s][info ][gc,phases      ] GC(21) Phase 4: Move objects 13.278ms
[2026-09-17T13:51:56.117+0000][13.962s][info ][gc,heap        ] GC(21) DefNew: 61396K(78720K)->0K(78720K) Eden: 54497K(70016K)->0K(70016K) From: 6898K(8704K)->0K(8704K)
[2026-09-17T13:51:56.117+0000][13.962s][info ][gc,heap        ] GC(21) Tenured: 32512K(174784K)->38691K(174784K)
[2026-09-17T13:51:56.117+0000][13.962s][info ][gc,metaspace   ] GC(21) Metaspace: 98847K(99648K)->98847K(99648K) NonClass: 84973K(85376K)->84973K(85376K) Class: 13874K(14272K)->13874K(14272K)
[2026-09-17T13:51:56.117+0000][13.962s][debug][gc,heap        ] GC(21) Heap after GC invocations=22 (full 4):
[2026-09-17T13:51:56.117+0000][13.962s][debug][gc,heap        ] GC(21)  def new generation   total 78720K, used 0K [0x00000000e7000000, 0x00000000ec560000, 0x00000000ef550000)
[2026-09-17T13:51:56.117+0000][13.962s][debug][gc,heap        ] GC(21)   eden space 70016K,   0% used [0x00000000e7000000, 0x00000000e7000000, 0x00000000eb460000)
[2026-09-17T13:51:56.117+0000][13.962s][debug][gc,heap        ] GC(21)   from space 8704K,   0% used [0x00000000eb460000, 0x00000000eb460000, 0x00000000ebce0000)
[2026-09-17T13:51:56.117+0000][13.962s][debug][gc,heap        ] GC(21)   to   space 8704K,   0% used [0x00000000ebce0000, 0x00000000ebce0000, 0x00000000ec560000)
[2026-09-17T13:51:56.117+0000][13.962s][debug][gc,heap        ] GC(21)  tenured generation   total 174784K, used 38691K [0x00000000ef550000, 0x00000000fa000000, 0x0000000100000000)
[2026-09-17T13:51:56.117+0000][13.962s][debug][gc,heap        ] GC(21)    the space 174784K,  22% used [0x00000000ef550000, 0x00000000f1b18c38, 0x00000000f1b18e00, 0x00000000fa000000)
[2026-09-17T13:51:56.117+0000][13.962s][debug][gc,heap        ] GC(21)  Metaspace       used 98847K, committed 99648K, reserved 1179648K
[2026-09-17T13:51:56.117+0000][13.962s][debug][gc,heap        ] GC(21)   class space    used 13874K, committed 14272K, reserved 1048576K
[2026-09-17T13:51:56.117+0000][13.962s][info ][gc             ] GC(21) Pause Full (Metadata GC Threshold) 91M->37M(247M) 119.302ms
[2026-09-17T13:51:56.117+0000][13.962s][info ][gc,cpu         ] GC(21) User=0.09s Sys=0.01s Real=0.12s
[2026-09-17T13:51:56.602+0000][14.447s][info ][gc,start       ] GC(22) Pause Young (Allocation Failure)
[2026-09-17T13:51:56.602+0000][14.447s][debug][gc,heap        ] GC(22) Heap before GC invocations=22 (full 4):
[2026-09-17T13:51:56.602+0000][14.447s][debug][gc,heap        ] GC(22)  def new generation   total 78720K, used 70016K [0x00000000e7000000, 0x00000000ec560000, 0x00000000ef550000)
[2026-09-17T13:51:56.602+0000][14.447s][debug][gc,heap        ] GC(22)   eden space 70016K, 100% used [0x00000000e7000000, 0x00000000eb460000, 0x00000000eb460000)
[2026-09-17T13:51:56.602+0000][14.447s][debug][gc,heap        ] GC(22)   from space 8704K,   0% used [0x00000000eb460000, 0x00000000eb460000, 0x00000000ebce0000)
[2026-09-17T13:51:56.602+0000][14.447s][debug][gc,heap        ] GC(22)   to   space 8704K,   0% used [0x00000000ebce0000, 0x00000000ebce0000, 0x00000000ec560000)
[2026-09-17T13:51:56.602+0000][14.447s][debug][gc,heap        ] GC(22)  tenured generation   total 174784K, used 38691K [0x00000000ef550000, 0x00000000fa000000, 0x0000000100000000)
[2026-09-17T13:51:56.602+0000][14.447s][debug][gc,heap        ] GC(22)    the space 174784K,  22% used [0x00000000ef550000, 0x00000000f1b18c38, 0x00000000f1b18e00, 0x00000000fa000000)
[2026-09-17T13:51:56.602+0000][14.447s][debug][gc,heap        ] GC(22)  Metaspace       used 102817K, committed 103616K, reserved 1179648K
[2026-09-17T13:51:56.602+0000][14.447s][debug][gc,heap        ] GC(22)   class space    used 14385K, committed 14720K, reserved 1048576K
[2026-09-17T13:51:56.609+0000][14.454s][info ][gc,heap        ] GC(22) DefNew: 70016K(78720K)->3007K(78720K) Eden: 70016K(70016K)->0K(70016K) From: 0K(8704K)->3007K(8704K)
[2026-09-17T13:51:56.609+0000][14.454s][info ][gc,heap        ] GC(22) Tenured: 38691K(174784K)->38691K(174784K)
[2026-09-17T13:51:56.609+0000][14.454s][info ][gc,metaspace   ] GC(22) Metaspace: 102817K(103616K)->102817K(103616K) NonClass: 88431K(88896K)->88431K(88896K) Class: 14385K(14720K)->14385K(14720K)
[2026-09-17T13:51:56.609+0000][14.454s][debug][gc,heap        ] GC(22) Heap after GC invocations=23 (full 4):
[2026-09-17T13:51:56.609+0000][14.454s][debug][gc,heap        ] GC(22)  def new generation   total 78720K, used 3007K [0x00000000e7000000, 0x00000000ec560000, 0x00000000ef550000)
[2026-09-17T13:51:56.609+0000][14.454s][debug][gc,heap        ] GC(22)   eden space 70016K,   0% used [0x00000000e7000000, 0x00000000e7000000, 0x00000000eb460000)
[2026-09-17T13:51:56.609+0000][14.454s][debug][gc,heap        ] GC(22)   from space 8704K,  34% used [0x00000000ebce0000, 0x00000000ebfcfde0, 0x00000000ec560000)
[2026-09-17T13:51:56.609+0000][14.454s][debug][gc,heap        ] GC(22)   to   space 8704K,   0% used [0x00000000eb460000, 0x00000000eb460000, 0x00000000ebce0000)
[2026-09-17T13:51:56.609+0000][14.454s][debug][gc,heap        ] GC(22)  tenured generation   total 174784K, used 38691K [0x00000000ef550000, 0x00000000fa000000, 0x0000000100000000)
[2026-09-17T13:51:56.609+0000][14.454s][debug][gc,heap        ] GC(22)    the space 174784K,  22% used [0x00000000ef550000, 0x00000000f1b18c38, 0x00000000f1b18e00, 0x00000000fa000000)
[2026-09-17T13:51:56.609+0000][14.454s][debug][gc,heap        ] GC(22)  Metaspace       used 102817K, committed 103616K, reserved 1179648K
[2026-09-17T13:51:56.609+0000][14.454s][debug][gc,heap        ] GC(22)   class space    used 14385K, committed 14720K, reserved 1048576K
[2026-09-17T13:51:56.609+0000][14.454s][info ][gc             ] GC(22) Pause Young (Allocation Failure) 106M->40M(247M) 7.261ms
[2026-09-17T13:51:56.609+0000][14.454s][info ][gc,cpu         ] GC(22) User=0.02s Sys=0.00s Real=0.01s
[2026-09-17T13:51:57.001+0000][14.846s][info ][gc,start       ] GC(23) Pause Young (Allocation Failure)
[2026-09-17T13:51:57.001+0000][14.846s][debug][gc,heap        ] GC(23) Heap before GC invocations=23 (full 4):
[2026-09-17T13:51:57.001+0000][14.846s][debug][gc,heap        ] GC(23)  def new generation   total 78720K, used 73023K [0x00000000e7000000, 0x00000000ec560000, 0x00000000ef550000)
[2026-09-17T13:51:57.001+0000][14.846s][debug][gc,heap        ] GC(23)   eden space 70016K, 100% used [0x00000000e7000000, 0x00000000eb460000, 0x00000000eb460000)
[2026-09-17T13:51:57.001+0000][14.846s][debug][gc,heap        ] GC(23)   from space 8704K,  34% used [0x00000000ebce0000, 0x00000000ebfcfde0, 0x00000000ec560000)
[2026-09-17T13:51:57.001+0000][14.846s][debug][gc,heap        ] GC(23)   to   space 8704K,   0% used [0x00000000eb460000, 0x00000000eb460000, 0x00000000ebce0000)
[2026-09-17T13:51:57.001+0000][14.846s][debug][gc,heap        ] GC(23)  tenured generation   total 174784K, used 38691K [0x00000000ef550000, 0x00000000fa000000, 0x0000000100000000)
[2026-09-17T13:51:57.001+0000][14.846s][debug][gc,heap        ] GC(23)    the space 174784K,  22% used [0x00000000ef550000, 0x00000000f1b18c38, 0x00000000f1b18e00, 0x00000000fa000000)
[2026-09-17T13:51:57.001+0000][14.846s][debug][gc,heap        ] GC(23)  Metaspace       used 105038K, committed 105856K, reserved 1179648K
[2026-09-17T13:51:57.001+0000][14.846s][debug][gc,heap        ] GC(23)   class space    used 14665K, committed 15040K, reserved 1048576K
[2026-09-17T13:51:57.031+0000][14.876s][info ][gc,heap        ] GC(23) DefNew: 73023K(78720K)->8704K(78720K) Eden: 70016K(70016K)->0K(70016K) From: 3007K(8704K)->8704K(8704K)
[2026-09-17T13:51:57.031+0000][14.876s][info ][gc,heap        ] GC(23) Tenured: 38691K(174784K)->45098K(174784K)
[2026-09-17T13:51:57.031+0000][14.876s][info ][gc,metaspace   ] GC(23) Metaspace: 105038K(105856K)->105038K(105856K) NonClass: 90373K(90816K)->90373K(90816K) Class: 14665K(15040K)->14665K(15040K)
[2026-09-17T13:51:57.031+0000][14.876s][debug][gc,heap        ] GC(23) Heap after GC invocations=24 (full 4):
[2026-09-17T13:51:57.031+0000][14.876s][debug][gc,heap        ] GC(23)  def new generation   total 78720K, used 8704K [0x00000000e7000000, 0x00000000ec560000, 0x00000000ef550000)
[2026-09-17T13:51:57.031+0000][14.876s][debug][gc,heap        ] GC(23)   eden space 70016K,   0% used [0x00000000e7000000, 0x00000000e7000000, 0x00000000eb460000)
[2026-09-17T13:51:57.031+0000][14.876s][debug][gc,heap        ] GC(23)   from space 8704K, 100% used [0x00000000eb460000, 0x00000000ebce0000, 0x00000000ebce0000)
[2026-09-17T13:51:57.031+0000][14.876s][debug][gc,heap        ] GC(23)   to   space 8704K,   0% used [0x00000000ebce0000, 0x00000000ebce0000, 0x00000000ec560000)
[2026-09-17T13:51:57.031+0000][14.876s][debug][gc,heap        ] GC(23)  tenured generation   total 174784K, used 45098K [0x00000000ef550000, 0x00000000fa000000, 0x0000000100000000)
[2026-09-17T13:51:57.031+0000][14.876s][debug][gc,heap        ] GC(23)    the space 174784K,  25% used [0x00000000ef550000, 0x00000000f215abf8, 0x00000000f215ac00, 0x00000000fa000000)
[2026-09-17T13:51:57.031+0000][14.876s][debug][gc,heap        ] GC(23)  Metaspace       used 105038K, committed 105856K, reserved 1179648K
[2026-09-17T13:51:57.031+0000][14.876s][debug][gc,heap        ] GC(23)   class space    used 14665K, committed 15040K, reserved 1048576K
[2026-09-17T13:51:57.031+0000][14.876s][info ][gc             ] GC(23) Pause Young (Allocation Failure) 109M->52M(247M) 30.141ms
[2026-09-17T13:51:57.031+0000][14.876s][info ][gc,cpu         ] GC(23) User=0.02s Sys=0.01s Real=0.03s
[2026-09-17T13:51:57.132+0000][14.977s][info ][gc,start       ] GC(24) Pause Young (Allocation Failure)
[2026-09-17T13:51:57.132+0000][14.977s][debug][gc,heap        ] GC(24) Heap before GC invocations=24 (full 4):
[2026-09-17T13:51:57.132+0000][14.977s][debug][gc,heap        ] GC(24)  def new generation   total 78720K, used 78720K [0x00000000e7000000, 0x00000000ec560000, 0x00000000ef550000)
[2026-09-17T13:51:57.132+0000][14.977s][debug][gc,heap        ] GC(24)   eden space 70016K, 100% used [0x00000000e7000000, 0x00000000eb460000, 0x00000000eb460000)
[2026-09-17T13:51:57.132+0000][14.977s][debug][gc,heap        ] GC(24)   from space 8704K, 100% used [0x00000000eb460000, 0x00000000ebce0000, 0x00000000ebce0000)
[2026-09-17T13:51:57.132+0000][14.977s][debug][gc,heap        ] GC(24)   to   space 8704K,   0% used [0x00000000ebce0000, 0x00000000ebce0000, 0x00000000ec560000)
[2026-09-17T13:51:57.132+0000][14.977s][debug][gc,heap        ] GC(24)  tenured generation   total 174784K, used 45098K [0x00000000ef550000, 0x00000000fa000000, 0x0000000100000000)
[2026-09-17T13:51:57.132+0000][14.977s][debug][gc,heap        ] GC(24)    the space 174784K,  25% used [0x00000000ef550000, 0x00000000f215abf8, 0x00000000f215ac00, 0x00000000fa000000)
[2026-09-17T13:51:57.132+0000][14.977s][debug][gc,heap        ] GC(24)  Metaspace       used 105086K, committed 105920K, reserved 1179648K
[2026-09-17T13:51:57.132+0000][14.977s][debug][gc,heap        ] GC(24)   class space    used 14665K, committed 15040K, reserved 1048576K
[2026-09-17T13:51:57.237+0000][15.082s][info ][gc,heap        ] GC(24) DefNew: 78720K(78720K)->8704K(78720K) Eden: 70016K(70016K)->0K(70016K) From: 8704K(8704K)->8704K(8704K)
[2026-09-17T13:51:57.237+0000][15.082s][info ][gc,heap        ] GC(24) Tenured: 45098K(174784K)->57936K(174784K)
[2026-09-17T13:51:57.237+0000][15.082s][info ][gc,metaspace   ] GC(24) Metaspace: 105086K(105920K)->105086K(105920K) NonClass: 90421K(90880K)->90421K(90880K) Class: 14665K(15040K)->14665K(15040K)
[2026-09-17T13:51:57.237+0000][15.082s][debug][gc,heap        ] GC(24) Heap after GC invocations=25 (full 4):
[2026-09-17T13:51:57.237+0000][15.082s][debug][gc,heap        ] GC(24)  def new generation   total 78720K, used 8704K [0x00000000e7000000, 0x00000000ec560000, 0x00000000ef550000)
[2026-09-17T13:51:57.237+0000][15.082s][debug][gc,heap        ] GC(24)   eden space 70016K,   0% used [0x00000000e7000000, 0x00000000e7000000, 0x00000000eb460000)
[2026-09-17T13:51:57.237+0000][15.082s][debug][gc,heap        ] GC(24)   from space 8704K, 100% used [0x00000000ebce0000, 0x00000000ec560000, 0x00000000ec560000)
[2026-09-17T13:51:57.237+0000][15.082s][debug][gc,heap        ] GC(24)   to   space 8704K,   0% used [0x00000000eb460000, 0x00000000eb460000, 0x00000000ebce0000)
[2026-09-17T13:51:57.237+0000][15.082s][debug][gc,heap        ] GC(24)  tenured generation   total 174784K, used 57936K [0x00000000ef550000, 0x00000000fa000000, 0x0000000100000000)
[2026-09-17T13:51:57.237+0000][15.082s][debug][gc,heap        ] GC(24)    the space 174784K,  33% used [0x00000000ef550000, 0x00000000f2de43c8, 0x00000000f2de4400, 0x00000000fa000000)
[2026-09-17T13:51:57.237+0000][15.082s][debug][gc,heap        ] GC(24)  Metaspace       used 105086K, committed 105920K, reserved 1179648K
[2026-09-17T13:51:57.237+0000][15.082s][debug][gc,heap        ] GC(24)   class space    used 14665K, committed 15040K, reserved 1048576K
[2026-09-17T13:51:57.237+0000][15.082s][info ][gc             ] GC(24) Pause Young (Allocation Failure) 120M->65M(247M) 105.029ms
[2026-09-17T13:51:57.237+0000][15.082s][info ][gc,cpu         ] GC(24) User=0.06s Sys=0.00s Real=0.11s
[2026-09-17T13:51:57.342+0000][15.187s][info ][gc,start       ] GC(25) Pause Young (Allocation Failure)
[2026-09-17T13:51:57.342+0000][15.188s][debug][gc,heap        ] GC(25) Heap before GC invocations=25 (full 4):
[2026-09-17T13:51:57.342+0000][15.188s][debug][gc,heap        ] GC(25)  def new generation   total 78720K, used 78720K [0x00000000e7000000, 0x00000000ec560000, 0x00000000ef550000)
[2026-09-17T13:51:57.342+0000][15.188s][debug][gc,heap        ] GC(25)   eden space 70016K, 100% used [0x00000000e7000000, 0x00000000eb460000, 0x00000000eb460000)
[2026-09-17T13:51:57.342+0000][15.188s][debug][gc,heap        ] GC(25)   from space 8704K, 100% used [0x00000000ebce0000, 0x00000000ec560000, 0x00000000ec560000)
[2026-09-17T13:51:57.342+0000][15.188s][debug][gc,heap        ] GC(25)   to   space 8704K,   0% used [0x00000000eb460000, 0x00000000eb460000, 0x00000000ebce0000)
[2026-09-17T13:51:57.342+0000][15.188s][debug][gc,heap        ] GC(25)  tenured generation   total 174784K, used 57936K [0x00000000ef550000, 0x00000000fa000000, 0x0000000100000000)
[2026-09-17T13:51:57.342+0000][15.188s][debug][gc,heap        ] GC(25)    the space 174784K,  33% used [0x00000000ef550000, 0x00000000f2de43c8, 0x00000000f2de4400, 0x00000000fa000000)
[2026-09-17T13:51:57.342+0000][15.188s][debug][gc,heap        ] GC(25)  Metaspace       used 105252K, committed 106112K, reserved 1179648K
[2026-09-17T13:51:57.342+0000][15.188s][debug][gc,heap        ] GC(25)   class space    used 14695K, committed 15104K, reserved 1048576K
[2026-09-17T13:51:57.413+0000][15.258s][info ][gc,heap        ] GC(25) DefNew: 78720K(78720K)->1609K(78720K) Eden: 70016K(70016K)->0K(70016K) From: 8704K(8704K)->1609K(8704K)
[2026-09-17T13:51:57.413+0000][15.258s][info ][gc,heap        ] GC(25) Tenured: 57936K(174784K)->64626K(174784K)
[2026-09-17T13:51:57.413+0000][15.258s][info ][gc,metaspace   ] GC(25) Metaspace: 105252K(106112K)->105252K(106112K) NonClass: 90556K(91008K)->90556K(91008K) Class: 14695K(15104K)->14695K(15104K)
[2026-09-17T13:51:57.413+0000][15.258s][debug][gc,heap        ] GC(25) Heap after GC invocations=26 (full 4):
[2026-09-17T13:51:57.413+0000][15.258s][debug][gc,heap        ] GC(25)  def new generation   total 78720K, used 1609K [0x00000000e7000000, 0x00000000ec560000, 0x00000000ef550000)
[2026-09-17T13:51:57.413+0000][15.258s][debug][gc,heap        ] GC(25)   eden space 70016K,   0% used [0x00000000e7000000, 0x00000000e7000000, 0x00000000eb460000)
[2026-09-17T13:51:57.413+0000][15.258s][debug][gc,heap        ] GC(25)   from space 8704K,  18% used [0x00000000eb460000, 0x00000000eb5f2748, 0x00000000ebce0000)
[2026-09-17T13:51:57.413+0000][15.258s][debug][gc,heap        ] GC(25)   to   space 8704K,   0% used [0x00000000ebce0000, 0x00000000ebce0000, 0x00000000ec560000)
[2026-09-17T13:51:57.413+0000][15.258s][debug][gc,heap        ] GC(25)  tenured generation   total 174784K, used 64626K [0x00000000ef550000, 0x00000000fa000000, 0x0000000100000000)
[2026-09-17T13:51:57.413+0000][15.258s][debug][gc,heap        ] GC(25)    the space 174784K,  36% used [0x00000000ef550000, 0x00000000f346c9c8, 0x00000000f346ca00, 0x00000000fa000000)
[2026-09-17T13:51:57.413+0000][15.258s][debug][gc,heap        ] GC(25)  Metaspace       used 105252K, committed 106112K, reserved 1179648K
[2026-09-17T13:51:57.413+0000][15.258s][debug][gc,heap        ] GC(25)   class space    used 14695K, committed 15104K, reserved 1048576K
[2026-09-17T13:51:57.413+0000][15.258s][info ][gc             ] GC(25) Pause Young (Allocation Failure) 133M->64M(247M) 70.556ms
[2026-09-17T13:51:57.413+0000][15.258s][info ][gc,cpu         ] GC(25) User=0.03s Sys=0.00s Real=0.07s
[2026-09-17T13:51:57.608+0000][15.453s][info ][gc,start       ] GC(26) Pause Young (Allocation Failure)
[2026-09-17T13:51:57.608+0000][15.453s][debug][gc,heap        ] GC(26) Heap before GC invocations=26 (full 4):
[2026-09-17T13:51:57.608+0000][15.453s][debug][gc,heap        ] GC(26)  def new generation   total 78720K, used 71625K [0x00000000e7000000, 0x00000000ec560000, 0x00000000ef550000)
[2026-09-17T13:51:57.608+0000][15.453s][debug][gc,heap        ] GC(26)   eden space 70016K, 100% used [0x00000000e7000000, 0x00000000eb460000, 0x00000000eb460000)
[2026-09-17T13:51:57.608+0000][15.453s][debug][gc,heap        ] GC(26)   from space 8704K,  18% used [0x00000000eb460000, 0x00000000eb5f2748, 0x00000000ebce0000)
[2026-09-17T13:51:57.608+0000][15.453s][debug][gc,heap        ] GC(26)   to   space 8704K,   0% used [0x00000000ebce0000, 0x00000000ebce0000, 0x00000000ec560000)
[2026-09-17T13:51:57.608+0000][15.453s][debug][gc,heap        ] GC(26)  tenured generation   total 174784K, used 64626K [0x00000000ef550000, 0x00000000fa000000, 0x0000000100000000)
[2026-09-17T13:51:57.608+0000][15.453s][debug][gc,heap        ] GC(26)    the space 174784K,  36% used [0x00000000ef550000, 0x00000000f346c9c8, 0x00000000f346ca00, 0x00000000fa000000)
[2026-09-17T13:51:57.608+0000][15.453s][debug][gc,heap        ] GC(26)  Metaspace       used 105564K, committed 106368K, reserved 1179648K
[2026-09-17T13:51:57.608+0000][15.453s][debug][gc,heap        ] GC(26)   class space    used 14729K, committed 15104K, reserved 1048576K
[2026-09-17T13:51:57.614+0000][15.459s][info ][gc,heap        ] GC(26) DefNew: 71625K(78720K)->3504K(78720K) Eden: 70016K(70016K)->0K(70016K) From: 1609K(8704K)->3504K(8704K)
[2026-09-17T13:51:57.614+0000][15.459s][info ][gc,heap        ] GC(26) Tenured: 64626K(174784K)->64626K(174784K)
[2026-09-17T13:51:57.614+0000][15.459s][info ][gc,metaspace   ] GC(26) Metaspace: 105564K(106368K)->105564K(106368K) NonClass: 90834K(91264K)->90834K(91264K) Class: 14729K(15104K)->14729K(15104K)
[2026-09-17T13:51:57.614+0000][15.459s][debug][gc,heap        ] GC(26) Heap after GC invocations=27 (full 4):
[2026-09-17T13:51:57.614+0000][15.459s][debug][gc,heap        ] GC(26)  def new generation   total 78720K, used 3504K [0x00000000e7000000, 0x00000000ec560000, 0x00000000ef550000)
[2026-09-17T13:51:57.614+0000][15.459s][debug][gc,heap        ] GC(26)   eden space 70016K,   0% used [0x00000000e7000000, 0x00000000e7000000, 0x00000000eb460000)
[2026-09-17T13:51:57.614+0000][15.459s][debug][gc,heap        ] GC(26)   from space 8704K,  40% used [0x00000000ebce0000, 0x00000000ec04c1f0, 0x00000000ec560000)
[2026-09-17T13:51:57.614+0000][15.459s][debug][gc,heap        ] GC(26)   to   space 8704K,   0% used [0x00000000eb460000, 0x00000000eb460000, 0x00000000ebce0000)
[2026-09-17T13:51:57.614+0000][15.459s][debug][gc,heap        ] GC(26)  tenured generation   total 174784K, used 64626K [0x00000000ef550000, 0x00000000fa000000, 0x0000000100000000)
[2026-09-17T13:51:57.614+0000][15.459s][debug][gc,heap        ] GC(26)    the space 174784K,  36% used [0x00000000ef550000, 0x00000000f346c9c8, 0x00000000f346ca00, 0x00000000fa000000)
[2026-09-17T13:51:57.614+0000][15.459s][debug][gc,heap        ] GC(26)  Metaspace       used 105564K, committed 106368K, reserved 1179648K
[2026-09-17T13:51:57.614+0000][15.459s][debug][gc,heap        ] GC(26)   class space    used 14729K, committed 15104K, reserved 1048576K
[2026-09-17T13:51:57.614+0000][15.459s][info ][gc             ] GC(26) Pause Young (Allocation Failure) 133M->66M(247M) 5.881ms
[2026-09-17T13:51:57.614+0000][15.459s][info ][gc,cpu         ] GC(26) User=0.01s Sys=0.00s Real=0.00s
[2026-09-17T13:51:57.723+0000][15.568s][info ][gc,start       ] GC(27) Pause Young (Allocation Failure)
[2026-09-17T13:51:57.723+0000][15.568s][debug][gc,heap        ] GC(27) Heap before GC invocations=27 (full 4):
[2026-09-17T13:51:57.723+0000][15.568s][debug][gc,heap        ] GC(27)  def new generation   total 78720K, used 73520K [0x00000000e7000000, 0x00000000ec560000, 0x00000000ef550000)
[2026-09-17T13:51:57.723+0000][15.568s][debug][gc,heap        ] GC(27)   eden space 70016K, 100% used [0x00000000e7000000, 0x00000000eb460000, 0x00000000eb460000)
[2026-09-17T13:51:57.723+0000][15.568s][debug][gc,heap        ] GC(27)   from space 8704K,  40% used [0x00000000ebce0000, 0x00000000ec04c1f0, 0x00000000ec560000)
[2026-09-17T13:51:57.723+0000][15.568s][debug][gc,heap        ] GC(27)   to   space 8704K,   0% used [0x00000000eb460000, 0x00000000eb460000, 0x00000000ebce0000)
[2026-09-17T13:51:57.723+0000][15.568s][debug][gc,heap        ] GC(27)  tenured generation   total 174784K, used 64626K [0x00000000ef550000, 0x00000000fa000000, 0x0000000100000000)
[2026-09-17T13:51:57.723+0000][15.568s][debug][gc,heap        ] GC(27)    the space 174784K,  36% used [0x00000000ef550000, 0x00000000f346c9c8, 0x00000000f346ca00, 0x00000000fa000000)
[2026-09-17T13:51:57.723+0000][15.568s][debug][gc,heap        ] GC(27)  Metaspace       used 105623K, committed 106432K, reserved 1179648K
[2026-09-17T13:51:57.723+0000][15.568s][debug][gc,heap        ] GC(27)   class space    used 14735K, committed 15104K, reserved 1048576K
[2026-09-17T13:51:57.731+0000][15.576s][info ][gc,heap        ] GC(27) DefNew: 73520K(78720K)->5858K(78720K) Eden: 70016K(70016K)->0K(70016K) From: 3504K(8704K)->5858K(8704K)
[2026-09-17T13:51:57.731+0000][15.576s][info ][gc,heap        ] GC(27) Tenured: 64626K(174784K)->64626K(174784K)
[2026-09-17T13:51:57.731+0000][15.576s][info ][gc,metaspace   ] GC(27) Metaspace: 105623K(106432K)->105623K(106432K) NonClass: 90887K(91328K)->90887K(91328K) Class: 14735K(15104K)->14735K(15104K)
[2026-09-17T13:51:57.731+0000][15.576s][debug][gc,heap        ] GC(27) Heap after GC invocations=28 (full 4):
[2026-09-17T13:51:57.731+0000][15.576s][debug][gc,heap        ] GC(27)  def new generation   total 78720K, used 5858K [0x00000000e7000000, 0x00000000ec560000, 0x00000000ef550000)
[2026-09-17T13:51:57.731+0000][15.576s][debug][gc,heap        ] GC(27)   eden space 70016K,   0% used [0x00000000e7000000, 0x00000000e7000000, 0x00000000eb460000)
[2026-09-17T13:51:57.731+0000][15.576s][debug][gc,heap        ] GC(27)   from space 8704K,  67% used [0x00000000eb460000, 0x00000000eba18948, 0x00000000ebce0000)
[2026-09-17T13:51:57.731+0000][15.576s][debug][gc,heap        ] GC(27)   to   space 8704K,   0% used [0x00000000ebce0000, 0x00000000ebce0000, 0x00000000ec560000)
[2026-09-17T13:51:57.731+0000][15.576s][debug][gc,heap        ] GC(27)  tenured generation   total 174784K, used 64626K [0x00000000ef550000, 0x00000000fa000000, 0x0000000100000000)
[2026-09-17T13:51:57.731+0000][15.576s][debug][gc,heap        ] GC(27)    the space 174784K,  36% used [0x00000000ef550000, 0x00000000f346c9c8, 0x00000000f346ca00, 0x00000000fa000000)
[2026-09-17T13:51:57.731+0000][15.576s][debug][gc,heap        ] GC(27)  Metaspace       used 105623K, committed 106432K, reserved 1179648K
[2026-09-17T13:51:57.731+0000][15.576s][debug][gc,heap        ] GC(27)   class space    used 14735K, committed 15104K, reserved 1048576K
[2026-09-17T13:51:57.731+0000][15.576s][info ][gc             ] GC(27) Pause Young (Allocation Failure) 134M->68M(247M) 8.016ms
[2026-09-17T13:51:57.731+0000][15.576s][info ][gc,cpu         ] GC(27) User=0.01s Sys=0.00s Real=0.01s
[2026-09-17T13:51:58.235+0000][16.080s][info ][gc,start       ] GC(28) Pause Young (Allocation Failure)
[2026-09-17T13:51:58.235+0000][16.080s][debug][gc,heap        ] GC(28) Heap before GC invocations=28 (full 4):
[2026-09-17T13:51:58.235+0000][16.080s][debug][gc,heap        ] GC(28)  def new generation   total 78720K, used 75874K [0x00000000e7000000, 0x00000000ec560000, 0x00000000ef550000)
[2026-09-17T13:51:58.235+0000][16.080s][debug][gc,heap        ] GC(28)   eden space 70016K, 100% used [0x00000000e7000000, 0x00000000eb460000, 0x00000000eb460000)
[2026-09-17T13:51:58.235+0000][16.080s][debug][gc,heap        ] GC(28)   from space 8704K,  67% used [0x00000000eb460000, 0x00000000eba18948, 0x00000000ebce0000)
[2026-09-17T13:51:58.235+0000][16.080s][debug][gc,heap        ] GC(28)   to   space 8704K,   0% used [0x00000000ebce0000, 0x00000000ebce0000, 0x00000000ec560000)
[2026-09-17T13:51:58.235+0000][16.080s][debug][gc,heap        ] GC(28)  tenured generation   total 174784K, used 64626K [0x00000000ef550000, 0x00000000fa000000, 0x0000000100000000)
[2026-09-17T13:51:58.235+0000][16.080s][debug][gc,heap        ] GC(28)    the space 174784K,  36% used [0x00000000ef550000, 0x00000000f346c9c8, 0x00000000f346ca00, 0x00000000fa000000)
[2026-09-17T13:51:58.235+0000][16.080s][debug][gc,heap        ] GC(28)  Metaspace       used 111006K, committed 111872K, reserved 1179648K
[2026-09-17T13:51:58.235+0000][16.080s][debug][gc,heap        ] GC(28)   class space    used 15307K, committed 15680K, reserved 1048576K
[2026-09-17T13:51:58.244+0000][16.089s][info ][gc,heap        ] GC(28) DefNew: 75874K(78720K)->2417K(78720K) Eden: 70016K(70016K)->0K(70016K) From: 5858K(8704K)->2417K(8704K)
[2026-09-17T13:51:58.244+0000][16.089s][info ][gc,heap        ] GC(28) Tenured: 64626K(174784K)->67137K(174784K)
[2026-09-17T13:51:58.244+0000][16.089s][info ][gc,metaspace   ] GC(28) Metaspace: 111006K(111872K)->111006K(111872K) NonClass: 95699K(96192K)->95699K(96192K) Class: 15307K(15680K)->15307K(15680K)
[2026-09-17T13:51:58.244+0000][16.089s][debug][gc,heap        ] GC(28) Heap after GC invocations=29 (full 4):
[2026-09-17T13:51:58.244+0000][16.089s][debug][gc,heap        ] GC(28)  def new generation   total 78720K, used 2417K [0x00000000e7000000, 0x00000000ec560000, 0x00000000ef550000)
[2026-09-17T13:51:58.244+0000][16.089s][debug][gc,heap        ] GC(28)   eden space 70016K,   0% used [0x00000000e7000000, 0x00000000e7000000, 0x00000000eb460000)
[2026-09-17T13:51:58.244+0000][16.089s][debug][gc,heap        ] GC(28)   from space 8704K,  27% used [0x00000000ebce0000, 0x00000000ebf3c700, 0x00000000ec560000)
[2026-09-17T13:51:58.244+0000][16.089s][debug][gc,heap        ] GC(28)   to   space 8704K,   0% used [0x00000000eb460000, 0x00000000eb460000, 0x00000000ebce0000)
[2026-09-17T13:51:58.244+0000][16.089s][debug][gc,heap        ] GC(28)  tenured generation   total 174784K, used 67137K [0x00000000ef550000, 0x00000000fa000000, 0x0000000100000000)
[2026-09-17T13:51:58.244+0000][16.089s][debug][gc,heap        ] GC(28)    the space 174784K,  38% used [0x00000000ef550000, 0x00000000f36e0740, 0x00000000f36e0800, 0x00000000fa000000)
[2026-09-17T13:51:58.244+0000][16.089s][debug][gc,heap        ] GC(28)  Metaspace       used 111006K, committed 111872K, reserved 1179648K
[2026-09-17T13:51:58.244+0000][16.089s][debug][gc,heap        ] GC(28)   class space    used 15307K, committed 15680K, reserved 1048576K
[2026-09-17T13:51:58.244+0000][16.089s][info ][gc             ] GC(28) Pause Young (Allocation Failure) 137M->67M(247M) 8.586ms
[2026-09-17T13:51:58.244+0000][16.089s][info ][gc,cpu         ] GC(28) User=0.01s Sys=0.00s Real=0.00s
[2026-09-17T13:51:58.903+0000][16.748s][info ][gc,start       ] GC(29) Pause Young (Allocation Failure)
[2026-09-17T13:51:58.903+0000][16.748s][debug][gc,heap        ] GC(29) Heap before GC invocations=29 (full 4):
[2026-09-17T13:51:58.903+0000][16.748s][debug][gc,heap        ] GC(29)  def new generation   total 78720K, used 72433K [0x00000000e7000000, 0x00000000ec560000, 0x00000000ef550000)
[2026-09-17T13:51:58.903+0000][16.748s][debug][gc,heap        ] GC(29)   eden space 70016K, 100% used [0x00000000e7000000, 0x00000000eb460000, 0x00000000eb460000)
[2026-09-17T13:51:58.903+0000][16.748s][debug][gc,heap        ] GC(29)   from space 8704K,  27% used [0x00000000ebce0000, 0x00000000ebf3c700, 0x00000000ec560000)
[2026-09-17T13:51:58.903+0000][16.748s][debug][gc,heap        ] GC(29)   to   space 8704K,   0% used [0x00000000eb460000, 0x00000000eb460000, 0x00000000ebce0000)
[2026-09-17T13:51:58.903+0000][16.748s][debug][gc,heap        ] GC(29)  tenured generation   total 174784K, used 67137K [0x00000000ef550000, 0x00000000fa000000, 0x0000000100000000)
[2026-09-17T13:51:58.903+0000][16.748s][debug][gc,heap        ] GC(29)    the space 174784K,  38% used [0x00000000ef550000, 0x00000000f36e0740, 0x00000000f36e0800, 0x00000000fa000000)
[2026-09-17T13:51:58.903+0000][16.748s][debug][gc,heap        ] GC(29)  Metaspace       used 114998K, committed 115840K, reserved 1179648K
[2026-09-17T13:51:58.903+0000][16.748s][debug][gc,heap        ] GC(29)   class space    used 15838K, committed 16256K, reserved 1048576K
[2026-09-17T13:51:58.913+0000][16.758s][info ][gc,heap        ] GC(29) DefNew: 72433K(78720K)->5340K(78720K) Eden: 70016K(70016K)->0K(70016K) From: 2417K(8704K)->5340K(8704K)
[2026-09-17T13:51:58.913+0000][16.758s][info ][gc,heap        ] GC(29) Tenured: 67137K(174784K)->67137K(174784K)
[2026-09-17T13:51:58.913+0000][16.758s][info ][gc,metaspace   ] GC(29) Metaspace: 114998K(115840K)->114998K(115840K) NonClass: 99159K(99584K)->99159K(99584K) Class: 15838K(16256K)->15838K(16256K)
[2026-09-17T13:51:58.913+0000][16.758s][debug][gc,heap        ] GC(29) Heap after GC invocations=30 (full 4):
[2026-09-17T13:51:58.913+0000][16.758s][debug][gc,heap        ] GC(29)  def new generation   total 78720K, used 5340K [0x00000000e7000000, 0x00000000ec560000, 0x00000000ef550000)
[2026-09-17T13:51:58.913+0000][16.758s][debug][gc,heap        ] GC(29)   eden space 70016K,   0% used [0x00000000e7000000, 0x00000000e7000000, 0x00000000eb460000)
[2026-09-17T13:51:58.913+0000][16.758s][debug][gc,heap        ] GC(29)   from space 8704K,  61% used [0x00000000eb460000, 0x00000000eb997218, 0x00000000ebce0000)
[2026-09-17T13:51:58.913+0000][16.758s][debug][gc,heap        ] GC(29)   to   space 8704K,   0% used [0x00000000ebce0000, 0x00000000ebce0000, 0x00000000ec560000)
[2026-09-17T13:51:58.913+0000][16.758s][debug][gc,heap        ] GC(29)  tenured generation   total 174784K, used 67137K [0x00000000ef550000, 0x00000000fa000000, 0x0000000100000000)
[2026-09-17T13:51:58.913+0000][16.758s][debug][gc,heap        ] GC(29)    the space 174784K,  38% used [0x00000000ef550000, 0x00000000f36e0740, 0x00000000f36e0800, 0x00000000fa000000)
[2026-09-17T13:51:58.913+0000][16.758s][debug][gc,heap        ] GC(29)  Metaspace       used 114998K, committed 115840K, reserved 1179648K
[2026-09-17T13:51:58.913+0000][16.758s][debug][gc,heap        ] GC(29)   class space    used 15838K, committed 16256K, reserved 1048576K
[2026-09-17T13:51:58.913+0000][16.758s][info ][gc             ] GC(29) Pause Young (Allocation Failure) 136M->70M(247M) 10.184ms
[2026-09-17T13:51:58.913+0000][16.758s][info ][gc,cpu         ] GC(29) User=0.02s Sys=0.00s Real=0.01s
[2026-09-17T13:51:59.330+0000][17.175s][info ][gc,start       ] GC(30) Pause Young (Allocation Failure)
[2026-09-17T13:51:59.330+0000][17.175s][debug][gc,heap        ] GC(30) Heap before GC invocations=30 (full 4):
[2026-09-17T13:51:59.330+0000][17.175s][debug][gc,heap        ] GC(30)  def new generation   total 78720K, used 75356K [0x00000000e7000000, 0x00000000ec560000, 0x00000000ef550000)
[2026-09-17T13:51:59.330+0000][17.175s][debug][gc,heap        ] GC(30)   eden space 70016K, 100% used [0x00000000e7000000, 0x00000000eb460000, 0x00000000eb460000)
[2026-09-17T13:51:59.330+0000][17.175s][debug][gc,heap        ] GC(30)   from space 8704K,  61% used [0x00000000eb460000, 0x00000000eb997218, 0x00000000ebce0000)
[2026-09-17T13:51:59.330+0000][17.175s][debug][gc,heap        ] GC(30)   to   space 8704K,   0% used [0x00000000ebce0000, 0x00000000ebce0000, 0x00000000ec560000)
[2026-09-17T13:51:59.330+0000][17.175s][debug][gc,heap        ] GC(30)  tenured generation   total 174784K, used 67137K [0x00000000ef550000, 0x00000000fa000000, 0x0000000100000000)
[2026-09-17T13:51:59.330+0000][17.175s][debug][gc,heap        ] GC(30)    the space 174784K,  38% used [0x00000000ef550000, 0x00000000f36e0740, 0x00000000f36e0800, 0x00000000fa000000)
[2026-09-17T13:51:59.330+0000][17.175s][debug][gc,heap        ] GC(30)  Metaspace       used 116308K, committed 117312K, reserved 1179648K
[2026-09-17T13:51:59.330+0000][17.175s][debug][gc,heap        ] GC(30)   class space    used 16032K, committed 16512K, reserved 1048576K
[2026-09-17T13:51:59.342+0000][17.187s][info ][gc,heap        ] GC(30) DefNew: 75356K(78720K)->5253K(78720K) Eden: 70016K(70016K)->0K(70016K) From: 5340K(8704K)->5253K(8704K)
[2026-09-17T13:51:59.342+0000][17.187s][info ][gc,heap        ] GC(30) Tenured: 67137K(174784K)->69471K(174784K)
[2026-09-17T13:51:59.342+0000][17.187s][info ][gc,metaspace   ] GC(30) Metaspace: 116308K(117312K)->116308K(117312K) NonClass: 100275K(100800K)->100275K(100800K) Class: 16032K(16512K)->16032K(16512K)
[2026-09-17T13:51:59.342+0000][17.187s][debug][gc,heap        ] GC(30) Heap after GC invocations=31 (full 4):
[2026-09-17T13:51:59.342+0000][17.187s][debug][gc,heap        ] GC(30)  def new generation   total 78720K, used 5253K [0x00000000e7000000, 0x00000000ec560000, 0x00000000ef550000)
[2026-09-17T13:51:59.342+0000][17.187s][debug][gc,heap        ] GC(30)   eden space 70016K,   0% used [0x00000000e7000000, 0x00000000e7000000, 0x00000000eb460000)
[2026-09-17T13:51:59.342+0000][17.187s][debug][gc,heap        ] GC(30)   from space 8704K,  60% used [0x00000000ebce0000, 0x00000000ec2014a0, 0x00000000ec560000)
[2026-09-17T13:51:59.342+0000][17.187s][debug][gc,heap        ] GC(30)   to   space 8704K,   0% used [0x00000000eb460000, 0x00000000eb460000, 0x00000000ebce0000)
[2026-09-17T13:51:59.342+0000][17.187s][debug][gc,heap        ] GC(30)  tenured generation   total 174784K, used 69471K [0x00000000ef550000, 0x00000000fa000000, 0x0000000100000000)
[2026-09-17T13:51:59.342+0000][17.187s][debug][gc,heap        ] GC(30)    the space 174784K,  39% used [0x00000000ef550000, 0x00000000f3927d48, 0x00000000f3927e00, 0x00000000fa000000)
[2026-09-17T13:51:59.342+0000][17.187s][debug][gc,heap        ] GC(30)  Metaspace       used 116308K, committed 117312K, reserved 1179648K
[2026-09-17T13:51:59.342+0000][17.187s][debug][gc,heap        ] GC(30)   class space    used 16032K, committed 16512K, reserved 1048576K
[2026-09-17T13:51:59.342+0000][17.187s][info ][gc             ] GC(30) Pause Young (Allocation Failure) 139M->72M(247M) 11.929ms
[2026-09-17T13:51:59.342+0000][17.187s][info ][gc,cpu         ] GC(30) User=0.01s Sys=0.00s Real=0.01s
[2026-09-17T13:52:00.022+0000][17.867s][info ][gc,start       ] GC(31) Pause Young (Allocation Failure)
[2026-09-17T13:52:00.022+0000][17.867s][debug][gc,heap        ] GC(31) Heap before GC invocations=31 (full 4):
[2026-09-17T13:52:00.022+0000][17.867s][debug][gc,heap        ] GC(31)  def new generation   total 78720K, used 75269K [0x00000000e7000000, 0x00000000ec560000, 0x00000000ef550000)
[2026-09-17T13:52:00.022+0000][17.867s][debug][gc,heap        ] GC(31)   eden space 70016K, 100% used [0x00000000e7000000, 0x00000000eb460000, 0x00000000eb460000)
[2026-09-17T13:52:00.022+0000][17.867s][debug][gc,heap        ] GC(31)   from space 8704K,  60% used [0x00000000ebce0000, 0x00000000ec2014a0, 0x00000000ec560000)
[2026-09-17T13:52:00.022+0000][17.867s][debug][gc,heap        ] GC(31)   to   space 8704K,   0% used [0x00000000eb460000, 0x00000000eb460000, 0x00000000ebce0000)
[2026-09-17T13:52:00.022+0000][17.867s][debug][gc,heap        ] GC(31)  tenured generation   total 174784K, used 69471K [0x00000000ef550000, 0x00000000fa000000, 0x0000000100000000)
[2026-09-17T13:52:00.022+0000][17.867s][debug][gc,heap        ] GC(31)    the space 174784K,  39% used [0x00000000ef550000, 0x00000000f3927d48, 0x00000000f3927e00, 0x00000000fa000000)
[2026-09-17T13:52:00.022+0000][17.867s][debug][gc,heap        ] GC(31)  Metaspace       used 119784K, committed 120768K, reserved 1179648K
[2026-09-17T13:52:00.022+0000][17.867s][debug][gc,heap        ] GC(31)   class space    used 16535K, committed 17024K, reserved 1048576K
[2026-09-17T13:52:00.036+0000][17.881s][info ][gc,heap        ] GC(31) DefNew: 75269K(78720K)->4779K(78720K) Eden: 70016K(70016K)->0K(70016K) From: 5253K(8704K)->4779K(8704K)
[2026-09-17T13:52:00.036+0000][17.881s][info ][gc,heap        ] GC(31) Tenured: 69471K(174784K)->72412K(174784K)
[2026-09-17T13:52:00.036+0000][17.881s][info ][gc,metaspace   ] GC(31) Metaspace: 119784K(120768K)->119784K(120768K) NonClass: 103248K(103744K)->103248K(103744K) Class: 16535K(17024K)->16535K(17024K)
[2026-09-17T13:52:00.036+0000][17.881s][debug][gc,heap        ] GC(31) Heap after GC invocations=32 (full 4):
[2026-09-17T13:52:00.036+0000][17.881s][debug][gc,heap        ] GC(31)  def new generation   total 78720K, used 4779K [0x00000000e7000000, 0x00000000ec560000, 0x00000000ef550000)
[2026-09-17T13:52:00.036+0000][17.881s][debug][gc,heap        ] GC(31)   eden space 70016K,   0% used [0x00000000e7000000, 0x00000000e7000000, 0x00000000eb460000)
[2026-09-17T13:52:00.036+0000][17.881s][debug][gc,heap        ] GC(31)   from space 8704K,  54% used [0x00000000eb460000, 0x00000000eb90ad30, 0x00000000ebce0000)
[2026-09-17T13:52:00.036+0000][17.881s][debug][gc,heap        ] GC(31)   to   space 8704K,   0% used [0x00000000ebce0000, 0x00000000ebce0000, 0x00000000ec560000)
[2026-09-17T13:52:00.036+0000][17.881s][debug][gc,heap        ] GC(31)  tenured generation   total 174784K, used 72412K [0x00000000ef550000, 0x00000000fa000000, 0x0000000100000000)
[2026-09-17T13:52:00.036+0000][17.881s][debug][gc,heap        ] GC(31)    the space 174784K,  41% used [0x00000000ef550000, 0x00000000f3c07328, 0x00000000f3c07400, 0x00000000fa000000)
[2026-09-17T13:52:00.036+0000][17.881s][debug][gc,heap        ] GC(31)  Metaspace       used 119784K, committed 120768K, reserved 1179648K
[2026-09-17T13:52:00.036+0000][17.881s][debug][gc,heap        ] GC(31)   class space    used 16535K, committed 17024K, reserved 1048576K
[2026-09-17T13:52:00.036+0000][17.881s][info ][gc             ] GC(31) Pause Young (Allocation Failure) 141M->75M(247M) 14.146ms
[2026-09-17T13:52:00.036+0000][17.881s][info ][gc,cpu         ] GC(31) User=0.02s Sys=0.00s Real=0.02s
[2026-09-17T13:52:00.900+0000][18.745s][info ][gc,start       ] GC(32) Pause Young (Allocation Failure)
[2026-09-17T13:52:00.900+0000][18.745s][debug][gc,heap        ] GC(32) Heap before GC invocations=32 (full 4):
[2026-09-17T13:52:00.900+0000][18.745s][debug][gc,heap        ] GC(32)  def new generation   total 78720K, used 74795K [0x00000000e7000000, 0x00000000ec560000, 0x00000000ef550000)
[2026-09-17T13:52:00.900+0000][18.746s][debug][gc,heap        ] GC(32)   eden space 70016K, 100% used [0x00000000e7000000, 0x00000000eb460000, 0x00000000eb460000)
[2026-09-17T13:52:00.900+0000][18.746s][debug][gc,heap        ] GC(32)   from space 8704K,  54% used [0x00000000eb460000, 0x00000000eb90ad30, 0x00000000ebce0000)
[2026-09-17T13:52:00.900+0000][18.746s][debug][gc,heap        ] GC(32)   to   space 8704K,   0% used [0x00000000ebce0000, 0x00000000ebce0000, 0x00000000ec560000)
[2026-09-17T13:52:00.900+0000][18.746s][debug][gc,heap        ] GC(32)  tenured generation   total 174784K, used 72412K [0x00000000ef550000, 0x00000000fa000000, 0x0000000100000000)
[2026-09-17T13:52:00.900+0000][18.746s][debug][gc,heap        ] GC(32)    the space 174784K,  41% used [0x00000000ef550000, 0x00000000f3c07328, 0x00000000f3c07400, 0x00000000fa000000)
[2026-09-17T13:52:00.900+0000][18.746s][debug][gc,heap        ] GC(32)  Metaspace       used 122519K, committed 123584K, reserved 1179648K
[2026-09-17T13:52:00.900+0000][18.746s][debug][gc,heap        ] GC(32)   class space    used 16954K, committed 17472K, reserved 1048576K
[2026-09-17T13:52:00.915+0000][18.760s][info ][gc,heap        ] GC(32) DefNew: 74795K(78720K)->4713K(78720K) Eden: 70016K(70016K)->0K(70016K) From: 4779K(8704K)->4713K(8704K)
[2026-09-17T13:52:00.915+0000][18.760s][info ][gc,heap        ] GC(32) Tenured: 72412K(174784K)->74690K(174784K)
[2026-09-17T13:52:00.915+0000][18.760s][info ][gc,metaspace   ] GC(32) Metaspace: 122519K(123584K)->122519K(123584K) NonClass: 105565K(106112K)->105565K(106112K) Class: 16954K(17472K)->16954K(17472K)
[2026-09-17T13:52:00.915+0000][18.760s][debug][gc,heap        ] GC(32) Heap after GC invocations=33 (full 4):
[2026-09-17T13:52:00.915+0000][18.760s][debug][gc,heap        ] GC(32)  def new generation   total 78720K, used 4713K [0x00000000e7000000, 0x00000000ec560000, 0x00000000ef550000)
[2026-09-17T13:52:00.915+0000][18.760s][debug][gc,heap        ] GC(32)   eden space 70016K,   0% used [0x00000000e7000000, 0x00000000e7000000, 0x00000000eb460000)
[2026-09-17T13:52:00.915+0000][18.760s][debug][gc,heap        ] GC(32)   from space 8704K,  54% used [0x00000000ebce0000, 0x00000000ec17a420, 0x00000000ec560000)
[2026-09-17T13:52:00.915+0000][18.760s][debug][gc,heap        ] GC(32)   to   space 8704K,   0% used [0x00000000eb460000, 0x00000000eb460000, 0x00000000ebce0000)
[2026-09-17T13:52:00.915+0000][18.760s][debug][gc,heap        ] GC(32)  tenured generation   total 174784K, used 74690K [0x00000000ef550000, 0x00000000fa000000, 0x0000000100000000)
[2026-09-17T13:52:00.915+0000][18.760s][debug][gc,heap        ] GC(32)    the space 174784K,  42% used [0x00000000ef550000, 0x00000000f3e40be0, 0x00000000f3e40c00, 0x00000000fa000000)
[2026-09-17T13:52:00.915+0000][18.760s][debug][gc,heap        ] GC(32)  Metaspace       used 122519K, committed 123584K, reserved 1179648K
[2026-09-17T13:52:00.915+0000][18.760s][debug][gc,heap        ] GC(32)   class space    used 16954K, committed 17472K, reserved 1048576K
[2026-09-17T13:52:00.915+0000][18.760s][info ][gc             ] GC(32) Pause Young (Allocation Failure) 143M->77M(247M) 14.229ms
[2026-09-17T13:52:00.915+0000][18.760s][info ][gc,cpu         ] GC(32) User=0.02s Sys=0.00s Real=0.01s
[2026-09-17T13:52:01.709+0000][19.555s][info ][gc,start       ] GC(33) Pause Young (Allocation Failure)
[2026-09-17T13:52:01.709+0000][19.555s][debug][gc,heap        ] GC(33) Heap before GC invocations=33 (full 4):
[2026-09-17T13:52:01.709+0000][19.555s][debug][gc,heap        ] GC(33)  def new generation   total 78720K, used 74729K [0x00000000e7000000, 0x00000000ec560000, 0x00000000ef550000)
[2026-09-17T13:52:01.709+0000][19.555s][debug][gc,heap        ] GC(33)   eden space 70016K, 100% used [0x00000000e7000000, 0x00000000eb460000, 0x00000000eb460000)
[2026-09-17T13:52:01.709+0000][19.555s][debug][gc,heap        ] GC(33)   from space 8704K,  54% used [0x00000000ebce0000, 0x00000000ec17a420, 0x00000000ec560000)
[2026-09-17T13:52:01.710+0000][19.555s][debug][gc,heap        ] GC(33)   to   space 8704K,   0% used [0x00000000eb460000, 0x00000000eb460000, 0x00000000ebce0000)
[2026-09-17T13:52:01.710+0000][19.555s][debug][gc,heap        ] GC(33)  tenured generation   total 174784K, used 74690K [0x00000000ef550000, 0x00000000fa000000, 0x0000000100000000)
[2026-09-17T13:52:01.710+0000][19.555s][debug][gc,heap        ] GC(33)    the space 174784K,  42% used [0x00000000ef550000, 0x00000000f3e40be0, 0x00000000f3e40c00, 0x00000000fa000000)
[2026-09-17T13:52:01.710+0000][19.555s][debug][gc,heap        ] GC(33)  Metaspace       used 127564K, committed 128704K, reserved 1179648K
[2026-09-17T13:52:01.710+0000][19.555s][debug][gc,heap        ] GC(33)   class space    used 17644K, committed 18176K, reserved 1048576K
[2026-09-17T13:52:01.725+0000][19.570s][info ][gc,heap        ] GC(33) DefNew: 74729K(78720K)->4605K(78720K) Eden: 70016K(70016K)->0K(70016K) From: 4713K(8704K)->4605K(8704K)
[2026-09-17T13:52:01.725+0000][19.570s][info ][gc,heap        ] GC(33) Tenured: 74690K(174784K)->77008K(174784K)
[2026-09-17T13:52:01.725+0000][19.570s][info ][gc,metaspace   ] GC(33) Metaspace: 127564K(128704K)->127564K(128704K) NonClass: 109919K(110528K)->109919K(110528K) Class: 17644K(18176K)->17644K(18176K)
[2026-09-17T13:52:01.725+0000][19.570s][debug][gc,heap        ] GC(33) Heap after GC invocations=34 (full 4):
[2026-09-17T13:52:01.725+0000][19.570s][debug][gc,heap        ] GC(33)  def new generation   total 78720K, used 4605K [0x00000000e7000000, 0x00000000ec560000, 0x00000000ef550000)
[2026-09-17T13:52:01.725+0000][19.570s][debug][gc,heap        ] GC(33)   eden space 70016K,   0% used [0x00000000e7000000, 0x00000000e7000000, 0x00000000eb460000)
[2026-09-17T13:52:01.725+0000][19.570s][debug][gc,heap        ] GC(33)   from space 8704K,  52% used [0x00000000eb460000, 0x00000000eb8df520, 0x00000000ebce0000)
[2026-09-17T13:52:01.725+0000][19.570s][debug][gc,heap        ] GC(33)   to   space 8704K,   0% used [0x00000000ebce0000, 0x00000000ebce0000, 0x00000000ec560000)
[2026-09-17T13:52:01.725+0000][19.570s][debug][gc,heap        ] GC(33)  tenured generation   total 174784K, used 77008K [0x00000000ef550000, 0x00000000fa000000, 0x0000000100000000)
[2026-09-17T13:52:01.725+0000][19.570s][debug][gc,heap        ] GC(33)    the space 174784K,  44% used [0x00000000ef550000, 0x00000000f4084098, 0x00000000f4084200, 0x00000000fa000000)
[2026-09-17T13:52:01.725+0000][19.570s][debug][gc,heap        ] GC(33)  Metaspace       used 127564K, committed 128704K, reserved 1179648K
[2026-09-17T13:52:01.725+0000][19.570s][debug][gc,heap        ] GC(33)   class space    used 17644K, committed 18176K, reserved 1048576K
[2026-09-17T13:52:01.725+0000][19.570s][info ][gc             ] GC(33) Pause Young (Allocation Failure) 145M->79M(247M) 15.616ms
[2026-09-17T13:52:01.725+0000][19.570s][info ][gc,cpu         ] GC(33) User=0.02s Sys=0.00s Real=0.01s
[2026-09-17T13:52:02.445+0000][20.290s][info ][gc,start       ] GC(34) Pause Young (Allocation Failure)
[2026-09-17T13:52:02.445+0000][20.290s][debug][gc,heap        ] GC(34) Heap before GC invocations=34 (full 4):
[2026-09-17T13:52:02.445+0000][20.290s][debug][gc,heap        ] GC(34)  def new generation   total 78720K, used 74621K [0x00000000e7000000, 0x00000000ec560000, 0x00000000ef550000)
[2026-09-17T13:52:02.445+0000][20.290s][debug][gc,heap        ] GC(34)   eden space 70016K, 100% used [0x00000000e7000000, 0x00000000eb460000, 0x00000000eb460000)
[2026-09-17T13:52:02.445+0000][20.290s][debug][gc,heap        ] GC(34)   from space 8704K,  52% used [0x00000000eb460000, 0x00000000eb8df520, 0x00000000ebce0000)
[2026-09-17T13:52:02.445+0000][20.290s][debug][gc,heap        ] GC(34)   to   space 8704K,   0% used [0x00000000ebce0000, 0x00000000ebce0000, 0x00000000ec560000)
[2026-09-17T13:52:02.445+0000][20.290s][debug][gc,heap        ] GC(34)  tenured generation   total 174784K, used 77008K [0x00000000ef550000, 0x00000000fa000000, 0x0000000100000000)
[2026-09-17T13:52:02.445+0000][20.290s][debug][gc,heap        ] GC(34)    the space 174784K,  44% used [0x00000000ef550000, 0x00000000f4084098, 0x00000000f4084200, 0x00000000fa000000)
[2026-09-17T13:52:02.445+0000][20.290s][debug][gc,heap        ] GC(34)  Metaspace       used 132192K, committed 133376K, reserved 1179648K
[2026-09-17T13:52:02.445+0000][20.290s][debug][gc,heap        ] GC(34)   class space    used 18268K, committed 18816K, reserved 1048576K
[2026-09-17T13:52:02.458+0000][20.303s][info ][gc,heap        ] GC(34) DefNew: 74621K(78720K)->3916K(78720K) Eden: 70016K(70016K)->0K(70016K) From: 4605K(8704K)->3916K(8704K)
[2026-09-17T13:52:02.458+0000][20.303s][info ][gc,heap        ] GC(34) Tenured: 77008K(174784K)->79064K(174784K)
[2026-09-17T13:52:02.458+0000][20.303s][info ][gc,metaspace   ] GC(34) Metaspace: 132192K(133376K)->132192K(133376K) NonClass: 113924K(114560K)->113924K(114560K) Class: 18268K(18816K)->18268K(18816K)
[2026-09-17T13:52:02.458+0000][20.303s][debug][gc,heap        ] GC(34) Heap after GC invocations=35 (full 4):
[2026-09-17T13:52:02.458+0000][20.303s][debug][gc,heap        ] GC(34)  def new generation   total 78720K, used 3916K [0x00000000e7000000, 0x00000000ec560000, 0x00000000ef550000)
[2026-09-17T13:52:02.458+0000][20.303s][debug][gc,heap        ] GC(34)   eden space 70016K,   0% used [0x00000000e7000000, 0x00000000e7000000, 0x00000000eb460000)
[2026-09-17T13:52:02.458+0000][20.303s][debug][gc,heap        ] GC(34)   from space 8704K,  44% used [0x00000000ebce0000, 0x00000000ec0b3120, 0x00000000ec560000)
[2026-09-17T13:52:02.458+0000][20.303s][debug][gc,heap        ] GC(34)   to   space 8704K,   0% used [0x00000000eb460000, 0x00000000eb460000, 0x00000000ebce0000)
[2026-09-17T13:52:02.458+0000][20.303s][debug][gc,heap        ] GC(34)  tenured generation   total 174784K, used 79064K [0x00000000ef550000, 0x00000000fa000000, 0x0000000100000000)
[2026-09-17T13:52:02.458+0000][20.303s][debug][gc,heap        ] GC(34)    the space 174784K,  45% used [0x00000000ef550000, 0x00000000f4286000, 0x00000000f4286000, 0x00000000fa000000)
[2026-09-17T13:52:02.458+0000][20.303s][debug][gc,heap        ] GC(34)  Metaspace       used 132192K, committed 133376K, reserved 1179648K
[2026-09-17T13:52:02.458+0000][20.303s][debug][gc,heap        ] GC(34)   class space    used 18268K, committed 18816K, reserved 1048576K
[2026-09-17T13:52:02.458+0000][20.303s][info ][gc             ] GC(34) Pause Young (Allocation Failure) 148M->81M(247M) 13.010ms
[2026-09-17T13:52:02.458+0000][20.303s][info ][gc,cpu         ] GC(34) User=0.00s Sys=0.01s Real=0.02s
[2026-09-17T13:52:33.126+0000][50.971s][info ][gc,start       ] GC(35) Pause Young (Allocation Failure)
[2026-09-17T13:52:33.126+0000][50.971s][debug][gc,heap        ] GC(35) Heap before GC invocations=35 (full 4):
[2026-09-17T13:52:33.126+0000][50.971s][debug][gc,heap        ] GC(35)  def new generation   total 78720K, used 73932K [0x00000000e7000000, 0x00000000ec560000, 0x00000000ef550000)
[2026-09-17T13:52:33.126+0000][50.971s][debug][gc,heap        ] GC(35)   eden space 70016K, 100% used [0x00000000e7000000, 0x00000000eb460000, 0x00000000eb460000)
[2026-09-17T13:52:33.126+0000][50.971s][debug][gc,heap        ] GC(35)   from space 8704K,  44% used [0x00000000ebce0000, 0x00000000ec0b3120, 0x00000000ec560000)
[2026-09-17T13:52:33.126+0000][50.971s][debug][gc,heap        ] GC(35)   to   space 8704K,   0% used [0x00000000eb460000, 0x00000000eb460000, 0x00000000ebce0000)
[2026-09-17T13:52:33.126+0000][50.971s][debug][gc,heap        ] GC(35)  tenured generation   total 174784K, used 79064K [0x00000000ef550000, 0x00000000fa000000, 0x0000000100000000)
[2026-09-17T13:52:33.126+0000][50.971s][debug][gc,heap        ] GC(35)    the space 174784K,  45% used [0x00000000ef550000, 0x00000000f4286000, 0x00000000f4286000, 0x00000000fa000000)
[2026-09-17T13:52:33.126+0000][50.971s][debug][gc,heap        ] GC(35)  Metaspace       used 137038K, committed 138304K, reserved 1179648K
[2026-09-17T13:52:33.126+0000][50.971s][debug][gc,heap        ] GC(35)   class space    used 18718K, committed 19328K, reserved 1048576K
[2026-09-17T13:52:33.138+0000][50.983s][info ][gc,heap        ] GC(35) DefNew: 73932K(78720K)->5050K(78720K) Eden: 70016K(70016K)->0K(70016K) From: 3916K(8704K)->5050K(8704K)
[2026-09-17T13:52:33.138+0000][50.983s][info ][gc,heap        ] GC(35) Tenured: 79064K(174784K)->79064K(174784K)
[2026-09-17T13:52:33.138+0000][50.983s][info ][gc,metaspace   ] GC(35) Metaspace: 137038K(138304K)->137038K(138304K) NonClass: 118319K(118976K)->118319K(118976K) Class: 18718K(19328K)->18718K(19328K)
[2026-09-17T13:52:33.138+0000][50.983s][debug][gc,heap        ] GC(35) Heap after GC invocations=36 (full 4):
[2026-09-17T13:52:33.138+0000][50.983s][debug][gc,heap        ] GC(35)  def new generation   total 78720K, used 5050K [0x00000000e7000000, 0x00000000ec560000, 0x00000000ef550000)
[2026-09-17T13:52:33.138+0000][50.983s][debug][gc,heap        ] GC(35)   eden space 70016K,   0% used [0x00000000e7000000, 0x00000000e7000000, 0x00000000eb460000)
[2026-09-17T13:52:33.138+0000][50.983s][debug][gc,heap        ] GC(35)   from space 8704K,  58% used [0x00000000eb460000, 0x00000000eb94eab0, 0x00000000ebce0000)
[2026-09-17T13:52:33.138+0000][50.983s][debug][gc,heap        ] GC(35)   to   space 8704K,   0% used [0x00000000ebce0000, 0x00000000ebce0000, 0x00000000ec560000)
[2026-09-17T13:52:33.138+0000][50.983s][debug][gc,heap        ] GC(35)  tenured generation   total 174784K, used 79064K [0x00000000ef550000, 0x00000000fa000000, 0x0000000100000000)
[2026-09-17T13:52:33.138+0000][50.983s][debug][gc,heap        ] GC(35)    the space 174784K,  45% used [0x00000000ef550000, 0x00000000f4286000, 0x00000000f4286000, 0x00000000fa000000)
[2026-09-17T13:52:33.138+0000][50.983s][debug][gc,heap        ] GC(35)  Metaspace       used 137038K, committed 138304K, reserved 1179648K
[2026-09-17T13:52:33.138+0000][50.983s][debug][gc,heap        ] GC(35)   class space    used 18718K, committed 19328K, reserved 1048576K
[2026-09-17T13:52:33.138+0000][50.983s][info ][gc             ] GC(35) Pause Young (Allocation Failure) 149M->82M(247M) 11.748ms
[2026-09-17T13:52:33.138+0000][50.983s][info ][gc,cpu         ] GC(35) User=0.01s Sys=0.00s Real=0.01s
[2026-09-17T13:53:53.079+0000][130.924s][info ][gc,start       ] GC(36) Pause Young (Allocation Failure)
[2026-09-17T13:53:53.079+0000][130.924s][debug][gc,heap        ] GC(36) Heap before GC invocations=36 (full 4):
[2026-09-17T13:53:53.079+0000][130.924s][debug][gc,heap        ] GC(36)  def new generation   total 78720K, used 75066K [0x00000000e7000000, 0x00000000ec560000, 0x00000000ef550000)
[2026-09-17T13:53:53.079+0000][130.924s][debug][gc,heap        ] GC(36)   eden space 70016K, 100% used [0x00000000e7000000, 0x00000000eb460000, 0x00000000eb460000)
[2026-09-17T13:53:53.079+0000][130.924s][debug][gc,heap        ] GC(36)   from space 8704K,  58% used [0x00000000eb460000, 0x00000000eb94eab0, 0x00000000ebce0000)
[2026-09-17T13:53:53.079+0000][130.924s][debug][gc,heap        ] GC(36)   to   space 8704K,   0% used [0x00000000ebce0000, 0x00000000ebce0000, 0x00000000ec560000)
[2026-09-17T13:53:53.079+0000][130.924s][debug][gc,heap        ] GC(36)  tenured generation   total 174784K, used 79064K [0x00000000ef550000, 0x00000000fa000000, 0x0000000100000000)
[2026-09-17T13:53:53.079+0000][130.924s][debug][gc,heap        ] GC(36)    the space 174784K,  45% used [0x00000000ef550000, 0x00000000f4286000, 0x00000000f4286000, 0x00000000fa000000)
[2026-09-17T13:53:53.079+0000][130.924s][debug][gc,heap        ] GC(36)  Metaspace       used 137821K, committed 139072K, reserved 1179648K
[2026-09-17T13:53:53.079+0000][130.924s][debug][gc,heap        ] GC(36)   class space    used 18738K, committed 19328K, reserved 1048576K
[2026-09-17T13:53:53.092+0000][130.937s][info ][gc,heap        ] GC(36) DefNew: 75066K(78720K)->3442K(78720K) Eden: 70016K(70016K)->0K(70016K) From: 5050K(8704K)->3442K(8704K)
[2026-09-17T13:53:53.092+0000][130.937s][info ][gc,heap        ] GC(36) Tenured: 79064K(174784K)->81313K(174784K)
[2026-09-17T13:53:53.092+0000][130.937s][info ][gc,metaspace   ] GC(36) Metaspace: 137821K(139072K)->137821K(139072K) NonClass: 119082K(119744K)->119082K(119744K) Class: 18738K(19328K)->18738K(19328K)
[2026-09-17T13:53:53.092+0000][130.937s][debug][gc,heap        ] GC(36) Heap after GC invocations=37 (full 4):
[2026-09-17T13:53:53.092+0000][130.937s][debug][gc,heap        ] GC(36)  def new generation   total 78720K, used 3442K [0x00000000e7000000, 0x00000000ec560000, 0x00000000ef550000)
[2026-09-17T13:53:53.092+0000][130.937s][debug][gc,heap        ] GC(36)   eden space 70016K,   0% used [0x00000000e7000000, 0x00000000e7000000, 0x00000000eb460000)
[2026-09-17T13:53:53.092+0000][130.937s][debug][gc,heap        ] GC(36)   from space 8704K,  39% used [0x00000000ebce0000, 0x00000000ec03c880, 0x00000000ec560000)
[2026-09-17T13:53:53.092+0000][130.937s][debug][gc,heap        ] GC(36)   to   space 8704K,   0% used [0x00000000eb460000, 0x00000000eb460000, 0x00000000ebce0000)
[2026-09-17T13:53:53.092+0000][130.937s][debug][gc,heap        ] GC(36)  tenured generation   total 174784K, used 81313K [0x00000000ef550000, 0x00000000fa000000, 0x0000000100000000)
[2026-09-17T13:53:53.092+0000][130.937s][debug][gc,heap        ] GC(36)    the space 174784K,  46% used [0x00000000ef550000, 0x00000000f44b85a8, 0x00000000f44b8600, 0x00000000fa000000)
[2026-09-17T13:53:53.092+0000][130.937s][debug][gc,heap        ] GC(36)  Metaspace       used 137821K, committed 139072K, reserved 1179648K
[2026-09-17T13:53:53.092+0000][130.937s][debug][gc,heap        ] GC(36)   class space    used 18738K, committed 19328K, reserved 1048576K
[2026-09-17T13:53:53.092+0000][130.937s][info ][gc             ] GC(36) Pause Young (Allocation Failure) 150M->82M(247M) 12.757ms
[2026-09-17T13:53:53.092+0000][130.937s][info ][gc,cpu         ] GC(36) User=0.02s Sys=0.00s Real=0.01s
[2026-09-17T13:55:15.902+0000][213.747s][info ][gc,start       ] GC(37) Pause Young (Allocation Failure)
[2026-09-17T13:55:15.902+0000][213.747s][debug][gc,heap        ] GC(37) Heap before GC invocations=37 (full 4):
[2026-09-17T13:55:15.902+0000][213.747s][debug][gc,heap        ] GC(37)  def new generation   total 78720K, used 73458K [0x00000000e7000000, 0x00000000ec560000, 0x00000000ef550000)
[2026-09-17T13:55:15.902+0000][213.747s][debug][gc,heap        ] GC(37)   eden space 70016K, 100% used [0x00000000e7000000, 0x00000000eb460000, 0x00000000eb460000)
[2026-09-17T13:55:15.902+0000][213.747s][debug][gc,heap        ] GC(37)   from space 8704K,  39% used [0x00000000ebce0000, 0x00000000ec03c880, 0x00000000ec560000)
[2026-09-17T13:55:15.902+0000][213.747s][debug][gc,heap        ] GC(37)   to   space 8704K,   0% used [0x00000000eb460000, 0x00000000eb460000, 0x00000000ebce0000)
[2026-09-17T13:55:15.902+0000][213.747s][debug][gc,heap        ] GC(37)  tenured generation   total 174784K, used 81313K [0x00000000ef550000, 0x00000000fa000000, 0x0000000100000000)
[2026-09-17T13:55:15.902+0000][213.747s][debug][gc,heap        ] GC(37)    the space 174784K,  46% used [0x00000000ef550000, 0x00000000f44b85a8, 0x00000000f44b8600, 0x00000000fa000000)
[2026-09-17T13:55:15.902+0000][213.747s][debug][gc,heap        ] GC(37)  Metaspace       used 138250K, committed 139520K, reserved 1179648K
[2026-09-17T13:55:15.902+0000][213.747s][debug][gc,heap        ] GC(37)   class space    used 18740K, committed 19328K, reserved 1048576K
[2026-09-17T13:55:15.909+0000][213.754s][info ][gc,heap        ] GC(37) DefNew: 73458K(78720K)->3597K(78720K) Eden: 70016K(70016K)->0K(70016K) From: 3442K(8704K)->3597K(8704K)
[2026-09-17T13:55:15.909+0000][213.754s][info ][gc,heap        ] GC(37) Tenured: 81313K(174784K)->81313K(174784K)
[2026-09-17T13:55:15.909+0000][213.754s][info ][gc,metaspace   ] GC(37) Metaspace: 138250K(139520K)->138250K(139520K) NonClass: 119509K(120192K)->119509K(120192K) Class: 18740K(19328K)->18740K(19328K)
[2026-09-17T13:55:15.909+0000][213.754s][debug][gc,heap        ] GC(37) Heap after GC invocations=38 (full 4):
[2026-09-17T13:55:15.909+0000][213.754s][debug][gc,heap        ] GC(37)  def new generation   total 78720K, used 3597K [0x00000000e7000000, 0x00000000ec560000, 0x00000000ef550000)
[2026-09-17T13:55:15.909+0000][213.754s][debug][gc,heap        ] GC(37)   eden space 70016K,   0% used [0x00000000e7000000, 0x00000000e7000000, 0x00000000eb460000)
[2026-09-17T13:55:15.909+0000][213.754s][debug][gc,heap        ] GC(37)   from space 8704K,  41% used [0x00000000eb460000, 0x00000000eb7e35c8, 0x00000000ebce0000)
[2026-09-17T13:55:15.909+0000][213.754s][debug][gc,heap        ] GC(37)   to   space 8704K,   0% used [0x00000000ebce0000, 0x00000000ebce0000, 0x00000000ec560000)
[2026-09-17T13:55:15.909+0000][213.754s][debug][gc,heap        ] GC(37)  tenured generation   total 174784K, used 81313K [0x00000000ef550000, 0x00000000fa000000, 0x0000000100000000)
[2026-09-17T13:55:15.909+0000][213.754s][debug][gc,heap        ] GC(37)    the space 174784K,  46% used [0x00000000ef550000, 0x00000000f44b85a8, 0x00000000f44b8600, 0x00000000fa000000)
[2026-09-17T13:55:15.909+0000][213.754s][debug][gc,heap        ] GC(37)  Metaspace       used 138250K, committed 139520K, reserved 1179648K
[2026-09-17T13:55:15.909+0000][213.754s][debug][gc,heap        ] GC(37)   class space    used 18740K, committed 19328K, reserved 1048576K
[2026-09-17T13:55:15.909+0000][213.754s][info ][gc             ] GC(37) Pause Young (Allocation Failure) 151M->82M(247M) 7.537ms
[2026-09-17T13:55:15.909+0000][213.754s][info ][gc,cpu         ] GC(37) User=0.01s Sys=0.00s Real=0.01s
[2026-09-17T13:56:30.958+0000][288.803s][info ][gc,start       ] GC(38) Pause Young (Allocation Failure)
[2026-09-17T13:56:30.958+0000][288.803s][debug][gc,heap        ] GC(38) Heap before GC invocations=38 (full 4):
[2026-09-17T13:56:30.958+0000][288.803s][debug][gc,heap        ] GC(38)  def new generation   total 78720K, used 73613K [0x00000000e7000000, 0x00000000ec560000, 0x00000000ef550000)
[2026-09-17T13:56:30.958+0000][288.803s][debug][gc,heap        ] GC(38)   eden space 70016K, 100% used [0x00000000e7000000, 0x00000000eb460000, 0x00000000eb460000)
[2026-09-17T13:56:30.958+0000][288.803s][debug][gc,heap        ] GC(38)   from space 8704K,  41% used [0x00000000eb460000, 0x00000000eb7e35c8, 0x00000000ebce0000)
[2026-09-17T13:56:30.958+0000][288.803s][debug][gc,heap        ] GC(38)   to   space 8704K,   0% used [0x00000000ebce0000, 0x00000000ebce0000, 0x00000000ec560000)
[2026-09-17T13:56:30.958+0000][288.803s][debug][gc,heap        ] GC(38)  tenured generation   total 174784K, used 81313K [0x00000000ef550000, 0x00000000fa000000, 0x0000000100000000)
[2026-09-17T13:56:30.958+0000][288.803s][debug][gc,heap        ] GC(38)    the space 174784K,  46% used [0x00000000ef550000, 0x00000000f44b85a8, 0x00000000f44b8600, 0x00000000fa000000)
[2026-09-17T13:56:30.958+0000][288.803s][debug][gc,heap        ] GC(38)  Metaspace       used 138479K, committed 139776K, reserved 1179648K
[2026-09-17T13:56:30.958+0000][288.804s][debug][gc,heap        ] GC(38)   class space    used 18741K, committed 19392K, reserved 1048576K
[2026-09-17T13:56:30.966+0000][288.811s][info ][gc,heap        ] GC(38) DefNew: 73613K(78720K)->3042K(78720K) Eden: 70016K(70016K)->0K(70016K) From: 3597K(8704K)->3042K(8704K)
[2026-09-17T13:56:30.966+0000][288.811s][info ][gc,heap        ] GC(38) Tenured: 81313K(174784K)->81313K(174784K)
[2026-09-17T13:56:30.966+0000][288.811s][info ][gc,metaspace   ] GC(38) Metaspace: 138479K(139776K)->138479K(139776K) NonClass: 119737K(120384K)->119737K(120384K) Class: 18741K(19392K)->18741K(19392K)
[2026-09-17T13:56:30.966+0000][288.811s][debug][gc,heap        ] GC(38) Heap after GC invocations=39 (full 4):
[2026-09-17T13:56:30.966+0000][288.811s][debug][gc,heap        ] GC(38)  def new generation   total 78720K, used 3042K [0x00000000e7000000, 0x00000000ec560000, 0x00000000ef550000)
[2026-09-17T13:56:30.966+0000][288.811s][debug][gc,heap        ] GC(38)   eden space 70016K,   0% used [0x00000000e7000000, 0x00000000e7000000, 0x00000000eb460000)
[2026-09-17T13:56:30.966+0000][288.811s][debug][gc,heap        ] GC(38)   from space 8704K,  34% used [0x00000000ebce0000, 0x00000000ebfd8b00, 0x00000000ec560000)
[2026-09-17T13:56:30.966+0000][288.811s][debug][gc,heap        ] GC(38)   to   space 8704K,   0% used [0x00000000eb460000, 0x00000000eb460000, 0x00000000ebce0000)
[2026-09-17T13:56:30.966+0000][288.811s][debug][gc,heap        ] GC(38)  tenured generation   total 174784K, used 81313K [0x00000000ef550000, 0x00000000fa000000, 0x0000000100000000)
[2026-09-17T13:56:30.966+0000][288.811s][debug][gc,heap        ] GC(38)    the space 174784K,  46% used [0x00000000ef550000, 0x00000000f44b85a8, 0x00000000f44b8600, 0x00000000fa000000)
[2026-09-17T13:56:30.966+0000][288.811s][debug][gc,heap        ] GC(38)  Metaspace       used 138479K, committed 139776K, reserved 1179648K
[2026-09-17T13:56:30.966+0000][288.811s][debug][gc,heap        ] GC(38)   class space    used 18741K, committed 19392K, reserved 1048576K
[2026-09-17T13:56:30.966+0000][288.811s][info ][gc             ] GC(38) Pause Young (Allocation Failure) 151M->82M(247M) 7.504ms
[2026-09-17T13:56:30.966+0000][288.811s][info ][gc,cpu         ] GC(38) User=0.00s Sys=0.01s Real=0.01s
[2026-09-17T13:57:56.594+0000][374.439s][info ][gc,start       ] GC(39) Pause Young (Allocation Failure)
[2026-09-17T13:57:56.594+0000][374.439s][debug][gc,heap        ] GC(39) Heap before GC invocations=39 (full 4):
[2026-09-17T13:57:56.594+0000][374.439s][debug][gc,heap        ] GC(39)  def new generation   total 78720K, used 73058K [0x00000000e7000000, 0x00000000ec560000, 0x00000000ef550000)
[2026-09-17T13:57:56.594+0000][374.439s][debug][gc,heap        ] GC(39)   eden space 70016K, 100% used [0x00000000e7000000, 0x00000000eb460000, 0x00000000eb460000)
[2026-09-17T13:57:56.594+0000][374.439s][debug][gc,heap        ] GC(39)   from space 8704K,  34% used [0x00000000ebce0000, 0x00000000ebfd8b00, 0x00000000ec560000)
[2026-09-17T13:57:56.594+0000][374.439s][debug][gc,heap        ] GC(39)   to   space 8704K,   0% used [0x00000000eb460000, 0x00000000eb460000, 0x00000000ebce0000)
[2026-09-17T13:57:56.594+0000][374.439s][debug][gc,heap        ] GC(39)  tenured generation   total 174784K, used 81313K [0x00000000ef550000, 0x00000000fa000000, 0x0000000100000000)
[2026-09-17T13:57:56.594+0000][374.439s][debug][gc,heap        ] GC(39)    the space 174784K,  46% used [0x00000000ef550000, 0x00000000f44b85a8, 0x00000000f44b8600, 0x00000000fa000000)
[2026-09-17T13:57:56.594+0000][374.439s][debug][gc,heap        ] GC(39)  Metaspace       used 138722K, committed 140032K, reserved 1179648K
[2026-09-17T13:57:56.594+0000][374.439s][debug][gc,heap        ] GC(39)   class space    used 18743K, committed 19392K, reserved 1048576K
[2026-09-17T13:57:56.601+0000][374.446s][info ][gc,heap        ] GC(39) DefNew: 73058K(78720K)->2833K(78720K) Eden: 70016K(70016K)->0K(70016K) From: 3042K(8704K)->2833K(8704K)
[2026-09-17T13:57:56.601+0000][374.446s][info ][gc,heap        ] GC(39) Tenured: 81313K(174784K)->81313K(174784K)
[2026-09-17T13:57:56.601+0000][374.446s][info ][gc,metaspace   ] GC(39) Metaspace: 138722K(140032K)->138722K(140032K) NonClass: 119978K(120640K)->119978K(120640K) Class: 18743K(19392K)->18743K(19392K)
[2026-09-17T13:57:56.601+0000][374.446s][debug][gc,heap        ] GC(39) Heap after GC invocations=40 (full 4):
[2026-09-17T13:57:56.601+0000][374.446s][debug][gc,heap        ] GC(39)  def new generation   total 78720K, used 2833K [0x00000000e7000000, 0x00000000ec560000, 0x00000000ef550000)
[2026-09-17T13:57:56.601+0000][374.446s][debug][gc,heap        ] GC(39)   eden space 70016K,   0% used [0x00000000e7000000, 0x00000000e7000000, 0x00000000eb460000)
[2026-09-17T13:57:56.601+0000][374.446s][debug][gc,heap        ] GC(39)   from space 8704K,  32% used [0x00000000eb460000, 0x00000000eb724750, 0x00000000ebce0000)
[2026-09-17T13:57:56.601+0000][374.446s][debug][gc,heap        ] GC(39)   to   space 8704K,   0% used [0x00000000ebce0000, 0x00000000ebce0000, 0x00000000ec560000)
[2026-09-17T13:57:56.601+0000][374.446s][debug][gc,heap        ] GC(39)  tenured generation   total 174784K, used 81313K [0x00000000ef550000, 0x00000000fa000000, 0x0000000100000000)
[2026-09-17T13:57:56.601+0000][374.446s][debug][gc,heap        ] GC(39)    the space 174784K,  46% used [0x00000000ef550000, 0x00000000f44b85a8, 0x00000000f44b8600, 0x00000000fa000000)
[2026-09-17T13:57:56.601+0000][374.446s][debug][gc,heap        ] GC(39)  Metaspace       used 138722K, committed 140032K, reserved 1179648K
[2026-09-17T13:57:56.601+0000][374.446s][debug][gc,heap        ] GC(39)   class space    used 18743K, committed 19392K, reserved 1048576K
[2026-09-17T13:57:56.601+0000][374.446s][info ][gc             ] GC(39) Pause Young (Allocation Failure) 150M->82M(247M) 7.575ms
[2026-09-17T13:57:56.601+0000][374.447s][info ][gc,cpu         ] GC(39) User=0.01s Sys=0.00s Real=0.01s
[2026-09-17T13:59:22.615+0000][460.460s][info ][gc,start       ] GC(40) Pause Young (Allocation Failure)
[2026-09-17T13:59:22.615+0000][460.460s][debug][gc,heap        ] GC(40) Heap before GC invocations=40 (full 4):
[2026-09-17T13:59:22.615+0000][460.460s][debug][gc,heap        ] GC(40)  def new generation   total 78720K, used 72849K [0x00000000e7000000, 0x00000000ec560000, 0x00000000ef550000)
[2026-09-17T13:59:22.615+0000][460.460s][debug][gc,heap        ] GC(40)   eden space 70016K, 100% used [0x00000000e7000000, 0x00000000eb460000, 0x00000000eb460000)
[2026-09-17T13:59:22.615+0000][460.460s][debug][gc,heap        ] GC(40)   from space 8704K,  32% used [0x00000000eb460000, 0x00000000eb724750, 0x00000000ebce0000)
[2026-09-17T13:59:22.615+0000][460.460s][debug][gc,heap        ] GC(40)   to   space 8704K,   0% used [0x00000000ebce0000, 0x00000000ebce0000, 0x00000000ec560000)
[2026-09-17T13:59:22.615+0000][460.460s][debug][gc,heap        ] GC(40)  tenured generation   total 174784K, used 81313K [0x00000000ef550000, 0x00000000fa000000, 0x0000000100000000)
[2026-09-17T13:59:22.615+0000][460.460s][debug][gc,heap        ] GC(40)    the space 174784K,  46% used [0x00000000ef550000, 0x00000000f44b85a8, 0x00000000f44b8600, 0x00000000fa000000)
[2026-09-17T13:59:22.615+0000][460.460s][debug][gc,heap        ] GC(40)  Metaspace       used 138951K, committed 140288K, reserved 1179648K
[2026-09-17T13:59:22.615+0000][460.460s][debug][gc,heap        ] GC(40)   class space    used 18743K, committed 19392K, reserved 1048576K
[2026-09-17T13:59:22.623+0000][460.468s][info ][gc,heap        ] GC(40) DefNew: 72849K(78720K)->3492K(78720K) Eden: 70016K(70016K)->0K(70016K) From: 2833K(8704K)->3492K(8704K)
[2026-09-17T13:59:22.623+0000][460.468s][info ][gc,heap        ] GC(40) Tenured: 81313K(174784K)->81313K(174784K)
[2026-09-17T13:59:22.623+0000][460.468s][info ][gc,metaspace   ] GC(40) Metaspace: 138951K(140288K)->138951K(140288K) NonClass: 120207K(120896K)->120207K(120896K) Class: 18743K(19392K)->18743K(19392K)
[2026-09-17T13:59:22.623+0000][460.468s][debug][gc,heap        ] GC(40) Heap after GC invocations=41 (full 4):
[2026-09-17T13:59:22.623+0000][460.468s][debug][gc,heap        ] GC(40)  def new generation   total 78720K, used 3492K [0x00000000e7000000, 0x00000000ec560000, 0x00000000ef550000)
[2026-09-17T13:59:22.623+0000][460.468s][debug][gc,heap        ] GC(40)   eden space 70016K,   0% used [0x00000000e7000000, 0x00000000e7000000, 0x00000000eb460000)
[2026-09-17T13:59:22.623+0000][460.468s][debug][gc,heap        ] GC(40)   from space 8704K,  40% used [0x00000000ebce0000, 0x00000000ec049178, 0x00000000ec560000)
[2026-09-17T13:59:22.623+0000][460.468s][debug][gc,heap        ] GC(40)   to   space 8704K,   0% used [0x00000000eb460000, 0x00000000eb460000, 0x00000000ebce0000)
[2026-09-17T13:59:22.623+0000][460.468s][debug][gc,heap        ] GC(40)  tenured generation   total 174784K, used 81313K [0x00000000ef550000, 0x00000000fa000000, 0x0000000100000000)
[2026-09-17T13:59:22.623+0000][460.468s][debug][gc,heap        ] GC(40)    the space 174784K,  46% used [0x00000000ef550000, 0x00000000f44b85a8, 0x00000000f44b8600, 0x00000000fa000000)
[2026-09-17T13:59:22.623+0000][460.468s][debug][gc,heap        ] GC(40)  Metaspace       used 138951K, committed 140288K, reserved 1179648K
[2026-09-17T13:59:22.623+0000][460.468s][debug][gc,heap        ] GC(40)   class space    used 18743K, committed 19392K, reserved 1048576K
[2026-09-17T13:59:22.623+0000][460.468s][info ][gc             ] GC(40) Pause Young (Allocation Failure) 150M->82M(247M) 7.859ms
[2026-09-17T13:59:22.623+0000][460.468s][info ][gc,cpu         ] GC(40) User=0.00s Sys=0.01s Real=0.01s
[2026-09-17T14:00:43.964+0000][541.809s][info ][gc,start       ] GC(41) Pause Young (Allocation Failure)
[2026-09-17T14:00:43.964+0000][541.810s][debug][gc,heap        ] GC(41) Heap before GC invocations=41 (full 4):
[2026-09-17T14:00:43.964+0000][541.810s][debug][gc,heap        ] GC(41)  def new generation   total 78720K, used 73508K [0x00000000e7000000, 0x00000000ec560000, 0x00000000ef550000)
[2026-09-17T14:00:43.964+0000][541.810s][debug][gc,heap        ] GC(41)   eden space 70016K, 100% used [0x00000000e7000000, 0x00000000eb460000, 0x00000000eb460000)
[2026-09-17T14:00:43.964+0000][541.810s][debug][gc,heap        ] GC(41)   from space 8704K,  40% used [0x00000000ebce0000, 0x00000000ec049178, 0x00000000ec560000)
[2026-09-17T14:00:43.964+0000][541.810s][debug][gc,heap        ] GC(41)   to   space 8704K,   0% used [0x00000000eb460000, 0x00000000eb460000, 0x00000000ebce0000)
[2026-09-17T14:00:43.964+0000][541.810s][debug][gc,heap        ] GC(41)  tenured generation   total 174784K, used 81313K [0x00000000ef550000, 0x00000000fa000000, 0x0000000100000000)
[2026-09-17T14:00:43.965+0000][541.810s][debug][gc,heap        ] GC(41)    the space 174784K,  46% used [0x00000000ef550000, 0x00000000f44b85a8, 0x00000000f44b8600, 0x00000000fa000000)
[2026-09-17T14:00:43.965+0000][541.810s][debug][gc,heap        ] GC(41)  Metaspace       used 139116K, committed 140480K, reserved 1179648K
[2026-09-17T14:00:43.965+0000][541.810s][debug][gc,heap        ] GC(41)   class space    used 18743K, committed 19392K, reserved 1048576K
[2026-09-17T14:00:43.973+0000][541.818s][info ][gc,heap        ] GC(41) DefNew: 73508K(78720K)->3573K(78720K) Eden: 70016K(70016K)->0K(70016K) From: 3492K(8704K)->3573K(8704K)
[2026-09-17T14:00:43.973+0000][541.818s][info ][gc,heap        ] GC(41) Tenured: 81313K(174784K)->81313K(174784K)
[2026-09-17T14:00:43.973+0000][541.818s][info ][gc,metaspace   ] GC(41) Metaspace: 139116K(140480K)->139116K(140480K) NonClass: 120372K(121088K)->120372K(121088K) Class: 18743K(19392K)->18743K(19392K)
[2026-09-17T14:00:43.973+0000][541.818s][debug][gc,heap        ] GC(41) Heap after GC invocations=42 (full 4):
[2026-09-17T14:00:43.973+0000][541.818s][debug][gc,heap        ] GC(41)  def new generation   total 78720K, used 3573K [0x00000000e7000000, 0x00000000ec560000, 0x00000000ef550000)
[2026-09-17T14:00:43.973+0000][541.818s][debug][gc,heap        ] GC(41)   eden space 70016K,   0% used [0x00000000e7000000, 0x00000000e7000000, 0x00000000eb460000)
[2026-09-17T14:00:43.973+0000][541.818s][debug][gc,heap        ] GC(41)   from space 8704K,  41% used [0x00000000eb460000, 0x00000000eb7dd698, 0x00000000ebce0000)
[2026-09-17T14:00:43.973+0000][541.818s][debug][gc,heap        ] GC(41)   to   space 8704K,   0% used [0x00000000ebce0000, 0x00000000ebce0000, 0x00000000ec560000)
[2026-09-17T14:00:43.973+0000][541.818s][debug][gc,heap        ] GC(41)  tenured generation   total 174784K, used 81313K [0x00000000ef550000, 0x00000000fa000000, 0x0000000100000000)
[2026-09-17T14:00:43.973+0000][541.818s][debug][gc,heap        ] GC(41)    the space 174784K,  46% used [0x00000000ef550000, 0x00000000f44b85a8, 0x00000000f44b8600, 0x00000000fa000000)
[2026-09-17T14:00:43.973+0000][541.818s][debug][gc,heap        ] GC(41)  Metaspace       used 139116K, committed 140480K, reserved 1179648K
[2026-09-17T14:00:43.973+0000][541.818s][debug][gc,heap        ] GC(41)   class space    used 18743K, committed 19392K, reserved 1048576K
[2026-09-17T14:00:43.973+0000][541.818s][info ][gc             ] GC(41) Pause Young (Allocation Failure) 151M->82M(247M) 8.271ms
[2026-09-17T14:00:43.973+0000][541.818s][info ][gc,cpu         ] GC(41) User=0.01s Sys=0.00s Real=0.01s
[2026-09-17T14:02:05.951+0000][623.796s][info ][gc,start       ] GC(42) Pause Young (Allocation Failure)
[2026-09-17T14:02:05.951+0000][623.796s][debug][gc,heap        ] GC(42) Heap before GC invocations=42 (full 4):
[2026-09-17T14:02:05.951+0000][623.796s][debug][gc,heap        ] GC(42)  def new generation   total 78720K, used 73589K [0x00000000e7000000, 0x00000000ec560000, 0x00000000ef550000)
[2026-09-17T14:02:05.951+0000][623.796s][debug][gc,heap        ] GC(42)   eden space 70016K, 100% used [0x00000000e7000000, 0x00000000eb460000, 0x00000000eb460000)
[2026-09-17T14:02:05.951+0000][623.796s][debug][gc,heap        ] GC(42)   from space 8704K,  41% used [0x00000000eb460000, 0x00000000eb7dd698, 0x00000000ebce0000)
[2026-09-17T14:02:05.951+0000][623.796s][debug][gc,heap        ] GC(42)   to   space 8704K,   0% used [0x00000000ebce0000, 0x00000000ebce0000, 0x00000000ec560000)
[2026-09-17T14:02:05.951+0000][623.796s][debug][gc,heap        ] GC(42)  tenured generation   total 174784K, used 81313K [0x00000000ef550000, 0x00000000fa000000, 0x0000000100000000)
[2026-09-17T14:02:05.951+0000][623.796s][debug][gc,heap        ] GC(42)    the space 174784K,  46% used [0x00000000ef550000, 0x00000000f44b85a8, 0x00000000f44b8600, 0x00000000fa000000)
[2026-09-17T14:02:05.951+0000][623.796s][debug][gc,heap        ] GC(42)  Metaspace       used 139224K, committed 140544K, reserved 1179648K
[2026-09-17T14:02:05.951+0000][623.796s][debug][gc,heap        ] GC(42)   class space    used 18743K, committed 19392K, reserved 1048576K
[2026-09-17T14:02:05.959+0000][623.804s][info ][gc,heap        ] GC(42) DefNew: 73589K(78720K)->3188K(78720K) Eden: 70016K(70016K)->0K(70016K) From: 3573K(8704K)->3188K(8704K)
[2026-09-17T14:02:05.959+0000][623.804s][info ][gc,heap        ] GC(42) Tenured: 81313K(174784K)->81313K(174784K)
[2026-09-17T14:02:05.959+0000][623.804s][info ][gc,metaspace   ] GC(42) Metaspace: 139224K(140544K)->139224K(140544K) NonClass: 120480K(121152K)->120480K(121152K) Class: 18743K(19392K)->18743K(19392K)
[2026-09-17T14:02:05.959+0000][623.804s][debug][gc,heap        ] GC(42) Heap after GC invocations=43 (full 4):
[2026-09-17T14:02:05.959+0000][623.804s][debug][gc,heap        ] GC(42)  def new generation   total 78720K, used 3188K [0x00000000e7000000, 0x00000000ec560000, 0x00000000ef550000)
[2026-09-17T14:02:05.959+0000][623.804s][debug][gc,heap        ] GC(42)   eden space 70016K,   0% used [0x00000000e7000000, 0x00000000e7000000, 0x00000000eb460000)
[2026-09-17T14:02:05.959+0000][623.804s][debug][gc,heap        ] GC(42)   from space 8704K,  36% used [0x00000000ebce0000, 0x00000000ebffd200, 0x00000000ec560000)
[2026-09-17T14:02:05.959+0000][623.804s][debug][gc,heap        ] GC(42)   to   space 8704K,   0% used [0x00000000eb460000, 0x00000000eb460000, 0x00000000ebce0000)
[2026-09-17T14:02:05.959+0000][623.804s][debug][gc,heap        ] GC(42)  tenured generation   total 174784K, used 81313K [0x00000000ef550000, 0x00000000fa000000, 0x0000000100000000)
[2026-09-17T14:02:05.959+0000][623.804s][debug][gc,heap        ] GC(42)    the space 174784K,  46% used [0x00000000ef550000, 0x00000000f44b85a8, 0x00000000f44b8600, 0x00000000fa000000)
[2026-09-17T14:02:05.959+0000][623.804s][debug][gc,heap        ] GC(42)  Metaspace       used 139224K, committed 140544K, reserved 1179648K
[2026-09-17T14:02:05.959+0000][623.804s][debug][gc,heap        ] GC(42)   class space    used 18743K, committed 19392K, reserved 1048576K
[2026-09-17T14:02:05.959+0000][623.804s][info ][gc             ] GC(42) Pause Young (Allocation Failure) 151M->82M(247M) 8.110ms
[2026-09-17T14:02:05.959+0000][623.804s][info ][gc,cpu         ] GC(42) User=0.01s Sys=0.00s Real=0.01s
[2026-09-17T14:03:31.246+0000][709.091s][info ][gc,start       ] GC(43) Pause Young (Allocation Failure)
[2026-09-17T14:03:31.246+0000][709.091s][debug][gc,heap        ] GC(43) Heap before GC invocations=43 (full 4):
[2026-09-17T14:03:31.246+0000][709.091s][debug][gc,heap        ] GC(43)  def new generation   total 78720K, used 73204K [0x00000000e7000000, 0x00000000ec560000, 0x00000000ef550000)
[2026-09-17T14:03:31.246+0000][709.091s][debug][gc,heap        ] GC(43)   eden space 70016K, 100% used [0x00000000e7000000, 0x00000000eb460000, 0x00000000eb460000)
[2026-09-17T14:03:31.246+0000][709.091s][debug][gc,heap        ] GC(43)   from space 8704K,  36% used [0x00000000ebce0000, 0x00000000ebffd200, 0x00000000ec560000)
[2026-09-17T14:03:31.246+0000][709.091s][debug][gc,heap        ] GC(43)   to   space 8704K,   0% used [0x00000000eb460000, 0x00000000eb460000, 0x00000000ebce0000)
[2026-09-17T14:03:31.246+0000][709.091s][debug][gc,heap        ] GC(43)  tenured generation   total 174784K, used 81313K [0x00000000ef550000, 0x00000000fa000000, 0x0000000100000000)
[2026-09-17T14:03:31.246+0000][709.091s][debug][gc,heap        ] GC(43)    the space 174784K,  46% used [0x00000000ef550000, 0x00000000f44b85a8, 0x00000000f44b8600, 0x00000000fa000000)
[2026-09-17T14:03:31.246+0000][709.091s][debug][gc,heap        ] GC(43)  Metaspace       used 139375K, committed 140672K, reserved 1179648K
[2026-09-17T14:03:31.246+0000][709.091s][debug][gc,heap        ] GC(43)   class space    used 18744K, committed 19392K, reserved 1048576K
[2026-09-17T14:03:31.255+0000][709.101s][info ][gc,heap        ] GC(43) DefNew: 73204K(78720K)->3202K(78720K) Eden: 70016K(70016K)->0K(70016K) From: 3188K(8704K)->3202K(8704K)
[2026-09-17T14:03:31.255+0000][709.101s][info ][gc,heap        ] GC(43) Tenured: 81313K(174784K)->81313K(174784K)
[2026-09-17T14:03:31.255+0000][709.101s][info ][gc,metaspace   ] GC(43) Metaspace: 139375K(140672K)->139375K(140672K) NonClass: 120630K(121280K)->120630K(121280K) Class: 18744K(19392K)->18744K(19392K)
[2026-09-17T14:03:31.256+0000][709.101s][debug][gc,heap        ] GC(43) Heap after GC invocations=44 (full 4):
[2026-09-17T14:03:31.256+0000][709.101s][debug][gc,heap        ] GC(43)  def new generation   total 78720K, used 3202K [0x00000000e7000000, 0x00000000ec560000, 0x00000000ef550000)
[2026-09-17T14:03:31.256+0000][709.101s][debug][gc,heap        ] GC(43)   eden space 70016K,   0% used [0x00000000e7000000, 0x00000000e7000000, 0x00000000eb460000)
[2026-09-17T14:03:31.256+0000][709.101s][debug][gc,heap        ] GC(43)   from space 8704K,  36% used [0x00000000eb460000, 0x00000000eb7809f8, 0x00000000ebce0000)
[2026-09-17T14:03:31.256+0000][709.101s][debug][gc,heap        ] GC(43)   to   space 8704K,   0% used [0x00000000ebce0000, 0x00000000ebce0000, 0x00000000ec560000)
[2026-09-17T14:03:31.256+0000][709.101s][debug][gc,heap        ] GC(43)  tenured generation   total 174784K, used 81313K [0x00000000ef550000, 0x00000000fa000000, 0x0000000100000000)
[2026-09-17T14:03:31.256+0000][709.101s][debug][gc,heap        ] GC(43)    the space 174784K,  46% used [0x00000000ef550000, 0x00000000f44b85a8, 0x00000000f44b8600, 0x00000000fa000000)
[2026-09-17T14:03:31.256+0000][709.101s][debug][gc,heap        ] GC(43)  Metaspace       used 139375K, committed 140672K, reserved 1179648K
[2026-09-17T14:03:31.256+0000][709.101s][debug][gc,heap        ] GC(43)   class space    used 18744K, committed 19392K, reserved 1048576K
[2026-09-17T14:03:31.256+0000][709.101s][info ][gc             ] GC(43) Pause Young (Allocation Failure) 150M->82M(247M) 9.369ms
[2026-09-17T14:03:31.256+0000][709.101s][info ][gc,cpu         ] GC(43) User=0.01s Sys=0.00s Real=0.01s
[2026-09-17T14:04:57.857+0000][795.702s][info ][gc,start       ] GC(44) Pause Young (Allocation Failure)
[2026-09-17T14:04:57.857+0000][795.702s][debug][gc,heap        ] GC(44) Heap before GC invocations=44 (full 4):
[2026-09-17T14:04:57.857+0000][795.702s][debug][gc,heap        ] GC(44)  def new generation   total 78720K, used 73210K [0x00000000e7000000, 0x00000000ec560000, 0x00000000ef550000)
[2026-09-17T14:04:57.857+0000][795.702s][debug][gc,heap        ] GC(44)   eden space 70016K,  99% used [0x00000000e7000000, 0x00000000eb45e0f0, 0x00000000eb460000)
[2026-09-17T14:04:57.857+0000][795.702s][debug][gc,heap        ] GC(44)   from space 8704K,  36% used [0x00000000eb460000, 0x00000000eb7809f8, 0x00000000ebce0000)
[2026-09-17T14:04:57.857+0000][795.702s][debug][gc,heap        ] GC(44)   to   space 8704K,   0% used [0x00000000ebce0000, 0x00000000ebce0000, 0x00000000ec560000)
[2026-09-17T14:04:57.857+0000][795.702s][debug][gc,heap        ] GC(44)  tenured generation   total 174784K, used 81313K [0x00000000ef550000, 0x00000000fa000000, 0x0000000100000000)
[2026-09-17T14:04:57.857+0000][795.702s][debug][gc,heap        ] GC(44)    the space 174784K,  46% used [0x00000000ef550000, 0x00000000f44b85a8, 0x00000000f44b8600, 0x00000000fa000000)
[2026-09-17T14:04:57.857+0000][795.702s][debug][gc,heap        ] GC(44)  Metaspace       used 139993K, committed 141312K, reserved 1179648K
[2026-09-17T14:04:57.857+0000][795.702s][debug][gc,heap        ] GC(44)   class space    used 18749K, committed 19392K, reserved 1048576K
[2026-09-17T14:04:57.865+0000][795.710s][info ][gc,heap        ] GC(44) DefNew: 73210K(78720K)->3338K(78720K) Eden: 70008K(70016K)->0K(70016K) From: 3202K(8704K)->3338K(8704K)
[2026-09-17T14:04:57.865+0000][795.710s][info ][gc,heap        ] GC(44) Tenured: 81313K(174784K)->81313K(174784K)
[2026-09-17T14:04:57.865+0000][795.710s][info ][gc,metaspace   ] GC(44) Metaspace: 139993K(141312K)->139993K(141312K) NonClass: 121243K(121920K)->121243K(121920K) Class: 18749K(19392K)->18749K(19392K)
[2026-09-17T14:04:57.865+0000][795.710s][debug][gc,heap        ] GC(44) Heap after GC invocations=45 (full 4):
[2026-09-17T14:04:57.865+0000][795.710s][debug][gc,heap        ] GC(44)  def new generation   total 78720K, used 3338K [0x00000000e7000000, 0x00000000ec560000, 0x00000000ef550000)
[2026-09-17T14:04:57.865+0000][795.710s][debug][gc,heap        ] GC(44)   eden space 70016K,   0% used [0x00000000e7000000, 0x00000000e7000000, 0x00000000eb460000)
[2026-09-17T14:04:57.865+0000][795.710s][debug][gc,heap        ] GC(44)   from space 8704K,  38% used [0x00000000ebce0000, 0x00000000ec022878, 0x00000000ec560000)
[2026-09-17T14:04:57.865+0000][795.710s][debug][gc,heap        ] GC(44)   to   space 8704K,   0% used [0x00000000eb460000, 0x00000000eb460000, 0x00000000ebce0000)
[2026-09-17T14:04:57.865+0000][795.710s][debug][gc,heap        ] GC(44)  tenured generation   total 174784K, used 81313K [0x00000000ef550000, 0x00000000fa000000, 0x0000000100000000)
[2026-09-17T14:04:57.865+0000][795.710s][debug][gc,heap        ] GC(44)    the space 174784K,  46% used [0x00000000ef550000, 0x00000000f44b85a8, 0x00000000f44b8600, 0x00000000fa000000)
[2026-09-17T14:04:57.865+0000][795.710s][debug][gc,heap        ] GC(44)  Metaspace       used 139993K, committed 141312K, reserved 1179648K
[2026-09-17T14:04:57.865+0000][795.710s][debug][gc,heap        ] GC(44)   class space    used 18749K, committed 19392K, reserved 1048576K
[2026-09-17T14:04:57.865+0000][795.710s][info ][gc             ] GC(44) Pause Young (Allocation Failure) 150M->82M(247M) 8.277ms
[2026-09-17T14:04:57.865+0000][795.710s][info ][gc,cpu         ] GC(44) User=0.01s Sys=0.00s Real=0.00s
[2026-09-17T14:06:25.869+0000][883.714s][info ][gc,start       ] GC(45) Pause Young (Allocation Failure)
[2026-09-17T14:06:25.869+0000][883.714s][debug][gc,heap        ] GC(45) Heap before GC invocations=45 (full 4):
[2026-09-17T14:06:25.869+0000][883.714s][debug][gc,heap        ] GC(45)  def new generation   total 78720K, used 73354K [0x00000000e7000000, 0x00000000ec560000, 0x00000000ef550000)
[2026-09-17T14:06:25.869+0000][883.714s][debug][gc,heap        ] GC(45)   eden space 70016K, 100% used [0x00000000e7000000, 0x00000000eb460000, 0x00000000eb460000)
[2026-09-17T14:06:25.869+0000][883.714s][debug][gc,heap        ] GC(45)   from space 8704K,  38% used [0x00000000ebce0000, 0x00000000ec022878, 0x00000000ec560000)
[2026-09-17T14:06:25.869+0000][883.714s][debug][gc,heap        ] GC(45)   to   space 8704K,   0% used [0x00000000eb460000, 0x00000000eb460000, 0x00000000ebce0000)
[2026-09-17T14:06:25.869+0000][883.714s][debug][gc,heap        ] GC(45)  tenured generation   total 174784K, used 81313K [0x00000000ef550000, 0x00000000fa000000, 0x0000000100000000)
[2026-09-17T14:06:25.869+0000][883.714s][debug][gc,heap        ] GC(45)    the space 174784K,  46% used [0x00000000ef550000, 0x00000000f44b85a8, 0x00000000f44b8600, 0x00000000fa000000)
[2026-09-17T14:06:25.869+0000][883.714s][debug][gc,heap        ] GC(45)  Metaspace       used 140091K, committed 141440K, reserved 1179648K
[2026-09-17T14:06:25.869+0000][883.714s][debug][gc,heap        ] GC(45)   class space    used 18749K, committed 19392K, reserved 1048576K
[2026-09-17T14:06:25.877+0000][883.722s][info ][gc,heap        ] GC(45) DefNew: 73354K(78720K)->3968K(78720K) Eden: 70016K(70016K)->0K(70016K) From: 3338K(8704K)->3968K(8704K)
[2026-09-17T14:06:25.877+0000][883.722s][info ][gc,heap        ] GC(45) Tenured: 81313K(174784K)->81313K(174784K)
[2026-09-17T14:06:25.877+0000][883.722s][info ][gc,metaspace   ] GC(45) Metaspace: 140091K(141440K)->140091K(141440K) NonClass: 121341K(122048K)->121341K(122048K) Class: 18749K(19392K)->18749K(19392K)
[2026-09-17T14:06:25.877+0000][883.722s][debug][gc,heap        ] GC(45) Heap after GC invocations=46 (full 4):
[2026-09-17T14:06:25.877+0000][883.722s][debug][gc,heap        ] GC(45)  def new generation   total 78720K, used 3968K [0x00000000e7000000, 0x00000000ec560000, 0x00000000ef550000)
[2026-09-17T14:06:25.877+0000][883.722s][debug][gc,heap        ] GC(45)   eden space 70016K,   0% used [0x00000000e7000000, 0x00000000e7000000, 0x00000000eb460000)
[2026-09-17T14:06:25.877+0000][883.722s][debug][gc,heap        ] GC(45)   from space 8704K,  45% used [0x00000000eb460000, 0x00000000eb8403c8, 0x00000000ebce0000)
[2026-09-17T14:06:25.877+0000][883.722s][debug][gc,heap        ] GC(45)   to   space 8704K,   0% used [0x00000000ebce0000, 0x00000000ebce0000, 0x00000000ec560000)
[2026-09-17T14:06:25.877+0000][883.722s][debug][gc,heap        ] GC(45)  tenured generation   total 174784K, used 81313K [0x00000000ef550000, 0x00000000fa000000, 0x0000000100000000)
[2026-09-17T14:06:25.877+0000][883.722s][debug][gc,heap        ] GC(45)    the space 174784K,  46% used [0x00000000ef550000, 0x00000000f44b85a8, 0x00000000f44b8600, 0x00000000fa000000)
[2026-09-17T14:06:25.877+0000][883.722s][debug][gc,heap        ] GC(45)  Metaspace       used 140091K, committed 141440K, reserved 1179648K
[2026-09-17T14:06:25.877+0000][883.722s][debug][gc,heap        ] GC(45)   class space    used 18749K, committed 19392K, reserved 1048576K
[2026-09-17T14:06:25.877+0000][883.723s][info ][gc             ] GC(45) Pause Young (Allocation Failure) 151M->83M(247M) 8.694ms
[2026-09-17T14:06:25.877+0000][883.723s][info ][gc,cpu         ] GC(45) User=0.01s Sys=0.00s Real=0.01s
[2026-09-17T14:07:50.719+0000][968.564s][info ][gc,start       ] GC(46) Pause Young (Allocation Failure)
[2026-09-17T14:07:50.719+0000][968.564s][debug][gc,heap        ] GC(46) Heap before GC invocations=46 (full 4):
[2026-09-17T14:07:50.719+0000][968.564s][debug][gc,heap        ] GC(46)  def new generation   total 78720K, used 73984K [0x00000000e7000000, 0x00000000ec560000, 0x00000000ef550000)
[2026-09-17T14:07:50.719+0000][968.564s][debug][gc,heap        ] GC(46)   eden space 70016K, 100% used [0x00000000e7000000, 0x00000000eb460000, 0x00000000eb460000)
[2026-09-17T14:07:50.719+0000][968.564s][debug][gc,heap        ] GC(46)   from space 8704K,  45% used [0x00000000eb460000, 0x00000000eb8403c8, 0x00000000ebce0000)
[2026-09-17T14:07:50.719+0000][968.564s][debug][gc,heap        ] GC(46)   to   space 8704K,   0% used [0x00000000ebce0000, 0x00000000ebce0000, 0x00000000ec560000)
[2026-09-17T14:07:50.719+0000][968.564s][debug][gc,heap        ] GC(46)  tenured generation   total 174784K, used 81313K [0x00000000ef550000, 0x00000000fa000000, 0x0000000100000000)
[2026-09-17T14:07:50.719+0000][968.564s][debug][gc,heap        ] GC(46)    the space 174784K,  46% used [0x00000000ef550000, 0x00000000f44b85a8, 0x00000000f44b8600, 0x00000000fa000000)
[2026-09-17T14:07:50.719+0000][968.564s][debug][gc,heap        ] GC(46)  Metaspace       used 140171K, committed 141504K, reserved 1179648K
[2026-09-17T14:07:50.719+0000][968.564s][debug][gc,heap        ] GC(46)   class space    used 18749K, committed 19392K, reserved 1048576K
[2026-09-17T14:07:50.727+0000][968.572s][info ][gc,heap        ] GC(46) DefNew: 73984K(78720K)->3228K(78720K) Eden: 70016K(70016K)->0K(70016K) From: 3968K(8704K)->3228K(8704K)
[2026-09-17T14:07:50.727+0000][968.572s][info ][gc,heap        ] GC(46) Tenured: 81313K(174784K)->81313K(174784K)
[2026-09-17T14:07:50.727+0000][968.572s][info ][gc,metaspace   ] GC(46) Metaspace: 140171K(141504K)->140171K(141504K) NonClass: 121421K(122112K)->121421K(122112K) Class: 18749K(19392K)->18749K(19392K)
[2026-09-17T14:07:50.727+0000][968.572s][debug][gc,heap        ] GC(46) Heap after GC invocations=47 (full 4):
[2026-09-17T14:07:50.727+0000][968.572s][debug][gc,heap        ] GC(46)  def new generation   total 78720K, used 3228K [0x00000000e7000000, 0x00000000ec560000, 0x00000000ef550000)
[2026-09-17T14:07:50.727+0000][968.572s][debug][gc,heap        ] GC(46)   eden space 70016K,   0% used [0x00000000e7000000, 0x00000000e7000000, 0x00000000eb460000)
[2026-09-17T14:07:50.727+0000][968.572s][debug][gc,heap        ] GC(46)   from space 8704K,  37% used [0x00000000ebce0000, 0x00000000ec007018, 0x00000000ec560000)
[2026-09-17T14:07:50.727+0000][968.572s][debug][gc,heap        ] GC(46)   to   space 8704K,   0% used [0x00000000eb460000, 0x00000000eb460000, 0x00000000ebce0000)
[2026-09-17T14:07:50.727+0000][968.572s][debug][gc,heap        ] GC(46)  tenured generation   total 174784K, used 81313K [0x00000000ef550000, 0x00000000fa000000, 0x0000000100000000)
[2026-09-17T14:07:50.727+0000][968.572s][debug][gc,heap        ] GC(46)    the space 174784K,  46% used [0x00000000ef550000, 0x00000000f44b85a8, 0x00000000f44b8600, 0x00000000fa000000)
[2026-09-17T14:07:50.727+0000][968.572s][debug][gc,heap        ] GC(46)  Metaspace       used 140171K, committed 141504K, reserved 1179648K
[2026-09-17T14:07:50.727+0000][968.572s][debug][gc,heap        ] GC(46)   class space    used 18749K, committed 19392K, reserved 1048576K
[2026-09-17T14:07:50.727+0000][968.572s][info ][gc             ] GC(46) Pause Young (Allocation Failure) 151M->82M(247M) 8.409ms
[2026-09-17T14:07:50.727+0000][968.572s][info ][gc,cpu         ] GC(46) User=0.01s Sys=0.00s Real=0.01s
[2026-09-17T14:09:20.229+0000][1058.074s][info ][gc,start       ] GC(47) Pause Young (Allocation Failure)
[2026-09-17T14:09:20.229+0000][1058.074s][debug][gc,heap        ] GC(47) Heap before GC invocations=47 (full 4):
[2026-09-17T14:09:20.229+0000][1058.074s][debug][gc,heap        ] GC(47)  def new generation   total 78720K, used 73237K [0x00000000e7000000, 0x00000000ec560000, 0x00000000ef550000)
[2026-09-17T14:09:20.229+0000][1058.074s][debug][gc,heap        ] GC(47)   eden space 70016K,  99% used [0x00000000e7000000, 0x00000000eb45e6f8, 0x00000000eb460000)
[2026-09-17T14:09:20.229+0000][1058.074s][debug][gc,heap        ] GC(47)   from space 8704K,  37% used [0x00000000ebce0000, 0x00000000ec007018, 0x00000000ec560000)
[2026-09-17T14:09:20.229+0000][1058.074s][debug][gc,heap        ] GC(47)   to   space 8704K,   0% used [0x00000000eb460000, 0x00000000eb460000, 0x00000000ebce0000)
[2026-09-17T14:09:20.229+0000][1058.074s][debug][gc,heap        ] GC(47)  tenured generation   total 174784K, used 81313K [0x00000000ef550000, 0x00000000fa000000, 0x0000000100000000)
[2026-09-17T14:09:20.229+0000][1058.074s][debug][gc,heap        ] GC(47)    the space 174784K,  46% used [0x00000000ef550000, 0x00000000f44b85a8, 0x00000000f44b8600, 0x00000000fa000000)
[2026-09-17T14:09:20.229+0000][1058.074s][debug][gc,heap        ] GC(47)  Metaspace       used 140251K, committed 141568K, reserved 1179648K
[2026-09-17T14:09:20.229+0000][1058.074s][debug][gc,heap        ] GC(47)   class space    used 18749K, committed 19392K, reserved 1048576K
[2026-09-17T14:09:20.238+0000][1058.083s][info ][gc,heap        ] GC(47) DefNew: 73237K(78720K)->3407K(78720K) Eden: 70009K(70016K)->0K(70016K) From: 3228K(8704K)->3407K(8704K)
[2026-09-17T14:09:20.238+0000][1058.083s][info ][gc,heap        ] GC(47) Tenured: 81313K(174784K)->81313K(174784K)
[2026-09-17T14:09:20.238+0000][1058.083s][info ][gc,metaspace   ] GC(47) Metaspace: 140251K(141568K)->140251K(141568K) NonClass: 121501K(122176K)->121501K(122176K) Class: 18749K(19392K)->18749K(19392K)
[2026-09-17T14:09:20.238+0000][1058.083s][debug][gc,heap        ] GC(47) Heap after GC invocations=48 (full 4):
[2026-09-17T14:09:20.238+0000][1058.083s][debug][gc,heap        ] GC(47)  def new generation   total 78720K, used 3407K [0x00000000e7000000, 0x00000000ec560000, 0x00000000ef550000)
[2026-09-17T14:09:20.238+0000][1058.083s][debug][gc,heap        ] GC(47)   eden space 70016K,   0% used [0x00000000e7000000, 0x00000000e7000000, 0x00000000eb460000)
[2026-09-17T14:09:20.238+0000][1058.083s][debug][gc,heap        ] GC(47)   from space 8704K,  39% used [0x00000000eb460000, 0x00000000eb7b3e18, 0x00000000ebce0000)
[2026-09-17T14:09:20.238+0000][1058.083s][debug][gc,heap        ] GC(47)   to   space 8704K,   0% used [0x00000000ebce0000, 0x00000000ebce0000, 0x00000000ec560000)
[2026-09-17T14:09:20.238+0000][1058.083s][debug][gc,heap        ] GC(47)  tenured generation   total 174784K, used 81313K [0x00000000ef550000, 0x00000000fa000000, 0x0000000100000000)
[2026-09-17T14:09:20.238+0000][1058.083s][debug][gc,heap        ] GC(47)    the space 174784K,  46% used [0x00000000ef550000, 0x00000000f44b85a8, 0x00000000f44b8600, 0x00000000fa000000)
[2026-09-17T14:09:20.238+0000][1058.083s][debug][gc,heap        ] GC(47)  Metaspace       used 140251K, committed 141568K, reserved 1179648K
[2026-09-17T14:09:20.238+0000][1058.083s][debug][gc,heap        ] GC(47)   class space    used 18749K, committed 19392K, reserved 1048576K
[2026-09-17T14:09:20.238+0000][1058.083s][info ][gc             ] GC(47) Pause Young (Allocation Failure) 150M->82M(247M) 8.489ms
[2026-09-17T14:09:20.238+0000][1058.083s][info ][gc,cpu         ] GC(47) User=0.01s Sys=0.00s Real=0.01s
[2026-09-17T14:10:47.592+0000][1145.438s][info ][gc,start       ] GC(48) Pause Young (Allocation Failure)
[2026-09-17T14:10:47.593+0000][1145.438s][debug][gc,heap        ] GC(48) Heap before GC invocations=48 (full 4):
[2026-09-17T14:10:47.593+0000][1145.438s][debug][gc,heap        ] GC(48)  def new generation   total 78720K, used 73423K [0x00000000e7000000, 0x00000000ec560000, 0x00000000ef550000)
[2026-09-17T14:10:47.593+0000][1145.438s][debug][gc,heap        ] GC(48)   eden space 70016K, 100% used [0x00000000e7000000, 0x00000000eb460000, 0x00000000eb460000)
[2026-09-17T14:10:47.593+0000][1145.438s][debug][gc,heap        ] GC(48)   from space 8704K,  39% used [0x00000000eb460000, 0x00000000eb7b3e18, 0x00000000ebce0000)
[2026-09-17T14:10:47.593+0000][1145.438s][debug][gc,heap        ] GC(48)   to   space 8704K,   0% used [0x00000000ebce0000, 0x00000000ebce0000, 0x00000000ec560000)
[2026-09-17T14:10:47.593+0000][1145.438s][debug][gc,heap        ] GC(48)  tenured generation   total 174784K, used 81313K [0x00000000ef550000, 0x00000000fa000000, 0x0000000100000000)
[2026-09-17T14:10:47.593+0000][1145.438s][debug][gc,heap        ] GC(48)    the space 174784K,  46% used [0x00000000ef550000, 0x00000000f44b85a8, 0x00000000f44b8600, 0x00000000fa000000)
[2026-09-17T14:10:47.593+0000][1145.438s][debug][gc,heap        ] GC(48)  Metaspace       used 140269K, committed 141568K, reserved 1179648K
[2026-09-17T14:10:47.593+0000][1145.438s][debug][gc,heap        ] GC(48)   class space    used 18749K, committed 19392K, reserved 1048576K
[2026-09-17T14:10:47.601+0000][1145.446s][info ][gc,heap        ] GC(48) DefNew: 73423K(78720K)->4062K(78720K) Eden: 70016K(70016K)->0K(70016K) From: 3407K(8704K)->4062K(8704K)
[2026-09-17T14:10:47.601+0000][1145.446s][info ][gc,heap        ] GC(48) Tenured: 81313K(174784K)->81313K(174784K)
[2026-09-17T14:10:47.601+0000][1145.446s][info ][gc,metaspace   ] GC(48) Metaspace: 140269K(141568K)->140269K(141568K) NonClass: 121519K(122176K)->121519K(122176K) Class: 18749K(19392K)->18749K(19392K)
[2026-09-17T14:10:47.601+0000][1145.446s][debug][gc,heap        ] GC(48) Heap after GC invocations=49 (full 4):
[2026-09-17T14:10:47.601+0000][1145.446s][debug][gc,heap        ] GC(48)  def new generation   total 78720K, used 4062K [0x00000000e7000000, 0x00000000ec560000, 0x00000000ef550000)
[2026-09-17T14:10:47.601+0000][1145.446s][debug][gc,heap        ] GC(48)   eden space 70016K,   0% used [0x00000000e7000000, 0x00000000e7000000, 0x00000000eb460000)
[2026-09-17T14:10:47.601+0000][1145.446s][debug][gc,heap        ] GC(48)   from space 8704K,  46% used [0x00000000ebce0000, 0x00000000ec0d78c0, 0x00000000ec560000)
[2026-09-17T14:10:47.601+0000][1145.446s][debug][gc,heap        ] GC(48)   to   space 8704K,   0% used [0x00000000eb460000, 0x00000000eb460000, 0x00000000ebce0000)
[2026-09-17T14:10:47.601+0000][1145.446s][debug][gc,heap        ] GC(48)  tenured generation   total 174784K, used 81313K [0x00000000ef550000, 0x00000000fa000000, 0x0000000100000000)
[2026-09-17T14:10:47.601+0000][1145.446s][debug][gc,heap        ] GC(48)    the space 174784K,  46% used [0x00000000ef550000, 0x00000000f44b85a8, 0x00000000f44b8600, 0x00000000fa000000)
[2026-09-17T14:10:47.601+0000][1145.446s][debug][gc,heap        ] GC(48)  Metaspace       used 140269K, committed 141568K, reserved 1179648K
[2026-09-17T14:10:47.601+0000][1145.446s][debug][gc,heap        ] GC(48)   class space    used 18749K, committed 19392K, reserved 1048576K
[2026-09-17T14:10:47.601+0000][1145.446s][info ][gc             ] GC(48) Pause Young (Allocation Failure) 151M->83M(247M) 8.808ms
[2026-09-17T14:10:47.601+0000][1145.446s][info ][gc,cpu         ] GC(48) User=0.01s Sys=0.00s Real=0.01s
[2026-09-17T14:12:11.363+0000][1229.208s][info ][gc,start       ] GC(49) Pause Young (Allocation Failure)
[2026-09-17T14:12:11.363+0000][1229.208s][debug][gc,heap        ] GC(49) Heap before GC invocations=49 (full 4):
[2026-09-17T14:12:11.363+0000][1229.208s][debug][gc,heap        ] GC(49)  def new generation   total 78720K, used 74078K [0x00000000e7000000, 0x00000000ec560000, 0x00000000ef550000)
[2026-09-17T14:12:11.363+0000][1229.208s][debug][gc,heap        ] GC(49)   eden space 70016K, 100% used [0x00000000e7000000, 0x00000000eb460000, 0x00000000eb460000)
[2026-09-17T14:12:11.363+0000][1229.208s][debug][gc,heap        ] GC(49)   from space 8704K,  46% used [0x00000000ebce0000, 0x00000000ec0d78c0, 0x00000000ec560000)
[2026-09-17T14:12:11.363+0000][1229.208s][debug][gc,heap        ] GC(49)   to   space 8704K,   0% used [0x00000000eb460000, 0x00000000eb460000, 0x00000000ebce0000)
[2026-09-17T14:12:11.363+0000][1229.208s][debug][gc,heap        ] GC(49)  tenured generation   total 174784K, used 81313K [0x00000000ef550000, 0x00000000fa000000, 0x0000000100000000)
[2026-09-17T14:12:11.363+0000][1229.208s][debug][gc,heap        ] GC(49)    the space 174784K,  46% used [0x00000000ef550000, 0x00000000f44b85a8, 0x00000000f44b8600, 0x00000000fa000000)
[2026-09-17T14:12:11.363+0000][1229.208s][debug][gc,heap        ] GC(49)  Metaspace       used 140333K, committed 141632K, reserved 1179648K
[2026-09-17T14:12:11.363+0000][1229.208s][debug][gc,heap        ] GC(49)   class space    used 18750K, committed 19392K, reserved 1048576K
[2026-09-17T14:12:11.372+0000][1229.217s][info ][gc,heap        ] GC(49) DefNew: 74078K(78720K)->2045K(78720K) Eden: 70016K(70016K)->0K(70016K) From: 4062K(8704K)->2045K(8704K)
[2026-09-17T14:12:11.372+0000][1229.217s][info ][gc,heap        ] GC(49) Tenured: 81313K(174784K)->82588K(174784K)
[2026-09-17T14:12:11.372+0000][1229.217s][info ][gc,metaspace   ] GC(49) Metaspace: 140333K(141632K)->140333K(141632K) NonClass: 121583K(122240K)->121583K(122240K) Class: 18750K(19392K)->18750K(19392K)
[2026-09-17T14:12:11.372+0000][1229.217s][debug][gc,heap        ] GC(49) Heap after GC invocations=50 (full 4):
[2026-09-17T14:12:11.372+0000][1229.217s][debug][gc,heap        ] GC(49)  def new generation   total 78720K, used 2045K [0x00000000e7000000, 0x00000000ec560000, 0x00000000ef550000)
[2026-09-17T14:12:11.372+0000][1229.217s][debug][gc,heap        ] GC(49)   eden space 70016K,   0% used [0x00000000e7000000, 0x00000000e7000000, 0x00000000eb460000)
[2026-09-17T14:12:11.372+0000][1229.217s][debug][gc,heap        ] GC(49)   from space 8704K,  23% used [0x00000000eb460000, 0x00000000eb65f580, 0x00000000ebce0000)
[2026-09-17T14:12:11.372+0000][1229.217s][debug][gc,heap        ] GC(49)   to   space 8704K,   0% used [0x00000000ebce0000, 0x00000000ebce0000, 0x00000000ec560000)
[2026-09-17T14:12:11.372+0000][1229.217s][debug][gc,heap        ] GC(49)  tenured generation   total 174784K, used 82588K [0x00000000ef550000, 0x00000000fa000000, 0x0000000100000000)
[2026-09-17T14:12:11.372+0000][1229.217s][debug][gc,heap        ] GC(49)    the space 174784K,  47% used [0x00000000ef550000, 0x00000000f45f73b0, 0x00000000f45f7400, 0x00000000fa000000)
[2026-09-17T14:12:11.372+0000][1229.217s][debug][gc,heap        ] GC(49)  Metaspace       used 140333K, committed 141632K, reserved 1179648K
[2026-09-17T14:12:11.372+0000][1229.217s][debug][gc,heap        ] GC(49)   class space    used 18750K, committed 19392K, reserved 1048576K
[2026-09-17T14:12:11.372+0000][1229.217s][info ][gc             ] GC(49) Pause Young (Allocation Failure) 151M->82M(247M) 9.345ms
[2026-09-17T14:12:11.372+0000][1229.217s][info ][gc,cpu         ] GC(49) User=0.01s Sys=0.00s Real=0.01s
[2026-09-17T14:13:40.271+0000][1318.116s][info ][gc,start       ] GC(50) Pause Young (Allocation Failure)
[2026-09-17T14:13:40.271+0000][1318.116s][debug][gc,heap        ] GC(50) Heap before GC invocations=50 (full 4):
[2026-09-17T14:13:40.271+0000][1318.116s][debug][gc,heap        ] GC(50)  def new generation   total 78720K, used 72061K [0x00000000e7000000, 0x00000000ec560000, 0x00000000ef550000)
[2026-09-17T14:13:40.271+0000][1318.116s][debug][gc,heap        ] GC(50)   eden space 70016K, 100% used [0x00000000e7000000, 0x00000000eb460000, 0x00000000eb460000)
[2026-09-17T14:13:40.271+0000][1318.116s][debug][gc,heap        ] GC(50)   from space 8704K,  23% used [0x00000000eb460000, 0x00000000eb65f580, 0x00000000ebce0000)
[2026-09-17T14:13:40.271+0000][1318.116s][debug][gc,heap        ] GC(50)   to   space 8704K,   0% used [0x00000000ebce0000, 0x00000000ebce0000, 0x00000000ec560000)
[2026-09-17T14:13:40.271+0000][1318.116s][debug][gc,heap        ] GC(50)  tenured generation   total 174784K, used 82588K [0x00000000ef550000, 0x00000000fa000000, 0x0000000100000000)
[2026-09-17T14:13:40.271+0000][1318.116s][debug][gc,heap        ] GC(50)    the space 174784K,  47% used [0x00000000ef550000, 0x00000000f45f73b0, 0x00000000f45f7400, 0x00000000fa000000)
[2026-09-17T14:13:40.271+0000][1318.116s][debug][gc,heap        ] GC(50)  Metaspace       used 140474K, committed 141824K, reserved 1179648K
[2026-09-17T14:13:40.271+0000][1318.116s][debug][gc,heap        ] GC(50)   class space    used 18757K, committed 19392K, reserved 1048576K
[2026-09-17T14:13:40.280+0000][1318.125s][info ][gc,heap        ] GC(50) DefNew: 72061K(78720K)->1709K(78720K) Eden: 70016K(70016K)->0K(70016K) From: 2045K(8704K)->1709K(8704K)
[2026-09-17T14:13:40.280+0000][1318.125s][info ][gc,heap        ] GC(50) Tenured: 82588K(174784K)->83727K(174784K)
[2026-09-17T14:13:40.280+0000][1318.125s][info ][gc,metaspace   ] GC(50) Metaspace: 140474K(141824K)->140474K(141824K) NonClass: 121717K(122432K)->121717K(122432K) Class: 18757K(19392K)->18757K(19392K)
[2026-09-17T14:13:40.280+0000][1318.125s][debug][gc,heap        ] GC(50) Heap after GC invocations=51 (full 4):
[2026-09-17T14:13:40.280+0000][1318.125s][debug][gc,heap        ] GC(50)  def new generation   total 78720K, used 1709K [0x00000000e7000000, 0x00000000ec560000, 0x00000000ef550000)
[2026-09-17T14:13:40.280+0000][1318.125s][debug][gc,heap        ] GC(50)   eden space 70016K,   0% used [0x00000000e7000000, 0x00000000e7000000, 0x00000000eb460000)
[2026-09-17T14:13:40.280+0000][1318.125s][debug][gc,heap        ] GC(50)   from space 8704K,  19% used [0x00000000ebce0000, 0x00000000ebe8b728, 0x00000000ec560000)
[2026-09-17T14:13:40.280+0000][1318.125s][debug][gc,heap        ] GC(50)   to   space 8704K,   0% used [0x00000000eb460000, 0x00000000eb460000, 0x00000000ebce0000)
[2026-09-17T14:13:40.280+0000][1318.125s][debug][gc,heap        ] GC(50)  tenured generation   total 174784K, used 83727K [0x00000000ef550000, 0x00000000fa000000, 0x0000000100000000)
[2026-09-17T14:13:40.280+0000][1318.125s][debug][gc,heap        ] GC(50)    the space 174784K,  47% used [0x00000000ef550000, 0x00000000f4713ff0, 0x00000000f4714000, 0x00000000fa000000)
[2026-09-17T14:13:40.280+0000][1318.125s][debug][gc,heap        ] GC(50)  Metaspace       used 140474K, committed 141824K, reserved 1179648K
[2026-09-17T14:13:40.280+0000][1318.125s][debug][gc,heap        ] GC(50)   class space    used 18757K, committed 19392K, reserved 1048576K
[2026-09-17T14:13:40.280+0000][1318.125s][info ][gc             ] GC(50) Pause Young (Allocation Failure) 151M->83M(247M) 8.518ms
[2026-09-17T14:13:40.280+0000][1318.125s][info ][gc,cpu         ] GC(50) User=0.01s Sys=0.00s Real=0.01s
[2026-09-17T14:15:05.735+0000][1403.580s][info ][gc,start       ] GC(51) Pause Young (Allocation Failure)
[2026-09-17T14:15:05.735+0000][1403.580s][debug][gc,heap        ] GC(51) Heap before GC invocations=51 (full 4):
[2026-09-17T14:15:05.735+0000][1403.580s][debug][gc,heap        ] GC(51)  def new generation   total 78720K, used 71725K [0x00000000e7000000, 0x00000000ec560000, 0x00000000ef550000)
[2026-09-17T14:15:05.735+0000][1403.580s][debug][gc,heap        ] GC(51)   eden space 70016K, 100% used [0x00000000e7000000, 0x00000000eb460000, 0x00000000eb460000)
[2026-09-17T14:15:05.735+0000][1403.580s][debug][gc,heap        ] GC(51)   from space 8704K,  19% used [0x00000000ebce0000, 0x00000000ebe8b728, 0x00000000ec560000)
[2026-09-17T14:15:05.735+0000][1403.580s][debug][gc,heap        ] GC(51)   to   space 8704K,   0% used [0x00000000eb460000, 0x00000000eb460000, 0x00000000ebce0000)
[2026-09-17T14:15:05.735+0000][1403.580s][debug][gc,heap        ] GC(51)  tenured generation   total 174784K, used 83727K [0x00000000ef550000, 0x00000000fa000000, 0x0000000100000000)
[2026-09-17T14:15:05.735+0000][1403.580s][debug][gc,heap        ] GC(51)    the space 174784K,  47% used [0x00000000ef550000, 0x00000000f4713ff0, 0x00000000f4714000, 0x00000000fa000000)
[2026-09-17T14:15:05.735+0000][1403.580s][debug][gc,heap        ] GC(51)  Metaspace       used 140529K, committed 141888K, reserved 1179648K
[2026-09-17T14:15:05.735+0000][1403.580s][debug][gc,heap        ] GC(51)   class space    used 18758K, committed 19392K, reserved 1048576K
[2026-09-17T14:15:05.739+0000][1403.584s][info ][gc,heap        ] GC(51) DefNew: 71725K(78720K)->688K(78720K) Eden: 70016K(70016K)->0K(70016K) From: 1709K(8704K)->688K(8704K)
[2026-09-17T14:15:05.739+0000][1403.584s][info ][gc,heap        ] GC(51) Tenured: 83727K(174784K)->83962K(174784K)
[2026-09-17T14:15:05.739+0000][1403.584s][info ][gc,metaspace   ] GC(51) Metaspace: 140529K(141888K)->140529K(141888K) NonClass: 121771K(122496K)->121771K(122496K) Class: 18758K(19392K)->18758K(19392K)
[2026-09-17T14:15:05.739+0000][1403.584s][debug][gc,heap        ] GC(51) Heap after GC invocations=52 (full 4):
[2026-09-17T14:15:05.739+0000][1403.584s][debug][gc,heap        ] GC(51)  def new generation   total 78720K, used 688K [0x00000000e7000000, 0x00000000ec560000, 0x00000000ef550000)
[2026-09-17T14:15:05.739+0000][1403.584s][debug][gc,heap        ] GC(51)   eden space 70016K,   0% used [0x00000000e7000000, 0x00000000e7000000, 0x00000000eb460000)
[2026-09-17T14:15:05.739+0000][1403.584s][debug][gc,heap        ] GC(51)   from space 8704K,   7% used [0x00000000eb460000, 0x00000000eb50c150, 0x00000000ebce0000)
[2026-09-17T14:15:05.739+0000][1403.584s][debug][gc,heap        ] GC(51)   to   space 8704K,   0% used [0x00000000ebce0000, 0x00000000ebce0000, 0x00000000ec560000)
[2026-09-17T14:15:05.739+0000][1403.584s][debug][gc,heap        ] GC(51)  tenured generation   total 174784K, used 83962K [0x00000000ef550000, 0x00000000fa000000, 0x0000000100000000)
[2026-09-17T14:15:05.739+0000][1403.584s][debug][gc,heap        ] GC(51)    the space 174784K,  48% used [0x00000000ef550000, 0x00000000f474e9d0, 0x00000000f474ea00, 0x00000000fa000000)
[2026-09-17T14:15:05.739+0000][1403.584s][debug][gc,heap        ] GC(51)  Metaspace       used 140529K, committed 141888K, reserved 1179648K
[2026-09-17T14:15:05.739+0000][1403.584s][debug][gc,heap        ] GC(51)   class space    used 18758K, committed 19392K, reserved 1048576K
[2026-09-17T14:15:05.739+0000][1403.584s][info ][gc             ] GC(51) Pause Young (Allocation Failure) 151M->82M(247M) 4.011ms
[2026-09-17T14:15:05.739+0000][1403.584s][info ][gc,cpu         ] GC(51) User=0.00s Sys=0.00s Real=0.01s
[2026-09-17T14:16:36.011+0000][1493.856s][info ][gc,start       ] GC(52) Pause Young (Allocation Failure)
[2026-09-17T14:16:36.011+0000][1493.856s][debug][gc,heap        ] GC(52) Heap before GC invocations=52 (full 4):
[2026-09-17T14:16:36.011+0000][1493.857s][debug][gc,heap        ] GC(52)  def new generation   total 78720K, used 70704K [0x00000000e7000000, 0x00000000ec560000, 0x00000000ef550000)
[2026-09-17T14:16:36.011+0000][1493.857s][debug][gc,heap        ] GC(52)   eden space 70016K, 100% used [0x00000000e7000000, 0x00000000eb460000, 0x00000000eb460000)
[2026-09-17T14:16:36.011+0000][1493.857s][debug][gc,heap        ] GC(52)   from space 8704K,   7% used [0x00000000eb460000, 0x00000000eb50c150, 0x00000000ebce0000)
[2026-09-17T14:16:36.011+0000][1493.857s][debug][gc,heap        ] GC(52)   to   space 8704K,   0% used [0x00000000ebce0000, 0x00000000ebce0000, 0x00000000ec560000)
[2026-09-17T14:16:36.011+0000][1493.857s][debug][gc,heap        ] GC(52)  tenured generation   total 174784K, used 83962K [0x00000000ef550000, 0x00000000fa000000, 0x0000000100000000)
[2026-09-17T14:16:36.011+0000][1493.857s][debug][gc,heap        ] GC(52)    the space 174784K,  48% used [0x00000000ef550000, 0x00000000f474e9d0, 0x00000000f474ea00, 0x00000000fa000000)
[2026-09-17T14:16:36.011+0000][1493.857s][debug][gc,heap        ] GC(52)  Metaspace       used 140537K, committed 141888K, reserved 1179648K
[2026-09-17T14:16:36.011+0000][1493.857s][debug][gc,heap        ] GC(52)   class space    used 18758K, committed 19392K, reserved 1048576K
[2026-09-17T14:16:36.015+0000][1493.860s][info ][gc,heap        ] GC(52) DefNew: 70704K(78720K)->814K(78720K) Eden: 70016K(70016K)->0K(70016K) From: 688K(8704K)->814K(8704K)
[2026-09-17T14:16:36.015+0000][1493.860s][info ][gc,heap        ] GC(52) Tenured: 83962K(174784K)->83993K(174784K)
[2026-09-17T14:16:36.015+0000][1493.860s][info ][gc,metaspace   ] GC(52) Metaspace: 140537K(141888K)->140537K(141888K) NonClass: 121779K(122496K)->121779K(122496K) Class: 18758K(19392K)->18758K(19392K)
[2026-09-17T14:16:36.015+0000][1493.860s][debug][gc,heap        ] GC(52) Heap after GC invocations=53 (full 4):
[2026-09-17T14:16:36.015+0000][1493.860s][debug][gc,heap        ] GC(52)  def new generation   total 78720K, used 814K [0x00000000e7000000, 0x00000000ec560000, 0x00000000ef550000)
[2026-09-17T14:16:36.015+0000][1493.860s][debug][gc,heap        ] GC(52)   eden space 70016K,   0% used [0x00000000e7000000, 0x00000000e7000000, 0x00000000eb460000)
[2026-09-17T14:16:36.015+0000][1493.860s][debug][gc,heap        ] GC(52)   from space 8704K,   9% used [0x00000000ebce0000, 0x00000000ebdab968, 0x00000000ec560000)
[2026-09-17T14:16:36.015+0000][1493.860s][debug][gc,heap        ] GC(52)   to   space 8704K,   0% used [0x00000000eb460000, 0x00000000eb460000, 0x00000000ebce0000)
[2026-09-17T14:16:36.015+0000][1493.860s][debug][gc,heap        ] GC(52)  tenured generation   total 174784K, used 83993K [0x00000000ef550000, 0x00000000fa000000, 0x0000000100000000)
[2026-09-17T14:16:36.015+0000][1493.860s][debug][gc,heap        ] GC(52)    the space 174784K,  48% used [0x00000000ef550000, 0x00000000f4756668, 0x00000000f4756800, 0x00000000fa000000)
[2026-09-17T14:16:36.015+0000][1493.860s][debug][gc,heap        ] GC(52)  Metaspace       used 140537K, committed 141888K, reserved 1179648K
[2026-09-17T14:16:36.015+0000][1493.860s][debug][gc,heap        ] GC(52)   class space    used 18758K, committed 19392K, reserved 1048576K
[2026-09-17T14:16:36.015+0000][1493.860s][info ][gc             ] GC(52) Pause Young (Allocation Failure) 151M->82M(247M) 3.537ms
[2026-09-17T14:16:36.015+0000][1493.860s][info ][gc,cpu         ] GC(52) User=0.00s Sys=0.00s Real=0.00s
[2026-09-17T14:17:44.367+0000][1562.212s][info ][gc,start       ] GC(53) Pause Full (CodeCache GC Threshold)
[2026-09-17T14:17:44.367+0000][1562.212s][debug][gc,heap        ] GC(53) Heap before GC invocations=53 (full 4):
[2026-09-17T14:17:44.367+0000][1562.212s][debug][gc,heap        ] GC(53)  def new generation   total 78720K, used 58292K [0x00000000e7000000, 0x00000000ec560000, 0x00000000ef550000)
[2026-09-17T14:17:44.367+0000][1562.212s][debug][gc,heap        ] GC(53)   eden space 70016K,  82% used [0x00000000e7000000, 0x00000000ea8217a8, 0x00000000eb460000)
[2026-09-17T14:17:44.367+0000][1562.212s][debug][gc,heap        ] GC(53)   from space 8704K,   9% used [0x00000000ebce0000, 0x00000000ebdab968, 0x00000000ec560000)
[2026-09-17T14:17:44.367+0000][1562.212s][debug][gc,heap        ] GC(53)   to   space 8704K,   0% used [0x00000000eb460000, 0x00000000eb460000, 0x00000000ebce0000)
[2026-09-17T14:17:44.367+0000][1562.212s][debug][gc,heap        ] GC(53)  tenured generation   total 174784K, used 83993K [0x00000000ef550000, 0x00000000fa000000, 0x0000000100000000)
[2026-09-17T14:17:44.367+0000][1562.212s][debug][gc,heap        ] GC(53)    the space 174784K,  48% used [0x00000000ef550000, 0x00000000f4756668, 0x00000000f4756800, 0x00000000fa000000)
[2026-09-17T14:17:44.367+0000][1562.212s][debug][gc,heap        ] GC(53)  Metaspace       used 140580K, committed 141888K, reserved 1179648K
[2026-09-17T14:17:44.367+0000][1562.212s][debug][gc,heap        ] GC(53)   class space    used 18758K, committed 19392K, reserved 1048576K
[2026-09-17T14:17:44.367+0000][1562.212s][info ][gc,phases,start] GC(53) Phase 1: Mark live objects
[2026-09-17T14:17:44.453+0000][1562.299s][info ][gc,phases      ] GC(53) Phase 1: Mark live objects 86.589ms
[2026-09-17T14:17:44.454+0000][1562.299s][info ][gc,phases,start] GC(53) Phase 2: Compute new object addresses
[2026-09-17T14:17:44.482+0000][1562.327s][info ][gc,phases      ] GC(53) Phase 2: Compute new object addresses 28.812ms
[2026-09-17T14:17:44.482+0000][1562.327s][info ][gc,phases,start] GC(53) Phase 3: Adjust pointers
[2026-09-17T14:17:44.520+0000][1562.365s][info ][gc,phases      ] GC(53) Phase 3: Adjust pointers 37.471ms
[2026-09-17T14:17:44.520+0000][1562.365s][info ][gc,phases,start] GC(53) Phase 4: Move objects
[2026-09-17T14:17:44.526+0000][1562.371s][info ][gc,phases      ] GC(53) Phase 4: Move objects 6.109ms
[2026-09-17T14:17:44.528+0000][1562.373s][info ][gc,heap        ] GC(53) DefNew: 58292K(78720K)->0K(78912K) Eden: 57477K(70016K)->0K(70144K) From: 814K(8704K)->0K(8768K)
[2026-09-17T14:17:44.528+0000][1562.373s][info ][gc,heap        ] GC(53) Tenured: 83993K(174784K)->59210K(174784K)
[2026-09-17T14:17:44.528+0000][1562.373s][info ][gc,metaspace   ] GC(53) Metaspace: 140580K(141888K)->139759K(141888K) NonClass: 121822K(122496K)->121215K(122496K) Class: 18758K(19392K)->18543K(19392K)
[2026-09-17T14:17:44.528+0000][1562.373s][debug][gc,heap        ] GC(53) Heap after GC invocations=54 (full 5):
[2026-09-17T14:17:44.528+0000][1562.373s][debug][gc,heap        ] GC(53)  def new generation   total 78912K, used 0K [0x00000000e7000000, 0x00000000ec5a0000, 0x00000000ef550000)
[2026-09-17T14:17:44.528+0000][1562.373s][debug][gc,heap        ] GC(53)   eden space 70144K,   0% used [0x00000000e7000000, 0x00000000e7000000, 0x00000000eb480000)
[2026-09-17T14:17:44.528+0000][1562.373s][debug][gc,heap        ] GC(53)   from space 8768K,   0% used [0x00000000eb480000, 0x00000000eb480000, 0x00000000ebd10000)
[2026-09-17T14:17:44.528+0000][1562.373s][debug][gc,heap        ] GC(53)   to   space 8768K,   0% used [0x00000000ebd10000, 0x00000000ebd10000, 0x00000000ec5a0000)
[2026-09-17T14:17:44.528+0000][1562.373s][debug][gc,heap        ] GC(53)  tenured generation   total 174784K, used 59210K [0x00000000ef550000, 0x00000000fa000000, 0x0000000100000000)
[2026-09-17T14:17:44.528+0000][1562.373s][debug][gc,heap        ] GC(53)    the space 174784K,  33% used [0x00000000ef550000, 0x00000000f2f22960, 0x00000000f2f22a00, 0x00000000fa000000)
[2026-09-17T14:17:44.528+0000][1562.373s][debug][gc,heap        ] GC(53)  Metaspace       used 139759K, committed 141888K, reserved 1179648K
[2026-09-17T14:17:44.528+0000][1562.373s][debug][gc,heap        ] GC(53)   class space    used 18543K, committed 19392K, reserved 1048576K
[2026-09-17T14:17:44.528+0000][1562.374s][info ][gc             ] GC(53) Pause Full (CodeCache GC Threshold) 138M->57M(247M) 161.654ms
[2026-09-17T14:17:44.528+0000][1562.374s][info ][gc,cpu         ] GC(53) User=0.16s Sys=0.00s Real=0.16s
[2026-09-17T14:19:12.502+0000][1650.347s][info ][gc,start       ] GC(54) Pause Young (Allocation Failure)
[2026-09-17T14:19:12.502+0000][1650.347s][debug][gc,heap        ] GC(54) Heap before GC invocations=54 (full 5):
[2026-09-17T14:19:12.502+0000][1650.347s][debug][gc,heap        ] GC(54)  def new generation   total 78912K, used 70144K [0x00000000e7000000, 0x00000000ec5a0000, 0x00000000ef550000)
[2026-09-17T14:19:12.502+0000][1650.347s][debug][gc,heap        ] GC(54)   eden space 70144K, 100% used [0x00000000e7000000, 0x00000000eb480000, 0x00000000eb480000)
[2026-09-17T14:19:12.502+0000][1650.347s][debug][gc,heap        ] GC(54)   from space 8768K,   0% used [0x00000000eb480000, 0x00000000eb480000, 0x00000000ebd10000)
[2026-09-17T14:19:12.502+0000][1650.347s][debug][gc,heap        ] GC(54)   to   space 8768K,   0% used [0x00000000ebd10000, 0x00000000ebd10000, 0x00000000ec5a0000)
[2026-09-17T14:19:12.502+0000][1650.347s][debug][gc,heap        ] GC(54)  tenured generation   total 174784K, used 59210K [0x00000000ef550000, 0x00000000fa000000, 0x0000000100000000)
[2026-09-17T14:19:12.502+0000][1650.347s][debug][gc,heap        ] GC(54)    the space 174784K,  33% used [0x00000000ef550000, 0x00000000f2f22960, 0x00000000f2f22a00, 0x00000000fa000000)
[2026-09-17T14:19:12.502+0000][1650.347s][debug][gc,heap        ] GC(54)  Metaspace       used 139763K, committed 141888K, reserved 1179648K
[2026-09-17T14:19:12.502+0000][1650.347s][debug][gc,heap        ] GC(54)   class space    used 18543K, committed 19392K, reserved 1048576K
[2026-09-17T14:19:12.507+0000][1650.352s][info ][gc,heap        ] GC(54) DefNew: 70144K(78912K)->533K(78912K) Eden: 70144K(70144K)->0K(70144K) From: 0K(8768K)->533K(8768K)
[2026-09-17T14:19:12.507+0000][1650.352s][info ][gc,heap        ] GC(54) Tenured: 59210K(174784K)->59210K(174784K)
[2026-09-17T14:19:12.507+0000][1650.352s][info ][gc,metaspace   ] GC(54) Metaspace: 139763K(141888K)->139763K(141888K) NonClass: 121219K(122496K)->121219K(122496K) Class: 18543K(19392K)->18543K(19392K)
[2026-09-17T14:19:12.507+0000][1650.352s][debug][gc,heap        ] GC(54) Heap after GC invocations=55 (full 5):
[2026-09-17T14:19:12.507+0000][1650.352s][debug][gc,heap        ] GC(54)  def new generation   total 78912K, used 533K [0x00000000e7000000, 0x00000000ec5a0000, 0x00000000ef550000)
[2026-09-17T14:19:12.507+0000][1650.352s][debug][gc,heap        ] GC(54)   eden space 70144K,   0% used [0x00000000e7000000, 0x00000000e7000000, 0x00000000eb480000)
[2026-09-17T14:19:12.507+0000][1650.352s][debug][gc,heap        ] GC(54)   from space 8768K,   6% used [0x00000000ebd10000, 0x00000000ebd95708, 0x00000000ec5a0000)
[2026-09-17T14:19:12.507+0000][1650.352s][debug][gc,heap        ] GC(54)   to   space 8768K,   0% used [0x00000000eb480000, 0x00000000eb480000, 0x00000000ebd10000)
[2026-09-17T14:19:12.507+0000][1650.352s][debug][gc,heap        ] GC(54)  tenured generation   total 174784K, used 59210K [0x00000000ef550000, 0x00000000fa000000, 0x0000000100000000)
[2026-09-17T14:19:12.507+0000][1650.352s][debug][gc,heap        ] GC(54)    the space 174784K,  33% used [0x00000000ef550000, 0x00000000f2f22960, 0x00000000f2f22a00, 0x00000000fa000000)
[2026-09-17T14:19:12.507+0000][1650.352s][debug][gc,heap        ] GC(54)  Metaspace       used 139763K, committed 141888K, reserved 1179648K
[2026-09-17T14:19:12.507+0000][1650.352s][debug][gc,heap        ] GC(54)   class space    used 18543K, committed 19392K, reserved 1048576K
[2026-09-17T14:19:12.507+0000][1650.352s][info ][gc             ] GC(54) Pause Young (Allocation Failure) 126M->58M(247M) 4.958ms
[2026-09-17T14:19:12.507+0000][1650.352s][info ][gc,cpu         ] GC(54) User=0.00s Sys=0.00s Real=0.01s
[2026-09-17T14:20:39.963+0000][1737.808s][info ][gc,start       ] GC(55) Pause Young (Allocation Failure)
[2026-09-17T14:20:39.963+0000][1737.808s][debug][gc,heap        ] GC(55) Heap before GC invocations=55 (full 5):
[2026-09-17T14:20:39.963+0000][1737.808s][debug][gc,heap        ] GC(55)  def new generation   total 78912K, used 70677K [0x00000000e7000000, 0x00000000ec5a0000, 0x00000000ef550000)
[2026-09-17T14:20:39.963+0000][1737.808s][debug][gc,heap        ] GC(55)   eden space 70144K,  99% used [0x00000000e7000000, 0x00000000eb47fff0, 0x00000000eb480000)
[2026-09-17T14:20:39.963+0000][1737.808s][debug][gc,heap        ] GC(55)   from space 8768K,   6% used [0x00000000ebd10000, 0x00000000ebd95708, 0x00000000ec5a0000)
[2026-09-17T14:20:39.963+0000][1737.808s][debug][gc,heap        ] GC(55)   to   space 8768K,   0% used [0x00000000eb480000, 0x00000000eb480000, 0x00000000ebd10000)
[2026-09-17T14:20:39.963+0000][1737.808s][debug][gc,heap        ] GC(55)  tenured generation   total 174784K, used 59210K [0x00000000ef550000, 0x00000000fa000000, 0x0000000100000000)
[2026-09-17T14:20:39.963+0000][1737.808s][debug][gc,heap        ] GC(55)    the space 174784K,  33% used [0x00000000ef550000, 0x00000000f2f22960, 0x00000000f2f22a00, 0x00000000fa000000)
[2026-09-17T14:20:39.963+0000][1737.808s][debug][gc,heap        ] GC(55)  Metaspace       used 139823K, committed 141952K, reserved 1179648K
[2026-09-17T14:20:39.963+0000][1737.808s][debug][gc,heap        ] GC(55)   class space    used 18543K, committed 19392K, reserved 1048576K
[2026-09-17T14:20:39.967+0000][1737.812s][info ][gc,heap        ] GC(55) DefNew: 70677K(78912K)->790K(78912K) Eden: 70143K(70144K)->0K(70144K) From: 533K(8768K)->790K(8768K)
[2026-09-17T14:20:39.967+0000][1737.812s][info ][gc,heap        ] GC(55) Tenured: 59210K(174784K)->59210K(174784K)
[2026-09-17T14:20:39.967+0000][1737.812s][info ][gc,metaspace   ] GC(55) Metaspace: 139823K(141952K)->139823K(141952K) NonClass: 121279K(122560K)->121279K(122560K) Class: 18543K(19392K)->18543K(19392K)
[2026-09-17T14:20:39.967+0000][1737.812s][debug][gc,heap        ] GC(55) Heap after GC invocations=56 (full 5):
[2026-09-17T14:20:39.967+0000][1737.812s][debug][gc,heap        ] GC(55)  def new generation   total 78912K, used 790K [0x00000000e7000000, 0x00000000ec5a0000, 0x00000000ef550000)
[2026-09-17T14:20:39.967+0000][1737.812s][debug][gc,heap        ] GC(55)   eden space 70144K,   0% used [0x00000000e7000000, 0x00000000e7000000, 0x00000000eb480000)
[2026-09-17T14:20:39.967+0000][1737.812s][debug][gc,heap        ] GC(55)   from space 8768K,   9% used [0x00000000eb480000, 0x00000000eb545b68, 0x00000000ebd10000)
[2026-09-17T14:20:39.967+0000][1737.812s][debug][gc,heap        ] GC(55)   to   space 8768K,   0% used [0x00000000ebd10000, 0x00000000ebd10000, 0x00000000ec5a0000)
[2026-09-17T14:20:39.967+0000][1737.812s][debug][gc,heap        ] GC(55)  tenured generation   total 174784K, used 59210K [0x00000000ef550000, 0x00000000fa000000, 0x0000000100000000)
[2026-09-17T14:20:39.967+0000][1737.812s][debug][gc,heap        ] GC(55)    the space 174784K,  33% used [0x00000000ef550000, 0x00000000f2f22960, 0x00000000f2f22a00, 0x00000000fa000000)
[2026-09-17T14:20:39.967+0000][1737.812s][debug][gc,heap        ] GC(55)  Metaspace       used 139823K, committed 141952K, reserved 1179648K
[2026-09-17T14:20:39.967+0000][1737.812s][debug][gc,heap        ] GC(55)   class space    used 18543K, committed 19392K, reserved 1048576K
[2026-09-17T14:20:39.967+0000][1737.812s][info ][gc             ] GC(55) Pause Young (Allocation Failure) 126M->58M(247M) 3.356ms
[2026-09-17T14:20:39.967+0000][1737.812s][info ][gc,cpu         ] GC(55) User=0.00s Sys=0.00s Real=0.01s
[2026-09-17T14:22:08.911+0000][1826.756s][info ][gc,start       ] GC(56) Pause Young (Allocation Failure)
[2026-09-17T14:22:08.911+0000][1826.756s][debug][gc,heap        ] GC(56) Heap before GC invocations=56 (full 5):
[2026-09-17T14:22:08.911+0000][1826.756s][debug][gc,heap        ] GC(56)  def new generation   total 78912K, used 70934K [0x00000000e7000000, 0x00000000ec5a0000, 0x00000000ef550000)
[2026-09-17T14:22:08.911+0000][1826.756s][debug][gc,heap        ] GC(56)   eden space 70144K,  99% used [0x00000000e7000000, 0x00000000eb47fff8, 0x00000000eb480000)
[2026-09-17T14:22:08.911+0000][1826.756s][debug][gc,heap        ] GC(56)   from space 8768K,   9% used [0x00000000eb480000, 0x00000000eb545b68, 0x00000000ebd10000)
[2026-09-17T14:22:08.911+0000][1826.756s][debug][gc,heap        ] GC(56)   to   space 8768K,   0% used [0x00000000ebd10000, 0x00000000ebd10000, 0x00000000ec5a0000)
[2026-09-17T14:22:08.911+0000][1826.756s][debug][gc,heap        ] GC(56)  tenured generation   total 174784K, used 59210K [0x00000000ef550000, 0x00000000fa000000, 0x0000000100000000)
[2026-09-17T14:22:08.911+0000][1826.756s][debug][gc,heap        ] GC(56)    the space 174784K,  33% used [0x00000000ef550000, 0x00000000f2f22960, 0x00000000f2f22a00, 0x00000000fa000000)
[2026-09-17T14:22:08.911+0000][1826.757s][debug][gc,heap        ] GC(56)  Metaspace       used 139831K, committed 141952K, reserved 1179648K
[2026-09-17T14:22:08.911+0000][1826.757s][debug][gc,heap        ] GC(56)   class space    used 18543K, committed 19392K, reserved 1048576K
[2026-09-17T14:22:08.915+0000][1826.760s][info ][gc,heap        ] GC(56) DefNew: 70934K(78912K)->987K(78912K) Eden: 70143K(70144K)->0K(70144K) From: 790K(8768K)->987K(8768K)
[2026-09-17T14:22:08.915+0000][1826.760s][info ][gc,heap        ] GC(56) Tenured: 59210K(174784K)->59210K(174784K)
[2026-09-17T14:22:08.915+0000][1826.760s][info ][gc,metaspace   ] GC(56) Metaspace: 139831K(141952K)->139831K(141952K) NonClass: 121287K(122560K)->121287K(122560K) Class: 18543K(19392K)->18543K(19392K)
[2026-09-17T14:22:08.915+0000][1826.760s][debug][gc,heap        ] GC(56) Heap after GC invocations=57 (full 5):
[2026-09-17T14:22:08.915+0000][1826.760s][debug][gc,heap        ] GC(56)  def new generation   total 78912K, used 987K [0x00000000e7000000, 0x00000000ec5a0000, 0x00000000ef550000)
[2026-09-17T14:22:08.915+0000][1826.760s][debug][gc,heap        ] GC(56)   eden space 70144K,   0% used [0x00000000e7000000, 0x00000000e7000000, 0x00000000eb480000)
[2026-09-17T14:22:08.915+0000][1826.760s][debug][gc,heap        ] GC(56)   from space 8768K,  11% used [0x00000000ebd10000, 0x00000000ebe06f40, 0x00000000ec5a0000)
[2026-09-17T14:22:08.915+0000][1826.760s][debug][gc,heap        ] GC(56)   to   space 8768K,   0% used [0x00000000eb480000, 0x00000000eb480000, 0x00000000ebd10000)
[2026-09-17T14:22:08.915+0000][1826.760s][debug][gc,heap        ] GC(56)  tenured generation   total 174784K, used 59210K [0x00000000ef550000, 0x00000000fa000000, 0x0000000100000000)
[2026-09-17T14:22:08.915+0000][1826.760s][debug][gc,heap        ] GC(56)    the space 174784K,  33% used [0x00000000ef550000, 0x00000000f2f22960, 0x00000000f2f22a00, 0x00000000fa000000)
[2026-09-17T14:22:08.915+0000][1826.760s][debug][gc,heap        ] GC(56)  Metaspace       used 139831K, committed 141952K, reserved 1179648K
[2026-09-17T14:22:08.915+0000][1826.760s][debug][gc,heap        ] GC(56)   class space    used 18543K, committed 19392K, reserved 1048576K
[2026-09-17T14:22:08.915+0000][1826.760s][info ][gc             ] GC(56) Pause Young (Allocation Failure) 127M->58M(247M) 3.503ms
[2026-09-17T14:22:08.915+0000][1826.760s][info ][gc,cpu         ] GC(56) User=0.00s Sys=0.01s Real=0.00s
[2026-09-17T14:23:35.816+0000][1913.661s][info ][gc,start       ] GC(57) Pause Young (Allocation Failure)
[2026-09-17T14:23:35.816+0000][1913.661s][debug][gc,heap        ] GC(57) Heap before GC invocations=57 (full 5):
[2026-09-17T14:23:35.816+0000][1913.661s][debug][gc,heap        ] GC(57)  def new generation   total 78912K, used 71131K [0x00000000e7000000, 0x00000000ec5a0000, 0x00000000ef550000)
[2026-09-17T14:23:35.816+0000][1913.661s][debug][gc,heap        ] GC(57)   eden space 70144K, 100% used [0x00000000e7000000, 0x00000000eb480000, 0x00000000eb480000)
[2026-09-17T14:23:35.816+0000][1913.661s][debug][gc,heap        ] GC(57)   from space 8768K,  11% used [0x00000000ebd10000, 0x00000000ebe06f40, 0x00000000ec5a0000)
[2026-09-17T14:23:35.816+0000][1913.661s][debug][gc,heap        ] GC(57)   to   space 8768K,   0% used [0x00000000eb480000, 0x00000000eb480000, 0x00000000ebd10000)
[2026-09-17T14:23:35.816+0000][1913.661s][debug][gc,heap        ] GC(57)  tenured generation   total 174784K, used 59210K [0x00000000ef550000, 0x00000000fa000000, 0x0000000100000000)
[2026-09-17T14:23:35.816+0000][1913.661s][debug][gc,heap        ] GC(57)    the space 174784K,  33% used [0x00000000ef550000, 0x00000000f2f22960, 0x00000000f2f22a00, 0x00000000fa000000)
[2026-09-17T14:23:35.816+0000][1913.661s][debug][gc,heap        ] GC(57)  Metaspace       used 139853K, committed 141952K, reserved 1179648K
[2026-09-17T14:23:35.816+0000][1913.661s][debug][gc,heap        ] GC(57)   class space    used 18543K, committed 19392K, reserved 1048576K
[2026-09-17T14:23:35.818+0000][1913.663s][info ][gc,heap        ] GC(57) DefNew: 71131K(78912K)->1596K(78912K) Eden: 70144K(70144K)->0K(70144K) From: 987K(8768K)->1596K(8768K)
[2026-09-17T14:23:35.818+0000][1913.663s][info ][gc,heap        ] GC(57) Tenured: 59210K(174784K)->59210K(174784K)
[2026-09-17T14:23:35.818+0000][1913.663s][info ][gc,metaspace   ] GC(57) Metaspace: 139853K(141952K)->139853K(141952K) NonClass: 121309K(122560K)->121309K(122560K) Class: 18543K(19392K)->18543K(19392K)
[2026-09-17T14:23:35.818+0000][1913.663s][debug][gc,heap        ] GC(57) Heap after GC invocations=58 (full 5):
[2026-09-17T14:23:35.818+0000][1913.663s][debug][gc,heap        ] GC(57)  def new generation   total 78912K, used 1596K [0x00000000e7000000, 0x00000000ec5a0000, 0x00000000ef550000)
[2026-09-17T14:23:35.818+0000][1913.663s][debug][gc,heap        ] GC(57)   eden space 70144K,   0% used [0x00000000e7000000, 0x00000000e7000000, 0x00000000eb480000)
[2026-09-17T14:23:35.818+0000][1913.663s][debug][gc,heap        ] GC(57)   from space 8768K,  18% used [0x00000000eb480000, 0x00000000eb60f0f8, 0x00000000ebd10000)
[2026-09-17T14:23:35.818+0000][1913.663s][debug][gc,heap        ] GC(57)   to   space 8768K,   0% used [0x00000000ebd10000, 0x00000000ebd10000, 0x00000000ec5a0000)
[2026-09-17T14:23:35.818+0000][1913.663s][debug][gc,heap        ] GC(57)  tenured generation   total 174784K, used 59210K [0x00000000ef550000, 0x00000000fa000000, 0x0000000100000000)
[2026-09-17T14:23:35.818+0000][1913.663s][debug][gc,heap        ] GC(57)    the space 174784K,  33% used [0x00000000ef550000, 0x00000000f2f22960, 0x00000000f2f22a00, 0x00000000fa000000)
[2026-09-17T14:23:35.818+0000][1913.663s][debug][gc,heap        ] GC(57)  Metaspace       used 139853K, committed 141952K, reserved 1179648K
[2026-09-17T14:23:35.818+0000][1913.663s][debug][gc,heap        ] GC(57)   class space    used 18543K, committed 19392K, reserved 1048576K
[2026-09-17T14:23:35.818+0000][1913.663s][info ][gc             ] GC(57) Pause Young (Allocation Failure) 127M->59M(247M) 2.751ms
[2026-09-17T14:23:35.818+0000][1913.664s][info ][gc,cpu         ] GC(57) User=0.00s Sys=0.00s Real=0.00s
[2026-09-17T14:25:03.737+0000][2001.582s][info ][gc,start       ] GC(58) Pause Young (Allocation Failure)
[2026-09-17T14:25:03.737+0000][2001.582s][debug][gc,heap        ] GC(58) Heap before GC invocations=58 (full 5):
[2026-09-17T14:25:03.737+0000][2001.582s][debug][gc,heap        ] GC(58)  def new generation   total 78912K, used 71740K [0x00000000e7000000, 0x00000000ec5a0000, 0x00000000ef550000)
[2026-09-17T14:25:03.737+0000][2001.582s][debug][gc,heap        ] GC(58)   eden space 70144K, 100% used [0x00000000e7000000, 0x00000000eb480000, 0x00000000eb480000)
[2026-09-17T14:25:03.737+0000][2001.582s][debug][gc,heap        ] GC(58)   from space 8768K,  18% used [0x00000000eb480000, 0x00000000eb60f0f8, 0x00000000ebd10000)
[2026-09-17T14:25:03.737+0000][2001.582s][debug][gc,heap        ] GC(58)   to   space 8768K,   0% used [0x00000000ebd10000, 0x00000000ebd10000, 0x00000000ec5a0000)
[2026-09-17T14:25:03.737+0000][2001.582s][debug][gc,heap        ] GC(58)  tenured generation   total 174784K, used 59210K [0x00000000ef550000, 0x00000000fa000000, 0x0000000100000000)
[2026-09-17T14:25:03.737+0000][2001.582s][debug][gc,heap        ] GC(58)    the space 174784K,  33% used [0x00000000ef550000, 0x00000000f2f22960, 0x00000000f2f22a00, 0x00000000fa000000)
[2026-09-17T14:25:03.737+0000][2001.582s][debug][gc,heap        ] GC(58)  Metaspace       used 139937K, committed 141952K, reserved 1179648K
[2026-09-17T14:25:03.737+0000][2001.582s][debug][gc,heap        ] GC(58)   class space    used 18543K, committed 19392K, reserved 1048576K
[2026-09-17T14:25:03.739+0000][2001.584s][info ][gc,heap        ] GC(58) DefNew: 71740K(78912K)->826K(78912K) Eden: 70144K(70144K)->0K(70144K) From: 1596K(8768K)->826K(8768K)
[2026-09-17T14:25:03.739+0000][2001.584s][info ][gc,heap        ] GC(58) Tenured: 59210K(174784K)->59210K(174784K)
[2026-09-17T14:25:03.739+0000][2001.584s][info ][gc,metaspace   ] GC(58) Metaspace: 139937K(141952K)->139937K(141952K) NonClass: 121393K(122560K)->121393K(122560K) Class: 18543K(19392K)->18543K(19392K)
[2026-09-17T14:25:03.739+0000][2001.584s][debug][gc,heap        ] GC(58) Heap after GC invocations=59 (full 5):
[2026-09-17T14:25:03.739+0000][2001.584s][debug][gc,heap        ] GC(58)  def new generation   total 78912K, used 826K [0x00000000e7000000, 0x00000000ec5a0000, 0x00000000ef550000)
[2026-09-17T14:25:03.739+0000][2001.584s][debug][gc,heap        ] GC(58)   eden space 70144K,   0% used [0x00000000e7000000, 0x00000000e7000000, 0x00000000eb480000)
[2026-09-17T14:25:03.739+0000][2001.584s][debug][gc,heap        ] GC(58)   from space 8768K,   9% used [0x00000000ebd10000, 0x00000000ebddead8, 0x00000000ec5a0000)
[2026-09-17T14:25:03.739+0000][2001.584s][debug][gc,heap        ] GC(58)   to   space 8768K,   0% used [0x00000000eb480000, 0x00000000eb480000, 0x00000000ebd10000)
[2026-09-17T14:25:03.739+0000][2001.584s][debug][gc,heap        ] GC(58)  tenured generation   total 174784K, used 59210K [0x00000000ef550000, 0x00000000fa000000, 0x0000000100000000)
[2026-09-17T14:25:03.739+0000][2001.584s][debug][gc,heap        ] GC(58)    the space 174784K,  33% used [0x00000000ef550000, 0x00000000f2f22960, 0x00000000f2f22a00, 0x00000000fa000000)
[2026-09-17T14:25:03.739+0000][2001.584s][debug][gc,heap        ] GC(58)  Metaspace       used 139937K, committed 141952K, reserved 1179648K
[2026-09-17T14:25:03.739+0000][2001.584s][debug][gc,heap        ] GC(58)   class space    used 18543K, committed 19392K, reserved 1048576K
[2026-09-17T14:25:03.739+0000][2001.584s][info ][gc             ] GC(58) Pause Young (Allocation Failure) 127M->58M(247M) 2.507ms
[2026-09-17T14:25:03.739+0000][2001.584s][info ][gc,cpu         ] GC(58) User=0.00s Sys=0.00s Real=0.00s
[2026-09-17T14:26:29.359+0000][2087.204s][info ][gc,start       ] GC(59) Pause Young (Allocation Failure)
[2026-09-17T14:26:29.359+0000][2087.204s][debug][gc,heap        ] GC(59) Heap before GC invocations=59 (full 5):
[2026-09-17T14:26:29.359+0000][2087.204s][debug][gc,heap        ] GC(59)  def new generation   total 78912K, used 70970K [0x00000000e7000000, 0x00000000ec5a0000, 0x00000000ef550000)
[2026-09-17T14:26:29.359+0000][2087.204s][debug][gc,heap        ] GC(59)   eden space 70144K, 100% used [0x00000000e7000000, 0x00000000eb480000, 0x00000000eb480000)
[2026-09-17T14:26:29.359+0000][2087.204s][debug][gc,heap        ] GC(59)   from space 8768K,   9% used [0x00000000ebd10000, 0x00000000ebddead8, 0x00000000ec5a0000)
[2026-09-17T14:26:29.359+0000][2087.204s][debug][gc,heap        ] GC(59)   to   space 8768K,   0% used [0x00000000eb480000, 0x00000000eb480000, 0x00000000ebd10000)
[2026-09-17T14:26:29.359+0000][2087.204s][debug][gc,heap        ] GC(59)  tenured generation   total 174784K, used 59210K [0x00000000ef550000, 0x00000000fa000000, 0x0000000100000000)
[2026-09-17T14:26:29.359+0000][2087.204s][debug][gc,heap        ] GC(59)    the space 174784K,  33% used [0x00000000ef550000, 0x00000000f2f22960, 0x00000000f2f22a00, 0x00000000fa000000)
[2026-09-17T14:26:29.359+0000][2087.204s][debug][gc,heap        ] GC(59)  Metaspace       used 139967K, committed 141952K, reserved 1179648K
[2026-09-17T14:26:29.359+0000][2087.204s][debug][gc,heap        ] GC(59)   class space    used 18543K, committed 19392K, reserved 1048576K
[2026-09-17T14:26:29.362+0000][2087.207s][info ][gc,heap        ] GC(59) DefNew: 70970K(78912K)->914K(78912K) Eden: 70144K(70144K)->0K(70144K) From: 826K(8768K)->914K(8768K)
[2026-09-17T14:26:29.362+0000][2087.207s][info ][gc,heap        ] GC(59) Tenured: 59210K(174784K)->59210K(174784K)
[2026-09-17T14:26:29.362+0000][2087.207s][info ][gc,metaspace   ] GC(59) Metaspace: 139967K(141952K)->139967K(141952K) NonClass: 121423K(122560K)->121423K(122560K) Class: 18543K(19392K)->18543K(19392K)
[2026-09-17T14:26:29.362+0000][2087.207s][debug][gc,heap        ] GC(59) Heap after GC invocations=60 (full 5):
[2026-09-17T14:26:29.362+0000][2087.207s][debug][gc,heap        ] GC(59)  def new generation   total 78912K, used 914K [0x00000000e7000000, 0x00000000ec5a0000, 0x00000000ef550000)
[2026-09-17T14:26:29.362+0000][2087.207s][debug][gc,heap        ] GC(59)   eden space 70144K,   0% used [0x00000000e7000000, 0x00000000e7000000, 0x00000000eb480000)
[2026-09-17T14:26:29.362+0000][2087.207s][debug][gc,heap        ] GC(59)   from space 8768K,  10% used [0x00000000eb480000, 0x00000000eb564b00, 0x00000000ebd10000)
[2026-09-17T14:26:29.362+0000][2087.207s][debug][gc,heap        ] GC(59)   to   space 8768K,   0% used [0x00000000ebd10000, 0x00000000ebd10000, 0x00000000ec5a0000)
[2026-09-17T14:26:29.362+0000][2087.207s][debug][gc,heap        ] GC(59)  tenured generation   total 174784K, used 59210K [0x00000000ef550000, 0x00000000fa000000, 0x0000000100000000)
[2026-09-17T14:26:29.362+0000][2087.207s][debug][gc,heap        ] GC(59)    the space 174784K,  33% used [0x00000000ef550000, 0x00000000f2f22960, 0x00000000f2f22a00, 0x00000000fa000000)
[2026-09-17T14:26:29.362+0000][2087.207s][debug][gc,heap        ] GC(59)  Metaspace       used 139967K, committed 141952K, reserved 1179648K
[2026-09-17T14:26:29.362+0000][2087.207s][debug][gc,heap        ] GC(59)   class space    used 18543K, committed 19392K, reserved 1048576K
[2026-09-17T14:26:29.362+0000][2087.207s][info ][gc             ] GC(59) Pause Young (Allocation Failure) 127M->58M(247M) 2.708ms
[2026-09-17T14:26:29.362+0000][2087.207s][info ][gc,cpu         ] GC(59) User=0.00s Sys=0.00s Real=0.00s
[2026-09-17T14:28:01.752+0000][2179.597s][info ][gc,start       ] GC(60) Pause Young (Allocation Failure)
[2026-09-17T14:28:01.752+0000][2179.597s][debug][gc,heap        ] GC(60) Heap before GC invocations=60 (full 5):
[2026-09-17T14:28:01.752+0000][2179.597s][debug][gc,heap        ] GC(60)  def new generation   total 78912K, used 71058K [0x00000000e7000000, 0x00000000ec5a0000, 0x00000000ef550000)
[2026-09-17T14:28:01.752+0000][2179.597s][debug][gc,heap        ] GC(60)   eden space 70144K, 100% used [0x00000000e7000000, 0x00000000eb480000, 0x00000000eb480000)
[2026-09-17T14:28:01.752+0000][2179.597s][debug][gc,heap        ] GC(60)   from space 8768K,  10% used [0x00000000eb480000, 0x00000000eb564b00, 0x00000000ebd10000)
[2026-09-17T14:28:01.752+0000][2179.597s][debug][gc,heap        ] GC(60)   to   space 8768K,   0% used [0x00000000ebd10000, 0x00000000ebd10000, 0x00000000ec5a0000)
[2026-09-17T14:28:01.752+0000][2179.597s][debug][gc,heap        ] GC(60)  tenured generation   total 174784K, used 59210K [0x00000000ef550000, 0x00000000fa000000, 0x0000000100000000)
[2026-09-17T14:28:01.752+0000][2179.597s][debug][gc,heap        ] GC(60)    the space 174784K,  33% used [0x00000000ef550000, 0x00000000f2f22960, 0x00000000f2f22a00, 0x00000000fa000000)
[2026-09-17T14:28:01.752+0000][2179.597s][debug][gc,heap        ] GC(60)  Metaspace       used 139985K, committed 141952K, reserved 1179648K
[2026-09-17T14:28:01.752+0000][2179.597s][debug][gc,heap        ] GC(60)   class space    used 18543K, committed 19392K, reserved 1048576K
[2026-09-17T14:28:01.755+0000][2179.600s][info ][gc,heap        ] GC(60) DefNew: 71058K(78912K)->1500K(78912K) Eden: 70144K(70144K)->0K(70144K) From: 914K(8768K)->1500K(8768K)
[2026-09-17T14:28:01.755+0000][2179.600s][info ][gc,heap        ] GC(60) Tenured: 59210K(174784K)->59210K(174784K)
[2026-09-17T14:28:01.755+0000][2179.600s][info ][gc,metaspace   ] GC(60) Metaspace: 139985K(141952K)->139985K(141952K) NonClass: 121441K(122560K)->121441K(122560K) Class: 18543K(19392K)->18543K(19392K)
[2026-09-17T14:28:01.755+0000][2179.600s][debug][gc,heap        ] GC(60) Heap after GC invocations=61 (full 5):
[2026-09-17T14:28:01.755+0000][2179.600s][debug][gc,heap        ] GC(60)  def new generation   total 78912K, used 1500K [0x00000000e7000000, 0x00000000ec5a0000, 0x00000000ef550000)
[2026-09-17T14:28:01.755+0000][2179.600s][debug][gc,heap        ] GC(60)   eden space 70144K,   0% used [0x00000000e7000000, 0x00000000e7000000, 0x00000000eb480000)
[2026-09-17T14:28:01.755+0000][2179.600s][debug][gc,heap        ] GC(60)   from space 8768K,  17% used [0x00000000ebd10000, 0x00000000ebe87330, 0x00000000ec5a0000)
[2026-09-17T14:28:01.755+0000][2179.600s][debug][gc,heap        ] GC(60)   to   space 8768K,   0% used [0x00000000eb480000, 0x00000000eb480000, 0x00000000ebd10000)
[2026-09-17T14:28:01.755+0000][2179.600s][debug][gc,heap        ] GC(60)  tenured generation   total 174784K, used 59210K [0x00000000ef550000, 0x00000000fa000000, 0x0000000100000000)
[2026-09-17T14:28:01.755+0000][2179.600s][debug][gc,heap        ] GC(60)    the space 174784K,  33% used [0x00000000ef550000, 0x00000000f2f22960, 0x00000000f2f22a00, 0x00000000fa000000)
[2026-09-17T14:28:01.755+0000][2179.600s][debug][gc,heap        ] GC(60)  Metaspace       used 139985K, committed 141952K, reserved 1179648K
[2026-09-17T14:28:01.755+0000][2179.600s][debug][gc,heap        ] GC(60)   class space    used 18543K, committed 19392K, reserved 1048576K
[2026-09-17T14:28:01.755+0000][2179.600s][info ][gc             ] GC(60) Pause Young (Allocation Failure) 127M->59M(247M) 3.219ms
[2026-09-17T14:28:01.755+0000][2179.600s][info ][gc,cpu         ] GC(60) User=0.00s Sys=0.00s Real=0.00s
[2026-09-17T14:29:26.308+0000][2264.153s][info ][gc,start       ] GC(61) Pause Young (Allocation Failure)
[2026-09-17T14:29:26.308+0000][2264.153s][debug][gc,heap        ] GC(61) Heap before GC invocations=61 (full 5):
[2026-09-17T14:29:26.308+0000][2264.153s][debug][gc,heap        ] GC(61)  def new generation   total 78912K, used 71644K [0x00000000e7000000, 0x00000000ec5a0000, 0x00000000ef550000)
[2026-09-17T14:29:26.308+0000][2264.153s][debug][gc,heap        ] GC(61)   eden space 70144K, 100% used [0x00000000e7000000, 0x00000000eb480000, 0x00000000eb480000)
[2026-09-17T14:29:26.308+0000][2264.153s][debug][gc,heap        ] GC(61)   from space 8768K,  17% used [0x00000000ebd10000, 0x00000000ebe87330, 0x00000000ec5a0000)
[2026-09-17T14:29:26.308+0000][2264.153s][debug][gc,heap        ] GC(61)   to   space 8768K,   0% used [0x00000000eb480000, 0x00000000eb480000, 0x00000000ebd10000)
[2026-09-17T14:29:26.308+0000][2264.153s][debug][gc,heap        ] GC(61)  tenured generation   total 174784K, used 59210K [0x00000000ef550000, 0x00000000fa000000, 0x0000000100000000)
[2026-09-17T14:29:26.308+0000][2264.153s][debug][gc,heap        ] GC(61)    the space 174784K,  33% used [0x00000000ef550000, 0x00000000f2f22960, 0x00000000f2f22a00, 0x00000000fa000000)
[2026-09-17T14:29:26.308+0000][2264.153s][debug][gc,heap        ] GC(61)  Metaspace       used 140012K, committed 142016K, reserved 1179648K
[2026-09-17T14:29:26.308+0000][2264.153s][debug][gc,heap        ] GC(61)   class space    used 18543K, committed 19392K, reserved 1048576K
[2026-09-17T14:29:26.311+0000][2264.156s][info ][gc,heap        ] GC(61) DefNew: 71644K(78912K)->859K(78912K) Eden: 70144K(70144K)->0K(70144K) From: 1500K(8768K)->859K(8768K)
[2026-09-17T14:29:26.311+0000][2264.156s][info ][gc,heap        ] GC(61) Tenured: 59210K(174784K)->59210K(174784K)
[2026-09-17T14:29:26.311+0000][2264.156s][info ][gc,metaspace   ] GC(61) Metaspace: 140012K(142016K)->140012K(142016K) NonClass: 121468K(122624K)->121468K(122624K) Class: 18543K(19392K)->18543K(19392K)
[2026-09-17T14:29:26.311+0000][2264.156s][debug][gc,heap        ] GC(61) Heap after GC invocations=62 (full 5):
[2026-09-17T14:29:26.311+0000][2264.156s][debug][gc,heap        ] GC(61)  def new generation   total 78912K, used 859K [0x00000000e7000000, 0x00000000ec5a0000, 0x00000000ef550000)
[2026-09-17T14:29:26.311+0000][2264.156s][debug][gc,heap        ] GC(61)   eden space 70144K,   0% used [0x00000000e7000000, 0x00000000e7000000, 0x00000000eb480000)
[2026-09-17T14:29:26.311+0000][2264.156s][debug][gc,heap        ] GC(61)   from space 8768K,   9% used [0x00000000eb480000, 0x00000000eb556e38, 0x00000000ebd10000)
[2026-09-17T14:29:26.311+0000][2264.156s][debug][gc,heap        ] GC(61)   to   space 8768K,   0% used [0x00000000ebd10000, 0x00000000ebd10000, 0x00000000ec5a0000)
[2026-09-17T14:29:26.311+0000][2264.156s][debug][gc,heap        ] GC(61)  tenured generation   total 174784K, used 59210K [0x00000000ef550000, 0x00000000fa000000, 0x0000000100000000)
[2026-09-17T14:29:26.311+0000][2264.156s][debug][gc,heap        ] GC(61)    the space 174784K,  33% used [0x00000000ef550000, 0x00000000f2f22960, 0x00000000f2f22a00, 0x00000000fa000000)
[2026-09-17T14:29:26.311+0000][2264.156s][debug][gc,heap        ] GC(61)  Metaspace       used 140012K, committed 142016K, reserved 1179648K
[2026-09-17T14:29:26.311+0000][2264.156s][debug][gc,heap        ] GC(61)   class space    used 18543K, committed 19392K, reserved 1048576K
[2026-09-17T14:29:26.311+0000][2264.156s][info ][gc             ] GC(61) Pause Young (Allocation Failure) 127M->58M(247M) 2.587ms
[2026-09-17T14:29:26.311+0000][2264.156s][info ][gc,cpu         ] GC(61) User=0.00s Sys=0.00s Real=0.00s
[2026-09-17T14:30:56.093+0000][2353.938s][info ][gc,start       ] GC(62) Pause Young (Allocation Failure)
[2026-09-17T14:30:56.093+0000][2353.938s][debug][gc,heap        ] GC(62) Heap before GC invocations=62 (full 5):
[2026-09-17T14:30:56.093+0000][2353.938s][debug][gc,heap        ] GC(62)  def new generation   total 78912K, used 71003K [0x00000000e7000000, 0x00000000ec5a0000, 0x00000000ef550000)
[2026-09-17T14:30:56.093+0000][2353.938s][debug][gc,heap        ] GC(62)   eden space 70144K,  99% used [0x00000000e7000000, 0x00000000eb47ffd8, 0x00000000eb480000)
[2026-09-17T14:30:56.093+0000][2353.938s][debug][gc,heap        ] GC(62)   from space 8768K,   9% used [0x00000000eb480000, 0x00000000eb556e38, 0x00000000ebd10000)
[2026-09-17T14:30:56.093+0000][2353.938s][debug][gc,heap        ] GC(62)   to   space 8768K,   0% used [0x00000000ebd10000, 0x00000000ebd10000, 0x00000000ec5a0000)
[2026-09-17T14:30:56.093+0000][2353.938s][debug][gc,heap        ] GC(62)  tenured generation   total 174784K, used 59210K [0x00000000ef550000, 0x00000000fa000000, 0x0000000100000000)
[2026-09-17T14:30:56.093+0000][2353.938s][debug][gc,heap        ] GC(62)    the space 174784K,  33% used [0x00000000ef550000, 0x00000000f2f22960, 0x00000000f2f22a00, 0x00000000fa000000)
[2026-09-17T14:30:56.093+0000][2353.938s][debug][gc,heap        ] GC(62)  Metaspace       used 140085K, committed 142080K, reserved 1179648K
[2026-09-17T14:30:56.093+0000][2353.938s][debug][gc,heap        ] GC(62)   class space    used 18543K, committed 19392K, reserved 1048576K
[2026-09-17T14:30:56.096+0000][2353.942s][info ][gc,heap        ] GC(62) DefNew: 71003K(78912K)->1042K(78912K) Eden: 70143K(70144K)->0K(70144K) From: 859K(8768K)->1042K(8768K)
[2026-09-17T14:30:56.096+0000][2353.942s][info ][gc,heap        ] GC(62) Tenured: 59210K(174784K)->59210K(174784K)
[2026-09-17T14:30:56.097+0000][2353.942s][info ][gc,metaspace   ] GC(62) Metaspace: 140085K(142080K)->140085K(142080K) NonClass: 121542K(122688K)->121542K(122688K) Class: 18543K(19392K)->18543K(19392K)
[2026-09-17T14:30:56.097+0000][2353.942s][debug][gc,heap        ] GC(62) Heap after GC invocations=63 (full 5):
[2026-09-17T14:30:56.097+0000][2353.942s][debug][gc,heap        ] GC(62)  def new generation   total 78912K, used 1042K [0x00000000e7000000, 0x00000000ec5a0000, 0x00000000ef550000)
[2026-09-17T14:30:56.097+0000][2353.942s][debug][gc,heap        ] GC(62)   eden space 70144K,   0% used [0x00000000e7000000, 0x00000000e7000000, 0x00000000eb480000)
[2026-09-17T14:30:56.097+0000][2353.942s][debug][gc,heap        ] GC(62)   from space 8768K,  11% used [0x00000000ebd10000, 0x00000000ebe14918, 0x00000000ec5a0000)
[2026-09-17T14:30:56.097+0000][2353.942s][debug][gc,heap        ] GC(62)   to   space 8768K,   0% used [0x00000000eb480000, 0x00000000eb480000, 0x00000000ebd10000)
[2026-09-17T14:30:56.097+0000][2353.942s][debug][gc,heap        ] GC(62)  tenured generation   total 174784K, used 59210K [0x00000000ef550000, 0x00000000fa000000, 0x0000000100000000)
[2026-09-17T14:30:56.097+0000][2353.942s][debug][gc,heap        ] GC(62)    the space 174784K,  33% used [0x00000000ef550000, 0x00000000f2f22960, 0x00000000f2f22a00, 0x00000000fa000000)
[2026-09-17T14:30:56.097+0000][2353.942s][debug][gc,heap        ] GC(62)  Metaspace       used 140085K, committed 142080K, reserved 1179648K
[2026-09-17T14:30:56.097+0000][2353.942s][debug][gc,heap        ] GC(62)   class space    used 18543K, committed 19392K, reserved 1048576K
[2026-09-17T14:30:56.097+0000][2353.942s][info ][gc             ] GC(62) Pause Young (Allocation Failure) 127M->58M(247M) 4.039ms
[2026-09-17T14:30:56.097+0000][2353.942s][info ][gc,cpu         ] GC(62) User=0.00s Sys=0.00s Real=0.01s
[2026-09-17T14:32:22.180+0000][2440.025s][info ][gc,start       ] GC(63) Pause Young (Allocation Failure)
[2026-09-17T14:32:22.180+0000][2440.025s][debug][gc,heap        ] GC(63) Heap before GC invocations=63 (full 5):
[2026-09-17T14:32:22.180+0000][2440.025s][debug][gc,heap        ] GC(63)  def new generation   total 78912K, used 71186K [0x00000000e7000000, 0x00000000ec5a0000, 0x00000000ef550000)
[2026-09-17T14:32:22.180+0000][2440.025s][debug][gc,heap        ] GC(63)   eden space 70144K, 100% used [0x00000000e7000000, 0x00000000eb480000, 0x00000000eb480000)
[2026-09-17T14:32:22.180+0000][2440.025s][debug][gc,heap        ] GC(63)   from space 8768K,  11% used [0x00000000ebd10000, 0x00000000ebe14918, 0x00000000ec5a0000)
[2026-09-17T14:32:22.180+0000][2440.025s][debug][gc,heap        ] GC(63)   to   space 8768K,   0% used [0x00000000eb480000, 0x00000000eb480000, 0x00000000ebd10000)
[2026-09-17T14:32:22.180+0000][2440.025s][debug][gc,heap        ] GC(63)  tenured generation   total 174784K, used 59210K [0x00000000ef550000, 0x00000000fa000000, 0x0000000100000000)
[2026-09-17T14:32:22.180+0000][2440.025s][debug][gc,heap        ] GC(63)    the space 174784K,  33% used [0x00000000ef550000, 0x00000000f2f22960, 0x00000000f2f22a00, 0x00000000fa000000)
[2026-09-17T14:32:22.180+0000][2440.025s][debug][gc,heap        ] GC(63)  Metaspace       used 140123K, committed 142080K, reserved 1179648K
[2026-09-17T14:32:22.180+0000][2440.025s][debug][gc,heap        ] GC(63)   class space    used 18543K, committed 19392K, reserved 1048576K
[2026-09-17T14:32:22.183+0000][2440.028s][info ][gc,heap        ] GC(63) DefNew: 71186K(78912K)->1796K(78912K) Eden: 70144K(70144K)->0K(70144K) From: 1042K(8768K)->1796K(8768K)
[2026-09-17T14:32:22.183+0000][2440.028s][info ][gc,heap        ] GC(63) Tenured: 59210K(174784K)->59210K(174784K)
[2026-09-17T14:32:22.183+0000][2440.028s][info ][gc,metaspace   ] GC(63) Metaspace: 140123K(142080K)->140123K(142080K) NonClass: 121579K(122688K)->121579K(122688K) Class: 18543K(19392K)->18543K(19392K)
[2026-09-17T14:32:22.183+0000][2440.028s][debug][gc,heap        ] GC(63) Heap after GC invocations=64 (full 5):
[2026-09-17T14:32:22.183+0000][2440.028s][debug][gc,heap        ] GC(63)  def new generation   total 78912K, used 1796K [0x00000000e7000000, 0x00000000ec5a0000, 0x00000000ef550000)
[2026-09-17T14:32:22.183+0000][2440.028s][debug][gc,heap        ] GC(63)   eden space 70144K,   0% used [0x00000000e7000000, 0x00000000e7000000, 0x00000000eb480000)
[2026-09-17T14:32:22.183+0000][2440.028s][debug][gc,heap        ] GC(63)   from space 8768K,  20% used [0x00000000eb480000, 0x00000000eb6413a8, 0x00000000ebd10000)
[2026-09-17T14:32:22.183+0000][2440.028s][debug][gc,heap        ] GC(63)   to   space 8768K,   0% used [0x00000000ebd10000, 0x00000000ebd10000, 0x00000000ec5a0000)
[2026-09-17T14:32:22.183+0000][2440.028s][debug][gc,heap        ] GC(63)  tenured generation   total 174784K, used 59210K [0x00000000ef550000, 0x00000000fa000000, 0x0000000100000000)
[2026-09-17T14:32:22.183+0000][2440.028s][debug][gc,heap        ] GC(63)    the space 174784K,  33% used [0x00000000ef550000, 0x00000000f2f22960, 0x00000000f2f22a00, 0x00000000fa000000)
[2026-09-17T14:32:22.183+0000][2440.028s][debug][gc,heap        ] GC(63)  Metaspace       used 140123K, committed 142080K, reserved 1179648K
[2026-09-17T14:32:22.183+0000][2440.028s][debug][gc,heap        ] GC(63)   class space    used 18543K, committed 19392K, reserved 1048576K
[2026-09-17T14:32:22.183+0000][2440.028s][info ][gc             ] GC(63) Pause Young (Allocation Failure) 127M->59M(247M) 3.017ms
[2026-09-17T14:32:22.183+0000][2440.028s][info ][gc,cpu         ] GC(63) User=0.00s Sys=0.00s Real=0.00s
[2026-09-17T14:33:46.939+0000][2524.784s][info ][gc,start       ] GC(64) Pause Young (Allocation Failure)
[2026-09-17T14:33:46.939+0000][2524.784s][debug][gc,heap        ] GC(64) Heap before GC invocations=64 (full 5):
[2026-09-17T14:33:46.939+0000][2524.784s][debug][gc,heap        ] GC(64)  def new generation   total 78912K, used 71940K [0x00000000e7000000, 0x00000000ec5a0000, 0x00000000ef550000)
[2026-09-17T14:33:46.939+0000][2524.784s][debug][gc,heap        ] GC(64)   eden space 70144K, 100% used [0x00000000e7000000, 0x00000000eb480000, 0x00000000eb480000)
[2026-09-17T14:33:46.939+0000][2524.784s][debug][gc,heap        ] GC(64)   from space 8768K,  20% used [0x00000000eb480000, 0x00000000eb6413a8, 0x00000000ebd10000)
[2026-09-17T14:33:46.939+0000][2524.784s][debug][gc,heap        ] GC(64)   to   space 8768K,   0% used [0x00000000ebd10000, 0x00000000ebd10000, 0x00000000ec5a0000)
[2026-09-17T14:33:46.939+0000][2524.784s][debug][gc,heap        ] GC(64)  tenured generation   total 174784K, used 59210K [0x00000000ef550000, 0x00000000fa000000, 0x0000000100000000)
[2026-09-17T14:33:46.939+0000][2524.784s][debug][gc,heap        ] GC(64)    the space 174784K,  33% used [0x00000000ef550000, 0x00000000f2f22960, 0x00000000f2f22a00, 0x00000000fa000000)
[2026-09-17T14:33:46.939+0000][2524.784s][debug][gc,heap        ] GC(64)  Metaspace       used 140162K, committed 142080K, reserved 1179648K
[2026-09-17T14:33:46.939+0000][2524.784s][debug][gc,heap        ] GC(64)   class space    used 18543K, committed 19392K, reserved 1048576K
[2026-09-17T14:33:46.941+0000][2524.787s][info ][gc,heap        ] GC(64) DefNew: 71940K(78912K)->942K(78912K) Eden: 70144K(70144K)->0K(70144K) From: 1796K(8768K)->942K(8768K)
[2026-09-17T14:33:46.942+0000][2524.787s][info ][gc,heap        ] GC(64) Tenured: 59210K(174784K)->59210K(174784K)
[2026-09-17T14:33:46.942+0000][2524.787s][info ][gc,metaspace   ] GC(64) Metaspace: 140162K(142080K)->140162K(142080K) NonClass: 121619K(122688K)->121619K(122688K) Class: 18543K(19392K)->18543K(19392K)
[2026-09-17T14:33:46.942+0000][2524.787s][debug][gc,heap        ] GC(64) Heap after GC invocations=65 (full 5):
[2026-09-17T14:33:46.942+0000][2524.787s][debug][gc,heap        ] GC(64)  def new generation   total 78912K, used 942K [0x00000000e7000000, 0x00000000ec5a0000, 0x00000000ef550000)
[2026-09-17T14:33:46.942+0000][2524.787s][debug][gc,heap        ] GC(64)   eden space 70144K,   0% used [0x00000000e7000000, 0x00000000e7000000, 0x00000000eb480000)
[2026-09-17T14:33:46.942+0000][2524.787s][debug][gc,heap        ] GC(64)   from space 8768K,  10% used [0x00000000ebd10000, 0x00000000ebdfba40, 0x00000000ec5a0000)
[2026-09-17T14:33:46.942+0000][2524.787s][debug][gc,heap        ] GC(64)   to   space 8768K,   0% used [0x00000000eb480000, 0x00000000eb480000, 0x00000000ebd10000)
[2026-09-17T14:33:46.942+0000][2524.787s][debug][gc,heap        ] GC(64)  tenured generation   total 174784K, used 59210K [0x00000000ef550000, 0x00000000fa000000, 0x0000000100000000)
[2026-09-17T14:33:46.942+0000][2524.787s][debug][gc,heap        ] GC(64)    the space 174784K,  33% used [0x00000000ef550000, 0x00000000f2f22960, 0x00000000f2f22a00, 0x00000000fa000000)
[2026-09-17T14:33:46.942+0000][2524.787s][debug][gc,heap        ] GC(64)  Metaspace       used 140162K, committed 142080K, reserved 1179648K
[2026-09-17T14:33:46.942+0000][2524.787s][debug][gc,heap        ] GC(64)   class space    used 18543K, committed 19392K, reserved 1048576K
[2026-09-17T14:33:46.942+0000][2524.787s][info ][gc             ] GC(64) Pause Young (Allocation Failure) 128M->58M(247M) 2.879ms
[2026-09-17T14:33:46.942+0000][2524.787s][info ][gc,cpu         ] GC(64) User=0.00s Sys=0.00s Real=0.00s
[2026-09-17T14:35:10.631+0000][2608.476s][info ][gc,start       ] GC(65) Pause Young (Allocation Failure)
[2026-09-17T14:35:10.631+0000][2608.476s][debug][gc,heap        ] GC(65) Heap before GC invocations=65 (full 5):
[2026-09-17T14:35:10.631+0000][2608.476s][debug][gc,heap        ] GC(65)  def new generation   total 78912K, used 71086K [0x00000000e7000000, 0x00000000ec5a0000, 0x00000000ef550000)
[2026-09-17T14:35:10.631+0000][2608.476s][debug][gc,heap        ] GC(65)   eden space 70144K, 100% used [0x00000000e7000000, 0x00000000eb480000, 0x00000000eb480000)
[2026-09-17T14:35:10.631+0000][2608.476s][debug][gc,heap        ] GC(65)   from space 8768K,  10% used [0x00000000ebd10000, 0x00000000ebdfba40, 0x00000000ec5a0000)
[2026-09-17T14:35:10.631+0000][2608.476s][debug][gc,heap        ] GC(65)   to   space 8768K,   0% used [0x00000000eb480000, 0x00000000eb480000, 0x00000000ebd10000)
[2026-09-17T14:35:10.631+0000][2608.476s][debug][gc,heap        ] GC(65)  tenured generation   total 174784K, used 59210K [0x00000000ef550000, 0x00000000fa000000, 0x0000000100000000)
[2026-09-17T14:35:10.631+0000][2608.476s][debug][gc,heap        ] GC(65)    the space 174784K,  33% used [0x00000000ef550000, 0x00000000f2f22960, 0x00000000f2f22a00, 0x00000000fa000000)
[2026-09-17T14:35:10.631+0000][2608.476s][debug][gc,heap        ] GC(65)  Metaspace       used 140384K, committed 142080K, reserved 1179648K
[2026-09-17T14:35:10.631+0000][2608.476s][debug][gc,heap        ] GC(65)   class space    used 18543K, committed 19392K, reserved 1048576K
[2026-09-17T14:35:10.634+0000][2608.479s][info ][gc,heap        ] GC(65) DefNew: 71086K(78912K)->875K(78912K) Eden: 70144K(70144K)->0K(70144K) From: 942K(8768K)->875K(8768K)
[2026-09-17T14:35:10.634+0000][2608.479s][info ][gc,heap        ] GC(65) Tenured: 59210K(174784K)->59210K(174784K)
[2026-09-17T14:35:10.634+0000][2608.479s][info ][gc,metaspace   ] GC(65) Metaspace: 140384K(142080K)->140384K(142080K) NonClass: 121840K(122688K)->121840K(122688K) Class: 18543K(19392K)->18543K(19392K)
[2026-09-17T14:35:10.634+0000][2608.479s][debug][gc,heap        ] GC(65) Heap after GC invocations=66 (full 5):
[2026-09-17T14:35:10.634+0000][2608.479s][debug][gc,heap        ] GC(65)  def new generation   total 78912K, used 875K [0x00000000e7000000, 0x00000000ec5a0000, 0x00000000ef550000)
[2026-09-17T14:35:10.634+0000][2608.479s][debug][gc,heap        ] GC(65)   eden space 70144K,   0% used [0x00000000e7000000, 0x00000000e7000000, 0x00000000eb480000)
[2026-09-17T14:35:10.634+0000][2608.479s][debug][gc,heap        ] GC(65)   from space 8768K,   9% used [0x00000000eb480000, 0x00000000eb55afb8, 0x00000000ebd10000)
[2026-09-17T14:35:10.634+0000][2608.479s][debug][gc,heap        ] GC(65)   to   space 8768K,   0% used [0x00000000ebd10000, 0x00000000ebd10000, 0x00000000ec5a0000)
[2026-09-17T14:35:10.634+0000][2608.479s][debug][gc,heap        ] GC(65)  tenured generation   total 174784K, used 59210K [0x00000000ef550000, 0x00000000fa000000, 0x0000000100000000)
[2026-09-17T14:35:10.634+0000][2608.479s][debug][gc,heap        ] GC(65)    the space 174784K,  33% used [0x00000000ef550000, 0x00000000f2f22960, 0x00000000f2f22a00, 0x00000000fa000000)
[2026-09-17T14:35:10.634+0000][2608.479s][debug][gc,heap        ] GC(65)  Metaspace       used 140384K, committed 142080K, reserved 1179648K
[2026-09-17T14:35:10.634+0000][2608.479s][debug][gc,heap        ] GC(65)   class space    used 18543K, committed 19392K, reserved 1048576K
[2026-09-17T14:35:10.634+0000][2608.479s][info ][gc             ] GC(65) Pause Young (Allocation Failure) 127M->58M(247M) 2.830ms
[2026-09-17T14:35:10.634+0000][2608.479s][info ][gc,cpu         ] GC(65) User=0.00s Sys=0.00s Real=0.00s
[2026-09-17T14:36:38.091+0000][2695.936s][info ][gc,start       ] GC(66) Pause Young (Allocation Failure)
[2026-09-17T14:36:38.091+0000][2695.936s][debug][gc,heap        ] GC(66) Heap before GC invocations=66 (full 5):
[2026-09-17T14:36:38.091+0000][2695.936s][debug][gc,heap        ] GC(66)  def new generation   total 78912K, used 71019K [0x00000000e7000000, 0x00000000ec5a0000, 0x00000000ef550000)
[2026-09-17T14:36:38.091+0000][2695.936s][debug][gc,heap        ] GC(66)   eden space 70144K, 100% used [0x00000000e7000000, 0x00000000eb480000, 0x00000000eb480000)
[2026-09-17T14:36:38.091+0000][2695.936s][debug][gc,heap        ] GC(66)   from space 8768K,   9% used [0x00000000eb480000, 0x00000000eb55afb8, 0x00000000ebd10000)
[2026-09-17T14:36:38.091+0000][2695.936s][debug][gc,heap        ] GC(66)   to   space 8768K,   0% used [0x00000000ebd10000, 0x00000000ebd10000, 0x00000000ec5a0000)
[2026-09-17T14:36:38.091+0000][2695.936s][debug][gc,heap        ] GC(66)  tenured generation   total 174784K, used 59210K [0x00000000ef550000, 0x00000000fa000000, 0x0000000100000000)
[2026-09-17T14:36:38.091+0000][2695.936s][debug][gc,heap        ] GC(66)    the space 174784K,  33% used [0x00000000ef550000, 0x00000000f2f22960, 0x00000000f2f22a00, 0x00000000fa000000)
[2026-09-17T14:36:38.091+0000][2695.936s][debug][gc,heap        ] GC(66)  Metaspace       used 140400K, committed 142144K, reserved 1179648K
[2026-09-17T14:36:38.091+0000][2695.936s][debug][gc,heap        ] GC(66)   class space    used 18543K, committed 19392K, reserved 1048576K
[2026-09-17T14:36:38.094+0000][2695.939s][info ][gc,heap        ] GC(66) DefNew: 71019K(78912K)->1098K(78912K) Eden: 70144K(70144K)->0K(70144K) From: 875K(8768K)->1098K(8768K)
[2026-09-17T14:36:38.094+0000][2695.939s][info ][gc,heap        ] GC(66) Tenured: 59210K(174784K)->59210K(174784K)
[2026-09-17T14:36:38.094+0000][2695.939s][info ][gc,metaspace   ] GC(66) Metaspace: 140400K(142144K)->140400K(142144K) NonClass: 121856K(122752K)->121856K(122752K) Class: 18543K(19392K)->18543K(19392K)
[2026-09-17T14:36:38.094+0000][2695.939s][debug][gc,heap        ] GC(66) Heap after GC invocations=67 (full 5):
[2026-09-17T14:36:38.094+0000][2695.939s][debug][gc,heap        ] GC(66)  def new generation   total 78912K, used 1098K [0x00000000e7000000, 0x00000000ec5a0000, 0x00000000ef550000)
[2026-09-17T14:36:38.094+0000][2695.939s][debug][gc,heap        ] GC(66)   eden space 70144K,   0% used [0x00000000e7000000, 0x00000000e7000000, 0x00000000eb480000)
[2026-09-17T14:36:38.094+0000][2695.939s][debug][gc,heap        ] GC(66)   from space 8768K,  12% used [0x00000000ebd10000, 0x00000000ebe22a00, 0x00000000ec5a0000)
[2026-09-17T14:36:38.094+0000][2695.939s][debug][gc,heap        ] GC(66)   to   space 8768K,   0% used [0x00000000eb480000, 0x00000000eb480000, 0x00000000ebd10000)
[2026-09-17T14:36:38.094+0000][2695.939s][debug][gc,heap        ] GC(66)  tenured generation   total 174784K, used 59210K [0x00000000ef550000, 0x00000000fa000000, 0x0000000100000000)
[2026-09-17T14:36:38.094+0000][2695.939s][debug][gc,heap        ] GC(66)    the space 174784K,  33% used [0x00000000ef550000, 0x00000000f2f22960, 0x00000000f2f22a00, 0x00000000fa000000)
[2026-09-17T14:36:38.094+0000][2695.939s][debug][gc,heap        ] GC(66)  Metaspace       used 140400K, committed 142144K, reserved 1179648K
[2026-09-17T14:36:38.094+0000][2695.939s][debug][gc,heap        ] GC(66)   class space    used 18543K, committed 19392K, reserved 1048576K
[2026-09-17T14:36:38.094+0000][2695.939s][info ][gc             ] GC(66) Pause Young (Allocation Failure) 127M->58M(247M) 2.959ms
[2026-09-17T14:36:38.094+0000][2695.939s][info ][gc,cpu         ] GC(66) User=0.00s Sys=0.00s Real=0.00s
[2026-09-17T14:38:08.254+0000][2786.099s][info ][gc,start       ] GC(67) Pause Young (Allocation Failure)
[2026-09-17T14:38:08.254+0000][2786.099s][debug][gc,heap        ] GC(67) Heap before GC invocations=67 (full 5):
[2026-09-17T14:38:08.254+0000][2786.099s][debug][gc,heap        ] GC(67)  def new generation   total 78912K, used 71242K [0x00000000e7000000, 0x00000000ec5a0000, 0x00000000ef550000)
[2026-09-17T14:38:08.254+0000][2786.099s][debug][gc,heap        ] GC(67)   eden space 70144K, 100% used [0x00000000e7000000, 0x00000000eb480000, 0x00000000eb480000)
[2026-09-17T14:38:08.254+0000][2786.099s][debug][gc,heap        ] GC(67)   from space 8768K,  12% used [0x00000000ebd10000, 0x00000000ebe22a00, 0x00000000ec5a0000)
[2026-09-17T14:38:08.254+0000][2786.099s][debug][gc,heap        ] GC(67)   to   space 8768K,   0% used [0x00000000eb480000, 0x00000000eb480000, 0x00000000ebd10000)
[2026-09-17T14:38:08.254+0000][2786.099s][debug][gc,heap        ] GC(67)  tenured generation   total 174784K, used 59210K [0x00000000ef550000, 0x00000000fa000000, 0x0000000100000000)
[2026-09-17T14:38:08.254+0000][2786.099s][debug][gc,heap        ] GC(67)    the space 174784K,  33% used [0x00000000ef550000, 0x00000000f2f22960, 0x00000000f2f22a00, 0x00000000fa000000)
[2026-09-17T14:38:08.254+0000][2786.099s][debug][gc,heap        ] GC(67)  Metaspace       used 140435K, committed 142144K, reserved 1179648K
[2026-09-17T14:38:08.254+0000][2786.099s][debug][gc,heap        ] GC(67)   class space    used 18543K, committed 19392K, reserved 1048576K
[2026-09-17T14:38:08.257+0000][2786.102s][info ][gc,heap        ] GC(67) DefNew: 71242K(78912K)->1542K(78912K) Eden: 70144K(70144K)->0K(70144K) From: 1098K(8768K)->1542K(8768K)
[2026-09-17T14:38:08.257+0000][2786.102s][info ][gc,heap        ] GC(67) Tenured: 59210K(174784K)->59210K(174784K)
[2026-09-17T14:38:08.257+0000][2786.102s][info ][gc,metaspace   ] GC(67) Metaspace: 140435K(142144K)->140435K(142144K) NonClass: 121891K(122752K)->121891K(122752K) Class: 18543K(19392K)->18543K(19392K)
[2026-09-17T14:38:08.257+0000][2786.102s][debug][gc,heap        ] GC(67) Heap after GC invocations=68 (full 5):
[2026-09-17T14:38:08.257+0000][2786.102s][debug][gc,heap        ] GC(67)  def new generation   total 78912K, used 1542K [0x00000000e7000000, 0x00000000ec5a0000, 0x00000000ef550000)
[2026-09-17T14:38:08.257+0000][2786.102s][debug][gc,heap        ] GC(67)   eden space 70144K,   0% used [0x00000000e7000000, 0x00000000e7000000, 0x00000000eb480000)
[2026-09-17T14:38:08.257+0000][2786.102s][debug][gc,heap        ] GC(67)   from space 8768K,  17% used [0x00000000eb480000, 0x00000000eb601880, 0x00000000ebd10000)
[2026-09-17T14:38:08.257+0000][2786.102s][debug][gc,heap        ] GC(67)   to   space 8768K,   0% used [0x00000000ebd10000, 0x00000000ebd10000, 0x00000000ec5a0000)
[2026-09-17T14:38:08.257+0000][2786.102s][debug][gc,heap        ] GC(67)  tenured generation   total 174784K, used 59210K [0x00000000ef550000, 0x00000000fa000000, 0x0000000100000000)
[2026-09-17T14:38:08.257+0000][2786.102s][debug][gc,heap        ] GC(67)    the space 174784K,  33% used [0x00000000ef550000, 0x00000000f2f22960, 0x00000000f2f22a00, 0x00000000fa000000)
[2026-09-17T14:38:08.257+0000][2786.102s][debug][gc,heap        ] GC(67)  Metaspace       used 140435K, committed 142144K, reserved 1179648K
[2026-09-17T14:38:08.257+0000][2786.102s][debug][gc,heap        ] GC(67)   class space    used 18543K, committed 19392K, reserved 1048576K
[2026-09-17T14:38:08.257+0000][2786.102s][info ][gc             ] GC(67) Pause Young (Allocation Failure) 127M->59M(247M) 3.505ms
[2026-09-17T14:38:08.257+0000][2786.102s][info ][gc,cpu         ] GC(67) User=0.00s Sys=0.00s Real=0.01s
[2026-09-17T14:39:33.702+0000][2871.547s][info ][gc,start       ] GC(68) Pause Young (Allocation Failure)
[2026-09-17T14:39:33.702+0000][2871.547s][debug][gc,heap        ] GC(68) Heap before GC invocations=68 (full 5):
[2026-09-17T14:39:33.702+0000][2871.547s][debug][gc,heap        ] GC(68)  def new generation   total 78912K, used 71686K [0x00000000e7000000, 0x00000000ec5a0000, 0x00000000ef550000)
[2026-09-17T14:39:33.702+0000][2871.547s][debug][gc,heap        ] GC(68)   eden space 70144K, 100% used [0x00000000e7000000, 0x00000000eb480000, 0x00000000eb480000)
[2026-09-17T14:39:33.702+0000][2871.547s][debug][gc,heap        ] GC(68)   from space 8768K,  17% used [0x00000000eb480000, 0x00000000eb601880, 0x00000000ebd10000)
[2026-09-17T14:39:33.702+0000][2871.547s][debug][gc,heap        ] GC(68)   to   space 8768K,   0% used [0x00000000ebd10000, 0x00000000ebd10000, 0x00000000ec5a0000)
[2026-09-17T14:39:33.702+0000][2871.547s][debug][gc,heap        ] GC(68)  tenured generation   total 174784K, used 59210K [0x00000000ef550000, 0x00000000fa000000, 0x0000000100000000)
[2026-09-17T14:39:33.702+0000][2871.547s][debug][gc,heap        ] GC(68)    the space 174784K,  33% used [0x00000000ef550000, 0x00000000f2f22960, 0x00000000f2f22a00, 0x00000000fa000000)
[2026-09-17T14:39:33.702+0000][2871.547s][debug][gc,heap        ] GC(68)  Metaspace       used 140437K, committed 142144K, reserved 1179648K
[2026-09-17T14:39:33.702+0000][2871.547s][debug][gc,heap        ] GC(68)   class space    used 18543K, committed 19392K, reserved 1048576K
[2026-09-17T14:39:33.705+0000][2871.550s][info ][gc,heap        ] GC(68) DefNew: 71686K(78912K)->902K(78912K) Eden: 70144K(70144K)->0K(70144K) From: 1542K(8768K)->902K(8768K)
[2026-09-17T14:39:33.705+0000][2871.550s][info ][gc,heap        ] GC(68) Tenured: 59210K(174784K)->59210K(174784K)
[2026-09-17T14:39:33.705+0000][2871.550s][info ][gc,metaspace   ] GC(68) Metaspace: 140437K(142144K)->140437K(142144K) NonClass: 121893K(122752K)->121893K(122752K) Class: 18543K(19392K)->18543K(19392K)
[2026-09-17T14:39:33.705+0000][2871.550s][debug][gc,heap        ] GC(68) Heap after GC invocations=69 (full 5):
[2026-09-17T14:39:33.705+0000][2871.550s][debug][gc,heap        ] GC(68)  def new generation   total 78912K, used 902K [0x00000000e7000000, 0x00000000ec5a0000, 0x00000000ef550000)
[2026-09-17T14:39:33.705+0000][2871.550s][debug][gc,heap        ] GC(68)   eden space 70144K,   0% used [0x00000000e7000000, 0x00000000e7000000, 0x00000000eb480000)
[2026-09-17T14:39:33.705+0000][2871.550s][debug][gc,heap        ] GC(68)   from space 8768K,  10% used [0x00000000ebd10000, 0x00000000ebdf1978, 0x00000000ec5a0000)
[2026-09-17T14:39:33.705+0000][2871.550s][debug][gc,heap        ] GC(68)   to   space 8768K,   0% used [0x00000000eb480000, 0x00000000eb480000, 0x00000000ebd10000)
[2026-09-17T14:39:33.705+0000][2871.550s][debug][gc,heap        ] GC(68)  tenured generation   total 174784K, used 59210K [0x00000000ef550000, 0x00000000fa000000, 0x0000000100000000)
[2026-09-17T14:39:33.705+0000][2871.550s][debug][gc,heap        ] GC(68)    the space 174784K,  33% used [0x00000000ef550000, 0x00000000f2f22960, 0x00000000f2f22a00, 0x00000000fa000000)
[2026-09-17T14:39:33.705+0000][2871.550s][debug][gc,heap        ] GC(68)  Metaspace       used 140437K, committed 142144K, reserved 1179648K
[2026-09-17T14:39:33.705+0000][2871.550s][debug][gc,heap        ] GC(68)   class space    used 18543K, committed 19392K, reserved 1048576K
[2026-09-17T14:39:33.705+0000][2871.550s][info ][gc             ] GC(68) Pause Young (Allocation Failure) 127M->58M(247M) 2.775ms
[2026-09-17T14:39:33.705+0000][2871.550s][info ][gc,cpu         ] GC(68) User=0.00s Sys=0.00s Real=0.00s
[2026-09-17T14:40:59.596+0000][2957.441s][info ][gc,start       ] GC(69) Pause Young (Allocation Failure)
[2026-09-17T14:40:59.596+0000][2957.441s][debug][gc,heap        ] GC(69) Heap before GC invocations=69 (full 5):
[2026-09-17T14:40:59.596+0000][2957.441s][debug][gc,heap        ] GC(69)  def new generation   total 78912K, used 71046K [0x00000000e7000000, 0x00000000ec5a0000, 0x00000000ef550000)
[2026-09-17T14:40:59.596+0000][2957.441s][debug][gc,heap        ] GC(69)   eden space 70144K, 100% used [0x00000000e7000000, 0x00000000eb480000, 0x00000000eb480000)
[2026-09-17T14:40:59.596+0000][2957.441s][debug][gc,heap        ] GC(69)   from space 8768K,  10% used [0x00000000ebd10000, 0x00000000ebdf1978, 0x00000000ec5a0000)
[2026-09-17T14:40:59.596+0000][2957.441s][debug][gc,heap        ] GC(69)   to   space 8768K,   0% used [0x00000000eb480000, 0x00000000eb480000, 0x00000000ebd10000)
[2026-09-17T14:40:59.596+0000][2957.441s][debug][gc,heap        ] GC(69)  tenured generation   total 174784K, used 59210K [0x00000000ef550000, 0x00000000fa000000, 0x0000000100000000)
[2026-09-17T14:40:59.596+0000][2957.441s][debug][gc,heap        ] GC(69)    the space 174784K,  33% used [0x00000000ef550000, 0x00000000f2f22960, 0x00000000f2f22a00, 0x00000000fa000000)
[2026-09-17T14:40:59.596+0000][2957.441s][debug][gc,heap        ] GC(69)  Metaspace       used 140467K, committed 142144K, reserved 1179648K
[2026-09-17T14:40:59.596+0000][2957.441s][debug][gc,heap        ] GC(69)   class space    used 18543K, committed 19392K, reserved 1048576K
[2026-09-17T14:40:59.599+0000][2957.444s][info ][gc,heap        ] GC(69) DefNew: 71046K(78912K)->756K(78912K) Eden: 70144K(70144K)->0K(70144K) From: 902K(8768K)->756K(8768K)
[2026-09-17T14:40:59.599+0000][2957.444s][info ][gc,heap        ] GC(69) Tenured: 59210K(174784K)->59518K(174784K)
[2026-09-17T14:40:59.599+0000][2957.444s][info ][gc,metaspace   ] GC(69) Metaspace: 140467K(142144K)->140467K(142144K) NonClass: 121923K(122752K)->121923K(122752K) Class: 18543K(19392K)->18543K(19392K)
[2026-09-17T14:40:59.599+0000][2957.444s][debug][gc,heap        ] GC(69) Heap after GC invocations=70 (full 5):
[2026-09-17T14:40:59.599+0000][2957.444s][debug][gc,heap        ] GC(69)  def new generation   total 78912K, used 756K [0x00000000e7000000, 0x00000000ec5a0000, 0x00000000ef550000)
[2026-09-17T14:40:59.599+0000][2957.444s][debug][gc,heap        ] GC(69)   eden space 70144K,   0% used [0x00000000e7000000, 0x00000000e7000000, 0x00000000eb480000)
[2026-09-17T14:40:59.599+0000][2957.444s][debug][gc,heap        ] GC(69)   from space 8768K,   8% used [0x00000000eb480000, 0x00000000eb53d340, 0x00000000ebd10000)
[2026-09-17T14:40:59.599+0000][2957.444s][debug][gc,heap        ] GC(69)   to   space 8768K,   0% used [0x00000000ebd10000, 0x00000000ebd10000, 0x00000000ec5a0000)
[2026-09-17T14:40:59.599+0000][2957.444s][debug][gc,heap        ] GC(69)  tenured generation   total 174784K, used 59518K [0x00000000ef550000, 0x00000000fa000000, 0x0000000100000000)
[2026-09-17T14:40:59.599+0000][2957.444s][debug][gc,heap        ] GC(69)    the space 174784K,  34% used [0x00000000ef550000, 0x00000000f2f6f890, 0x00000000f2f6fa00, 0x00000000fa000000)
[2026-09-17T14:40:59.599+0000][2957.444s][debug][gc,heap        ] GC(69)  Metaspace       used 140467K, committed 142144K, reserved 1179648K
[2026-09-17T14:40:59.599+0000][2957.444s][debug][gc,heap        ] GC(69)   class space    used 18543K, committed 19392K, reserved 1048576K
[2026-09-17T14:40:59.599+0000][2957.444s][info ][gc             ] GC(69) Pause Young (Allocation Failure) 127M->58M(247M) 2.971ms
[2026-09-17T14:40:59.599+0000][2957.444s][info ][gc,cpu         ] GC(69) User=0.00s Sys=0.00s Real=0.00s
[2026-09-17T14:42:29.379+0000][3047.224s][info ][gc,start       ] GC(70) Pause Young (Allocation Failure)
[2026-09-17T14:42:29.379+0000][3047.224s][debug][gc,heap        ] GC(70) Heap before GC invocations=70 (full 5):
[2026-09-17T14:42:29.379+0000][3047.224s][debug][gc,heap        ] GC(70)  def new generation   total 78912K, used 70900K [0x00000000e7000000, 0x00000000ec5a0000, 0x00000000ef550000)
[2026-09-17T14:42:29.379+0000][3047.224s][debug][gc,heap        ] GC(70)   eden space 70144K, 100% used [0x00000000e7000000, 0x00000000eb480000, 0x00000000eb480000)
[2026-09-17T14:42:29.379+0000][3047.224s][debug][gc,heap        ] GC(70)   from space 8768K,   8% used [0x00000000eb480000, 0x00000000eb53d340, 0x00000000ebd10000)
[2026-09-17T14:42:29.379+0000][3047.224s][debug][gc,heap        ] GC(70)   to   space 8768K,   0% used [0x00000000ebd10000, 0x00000000ebd10000, 0x00000000ec5a0000)
[2026-09-17T14:42:29.379+0000][3047.224s][debug][gc,heap        ] GC(70)  tenured generation   total 174784K, used 59518K [0x00000000ef550000, 0x00000000fa000000, 0x0000000100000000)
[2026-09-17T14:42:29.379+0000][3047.224s][debug][gc,heap        ] GC(70)    the space 174784K,  34% used [0x00000000ef550000, 0x00000000f2f6f890, 0x00000000f2f6fa00, 0x00000000fa000000)
[2026-09-17T14:42:29.379+0000][3047.224s][debug][gc,heap        ] GC(70)  Metaspace       used 140467K, committed 142144K, reserved 1179648K
[2026-09-17T14:42:29.379+0000][3047.224s][debug][gc,heap        ] GC(70)   class space    used 18543K, committed 19392K, reserved 1048576K
[2026-09-17T14:42:29.382+0000][3047.227s][info ][gc,heap        ] GC(70) DefNew: 70900K(78912K)->776K(78912K) Eden: 70144K(70144K)->0K(70144K) From: 756K(8768K)->776K(8768K)
[2026-09-17T14:42:29.382+0000][3047.227s][info ][gc,heap        ] GC(70) Tenured: 59518K(174784K)->59622K(174784K)
[2026-09-17T14:42:29.382+0000][3047.227s][info ][gc,metaspace   ] GC(70) Metaspace: 140467K(142144K)->140467K(142144K) NonClass: 121923K(122752K)->121923K(122752K) Class: 18543K(19392K)->18543K(19392K)
[2026-09-17T14:42:29.382+0000][3047.227s][debug][gc,heap        ] GC(70) Heap after GC invocations=71 (full 5):
[2026-09-17T14:42:29.382+0000][3047.227s][debug][gc,heap        ] GC(70)  def new generation   total 78912K, used 776K [0x00000000e7000000, 0x00000000ec5a0000, 0x00000000ef550000)
[2026-09-17T14:42:29.382+0000][3047.227s][debug][gc,heap        ] GC(70)   eden space 70144K,   0% used [0x00000000e7000000, 0x00000000e7000000, 0x00000000eb480000)
[2026-09-17T14:42:29.382+0000][3047.227s][debug][gc,heap        ] GC(70)   from space 8768K,   8% used [0x00000000ebd10000, 0x00000000ebdd21d0, 0x00000000ec5a0000)
[2026-09-17T14:42:29.382+0000][3047.227s][debug][gc,heap        ] GC(70)   to   space 8768K,   0% used [0x00000000eb480000, 0x00000000eb480000, 0x00000000ebd10000)
[2026-09-17T14:42:29.382+0000][3047.227s][debug][gc,heap        ] GC(70)  tenured generation   total 174784K, used 59622K [0x00000000ef550000, 0x00000000fa000000, 0x0000000100000000)
[2026-09-17T14:42:29.382+0000][3047.227s][debug][gc,heap        ] GC(70)    the space 174784K,  34% used [0x00000000ef550000, 0x00000000f2f898d0, 0x00000000f2f89a00, 0x00000000fa000000)
[2026-09-17T14:42:29.382+0000][3047.227s][debug][gc,heap        ] GC(70)  Metaspace       used 140467K, committed 142144K, reserved 1179648K
[2026-09-17T14:42:29.382+0000][3047.227s][debug][gc,heap        ] GC(70)   class space    used 18543K, committed 19392K, reserved 1048576K
[2026-09-17T14:42:29.382+0000][3047.227s][info ][gc             ] GC(70) Pause Young (Allocation Failure) 127M->58M(247M) 2.896ms
[2026-09-17T14:42:29.382+0000][3047.227s][info ][gc,cpu         ] GC(70) User=0.01s Sys=0.00s Real=0.00s
[2026-09-17T14:43:59.530+0000][3137.375s][info ][gc,start       ] GC(71) Pause Young (Allocation Failure)
[2026-09-17T14:43:59.530+0000][3137.375s][debug][gc,heap        ] GC(71) Heap before GC invocations=71 (full 5):
[2026-09-17T14:43:59.530+0000][3137.375s][debug][gc,heap        ] GC(71)  def new generation   total 78912K, used 70920K [0x00000000e7000000, 0x00000000ec5a0000, 0x00000000ef550000)
[2026-09-17T14:43:59.530+0000][3137.375s][debug][gc,heap        ] GC(71)   eden space 70144K, 100% used [0x00000000e7000000, 0x00000000eb480000, 0x00000000eb480000)
[2026-09-17T14:43:59.530+0000][3137.375s][debug][gc,heap        ] GC(71)   from space 8768K,   8% used [0x00000000ebd10000, 0x00000000ebdd21d0, 0x00000000ec5a0000)
[2026-09-17T14:43:59.530+0000][3137.375s][debug][gc,heap        ] GC(71)   to   space 8768K,   0% used [0x00000000eb480000, 0x00000000eb480000, 0x00000000ebd10000)
[2026-09-17T14:43:59.530+0000][3137.375s][debug][gc,heap        ] GC(71)  tenured generation   total 174784K, used 59622K [0x00000000ef550000, 0x00000000fa000000, 0x0000000100000000)
[2026-09-17T14:43:59.530+0000][3137.375s][debug][gc,heap        ] GC(71)    the space 174784K,  34% used [0x00000000ef550000, 0x00000000f2f898d0, 0x00000000f2f89a00, 0x00000000fa000000)
[2026-09-17T14:43:59.530+0000][3137.375s][debug][gc,heap        ] GC(71)  Metaspace       used 140557K, committed 142208K, reserved 1179648K
[2026-09-17T14:43:59.530+0000][3137.375s][debug][gc,heap        ] GC(71)   class space    used 18543K, committed 19392K, reserved 1048576K
[2026-09-17T14:43:59.533+0000][3137.378s][info ][gc,heap        ] GC(71) DefNew: 70920K(78912K)->767K(78912K) Eden: 70144K(70144K)->0K(70144K) From: 776K(8768K)->767K(8768K)
[2026-09-17T14:43:59.533+0000][3137.378s][info ][gc,heap        ] GC(71) Tenured: 59622K(174784K)->59809K(174784K)
[2026-09-17T14:43:59.533+0000][3137.378s][info ][gc,metaspace   ] GC(71) Metaspace: 140557K(142208K)->140557K(142208K) NonClass: 122013K(122816K)->122013K(122816K) Class: 18543K(19392K)->18543K(19392K)
[2026-09-17T14:43:59.533+0000][3137.378s][debug][gc,heap        ] GC(71) Heap after GC invocations=72 (full 5):
[2026-09-17T14:43:59.533+0000][3137.378s][debug][gc,heap        ] GC(71)  def new generation   total 78912K, used 767K [0x00000000e7000000, 0x00000000ec5a0000, 0x00000000ef550000)
[2026-09-17T14:43:59.533+0000][3137.378s][debug][gc,heap        ] GC(71)   eden space 70144K,   0% used [0x00000000e7000000, 0x00000000e7000000, 0x00000000eb480000)
[2026-09-17T14:43:59.533+0000][3137.378s][debug][gc,heap        ] GC(71)   from space 8768K,   8% used [0x00000000eb480000, 0x00000000eb53ffb0, 0x00000000ebd10000)
[2026-09-17T14:43:59.533+0000][3137.378s][debug][gc,heap        ] GC(71)   to   space 8768K,   0% used [0x00000000ebd10000, 0x00000000ebd10000, 0x00000000ec5a0000)
[2026-09-17T14:43:59.533+0000][3137.378s][debug][gc,heap        ] GC(71)  tenured generation   total 174784K, used 59809K [0x00000000ef550000, 0x00000000fa000000, 0x0000000100000000)
[2026-09-17T14:43:59.533+0000][3137.378s][debug][gc,heap        ] GC(71)    the space 174784K,  34% used [0x00000000ef550000, 0x00000000f2fb8608, 0x00000000f2fb8800, 0x00000000fa000000)
[2026-09-17T14:43:59.533+0000][3137.378s][debug][gc,heap        ] GC(71)  Metaspace       used 140557K, committed 142208K, reserved 1179648K
[2026-09-17T14:43:59.533+0000][3137.378s][debug][gc,heap        ] GC(71)   class space    used 18543K, committed 19392K, reserved 1048576K
[2026-09-17T14:43:59.533+0000][3137.378s][info ][gc             ] GC(71) Pause Young (Allocation Failure) 127M->59M(247M) 3.049ms
[2026-09-17T14:43:59.533+0000][3137.378s][info ][gc,cpu         ] GC(71) User=0.01s Sys=0.00s Real=0.00s
[2026-09-17T14:45:28.763+0000][3226.608s][info ][gc,start       ] GC(72) Pause Young (Allocation Failure)
[2026-09-17T14:45:28.763+0000][3226.608s][debug][gc,heap        ] GC(72) Heap before GC invocations=72 (full 5):
[2026-09-17T14:45:28.763+0000][3226.609s][debug][gc,heap        ] GC(72)  def new generation   total 78912K, used 70911K [0x00000000e7000000, 0x00000000ec5a0000, 0x00000000ef550000)
[2026-09-17T14:45:28.763+0000][3226.609s][debug][gc,heap        ] GC(72)   eden space 70144K, 100% used [0x00000000e7000000, 0x00000000eb480000, 0x00000000eb480000)
[2026-09-17T14:45:28.763+0000][3226.609s][debug][gc,heap        ] GC(72)   from space 8768K,   8% used [0x00000000eb480000, 0x00000000eb53ffb0, 0x00000000ebd10000)
[2026-09-17T14:45:28.763+0000][3226.609s][debug][gc,heap        ] GC(72)   to   space 8768K,   0% used [0x00000000ebd10000, 0x00000000ebd10000, 0x00000000ec5a0000)
[2026-09-17T14:45:28.763+0000][3226.609s][debug][gc,heap        ] GC(72)  tenured generation   total 174784K, used 59809K [0x00000000ef550000, 0x00000000fa000000, 0x0000000100000000)
[2026-09-17T14:45:28.763+0000][3226.609s][debug][gc,heap        ] GC(72)    the space 174784K,  34% used [0x00000000ef550000, 0x00000000f2fb8608, 0x00000000f2fb8800, 0x00000000fa000000)
[2026-09-17T14:45:28.763+0000][3226.609s][debug][gc,heap        ] GC(72)  Metaspace       used 140561K, committed 142208K, reserved 1179648K
[2026-09-17T14:45:28.763+0000][3226.609s][debug][gc,heap        ] GC(72)   class space    used 18543K, committed 19392K, reserved 1048576K
[2026-09-17T14:45:28.767+0000][3226.612s][info ][gc,heap        ] GC(72) DefNew: 70911K(78912K)->740K(78912K) Eden: 70144K(70144K)->0K(70144K) From: 767K(8768K)->740K(8768K)
[2026-09-17T14:45:28.767+0000][3226.612s][info ][gc,heap        ] GC(72) Tenured: 59809K(174784K)->59811K(174784K)
[2026-09-17T14:45:28.767+0000][3226.612s][info ][gc,metaspace   ] GC(72) Metaspace: 140561K(142208K)->140561K(142208K) NonClass: 122018K(122816K)->122018K(122816K) Class: 18543K(19392K)->18543K(19392K)
[2026-09-17T14:45:28.767+0000][3226.612s][debug][gc,heap        ] GC(72) Heap after GC invocations=73 (full 5):
[2026-09-17T14:45:28.767+0000][3226.612s][debug][gc,heap        ] GC(72)  def new generation   total 78912K, used 740K [0x00000000e7000000, 0x00000000ec5a0000, 0x00000000ef550000)
[2026-09-17T14:45:28.767+0000][3226.612s][debug][gc,heap        ] GC(72)   eden space 70144K,   0% used [0x00000000e7000000, 0x00000000e7000000, 0x00000000eb480000)
[2026-09-17T14:45:28.767+0000][3226.612s][debug][gc,heap        ] GC(72)   from space 8768K,   8% used [0x00000000ebd10000, 0x00000000ebdc93e8, 0x00000000ec5a0000)
[2026-09-17T14:45:28.767+0000][3226.612s][debug][gc,heap        ] GC(72)   to   space 8768K,   0% used [0x00000000eb480000, 0x00000000eb480000, 0x00000000ebd10000)
[2026-09-17T14:45:28.767+0000][3226.612s][debug][gc,heap        ] GC(72)  tenured generation   total 174784K, used 59811K [0x00000000ef550000, 0x00000000fa000000, 0x0000000100000000)
[2026-09-17T14:45:28.767+0000][3226.612s][debug][gc,heap        ] GC(72)    the space 174784K,  34% used [0x00000000ef550000, 0x00000000f2fb8e70, 0x00000000f2fb9000, 0x00000000fa000000)
[2026-09-17T14:45:28.767+0000][3226.612s][debug][gc,heap        ] GC(72)  Metaspace       used 140561K, committed 142208K, reserved 1179648K
[2026-09-17T14:45:28.767+0000][3226.612s][debug][gc,heap        ] GC(72)   class space    used 18543K, committed 19392K, reserved 1048576K
[2026-09-17T14:45:28.767+0000][3226.612s][info ][gc             ] GC(72) Pause Young (Allocation Failure) 127M->59M(247M) 3.224ms
[2026-09-17T14:45:28.767+0000][3226.612s][info ][gc,cpu         ] GC(72) User=0.00s Sys=0.00s Real=0.01s
[2026-09-17T14:46:55.730+0000][3313.575s][info ][gc,start       ] GC(73) Pause Young (Allocation Failure)
[2026-09-17T14:46:55.730+0000][3313.575s][debug][gc,heap        ] GC(73) Heap before GC invocations=73 (full 5):
[2026-09-17T14:46:55.730+0000][3313.575s][debug][gc,heap        ] GC(73)  def new generation   total 78912K, used 70884K [0x00000000e7000000, 0x00000000ec5a0000, 0x00000000ef550000)
[2026-09-17T14:46:55.730+0000][3313.575s][debug][gc,heap        ] GC(73)   eden space 70144K, 100% used [0x00000000e7000000, 0x00000000eb480000, 0x00000000eb480000)
[2026-09-17T14:46:55.730+0000][3313.575s][debug][gc,heap        ] GC(73)   from space 8768K,   8% used [0x00000000ebd10000, 0x00000000ebdc93e8, 0x00000000ec5a0000)
[2026-09-17T14:46:55.730+0000][3313.575s][debug][gc,heap        ] GC(73)   to   space 8768K,   0% used [0x00000000eb480000, 0x00000000eb480000, 0x00000000ebd10000)
[2026-09-17T14:46:55.730+0000][3313.575s][debug][gc,heap        ] GC(73)  tenured generation   total 174784K, used 59811K [0x00000000ef550000, 0x00000000fa000000, 0x0000000100000000)
[2026-09-17T14:46:55.730+0000][3313.575s][debug][gc,heap        ] GC(73)    the space 174784K,  34% used [0x00000000ef550000, 0x00000000f2fb8e70, 0x00000000f2fb9000, 0x00000000fa000000)
[2026-09-17T14:46:55.730+0000][3313.575s][debug][gc,heap        ] GC(73)  Metaspace       used 140574K, committed 142208K, reserved 1179648K
[2026-09-17T14:46:55.730+0000][3313.575s][debug][gc,heap        ] GC(73)   class space    used 18544K, committed 19392K, reserved 1048576K
[2026-09-17T14:46:55.733+0000][3313.578s][info ][gc,heap        ] GC(73) DefNew: 70884K(78912K)->1285K(78912K) Eden: 70144K(70144K)->0K(70144K) From: 740K(8768K)->1285K(8768K)
[2026-09-17T14:46:55.733+0000][3313.578s][info ][gc,heap        ] GC(73) Tenured: 59811K(174784K)->59814K(174784K)
[2026-09-17T14:46:55.733+0000][3313.578s][info ][gc,metaspace   ] GC(73) Metaspace: 140574K(142208K)->140574K(142208K) NonClass: 122029K(122816K)->122029K(122816K) Class: 18544K(19392K)->18544K(19392K)
[2026-09-17T14:46:55.733+0000][3313.578s][debug][gc,heap        ] GC(73) Heap after GC invocations=74 (full 5):
[2026-09-17T14:46:55.733+0000][3313.578s][debug][gc,heap        ] GC(73)  def new generation   total 78912K, used 1285K [0x00000000e7000000, 0x00000000ec5a0000, 0x00000000ef550000)
[2026-09-17T14:46:55.733+0000][3313.578s][debug][gc,heap        ] GC(73)   eden space 70144K,   0% used [0x00000000e7000000, 0x00000000e7000000, 0x00000000eb480000)
[2026-09-17T14:46:55.733+0000][3313.578s][debug][gc,heap        ] GC(73)   from space 8768K,  14% used [0x00000000eb480000, 0x00000000eb5c15e0, 0x00000000ebd10000)
[2026-09-17T14:46:55.733+0000][3313.578s][debug][gc,heap        ] GC(73)   to   space 8768K,   0% used [0x00000000ebd10000, 0x00000000ebd10000, 0x00000000ec5a0000)
[2026-09-17T14:46:55.733+0000][3313.578s][debug][gc,heap        ] GC(73)  tenured generation   total 174784K, used 59814K [0x00000000ef550000, 0x00000000fa000000, 0x0000000100000000)
[2026-09-17T14:46:55.733+0000][3313.578s][debug][gc,heap        ] GC(73)    the space 174784K,  34% used [0x00000000ef550000, 0x00000000f2fb9ac8, 0x00000000f2fb9c00, 0x00000000fa000000)
[2026-09-17T14:46:55.733+0000][3313.578s][debug][gc,heap        ] GC(73)  Metaspace       used 140574K, committed 142208K, reserved 1179648K
[2026-09-17T14:46:55.733+0000][3313.578s][debug][gc,heap        ] GC(73)   class space    used 18544K, committed 19392K, reserved 1048576K
[2026-09-17T14:46:55.733+0000][3313.578s][info ][gc             ] GC(73) Pause Young (Allocation Failure) 127M->59M(247M) 2.964ms
[2026-09-17T14:46:55.733+0000][3313.578s][info ][gc,cpu         ] GC(73) User=0.01s Sys=0.00s Real=0.00s
[2026-09-17T14:48:24.063+0000][3401.908s][info ][gc,start       ] GC(74) Pause Young (Allocation Failure)
[2026-09-17T14:48:24.063+0000][3401.908s][debug][gc,heap        ] GC(74) Heap before GC invocations=74 (full 5):
[2026-09-17T14:48:24.063+0000][3401.908s][debug][gc,heap        ] GC(74)  def new generation   total 78912K, used 71429K [0x00000000e7000000, 0x00000000ec5a0000, 0x00000000ef550000)
[2026-09-17T14:48:24.063+0000][3401.908s][debug][gc,heap        ] GC(74)   eden space 70144K, 100% used [0x00000000e7000000, 0x00000000eb480000, 0x00000000eb480000)
[2026-09-17T14:48:24.063+0000][3401.908s][debug][gc,heap        ] GC(74)   from space 8768K,  14% used [0x00000000eb480000, 0x00000000eb5c15e0, 0x00000000ebd10000)
[2026-09-17T14:48:24.063+0000][3401.908s][debug][gc,heap        ] GC(74)   to   space 8768K,   0% used [0x00000000ebd10000, 0x00000000ebd10000, 0x00000000ec5a0000)
[2026-09-17T14:48:24.063+0000][3401.908s][debug][gc,heap        ] GC(74)  tenured generation   total 174784K, used 59814K [0x00000000ef550000, 0x00000000fa000000, 0x0000000100000000)
[2026-09-17T14:48:24.063+0000][3401.908s][debug][gc,heap        ] GC(74)    the space 174784K,  34% used [0x00000000ef550000, 0x00000000f2fb9ac8, 0x00000000f2fb9c00, 0x00000000fa000000)
[2026-09-17T14:48:24.063+0000][3401.908s][debug][gc,heap        ] GC(74)  Metaspace       used 140580K, committed 142208K, reserved 1179648K
[2026-09-17T14:48:24.063+0000][3401.908s][debug][gc,heap        ] GC(74)   class space    used 18544K, committed 19392K, reserved 1048576K
[2026-09-17T14:48:24.066+0000][3401.911s][info ][gc,heap        ] GC(74) DefNew: 71429K(78912K)->1510K(78912K) Eden: 70144K(70144K)->0K(70144K) From: 1285K(8768K)->1510K(8768K)
[2026-09-17T14:48:24.066+0000][3401.911s][info ][gc,heap        ] GC(74) Tenured: 59814K(174784K)->59816K(174784K)
[2026-09-17T14:48:24.066+0000][3401.911s][info ][gc,metaspace   ] GC(74) Metaspace: 140580K(142208K)->140580K(142208K) NonClass: 122036K(122816K)->122036K(122816K) Class: 18544K(19392K)->18544K(19392K)
[2026-09-17T14:48:24.066+0000][3401.911s][debug][gc,heap        ] GC(74) Heap after GC invocations=75 (full 5):
[2026-09-17T14:48:24.066+0000][3401.911s][debug][gc,heap        ] GC(74)  def new generation   total 78912K, used 1510K [0x00000000e7000000, 0x00000000ec5a0000, 0x00000000ef550000)
[2026-09-17T14:48:24.066+0000][3401.911s][debug][gc,heap        ] GC(74)   eden space 70144K,   0% used [0x00000000e7000000, 0x00000000e7000000, 0x00000000eb480000)
[2026-09-17T14:48:24.066+0000][3401.911s][debug][gc,heap        ] GC(74)   from space 8768K,  17% used [0x00000000ebd10000, 0x00000000ebe89a38, 0x00000000ec5a0000)
[2026-09-17T14:48:24.066+0000][3401.911s][debug][gc,heap        ] GC(74)   to   space 8768K,   0% used [0x00000000eb480000, 0x00000000eb480000, 0x00000000ebd10000)
[2026-09-17T14:48:24.066+0000][3401.911s][debug][gc,heap        ] GC(74)  tenured generation   total 174784K, used 59816K [0x00000000ef550000, 0x00000000fa000000, 0x0000000100000000)
[2026-09-17T14:48:24.066+0000][3401.911s][debug][gc,heap        ] GC(74)    the space 174784K,  34% used [0x00000000ef550000, 0x00000000f2fba1e0, 0x00000000f2fba200, 0x00000000fa000000)
[2026-09-17T14:48:24.066+0000][3401.911s][debug][gc,heap        ] GC(74)  Metaspace       used 140580K, committed 142208K, reserved 1179648K
[2026-09-17T14:48:24.066+0000][3401.911s][debug][gc,heap        ] GC(74)   class space    used 18544K, committed 19392K, reserved 1048576K
[2026-09-17T14:48:24.066+0000][3401.911s][info ][gc             ] GC(74) Pause Young (Allocation Failure) 128M->59M(247M) 2.996ms
[2026-09-17T14:48:24.066+0000][3401.911s][info ][gc,cpu         ] GC(74) User=0.00s Sys=0.00s Real=0.01s
[2026-09-17T14:49:47.617+0000][3485.462s][info ][gc,start       ] GC(75) Pause Young (Allocation Failure)
[2026-09-17T14:49:47.617+0000][3485.462s][debug][gc,heap        ] GC(75) Heap before GC invocations=75 (full 5):
[2026-09-17T14:49:47.617+0000][3485.462s][debug][gc,heap        ] GC(75)  def new generation   total 78912K, used 71654K [0x00000000e7000000, 0x00000000ec5a0000, 0x00000000ef550000)
[2026-09-17T14:49:47.617+0000][3485.462s][debug][gc,heap        ] GC(75)   eden space 70144K, 100% used [0x00000000e7000000, 0x00000000eb480000, 0x00000000eb480000)
[2026-09-17T14:49:47.617+0000][3485.462s][debug][gc,heap        ] GC(75)   from space 8768K,  17% used [0x00000000ebd10000, 0x00000000ebe89a38, 0x00000000ec5a0000)
[2026-09-17T14:49:47.617+0000][3485.462s][debug][gc,heap        ] GC(75)   to   space 8768K,   0% used [0x00000000eb480000, 0x00000000eb480000, 0x00000000ebd10000)
[2026-09-17T14:49:47.617+0000][3485.462s][debug][gc,heap        ] GC(75)  tenured generation   total 174784K, used 59816K [0x00000000ef550000, 0x00000000fa000000, 0x0000000100000000)
[2026-09-17T14:49:47.617+0000][3485.462s][debug][gc,heap        ] GC(75)    the space 174784K,  34% used [0x00000000ef550000, 0x00000000f2fba1e0, 0x00000000f2fba200, 0x00000000fa000000)
[2026-09-17T14:49:47.617+0000][3485.462s][debug][gc,heap        ] GC(75)  Metaspace       used 140589K, committed 142208K, reserved 1179648K
[2026-09-17T14:49:47.617+0000][3485.462s][debug][gc,heap        ] GC(75)   class space    used 18544K, committed 19392K, reserved 1048576K
[2026-09-17T14:49:47.620+0000][3485.465s][info ][gc,heap        ] GC(75) DefNew: 71654K(78912K)->881K(78912K) Eden: 70144K(70144K)->0K(70144K) From: 1510K(8768K)->881K(8768K)
[2026-09-17T14:49:47.620+0000][3485.465s][info ][gc,heap        ] GC(75) Tenured: 59816K(174784K)->59828K(174784K)
[2026-09-17T14:49:47.620+0000][3485.465s][info ][gc,metaspace   ] GC(75) Metaspace: 140589K(142208K)->140589K(142208K) NonClass: 122045K(122816K)->122045K(122816K) Class: 18544K(19392K)->18544K(19392K)
[2026-09-17T14:49:47.620+0000][3485.465s][debug][gc,heap        ] GC(75) Heap after GC invocations=76 (full 5):
[2026-09-17T14:49:47.620+0000][3485.465s][debug][gc,heap        ] GC(75)  def new generation   total 78912K, used 881K [0x00000000e7000000, 0x00000000ec5a0000, 0x00000000ef550000)
[2026-09-17T14:49:47.620+0000][3485.465s][debug][gc,heap        ] GC(75)   eden space 70144K,   0% used [0x00000000e7000000, 0x00000000e7000000, 0x00000000eb480000)
[2026-09-17T14:49:47.620+0000][3485.465s][debug][gc,heap        ] GC(75)   from space 8768K,  10% used [0x00000000eb480000, 0x00000000eb55c6d0, 0x00000000ebd10000)
[2026-09-17T14:49:47.620+0000][3485.465s][debug][gc,heap        ] GC(75)   to   space 8768K,   0% used [0x00000000ebd10000, 0x00000000ebd10000, 0x00000000ec5a0000)
[2026-09-17T14:49:47.620+0000][3485.465s][debug][gc,heap        ] GC(75)  tenured generation   total 174784K, used 59828K [0x00000000ef550000, 0x00000000fa000000, 0x0000000100000000)
[2026-09-17T14:49:47.620+0000][3485.465s][debug][gc,heap        ] GC(75)    the space 174784K,  34% used [0x00000000ef550000, 0x00000000f2fbd180, 0x00000000f2fbd200, 0x00000000fa000000)
[2026-09-17T14:49:47.620+0000][3485.465s][debug][gc,heap        ] GC(75)  Metaspace       used 140589K, committed 142208K, reserved 1179648K
[2026-09-17T14:49:47.620+0000][3485.465s][debug][gc,heap        ] GC(75)   class space    used 18544K, committed 19392K, reserved 1048576K
[2026-09-17T14:49:47.620+0000][3485.465s][info ][gc             ] GC(75) Pause Young (Allocation Failure) 128M->59M(247M) 2.613ms
[2026-09-17T14:49:47.620+0000][3485.465s][info ][gc,cpu         ] GC(75) User=0.00s Sys=0.00s Real=0.00s
[2026-09-17T14:51:20.094+0000][3577.939s][info ][gc,start       ] GC(76) Pause Young (Allocation Failure)
[2026-09-17T14:51:20.094+0000][3577.939s][debug][gc,heap        ] GC(76) Heap before GC invocations=76 (full 5):
[2026-09-17T14:51:20.094+0000][3577.939s][debug][gc,heap        ] GC(76)  def new generation   total 78912K, used 71025K [0x00000000e7000000, 0x00000000ec5a0000, 0x00000000ef550000)
[2026-09-17T14:51:20.094+0000][3577.939s][debug][gc,heap        ] GC(76)   eden space 70144K, 100% used [0x00000000e7000000, 0x00000000eb480000, 0x00000000eb480000)
[2026-09-17T14:51:20.094+0000][3577.939s][debug][gc,heap        ] GC(76)   from space 8768K,  10% used [0x00000000eb480000, 0x00000000eb55c6d0, 0x00000000ebd10000)
[2026-09-17T14:51:20.094+0000][3577.939s][debug][gc,heap        ] GC(76)   to   space 8768K,   0% used [0x00000000ebd10000, 0x00000000ebd10000, 0x00000000ec5a0000)
[2026-09-17T14:51:20.094+0000][3577.939s][debug][gc,heap        ] GC(76)  tenured generation   total 174784K, used 59828K [0x00000000ef550000, 0x00000000fa000000, 0x0000000100000000)
[2026-09-17T14:51:20.094+0000][3577.939s][debug][gc,heap        ] GC(76)    the space 174784K,  34% used [0x00000000ef550000, 0x00000000f2fbd180, 0x00000000f2fbd200, 0x00000000fa000000)
[2026-09-17T14:51:20.094+0000][3577.939s][debug][gc,heap        ] GC(76)  Metaspace       used 140606K, committed 142208K, reserved 1179648K
[2026-09-17T14:51:20.094+0000][3577.939s][debug][gc,heap        ] GC(76)   class space    used 18544K, committed 19392K, reserved 1048576K
[2026-09-17T14:51:20.097+0000][3577.942s][info ][gc,heap        ] GC(76) DefNew: 71025K(78912K)->1087K(78912K) Eden: 70144K(70144K)->0K(70144K) From: 881K(8768K)->1087K(8768K)
[2026-09-17T14:51:20.097+0000][3577.942s][info ][gc,heap        ] GC(76) Tenured: 59828K(174784K)->59829K(174784K)
[2026-09-17T14:51:20.097+0000][3577.942s][info ][gc,metaspace   ] GC(76) Metaspace: 140606K(142208K)->140606K(142208K) NonClass: 122062K(122816K)->122062K(122816K) Class: 18544K(19392K)->18544K(19392K)
[2026-09-17T14:51:20.097+0000][3577.942s][debug][gc,heap        ] GC(76) Heap after GC invocations=77 (full 5):
[2026-09-17T14:51:20.097+0000][3577.942s][debug][gc,heap        ] GC(76)  def new generation   total 78912K, used 1087K [0x00000000e7000000, 0x00000000ec5a0000, 0x00000000ef550000)
[2026-09-17T14:51:20.097+0000][3577.942s][debug][gc,heap        ] GC(76)   eden space 70144K,   0% used [0x00000000e7000000, 0x00000000e7000000, 0x00000000eb480000)
[2026-09-17T14:51:20.097+0000][3577.942s][debug][gc,heap        ] GC(76)   from space 8768K,  12% used [0x00000000ebd10000, 0x00000000ebe1fd98, 0x00000000ec5a0000)
[2026-09-17T14:51:20.097+0000][3577.942s][debug][gc,heap        ] GC(76)   to   space 8768K,   0% used [0x00000000eb480000, 0x00000000eb480000, 0x00000000ebd10000)
[2026-09-17T14:51:20.097+0000][3577.942s][debug][gc,heap        ] GC(76)  tenured generation   total 174784K, used 59829K [0x00000000ef550000, 0x00000000fa000000, 0x0000000100000000)
[2026-09-17T14:51:20.097+0000][3577.942s][debug][gc,heap        ] GC(76)    the space 174784K,  34% used [0x00000000ef550000, 0x00000000f2fbd7b8, 0x00000000f2fbd800, 0x00000000fa000000)
[2026-09-17T14:51:20.097+0000][3577.942s][debug][gc,heap        ] GC(76)  Metaspace       used 140606K, committed 142208K, reserved 1179648K
[2026-09-17T14:51:20.097+0000][3577.942s][debug][gc,heap        ] GC(76)   class space    used 18544K, committed 19392K, reserved 1048576K
[2026-09-17T14:51:20.097+0000][3577.942s][info ][gc             ] GC(76) Pause Young (Allocation Failure) 127M->59M(247M) 2.836ms
[2026-09-17T14:51:20.097+0000][3577.942s][info ][gc,cpu         ] GC(76) User=0.00s Sys=0.00s Real=0.01s
[2026-09-17T14:52:46.030+0000][3663.875s][info ][gc,start       ] GC(77) Pause Young (Allocation Failure)
[2026-09-17T14:52:46.030+0000][3663.875s][debug][gc,heap        ] GC(77) Heap before GC invocations=77 (full 5):
[2026-09-17T14:52:46.030+0000][3663.875s][debug][gc,heap        ] GC(77)  def new generation   total 78912K, used 71231K [0x00000000e7000000, 0x00000000ec5a0000, 0x00000000ef550000)
[2026-09-17T14:52:46.030+0000][3663.875s][debug][gc,heap        ] GC(77)   eden space 70144K, 100% used [0x00000000e7000000, 0x00000000eb480000, 0x00000000eb480000)
[2026-09-17T14:52:46.030+0000][3663.875s][debug][gc,heap        ] GC(77)   from space 8768K,  12% used [0x00000000ebd10000, 0x00000000ebe1fd98, 0x00000000ec5a0000)
[2026-09-17T14:52:46.030+0000][3663.875s][debug][gc,heap        ] GC(77)   to   space 8768K,   0% used [0x00000000eb480000, 0x00000000eb480000, 0x00000000ebd10000)
[2026-09-17T14:52:46.030+0000][3663.875s][debug][gc,heap        ] GC(77)  tenured generation   total 174784K, used 59829K [0x00000000ef550000, 0x00000000fa000000, 0x0000000100000000)
[2026-09-17T14:52:46.030+0000][3663.875s][debug][gc,heap        ] GC(77)    the space 174784K,  34% used [0x00000000ef550000, 0x00000000f2fbd7b8, 0x00000000f2fbd800, 0x00000000fa000000)
[2026-09-17T14:52:46.030+0000][3663.875s][debug][gc,heap        ] GC(77)  Metaspace       used 140609K, committed 142208K, reserved 1179648K
[2026-09-17T14:52:46.030+0000][3663.875s][debug][gc,heap        ] GC(77)   class space    used 18544K, committed 19392K, reserved 1048576K
[2026-09-17T14:52:46.032+0000][3663.877s][info ][gc,heap        ] GC(77) DefNew: 71231K(78912K)->666K(78912K) Eden: 70144K(70144K)->0K(70144K) From: 1087K(8768K)->666K(8768K)
[2026-09-17T14:52:46.032+0000][3663.877s][info ][gc,heap        ] GC(77) Tenured: 59829K(174784K)->59833K(174784K)
[2026-09-17T14:52:46.032+0000][3663.877s][info ][gc,metaspace   ] GC(77) Metaspace: 140609K(142208K)->140609K(142208K) NonClass: 122064K(122816K)->122064K(122816K) Class: 18544K(19392K)->18544K(19392K)
[2026-09-17T14:52:46.032+0000][3663.877s][debug][gc,heap        ] GC(77) Heap after GC invocations=78 (full 5):
[2026-09-17T14:52:46.032+0000][3663.877s][debug][gc,heap        ] GC(77)  def new generation   total 78912K, used 666K [0x00000000e7000000, 0x00000000ec5a0000, 0x00000000ef550000)
[2026-09-17T14:52:46.032+0000][3663.877s][debug][gc,heap        ] GC(77)   eden space 70144K,   0% used [0x00000000e7000000, 0x00000000e7000000, 0x00000000eb480000)
[2026-09-17T14:52:46.032+0000][3663.877s][debug][gc,heap        ] GC(77)   from space 8768K,   7% used [0x00000000eb480000, 0x00000000eb526870, 0x00000000ebd10000)
[2026-09-17T14:52:46.032+0000][3663.877s][debug][gc,heap        ] GC(77)   to   space 8768K,   0% used [0x00000000ebd10000, 0x00000000ebd10000, 0x00000000ec5a0000)
[2026-09-17T14:52:46.032+0000][3663.877s][debug][gc,heap        ] GC(77)  tenured generation   total 174784K, used 59833K [0x00000000ef550000, 0x00000000fa000000, 0x0000000100000000)
[2026-09-17T14:52:46.032+0000][3663.877s][debug][gc,heap        ] GC(77)    the space 174784K,  34% used [0x00000000ef550000, 0x00000000f2fbe460, 0x00000000f2fbe600, 0x00000000fa000000)
[2026-09-17T14:52:46.032+0000][3663.877s][debug][gc,heap        ] GC(77)  Metaspace       used 140609K, committed 142208K, reserved 1179648K
[2026-09-17T14:52:46.032+0000][3663.877s][debug][gc,heap        ] GC(77)   class space    used 18544K, committed 19392K, reserved 1048576K
[2026-09-17T14:52:46.032+0000][3663.877s][info ][gc             ] GC(77) Pause Young (Allocation Failure) 127M->59M(247M) 2.559ms
[2026-09-17T14:52:46.032+0000][3663.877s][info ][gc,cpu         ] GC(77) User=0.00s Sys=0.00s Real=0.00s
[2026-09-17T14:54:14.545+0000][3752.390s][info ][gc,start       ] GC(78) Pause Young (Allocation Failure)
[2026-09-17T14:54:14.545+0000][3752.390s][debug][gc,heap        ] GC(78) Heap before GC invocations=78 (full 5):
[2026-09-17T14:54:14.545+0000][3752.390s][debug][gc,heap        ] GC(78)  def new generation   total 78912K, used 70810K [0x00000000e7000000, 0x00000000ec5a0000, 0x00000000ef550000)
[2026-09-17T14:54:14.545+0000][3752.390s][debug][gc,heap        ] GC(78)   eden space 70144K, 100% used [0x00000000e7000000, 0x00000000eb480000, 0x00000000eb480000)
[2026-09-17T14:54:14.545+0000][3752.390s][debug][gc,heap        ] GC(78)   from space 8768K,   7% used [0x00000000eb480000, 0x00000000eb526870, 0x00000000ebd10000)
[2026-09-17T14:54:14.545+0000][3752.390s][debug][gc,heap        ] GC(78)   to   space 8768K,   0% used [0x00000000ebd10000, 0x00000000ebd10000, 0x00000000ec5a0000)
[2026-09-17T14:54:14.545+0000][3752.390s][debug][gc,heap        ] GC(78)  tenured generation   total 174784K, used 59833K [0x00000000ef550000, 0x00000000fa000000, 0x0000000100000000)
[2026-09-17T14:54:14.545+0000][3752.390s][debug][gc,heap        ] GC(78)    the space 174784K,  34% used [0x00000000ef550000, 0x00000000f2fbe460, 0x00000000f2fbe600, 0x00000000fa000000)
[2026-09-17T14:54:14.545+0000][3752.390s][debug][gc,heap        ] GC(78)  Metaspace       used 140609K, committed 142208K, reserved 1179648K
[2026-09-17T14:54:14.545+0000][3752.390s][debug][gc,heap        ] GC(78)   class space    used 18544K, committed 19392K, reserved 1048576K
[2026-09-17T14:54:14.547+0000][3752.392s][info ][gc,heap        ] GC(78) DefNew: 70810K(78912K)->863K(78912K) Eden: 70144K(70144K)->0K(70144K) From: 666K(8768K)->863K(8768K)
[2026-09-17T14:54:14.547+0000][3752.392s][info ][gc,heap        ] GC(78) Tenured: 59833K(174784K)->59868K(174784K)
[2026-09-17T14:54:14.547+0000][3752.392s][info ][gc,metaspace   ] GC(78) Metaspace: 140609K(142208K)->140609K(142208K) NonClass: 122064K(122816K)->122064K(122816K) Class: 18544K(19392K)->18544K(19392K)
[2026-09-17T14:54:14.547+0000][3752.392s][debug][gc,heap        ] GC(78) Heap after GC invocations=79 (full 5):
[2026-09-17T14:54:14.547+0000][3752.392s][debug][gc,heap        ] GC(78)  def new generation   total 78912K, used 863K [0x00000000e7000000, 0x00000000ec5a0000, 0x00000000ef550000)
[2026-09-17T14:54:14.547+0000][3752.392s][debug][gc,heap        ] GC(78)   eden space 70144K,   0% used [0x00000000e7000000, 0x00000000e7000000, 0x00000000eb480000)
[2026-09-17T14:54:14.547+0000][3752.392s][debug][gc,heap        ] GC(78)   from space 8768K,   9% used [0x00000000ebd10000, 0x00000000ebde7e78, 0x00000000ec5a0000)
[2026-09-17T14:54:14.547+0000][3752.392s][debug][gc,heap        ] GC(78)   to   space 8768K,   0% used [0x00000000eb480000, 0x00000000eb480000, 0x00000000ebd10000)
[2026-09-17T14:54:14.547+0000][3752.392s][debug][gc,heap        ] GC(78)  tenured generation   total 174784K, used 59868K [0x00000000ef550000, 0x00000000fa000000, 0x0000000100000000)
[2026-09-17T14:54:14.547+0000][3752.392s][debug][gc,heap        ] GC(78)    the space 174784K,  34% used [0x00000000ef550000, 0x00000000f2fc71e0, 0x00000000f2fc7200, 0x00000000fa000000)
[2026-09-17T14:54:14.547+0000][3752.392s][debug][gc,heap        ] GC(78)  Metaspace       used 140609K, committed 142208K, reserved 1179648K
[2026-09-17T14:54:14.547+0000][3752.392s][debug][gc,heap        ] GC(78)   class space    used 18544K, committed 19392K, reserved 1048576K
[2026-09-17T14:54:14.547+0000][3752.392s][info ][gc             ] GC(78) Pause Young (Allocation Failure) 127M->59M(247M) 2.562ms
[2026-09-17T14:54:14.547+0000][3752.392s][info ][gc,cpu         ] GC(78) User=0.00s Sys=0.00s Real=0.01s
[2026-09-17T14:55:47.601+0000][3845.446s][info ][gc,start       ] GC(79) Pause Young (Allocation Failure)
[2026-09-17T14:55:47.601+0000][3845.446s][debug][gc,heap        ] GC(79) Heap before GC invocations=79 (full 5):
[2026-09-17T14:55:47.601+0000][3845.446s][debug][gc,heap        ] GC(79)  def new generation   total 78912K, used 71007K [0x00000000e7000000, 0x00000000ec5a0000, 0x00000000ef550000)
[2026-09-17T14:55:47.601+0000][3845.446s][debug][gc,heap        ] GC(79)   eden space 70144K, 100% used [0x00000000e7000000, 0x00000000eb480000, 0x00000000eb480000)
[2026-09-17T14:55:47.601+0000][3845.446s][debug][gc,heap        ] GC(79)   from space 8768K,   9% used [0x00000000ebd10000, 0x00000000ebde7e78, 0x00000000ec5a0000)
[2026-09-17T14:55:47.601+0000][3845.446s][debug][gc,heap        ] GC(79)   to   space 8768K,   0% used [0x00000000eb480000, 0x00000000eb480000, 0x00000000ebd10000)
[2026-09-17T14:55:47.601+0000][3845.446s][debug][gc,heap        ] GC(79)  tenured generation   total 174784K, used 59868K [0x00000000ef550000, 0x00000000fa000000, 0x0000000100000000)
[2026-09-17T14:55:47.601+0000][3845.446s][debug][gc,heap        ] GC(79)    the space 174784K,  34% used [0x00000000ef550000, 0x00000000f2fc71e0, 0x00000000f2fc7200, 0x00000000fa000000)
[2026-09-17T14:55:47.601+0000][3845.446s][debug][gc,heap        ] GC(79)  Metaspace       used 140642K, committed 142208K, reserved 1179648K
[2026-09-17T14:55:47.601+0000][3845.446s][debug][gc,heap        ] GC(79)   class space    used 18544K, committed 19392K, reserved 1048576K
[2026-09-17T14:55:47.604+0000][3845.449s][info ][gc,heap        ] GC(79) DefNew: 71007K(78912K)->843K(78912K) Eden: 70144K(70144K)->0K(70144K) From: 863K(8768K)->843K(8768K)
[2026-09-17T14:55:47.604+0000][3845.449s][info ][gc,heap        ] GC(79) Tenured: 59868K(174784K)->59869K(174784K)
[2026-09-17T14:55:47.604+0000][3845.449s][info ][gc,metaspace   ] GC(79) Metaspace: 140642K(142208K)->140642K(142208K) NonClass: 122097K(122816K)->122097K(122816K) Class: 18544K(19392K)->18544K(19392K)
[2026-09-17T14:55:47.604+0000][3845.449s][debug][gc,heap        ] GC(79) Heap after GC invocations=80 (full 5):
[2026-09-17T14:55:47.604+0000][3845.449s][debug][gc,heap        ] GC(79)  def new generation   total 78912K, used 843K [0x00000000e7000000, 0x00000000ec5a0000, 0x00000000ef550000)
[2026-09-17T14:55:47.604+0000][3845.449s][debug][gc,heap        ] GC(79)   eden space 70144K,   0% used [0x00000000e7000000, 0x00000000e7000000, 0x00000000eb480000)
[2026-09-17T14:55:47.604+0000][3845.449s][debug][gc,heap        ] GC(79)   from space 8768K,   9% used [0x00000000eb480000, 0x00000000eb552db8, 0x00000000ebd10000)
[2026-09-17T14:55:47.604+0000][3845.449s][debug][gc,heap        ] GC(79)   to   space 8768K,   0% used [0x00000000ebd10000, 0x00000000ebd10000, 0x00000000ec5a0000)
[2026-09-17T14:55:47.604+0000][3845.449s][debug][gc,heap        ] GC(79)  tenured generation   total 174784K, used 59869K [0x00000000ef550000, 0x00000000fa000000, 0x0000000100000000)
[2026-09-17T14:55:47.604+0000][3845.449s][debug][gc,heap        ] GC(79)    the space 174784K,  34% used [0x00000000ef550000, 0x00000000f2fc7598, 0x00000000f2fc7600, 0x00000000fa000000)
[2026-09-17T14:55:47.604+0000][3845.449s][debug][gc,heap        ] GC(79)  Metaspace       used 140642K, committed 142208K, reserved 1179648K
[2026-09-17T14:55:47.604+0000][3845.449s][debug][gc,heap        ] GC(79)   class space    used 18544K, committed 19392K, reserved 1048576K
[2026-09-17T14:55:47.604+0000][3845.449s][info ][gc             ] GC(79) Pause Young (Allocation Failure) 127M->59M(247M) 2.515ms
[2026-09-17T14:55:47.604+0000][3845.449s][info ][gc,cpu         ] GC(79) User=0.01s Sys=0.00s Real=0.00s
[2026-09-17T14:57:20.021+0000][3937.866s][info ][gc,start       ] GC(80) Pause Young (Allocation Failure)
[2026-09-17T14:57:20.021+0000][3937.866s][debug][gc,heap        ] GC(80) Heap before GC invocations=80 (full 5):
[2026-09-17T14:57:20.021+0000][3937.866s][debug][gc,heap        ] GC(80)  def new generation   total 78912K, used 70987K [0x00000000e7000000, 0x00000000ec5a0000, 0x00000000ef550000)
[2026-09-17T14:57:20.021+0000][3937.866s][debug][gc,heap        ] GC(80)   eden space 70144K, 100% used [0x00000000e7000000, 0x00000000eb480000, 0x00000000eb480000)
[2026-09-17T14:57:20.021+0000][3937.866s][debug][gc,heap        ] GC(80)   from space 8768K,   9% used [0x00000000eb480000, 0x00000000eb552db8, 0x00000000ebd10000)
[2026-09-17T14:57:20.021+0000][3937.866s][debug][gc,heap        ] GC(80)   to   space 8768K,   0% used [0x00000000ebd10000, 0x00000000ebd10000, 0x00000000ec5a0000)
[2026-09-17T14:57:20.021+0000][3937.866s][debug][gc,heap        ] GC(80)  tenured generation   total 174784K, used 59869K [0x00000000ef550000, 0x00000000fa000000, 0x0000000100000000)
[2026-09-17T14:57:20.021+0000][3937.866s][debug][gc,heap        ] GC(80)    the space 174784K,  34% used [0x00000000ef550000, 0x00000000f2fc7598, 0x00000000f2fc7600, 0x00000000fa000000)
[2026-09-17T14:57:20.021+0000][3937.866s][debug][gc,heap        ] GC(80)  Metaspace       used 140724K, committed 142336K, reserved 1179648K
[2026-09-17T14:57:20.021+0000][3937.866s][debug][gc,heap        ] GC(80)   class space    used 18544K, committed 19392K, reserved 1048576K
[2026-09-17T14:57:20.023+0000][3937.868s][info ][gc,heap        ] GC(80) DefNew: 70987K(78912K)->1520K(78912K) Eden: 70144K(70144K)->0K(70144K) From: 843K(8768K)->1520K(8768K)
[2026-09-17T14:57:20.023+0000][3937.868s][info ][gc,heap        ] GC(80) Tenured: 59869K(174784K)->59871K(174784K)
[2026-09-17T14:57:20.023+0000][3937.868s][info ][gc,metaspace   ] GC(80) Metaspace: 140724K(142336K)->140724K(142336K) NonClass: 122180K(122944K)->122180K(122944K) Class: 18544K(19392K)->18544K(19392K)
[2026-09-17T14:57:20.023+0000][3937.869s][debug][gc,heap        ] GC(80) Heap after GC invocations=81 (full 5):
[2026-09-17T14:57:20.023+0000][3937.869s][debug][gc,heap        ] GC(80)  def new generation   total 78912K, used 1520K [0x00000000e7000000, 0x00000000ec5a0000, 0x00000000ef550000)
[2026-09-17T14:57:20.023+0000][3937.869s][debug][gc,heap        ] GC(80)   eden space 70144K,   0% used [0x00000000e7000000, 0x00000000e7000000, 0x00000000eb480000)
[2026-09-17T14:57:20.023+0000][3937.869s][debug][gc,heap        ] GC(80)   from space 8768K,  17% used [0x00000000ebd10000, 0x00000000ebe8c0f0, 0x00000000ec5a0000)
[2026-09-17T14:57:20.023+0000][3937.869s][debug][gc,heap        ] GC(80)   to   space 8768K,   0% used [0x00000000eb480000, 0x00000000eb480000, 0x00000000ebd10000)
[2026-09-17T14:57:20.023+0000][3937.869s][debug][gc,heap        ] GC(80)  tenured generation   total 174784K, used 59871K [0x00000000ef550000, 0x00000000fa000000, 0x0000000100000000)
[2026-09-17T14:57:20.023+0000][3937.869s][debug][gc,heap        ] GC(80)    the space 174784K,  34% used [0x00000000ef550000, 0x00000000f2fc7e60, 0x00000000f2fc8000, 0x00000000fa000000)
[2026-09-17T14:57:20.023+0000][3937.869s][debug][gc,heap        ] GC(80)  Metaspace       used 140724K, committed 142336K, reserved 1179648K
[2026-09-17T14:57:20.023+0000][3937.869s][debug][gc,heap        ] GC(80)   class space    used 18544K, committed 19392K, reserved 1048576K
[2026-09-17T14:57:20.023+0000][3937.869s][info ][gc             ] GC(80) Pause Young (Allocation Failure) 127M->59M(247M) 2.572ms
[2026-09-17T14:57:20.023+0000][3937.869s][info ][gc,cpu         ] GC(80) User=0.00s Sys=0.00s Real=0.00s
[2026-09-17T14:58:47.249+0000][4025.094s][info ][gc,start       ] GC(81) Pause Young (Allocation Failure)
[2026-09-17T14:58:47.249+0000][4025.094s][debug][gc,heap        ] GC(81) Heap before GC invocations=81 (full 5):
[2026-09-17T14:58:47.249+0000][4025.094s][debug][gc,heap        ] GC(81)  def new generation   total 78912K, used 71664K [0x00000000e7000000, 0x00000000ec5a0000, 0x00000000ef550000)
[2026-09-17T14:58:47.249+0000][4025.094s][debug][gc,heap        ] GC(81)   eden space 70144K, 100% used [0x00000000e7000000, 0x00000000eb480000, 0x00000000eb480000)
[2026-09-17T14:58:47.249+0000][4025.094s][debug][gc,heap        ] GC(81)   from space 8768K,  17% used [0x00000000ebd10000, 0x00000000ebe8c0f0, 0x00000000ec5a0000)
[2026-09-17T14:58:47.249+0000][4025.094s][debug][gc,heap        ] GC(81)   to   space 8768K,   0% used [0x00000000eb480000, 0x00000000eb480000, 0x00000000ebd10000)
[2026-09-17T14:58:47.249+0000][4025.094s][debug][gc,heap        ] GC(81)  tenured generation   total 174784K, used 59871K [0x00000000ef550000, 0x00000000fa000000, 0x0000000100000000)
[2026-09-17T14:58:47.249+0000][4025.094s][debug][gc,heap        ] GC(81)    the space 174784K,  34% used [0x00000000ef550000, 0x00000000f2fc7e60, 0x00000000f2fc8000, 0x00000000fa000000)
[2026-09-17T14:58:47.249+0000][4025.094s][debug][gc,heap        ] GC(81)  Metaspace       used 140731K, committed 142336K, reserved 1179648K
[2026-09-17T14:58:47.249+0000][4025.094s][debug][gc,heap        ] GC(81)   class space    used 18544K, committed 19392K, reserved 1048576K
[2026-09-17T14:58:47.251+0000][4025.096s][info ][gc,heap        ] GC(81) DefNew: 71664K(78912K)->831K(78912K) Eden: 70144K(70144K)->0K(70144K) From: 1520K(8768K)->831K(8768K)
[2026-09-17T14:58:47.251+0000][4025.096s][info ][gc,heap        ] GC(81) Tenured: 59871K(174784K)->59872K(174784K)
[2026-09-17T14:58:47.251+0000][4025.096s][info ][gc,metaspace   ] GC(81) Metaspace: 140731K(142336K)->140731K(142336K) NonClass: 122187K(122944K)->122187K(122944K) Class: 18544K(19392K)->18544K(19392K)
[2026-09-17T14:58:47.251+0000][4025.096s][debug][gc,heap        ] GC(81) Heap after GC invocations=82 (full 5):
[2026-09-17T14:58:47.251+0000][4025.096s][debug][gc,heap        ] GC(81)  def new generation   total 78912K, used 831K [0x00000000e7000000, 0x00000000ec5a0000, 0x00000000ef550000)
[2026-09-17T14:58:47.251+0000][4025.096s][debug][gc,heap        ] GC(81)   eden space 70144K,   0% used [0x00000000e7000000, 0x00000000e7000000, 0x00000000eb480000)
[2026-09-17T14:58:47.251+0000][4025.096s][debug][gc,heap        ] GC(81)   from space 8768K,   9% used [0x00000000eb480000, 0x00000000eb54fc60, 0x00000000ebd10000)
[2026-09-17T14:58:47.251+0000][4025.096s][debug][gc,heap        ] GC(81)   to   space 8768K,   0% used [0x00000000ebd10000, 0x00000000ebd10000, 0x00000000ec5a0000)
[2026-09-17T14:58:47.251+0000][4025.096s][debug][gc,heap        ] GC(81)  tenured generation   total 174784K, used 59872K [0x00000000ef550000, 0x00000000fa000000, 0x0000000100000000)
[2026-09-17T14:58:47.251+0000][4025.096s][debug][gc,heap        ] GC(81)    the space 174784K,  34% used [0x00000000ef550000, 0x00000000f2fc8140, 0x00000000f2fc8200, 0x00000000fa000000)
[2026-09-17T14:58:47.251+0000][4025.096s][debug][gc,heap        ] GC(81)  Metaspace       used 140731K, committed 142336K, reserved 1179648K
[2026-09-17T14:58:47.251+0000][4025.096s][debug][gc,heap        ] GC(81)   class space    used 18544K, committed 19392K, reserved 1048576K
[2026-09-17T14:58:47.251+0000][4025.096s][info ][gc             ] GC(81) Pause Young (Allocation Failure) 128M->59M(247M) 2.384ms
[2026-09-17T14:58:47.251+0000][4025.096s][info ][gc,cpu         ] GC(81) User=0.00s Sys=0.00s Real=0.00s
[2026-09-17T15:00:17.378+0000][4115.223s][info ][gc,start       ] GC(82) Pause Young (Allocation Failure)
[2026-09-17T15:00:17.378+0000][4115.223s][debug][gc,heap        ] GC(82) Heap before GC invocations=82 (full 5):
[2026-09-17T15:00:17.378+0000][4115.223s][debug][gc,heap        ] GC(82)  def new generation   total 78912K, used 70975K [0x00000000e7000000, 0x00000000ec5a0000, 0x00000000ef550000)
[2026-09-17T15:00:17.378+0000][4115.223s][debug][gc,heap        ] GC(82)   eden space 70144K, 100% used [0x00000000e7000000, 0x00000000eb480000, 0x00000000eb480000)
[2026-09-17T15:00:17.378+0000][4115.223s][debug][gc,heap        ] GC(82)   from space 8768K,   9% used [0x00000000eb480000, 0x00000000eb54fc60, 0x00000000ebd10000)
[2026-09-17T15:00:17.378+0000][4115.223s][debug][gc,heap        ] GC(82)   to   space 8768K,   0% used [0x00000000ebd10000, 0x00000000ebd10000, 0x00000000ec5a0000)
[2026-09-17T15:00:17.378+0000][4115.223s][debug][gc,heap        ] GC(82)  tenured generation   total 174784K, used 59872K [0x00000000ef550000, 0x00000000fa000000, 0x0000000100000000)
[2026-09-17T15:00:17.378+0000][4115.223s][debug][gc,heap        ] GC(82)    the space 174784K,  34% used [0x00000000ef550000, 0x00000000f2fc8140, 0x00000000f2fc8200, 0x00000000fa000000)
[2026-09-17T15:00:17.378+0000][4115.224s][debug][gc,heap        ] GC(82)  Metaspace       used 140739K, committed 142336K, reserved 1179648K
[2026-09-17T15:00:17.378+0000][4115.224s][debug][gc,heap        ] GC(82)   class space    used 18544K, committed 19392K, reserved 1048576K
[2026-09-17T15:00:17.381+0000][4115.226s][info ][gc,heap        ] GC(82) DefNew: 70975K(78912K)->922K(78912K) Eden: 70144K(70144K)->0K(70144K) From: 831K(8768K)->922K(8768K)
[2026-09-17T15:00:17.381+0000][4115.226s][info ][gc,heap        ] GC(82) Tenured: 59872K(174784K)->59873K(174784K)
[2026-09-17T15:00:17.381+0000][4115.226s][info ][gc,metaspace   ] GC(82) Metaspace: 140739K(142336K)->140739K(142336K) NonClass: 122194K(122944K)->122194K(122944K) Class: 18544K(19392K)->18544K(19392K)
[2026-09-17T15:00:17.381+0000][4115.226s][debug][gc,heap        ] GC(82) Heap after GC invocations=83 (full 5):
[2026-09-17T15:00:17.381+0000][4115.226s][debug][gc,heap        ] GC(82)  def new generation   total 78912K, used 922K [0x00000000e7000000, 0x00000000ec5a0000, 0x00000000ef550000)
[2026-09-17T15:00:17.381+0000][4115.226s][debug][gc,heap        ] GC(82)   eden space 70144K,   0% used [0x00000000e7000000, 0x00000000e7000000, 0x00000000eb480000)
[2026-09-17T15:00:17.381+0000][4115.226s][debug][gc,heap        ] GC(82)   from space 8768K,  10% used [0x00000000ebd10000, 0x00000000ebdf6a28, 0x00000000ec5a0000)
[2026-09-17T15:00:17.381+0000][4115.226s][debug][gc,heap        ] GC(82)   to   space 8768K,   0% used [0x00000000eb480000, 0x00000000eb480000, 0x00000000ebd10000)
[2026-09-17T15:00:17.381+0000][4115.226s][debug][gc,heap        ] GC(82)  tenured generation   total 174784K, used 59873K [0x00000000ef550000, 0x00000000fa000000, 0x0000000100000000)
[2026-09-17T15:00:17.381+0000][4115.226s][debug][gc,heap        ] GC(82)    the space 174784K,  34% used [0x00000000ef550000, 0x00000000f2fc85e8, 0x00000000f2fc8600, 0x00000000fa000000)
[2026-09-17T15:00:17.381+0000][4115.226s][debug][gc,heap        ] GC(82)  Metaspace       used 140739K, committed 142336K, reserved 1179648K
[2026-09-17T15:00:17.381+0000][4115.226s][debug][gc,heap        ] GC(82)   class space    used 18544K, committed 19392K, reserved 1048576K
[2026-09-17T15:00:17.381+0000][4115.226s][info ][gc             ] GC(82) Pause Young (Allocation Failure) 127M->59M(247M) 2.489ms
[2026-09-17T15:00:17.381+0000][4115.226s][info ][gc,cpu         ] GC(82) User=0.00s Sys=0.00s Real=0.00s
[2026-09-17T15:01:47.968+0000][4205.814s][info ][gc,start       ] GC(83) Pause Young (Allocation Failure)
[2026-09-17T15:01:47.968+0000][4205.814s][debug][gc,heap        ] GC(83) Heap before GC invocations=83 (full 5):
[2026-09-17T15:01:47.968+0000][4205.814s][debug][gc,heap        ] GC(83)  def new generation   total 78912K, used 71066K [0x00000000e7000000, 0x00000000ec5a0000, 0x00000000ef550000)
[2026-09-17T15:01:47.969+0000][4205.814s][debug][gc,heap        ] GC(83)   eden space 70144K, 100% used [0x00000000e7000000, 0x00000000eb480000, 0x00000000eb480000)
[2026-09-17T15:01:47.969+0000][4205.814s][debug][gc,heap        ] GC(83)   from space 8768K,  10% used [0x00000000ebd10000, 0x00000000ebdf6a28, 0x00000000ec5a0000)
[2026-09-17T15:01:47.969+0000][4205.814s][debug][gc,heap        ] GC(83)   to   space 8768K,   0% used [0x00000000eb480000, 0x00000000eb480000, 0x00000000ebd10000)
[2026-09-17T15:01:47.969+0000][4205.814s][debug][gc,heap        ] GC(83)  tenured generation   total 174784K, used 59873K [0x00000000ef550000, 0x00000000fa000000, 0x0000000100000000)
[2026-09-17T15:01:47.969+0000][4205.814s][debug][gc,heap        ] GC(83)    the space 174784K,  34% used [0x00000000ef550000, 0x00000000f2fc85e8, 0x00000000f2fc8600, 0x00000000fa000000)
[2026-09-17T15:01:47.969+0000][4205.814s][debug][gc,heap        ] GC(83)  Metaspace       used 140755K, committed 142336K, reserved 1179648K
[2026-09-17T15:01:47.969+0000][4205.814s][debug][gc,heap        ] GC(83)   class space    used 18544K, committed 19392K, reserved 1048576K
[2026-09-17T15:01:47.971+0000][4205.816s][info ][gc,heap        ] GC(83) DefNew: 71066K(78912K)->1409K(78912K) Eden: 70144K(70144K)->0K(70144K) From: 922K(8768K)->1409K(8768K)
[2026-09-17T15:01:47.971+0000][4205.816s][info ][gc,heap        ] GC(83) Tenured: 59873K(174784K)->59874K(174784K)
[2026-09-17T15:01:47.971+0000][4205.816s][info ][gc,metaspace   ] GC(83) Metaspace: 140755K(142336K)->140755K(142336K) NonClass: 122211K(122944K)->122211K(122944K) Class: 18544K(19392K)->18544K(19392K)
[2026-09-17T15:01:47.971+0000][4205.816s][debug][gc,heap        ] GC(83) Heap after GC invocations=84 (full 5):
[2026-09-17T15:01:47.971+0000][4205.816s][debug][gc,heap        ] GC(83)  def new generation   total 78912K, used 1409K [0x00000000e7000000, 0x00000000ec5a0000, 0x00000000ef550000)
[2026-09-17T15:01:47.971+0000][4205.816s][debug][gc,heap        ] GC(83)   eden space 70144K,   0% used [0x00000000e7000000, 0x00000000e7000000, 0x00000000eb480000)
[2026-09-17T15:01:47.971+0000][4205.816s][debug][gc,heap        ] GC(83)   from space 8768K,  16% used [0x00000000eb480000, 0x00000000eb5e0718, 0x00000000ebd10000)
[2026-09-17T15:01:47.971+0000][4205.816s][debug][gc,heap        ] GC(83)   to   space 8768K,   0% used [0x00000000ebd10000, 0x00000000ebd10000, 0x00000000ec5a0000)
[2026-09-17T15:01:47.971+0000][4205.816s][debug][gc,heap        ] GC(83)  tenured generation   total 174784K, used 59874K [0x00000000ef550000, 0x00000000fa000000, 0x0000000100000000)
[2026-09-17T15:01:47.971+0000][4205.816s][debug][gc,heap        ] GC(83)    the space 174784K,  34% used [0x00000000ef550000, 0x00000000f2fc8be0, 0x00000000f2fc8c00, 0x00000000fa000000)
[2026-09-17T15:01:47.971+0000][4205.816s][debug][gc,heap        ] GC(83)  Metaspace       used 140755K, committed 142336K, reserved 1179648K
[2026-09-17T15:01:47.971+0000][4205.816s][debug][gc,heap        ] GC(83)   class space    used 18544K, committed 19392K, reserved 1048576K
[2026-09-17T15:01:47.971+0000][4205.816s][info ][gc             ] GC(83) Pause Young (Allocation Failure) 127M->59M(247M) 2.605ms
[2026-09-17T15:01:47.971+0000][4205.816s][info ][gc,cpu         ] GC(83) User=0.00s Sys=0.00s Real=0.00s
[2026-09-17T15:03:15.010+0000][4292.855s][info ][gc,start       ] GC(84) Pause Young (Allocation Failure)
[2026-09-17T15:03:15.010+0000][4292.855s][debug][gc,heap        ] GC(84) Heap before GC invocations=84 (full 5):
[2026-09-17T15:03:15.010+0000][4292.855s][debug][gc,heap        ] GC(84)  def new generation   total 78912K, used 71553K [0x00000000e7000000, 0x00000000ec5a0000, 0x00000000ef550000)
[2026-09-17T15:03:15.010+0000][4292.855s][debug][gc,heap        ] GC(84)   eden space 70144K, 100% used [0x00000000e7000000, 0x00000000eb480000, 0x00000000eb480000)
[2026-09-17T15:03:15.010+0000][4292.855s][debug][gc,heap        ] GC(84)   from space 8768K,  16% used [0x00000000eb480000, 0x00000000eb5e0718, 0x00000000ebd10000)
[2026-09-17T15:03:15.010+0000][4292.855s][debug][gc,heap        ] GC(84)   to   space 8768K,   0% used [0x00000000ebd10000, 0x00000000ebd10000, 0x00000000ec5a0000)
[2026-09-17T15:03:15.010+0000][4292.855s][debug][gc,heap        ] GC(84)  tenured generation   total 174784K, used 59874K [0x00000000ef550000, 0x00000000fa000000, 0x0000000100000000)
[2026-09-17T15:03:15.010+0000][4292.855s][debug][gc,heap        ] GC(84)    the space 174784K,  34% used [0x00000000ef550000, 0x00000000f2fc8be0, 0x00000000f2fc8c00, 0x00000000fa000000)
[2026-09-17T15:03:15.010+0000][4292.855s][debug][gc,heap        ] GC(84)  Metaspace       used 140755K, committed 142336K, reserved 1179648K
[2026-09-17T15:03:15.010+0000][4292.855s][debug][gc,heap        ] GC(84)   class space    used 18544K, committed 19392K, reserved 1048576K
[2026-09-17T15:03:15.013+0000][4292.858s][info ][gc,heap        ] GC(84) DefNew: 71553K(78912K)->1637K(78912K) Eden: 70144K(70144K)->0K(70144K) From: 1409K(8768K)->1637K(8768K)
[2026-09-17T15:03:15.013+0000][4292.858s][info ][gc,heap        ] GC(84) Tenured: 59874K(174784K)->59981K(174784K)
[2026-09-17T15:03:15.013+0000][4292.858s][info ][gc,metaspace   ] GC(84) Metaspace: 140755K(142336K)->140755K(142336K) NonClass: 122211K(122944K)->122211K(122944K) Class: 18544K(19392K)->18544K(19392K)
[2026-09-17T15:03:15.013+0000][4292.858s][debug][gc,heap        ] GC(84) Heap after GC invocations=85 (full 5):
[2026-09-17T15:03:15.013+0000][4292.858s][debug][gc,heap        ] GC(84)  def new generation   total 78912K, used 1637K [0x00000000e7000000, 0x00000000ec5a0000, 0x00000000ef550000)
[2026-09-17T15:03:15.013+0000][4292.858s][debug][gc,heap        ] GC(84)   eden space 70144K,   0% used [0x00000000e7000000, 0x00000000e7000000, 0x00000000eb480000)
[2026-09-17T15:03:15.013+0000][4292.858s][debug][gc,heap        ] GC(84)   from space 8768K,  18% used [0x00000000ebd10000, 0x00000000ebea9650, 0x00000000ec5a0000)
[2026-09-17T15:03:15.013+0000][4292.858s][debug][gc,heap        ] GC(84)   to   space 8768K,   0% used [0x00000000eb480000, 0x00000000eb480000, 0x00000000ebd10000)
[2026-09-17T15:03:15.013+0000][4292.858s][debug][gc,heap        ] GC(84)  tenured generation   total 174784K, used 59981K [0x00000000ef550000, 0x00000000fa000000, 0x0000000100000000)
[2026-09-17T15:03:15.013+0000][4292.858s][debug][gc,heap        ] GC(84)    the space 174784K,  34% used [0x00000000ef550000, 0x00000000f2fe3500, 0x00000000f2fe3600, 0x00000000fa000000)
[2026-09-17T15:03:15.013+0000][4292.858s][debug][gc,heap        ] GC(84)  Metaspace       used 140755K, committed 142336K, reserved 1179648K
[2026-09-17T15:03:15.013+0000][4292.858s][debug][gc,heap        ] GC(84)   class space    used 18544K, committed 19392K, reserved 1048576K
[2026-09-17T15:03:15.013+0000][4292.858s][info ][gc             ] GC(84) Pause Young (Allocation Failure) 128M->60M(247M) 2.629ms
[2026-09-17T15:03:15.013+0000][4292.858s][info ][gc,cpu         ] GC(84) User=0.00s Sys=0.01s Real=0.00s
[2026-09-17T15:04:41.547+0000][4379.393s][info ][gc,start       ] GC(85) Pause Young (Allocation Failure)
[2026-09-17T15:04:41.548+0000][4379.393s][debug][gc,heap        ] GC(85) Heap before GC invocations=85 (full 5):
[2026-09-17T15:04:41.548+0000][4379.393s][debug][gc,heap        ] GC(85)  def new generation   total 78912K, used 71781K [0x00000000e7000000, 0x00000000ec5a0000, 0x00000000ef550000)
[2026-09-17T15:04:41.548+0000][4379.393s][debug][gc,heap        ] GC(85)   eden space 70144K, 100% used [0x00000000e7000000, 0x00000000eb480000, 0x00000000eb480000)
[2026-09-17T15:04:41.548+0000][4379.393s][debug][gc,heap        ] GC(85)   from space 8768K,  18% used [0x00000000ebd10000, 0x00000000ebea9650, 0x00000000ec5a0000)
[2026-09-17T15:04:41.548+0000][4379.393s][debug][gc,heap        ] GC(85)   to   space 8768K,   0% used [0x00000000eb480000, 0x00000000eb480000, 0x00000000ebd10000)
[2026-09-17T15:04:41.548+0000][4379.393s][debug][gc,heap        ] GC(85)  tenured generation   total 174784K, used 59981K [0x00000000ef550000, 0x00000000fa000000, 0x0000000100000000)
[2026-09-17T15:04:41.548+0000][4379.393s][debug][gc,heap        ] GC(85)    the space 174784K,  34% used [0x00000000ef550000, 0x00000000f2fe3500, 0x00000000f2fe3600, 0x00000000fa000000)
[2026-09-17T15:04:41.548+0000][4379.393s][debug][gc,heap        ] GC(85)  Metaspace       used 140756K, committed 142336K, reserved 1179648K
[2026-09-17T15:04:41.548+0000][4379.393s][debug][gc,heap        ] GC(85)   class space    used 18544K, committed 19392K, reserved 1048576K
[2026-09-17T15:04:41.550+0000][4379.395s][info ][gc,heap        ] GC(85) DefNew: 71781K(78912K)->748K(78912K) Eden: 70144K(70144K)->0K(70144K) From: 1637K(8768K)->748K(8768K)
[2026-09-17T15:04:41.550+0000][4379.395s][info ][gc,heap        ] GC(85) Tenured: 59981K(174784K)->60033K(174784K)
[2026-09-17T15:04:41.550+0000][4379.395s][info ][gc,metaspace   ] GC(85) Metaspace: 140756K(142336K)->140756K(142336K) NonClass: 122211K(122944K)->122211K(122944K) Class: 18544K(19392K)->18544K(19392K)
[2026-09-17T15:04:41.550+0000][4379.395s][debug][gc,heap        ] GC(85) Heap after GC invocations=86 (full 5):
[2026-09-17T15:04:41.550+0000][4379.395s][debug][gc,heap        ] GC(85)  def new generation   total 78912K, used 748K [0x00000000e7000000, 0x00000000ec5a0000, 0x00000000ef550000)
[2026-09-17T15:04:41.550+0000][4379.395s][debug][gc,heap        ] GC(85)   eden space 70144K,   0% used [0x00000000e7000000, 0x00000000e7000000, 0x00000000eb480000)
[2026-09-17T15:04:41.550+0000][4379.395s][debug][gc,heap        ] GC(85)   from space 8768K,   8% used [0x00000000eb480000, 0x00000000eb53b200, 0x00000000ebd10000)
[2026-09-17T15:04:41.550+0000][4379.395s][debug][gc,heap        ] GC(85)   to   space 8768K,   0% used [0x00000000ebd10000, 0x00000000ebd10000, 0x00000000ec5a0000)
[2026-09-17T15:04:41.550+0000][4379.395s][debug][gc,heap        ] GC(85)  tenured generation   total 174784K, used 60033K [0x00000000ef550000, 0x00000000fa000000, 0x0000000100000000)
[2026-09-17T15:04:41.550+0000][4379.395s][debug][gc,heap        ] GC(85)    the space 174784K,  34% used [0x00000000ef550000, 0x00000000f2ff0578, 0x00000000f2ff0600, 0x00000000fa000000)
[2026-09-17T15:04:41.550+0000][4379.395s][debug][gc,heap        ] GC(85)  Metaspace       used 140756K, committed 142336K, reserved 1179648K
[2026-09-17T15:04:41.550+0000][4379.395s][debug][gc,heap        ] GC(85)   class space    used 18544K, committed 19392K, reserved 1048576K
[2026-09-17T15:04:41.550+0000][4379.395s][info ][gc             ] GC(85) Pause Young (Allocation Failure) 128M->59M(247M) 2.456ms
[2026-09-17T15:04:41.550+0000][4379.395s][info ][gc,cpu         ] GC(85) User=0.00s Sys=0.00s Real=0.00s
[2026-09-17T15:06:12.684+0000][4470.530s][info ][gc,start       ] GC(86) Pause Young (Allocation Failure)
[2026-09-17T15:06:12.684+0000][4470.530s][debug][gc,heap        ] GC(86) Heap before GC invocations=86 (full 5):
[2026-09-17T15:06:12.684+0000][4470.530s][debug][gc,heap        ] GC(86)  def new generation   total 78912K, used 70892K [0x00000000e7000000, 0x00000000ec5a0000, 0x00000000ef550000)
[2026-09-17T15:06:12.684+0000][4470.530s][debug][gc,heap        ] GC(86)   eden space 70144K, 100% used [0x00000000e7000000, 0x00000000eb480000, 0x00000000eb480000)
[2026-09-17T15:06:12.684+0000][4470.530s][debug][gc,heap        ] GC(86)   from space 8768K,   8% used [0x00000000eb480000, 0x00000000eb53b200, 0x00000000ebd10000)
[2026-09-17T15:06:12.684+0000][4470.530s][debug][gc,heap        ] GC(86)   to   space 8768K,   0% used [0x00000000ebd10000, 0x00000000ebd10000, 0x00000000ec5a0000)
[2026-09-17T15:06:12.684+0000][4470.530s][debug][gc,heap        ] GC(86)  tenured generation   total 174784K, used 60033K [0x00000000ef550000, 0x00000000fa000000, 0x0000000100000000)
[2026-09-17T15:06:12.684+0000][4470.530s][debug][gc,heap        ] GC(86)    the space 174784K,  34% used [0x00000000ef550000, 0x00000000f2ff0578, 0x00000000f2ff0600, 0x00000000fa000000)
[2026-09-17T15:06:12.685+0000][4470.530s][debug][gc,heap        ] GC(86)  Metaspace       used 140756K, committed 142336K, reserved 1179648K
[2026-09-17T15:06:12.685+0000][4470.530s][debug][gc,heap        ] GC(86)   class space    used 18544K, committed 19392K, reserved 1048576K
[2026-09-17T15:06:12.687+0000][4470.532s][info ][gc,heap        ] GC(86) DefNew: 70892K(78912K)->1415K(78912K) Eden: 70144K(70144K)->0K(70144K) From: 748K(8768K)->1415K(8768K)
[2026-09-17T15:06:12.687+0000][4470.532s][info ][gc,heap        ] GC(86) Tenured: 60033K(174784K)->60114K(174784K)
[2026-09-17T15:06:12.687+0000][4470.532s][info ][gc,metaspace   ] GC(86) Metaspace: 140756K(142336K)->140756K(142336K) NonClass: 122211K(122944K)->122211K(122944K) Class: 18544K(19392K)->18544K(19392K)
[2026-09-17T15:06:12.687+0000][4470.532s][debug][gc,heap        ] GC(86) Heap after GC invocations=87 (full 5):
[2026-09-17T15:06:12.687+0000][4470.532s][debug][gc,heap        ] GC(86)  def new generation   total 78912K, used 1415K [0x00000000e7000000, 0x00000000ec5a0000, 0x00000000ef550000)
[2026-09-17T15:06:12.687+0000][4470.532s][debug][gc,heap        ] GC(86)   eden space 70144K,   0% used [0x00000000e7000000, 0x00000000e7000000, 0x00000000eb480000)
[2026-09-17T15:06:12.687+0000][4470.532s][debug][gc,heap        ] GC(86)   from space 8768K,  16% used [0x00000000ebd10000, 0x00000000ebe71d40, 0x00000000ec5a0000)
[2026-09-17T15:06:12.687+0000][4470.532s][debug][gc,heap        ] GC(86)   to   space 8768K,   0% used [0x00000000eb480000, 0x00000000eb480000, 0x00000000ebd10000)
[2026-09-17T15:06:12.687+0000][4470.532s][debug][gc,heap        ] GC(86)  tenured generation   total 174784K, used 60114K [0x00000000ef550000, 0x00000000fa000000, 0x0000000100000000)
[2026-09-17T15:06:12.687+0000][4470.532s][debug][gc,heap        ] GC(86)    the space 174784K,  34% used [0x00000000ef550000, 0x00000000f3004a00, 0x00000000f3004a00, 0x00000000fa000000)
[2026-09-17T15:06:12.687+0000][4470.532s][debug][gc,heap        ] GC(86)  Metaspace       used 140756K, committed 142336K, reserved 1179648K
[2026-09-17T15:06:12.687+0000][4470.532s][debug][gc,heap        ] GC(86)   class space    used 18544K, committed 19392K, reserved 1048576K
[2026-09-17T15:06:12.687+0000][4470.532s][info ][gc             ] GC(86) Pause Young (Allocation Failure) 127M->60M(247M) 2.645ms
[2026-09-17T15:06:12.687+0000][4470.532s][info ][gc,cpu         ] GC(86) User=0.01s Sys=0.00s Real=0.01s
[2026-09-17T15:07:39.524+0000][4557.369s][info ][gc,start       ] GC(87) Pause Young (Allocation Failure)
[2026-09-17T15:07:39.524+0000][4557.369s][debug][gc,heap        ] GC(87) Heap before GC invocations=87 (full 5):
[2026-09-17T15:07:39.524+0000][4557.369s][debug][gc,heap        ] GC(87)  def new generation   total 78912K, used 71559K [0x00000000e7000000, 0x00000000ec5a0000, 0x00000000ef550000)
[2026-09-17T15:07:39.524+0000][4557.369s][debug][gc,heap        ] GC(87)   eden space 70144K, 100% used [0x00000000e7000000, 0x00000000eb480000, 0x00000000eb480000)
[2026-09-17T15:07:39.524+0000][4557.369s][debug][gc,heap        ] GC(87)   from space 8768K,  16% used [0x00000000ebd10000, 0x00000000ebe71d40, 0x00000000ec5a0000)
[2026-09-17T15:07:39.524+0000][4557.369s][debug][gc,heap        ] GC(87)   to   space 8768K,   0% used [0x00000000eb480000, 0x00000000eb480000, 0x00000000ebd10000)
[2026-09-17T15:07:39.524+0000][4557.369s][debug][gc,heap        ] GC(87)  tenured generation   total 174784K, used 60114K [0x00000000ef550000, 0x00000000fa000000, 0x0000000100000000)
[2026-09-17T15:07:39.524+0000][4557.369s][debug][gc,heap        ] GC(87)    the space 174784K,  34% used [0x00000000ef550000, 0x00000000f3004a00, 0x00000000f3004a00, 0x00000000fa000000)
[2026-09-17T15:07:39.524+0000][4557.369s][debug][gc,heap        ] GC(87)  Metaspace       used 140773K, committed 142336K, reserved 1179648K
[2026-09-17T15:07:39.524+0000][4557.369s][debug][gc,heap        ] GC(87)   class space    used 18544K, committed 19392K, reserved 1048576K
[2026-09-17T15:07:39.526+0000][4557.371s][info ][gc,heap        ] GC(87) DefNew: 71559K(78912K)->693K(78912K) Eden: 70144K(70144K)->0K(70144K) From: 1415K(8768K)->693K(8768K)
[2026-09-17T15:07:39.526+0000][4557.371s][info ][gc,heap        ] GC(87) Tenured: 60114K(174784K)->60114K(174784K)
[2026-09-17T15:07:39.526+0000][4557.371s][info ][gc,metaspace   ] GC(87) Metaspace: 140773K(142336K)->140773K(142336K) NonClass: 122228K(122944K)->122228K(122944K) Class: 18544K(19392K)->18544K(19392K)
[2026-09-17T15:07:39.526+0000][4557.371s][debug][gc,heap        ] GC(87) Heap after GC invocations=88 (full 5):
[2026-09-17T15:07:39.526+0000][4557.371s][debug][gc,heap        ] GC(87)  def new generation   total 78912K, used 693K [0x00000000e7000000, 0x00000000ec5a0000, 0x00000000ef550000)
[2026-09-17T15:07:39.526+0000][4557.371s][debug][gc,heap        ] GC(87)   eden space 70144K,   0% used [0x00000000e7000000, 0x00000000e7000000, 0x00000000eb480000)
[2026-09-17T15:07:39.526+0000][4557.371s][debug][gc,heap        ] GC(87)   from space 8768K,   7% used [0x00000000eb480000, 0x00000000eb52d7d8, 0x00000000ebd10000)
[2026-09-17T15:07:39.526+0000][4557.371s][debug][gc,heap        ] GC(87)   to   space 8768K,   0% used [0x00000000ebd10000, 0x00000000ebd10000, 0x00000000ec5a0000)
[2026-09-17T15:07:39.526+0000][4557.371s][debug][gc,heap        ] GC(87)  tenured generation   total 174784K, used 60114K [0x00000000ef550000, 0x00000000fa000000, 0x0000000100000000)
[2026-09-17T15:07:39.526+0000][4557.371s][debug][gc,heap        ] GC(87)    the space 174784K,  34% used [0x00000000ef550000, 0x00000000f3004ba0, 0x00000000f3004c00, 0x00000000fa000000)
[2026-09-17T15:07:39.526+0000][4557.371s][debug][gc,heap        ] GC(87)  Metaspace       used 140773K, committed 142336K, reserved 1179648K
[2026-09-17T15:07:39.526+0000][4557.371s][debug][gc,heap        ] GC(87)   class space    used 18544K, committed 19392K, reserved 1048576K
[2026-09-17T15:07:39.526+0000][4557.371s][info ][gc             ] GC(87) Pause Young (Allocation Failure) 128M->59M(247M) 2.386ms
[2026-09-17T15:07:39.526+0000][4557.371s][info ][gc,cpu         ] GC(87) User=0.01s Sys=0.00s Real=0.01s
[2026-09-17T15:09:09.211+0000][4647.056s][info ][gc,start       ] GC(88) Pause Young (Allocation Failure)
[2026-09-17T15:09:09.211+0000][4647.056s][debug][gc,heap        ] GC(88) Heap before GC invocations=88 (full 5):
[2026-09-17T15:09:09.211+0000][4647.056s][debug][gc,heap        ] GC(88)  def new generation   total 78912K, used 70837K [0x00000000e7000000, 0x00000000ec5a0000, 0x00000000ef550000)
[2026-09-17T15:09:09.211+0000][4647.056s][debug][gc,heap        ] GC(88)   eden space 70144K,  99% used [0x00000000e7000000, 0x00000000eb47fff8, 0x00000000eb480000)
[2026-09-17T15:09:09.211+0000][4647.056s][debug][gc,heap        ] GC(88)   from space 8768K,   7% used [0x00000000eb480000, 0x00000000eb52d7d8, 0x00000000ebd10000)
[2026-09-17T15:09:09.211+0000][4647.056s][debug][gc,heap        ] GC(88)   to   space 8768K,   0% used [0x00000000ebd10000, 0x00000000ebd10000, 0x00000000ec5a0000)
[2026-09-17T15:09:09.211+0000][4647.056s][debug][gc,heap        ] GC(88)  tenured generation   total 174784K, used 60114K [0x00000000ef550000, 0x00000000fa000000, 0x0000000100000000)
[2026-09-17T15:09:09.211+0000][4647.057s][debug][gc,heap        ] GC(88)    the space 174784K,  34% used [0x00000000ef550000, 0x00000000f3004ba0, 0x00000000f3004c00, 0x00000000fa000000)
[2026-09-17T15:09:09.211+0000][4647.057s][debug][gc,heap        ] GC(88)  Metaspace       used 140773K, committed 142336K, reserved 1179648K
[2026-09-17T15:09:09.211+0000][4647.057s][debug][gc,heap        ] GC(88)   class space    used 18544K, committed 19392K, reserved 1048576K
[2026-09-17T15:09:09.214+0000][4647.059s][info ][gc,heap        ] GC(88) DefNew: 70837K(78912K)->632K(78912K) Eden: 70143K(70144K)->0K(70144K) From: 693K(8768K)->632K(8768K)
[2026-09-17T15:09:09.214+0000][4647.059s][info ][gc,heap        ] GC(88) Tenured: 60114K(174784K)->60271K(174784K)
[2026-09-17T15:09:09.214+0000][4647.059s][info ][gc,metaspace   ] GC(88) Metaspace: 140773K(142336K)->140773K(142336K) NonClass: 122228K(122944K)->122228K(122944K) Class: 18544K(19392K)->18544K(19392K)
[2026-09-17T15:09:09.214+0000][4647.059s][debug][gc,heap        ] GC(88) Heap after GC invocations=89 (full 5):
[2026-09-17T15:09:09.214+0000][4647.059s][debug][gc,heap        ] GC(88)  def new generation   total 78912K, used 632K [0x00000000e7000000, 0x00000000ec5a0000, 0x00000000ef550000)
[2026-09-17T15:09:09.214+0000][4647.059s][debug][gc,heap        ] GC(88)   eden space 70144K,   0% used [0x00000000e7000000, 0x00000000e7000000, 0x00000000eb480000)
[2026-09-17T15:09:09.214+0000][4647.059s][debug][gc,heap        ] GC(88)   from space 8768K,   7% used [0x00000000ebd10000, 0x00000000ebdae270, 0x00000000ec5a0000)
[2026-09-17T15:09:09.214+0000][4647.059s][debug][gc,heap        ] GC(88)   to   space 8768K,   0% used [0x00000000eb480000, 0x00000000eb480000, 0x00000000ebd10000)
[2026-09-17T15:09:09.214+0000][4647.059s][debug][gc,heap        ] GC(88)  tenured generation   total 174784K, used 60271K [0x00000000ef550000, 0x00000000fa000000, 0x0000000100000000)
[2026-09-17T15:09:09.214+0000][4647.059s][debug][gc,heap        ] GC(88)    the space 174784K,  34% used [0x00000000ef550000, 0x00000000f302bc58, 0x00000000f302be00, 0x00000000fa000000)
[2026-09-17T15:09:09.214+0000][4647.059s][debug][gc,heap        ] GC(88)  Metaspace       used 140773K, committed 142336K, reserved 1179648K
[2026-09-17T15:09:09.214+0000][4647.059s][debug][gc,heap        ] GC(88)   class space    used 18544K, committed 19392K, reserved 1048576K
[2026-09-17T15:09:09.214+0000][4647.059s][info ][gc             ] GC(88) Pause Young (Allocation Failure) 127M->59M(247M) 2.486ms
[2026-09-17T15:09:09.214+0000][4647.059s][info ][gc,cpu         ] GC(88) User=0.00s Sys=0.00s Real=0.00s
[2026-09-17T15:10:28.162+0000][4726.007s][info ][gc,start       ] GC(89) Pause Young (Allocation Failure)
[2026-09-17T15:10:28.162+0000][4726.007s][debug][gc,heap        ] GC(89) Heap before GC invocations=89 (full 5):
[2026-09-17T15:10:28.162+0000][4726.007s][debug][gc,heap        ] GC(89)  def new generation   total 78912K, used 70776K [0x00000000e7000000, 0x00000000ec5a0000, 0x00000000ef550000)
[2026-09-17T15:10:28.162+0000][4726.007s][debug][gc,heap        ] GC(89)   eden space 70144K, 100% used [0x00000000e7000000, 0x00000000eb480000, 0x00000000eb480000)
[2026-09-17T15:10:28.162+0000][4726.007s][debug][gc,heap        ] GC(89)   from space 8768K,   7% used [0x00000000ebd10000, 0x00000000ebdae270, 0x00000000ec5a0000)
[2026-09-17T15:10:28.162+0000][4726.007s][debug][gc,heap        ] GC(89)   to   space 8768K,   0% used [0x00000000eb480000, 0x00000000eb480000, 0x00000000ebd10000)
[2026-09-17T15:10:28.162+0000][4726.007s][debug][gc,heap        ] GC(89)  tenured generation   total 174784K, used 60271K [0x00000000ef550000, 0x00000000fa000000, 0x0000000100000000)
[2026-09-17T15:10:28.162+0000][4726.007s][debug][gc,heap        ] GC(89)    the space 174784K,  34% used [0x00000000ef550000, 0x00000000f302bc58, 0x00000000f302be00, 0x00000000fa000000)
[2026-09-17T15:10:28.162+0000][4726.007s][debug][gc,heap        ] GC(89)  Metaspace       used 141225K, committed 142528K, reserved 1179648K
[2026-09-17T15:10:28.162+0000][4726.007s][debug][gc,heap        ] GC(89)   class space    used 18619K, committed 19456K, reserved 1048576K
[2026-09-17T15:10:28.166+0000][4726.011s][info ][gc,heap        ] GC(89) DefNew: 70776K(78912K)->776K(78912K) Eden: 70144K(70144K)->0K(70144K) From: 632K(8768K)->776K(8768K)
[2026-09-17T15:10:28.166+0000][4726.011s][info ][gc,heap        ] GC(89) Tenured: 60271K(174784K)->60370K(174784K)
[2026-09-17T15:10:28.166+0000][4726.011s][info ][gc,metaspace   ] GC(89) Metaspace: 141225K(142528K)->141225K(142528K) NonClass: 122605K(123072K)->122605K(123072K) Class: 18619K(19456K)->18619K(19456K)
[2026-09-17T15:10:28.166+0000][4726.011s][debug][gc,heap        ] GC(89) Heap after GC invocations=90 (full 5):
[2026-09-17T15:10:28.166+0000][4726.011s][debug][gc,heap        ] GC(89)  def new generation   total 78912K, used 776K [0x00000000e7000000, 0x00000000ec5a0000, 0x00000000ef550000)
[2026-09-17T15:10:28.166+0000][4726.011s][debug][gc,heap        ] GC(89)   eden space 70144K,   0% used [0x00000000e7000000, 0x00000000e7000000, 0x00000000eb480000)
[2026-09-17T15:10:28.166+0000][4726.011s][debug][gc,heap        ] GC(89)   from space 8768K,   8% used [0x00000000eb480000, 0x00000000eb542368, 0x00000000ebd10000)
[2026-09-17T15:10:28.166+0000][4726.011s][debug][gc,heap        ] GC(89)   to   space 8768K,   0% used [0x00000000ebd10000, 0x00000000ebd10000, 0x00000000ec5a0000)
[2026-09-17T15:10:28.166+0000][4726.011s][debug][gc,heap        ] GC(89)  tenured generation   total 174784K, used 60370K [0x00000000ef550000, 0x00000000fa000000, 0x0000000100000000)
[2026-09-17T15:10:28.166+0000][4726.011s][debug][gc,heap        ] GC(89)    the space 174784K,  34% used [0x00000000ef550000, 0x00000000f3044a68, 0x00000000f3044c00, 0x00000000fa000000)
[2026-09-17T15:10:28.166+0000][4726.011s][debug][gc,heap        ] GC(89)  Metaspace       used 141225K, committed 142528K, reserved 1179648K
[2026-09-17T15:10:28.166+0000][4726.011s][debug][gc,heap        ] GC(89)   class space    used 18619K, committed 19456K, reserved 1048576K
[2026-09-17T15:10:28.166+0000][4726.011s][info ][gc             ] GC(89) Pause Young (Allocation Failure) 127M->59M(247M) 3.407ms
[2026-09-17T15:10:28.166+0000][4726.011s][info ][gc,cpu         ] GC(89) User=0.00s Sys=0.00s Real=0.01s
[2026-09-17T15:11:54.489+0000][4812.334s][info ][gc,start       ] GC(90) Pause Young (Allocation Failure)
[2026-09-17T15:11:54.489+0000][4812.334s][debug][gc,heap        ] GC(90) Heap before GC invocations=90 (full 5):
[2026-09-17T15:11:54.489+0000][4812.334s][debug][gc,heap        ] GC(90)  def new generation   total 78912K, used 70920K [0x00000000e7000000, 0x00000000ec5a0000, 0x00000000ef550000)
[2026-09-17T15:11:54.489+0000][4812.334s][debug][gc,heap        ] GC(90)   eden space 70144K, 100% used [0x00000000e7000000, 0x00000000eb480000, 0x00000000eb480000)
[2026-09-17T15:11:54.489+0000][4812.334s][debug][gc,heap        ] GC(90)   from space 8768K,   8% used [0x00000000eb480000, 0x00000000eb542368, 0x00000000ebd10000)
[2026-09-17T15:11:54.489+0000][4812.334s][debug][gc,heap        ] GC(90)   to   space 8768K,   0% used [0x00000000ebd10000, 0x00000000ebd10000, 0x00000000ec5a0000)
[2026-09-17T15:11:54.489+0000][4812.334s][debug][gc,heap        ] GC(90)  tenured generation   total 174784K, used 60370K [0x00000000ef550000, 0x00000000fa000000, 0x0000000100000000)
[2026-09-17T15:11:54.489+0000][4812.334s][debug][gc,heap        ] GC(90)    the space 174784K,  34% used [0x00000000ef550000, 0x00000000f3044a68, 0x00000000f3044c00, 0x00000000fa000000)
[2026-09-17T15:11:54.489+0000][4812.334s][debug][gc,heap        ] GC(90)  Metaspace       used 141230K, committed 142528K, reserved 1179648K
[2026-09-17T15:11:54.489+0000][4812.334s][debug][gc,heap        ] GC(90)   class space    used 18619K, committed 19456K, reserved 1048576K
[2026-09-17T15:11:54.492+0000][4812.337s][info ][gc,heap        ] GC(90) DefNew: 70920K(78912K)->889K(78912K) Eden: 70144K(70144K)->0K(70144K) From: 776K(8768K)->889K(8768K)
[2026-09-17T15:11:54.492+0000][4812.337s][info ][gc,heap        ] GC(90) Tenured: 60370K(174784K)->60422K(174784K)
[2026-09-17T15:11:54.492+0000][4812.337s][info ][gc,metaspace   ] GC(90) Metaspace: 141230K(142528K)->141230K(142528K) NonClass: 122611K(123072K)->122611K(123072K) Class: 18619K(19456K)->18619K(19456K)
[2026-09-17T15:11:54.492+0000][4812.337s][debug][gc,heap        ] GC(90) Heap after GC invocations=91 (full 5):
[2026-09-17T15:11:54.492+0000][4812.337s][debug][gc,heap        ] GC(90)  def new generation   total 78912K, used 889K [0x00000000e7000000, 0x00000000ec5a0000, 0x00000000ef550000)
[2026-09-17T15:11:54.492+0000][4812.337s][debug][gc,heap        ] GC(90)   eden space 70144K,   0% used [0x00000000e7000000, 0x00000000e7000000, 0x00000000eb480000)
[2026-09-17T15:11:54.492+0000][4812.337s][debug][gc,heap        ] GC(90)   from space 8768K,  10% used [0x00000000ebd10000, 0x00000000ebdee4e8, 0x00000000ec5a0000)
[2026-09-17T15:11:54.492+0000][4812.337s][debug][gc,heap        ] GC(90)   to   space 8768K,   0% used [0x00000000eb480000, 0x00000000eb480000, 0x00000000ebd10000)
[2026-09-17T15:11:54.492+0000][4812.337s][debug][gc,heap        ] GC(90)  tenured generation   total 174784K, used 60422K [0x00000000ef550000, 0x00000000fa000000, 0x0000000100000000)
[2026-09-17T15:11:54.492+0000][4812.337s][debug][gc,heap        ] GC(90)    the space 174784K,  34% used [0x00000000ef550000, 0x00000000f30518a0, 0x00000000f3051a00, 0x00000000fa000000)
[2026-09-17T15:11:54.492+0000][4812.337s][debug][gc,heap        ] GC(90)  Metaspace       used 141230K, committed 142528K, reserved 1179648K
[2026-09-17T15:11:54.492+0000][4812.337s][debug][gc,heap        ] GC(90)   class space    used 18619K, committed 19456K, reserved 1048576K
[2026-09-17T15:11:54.492+0000][4812.337s][info ][gc             ] GC(90) Pause Young (Allocation Failure) 128M->59M(247M) 3.158ms
[2026-09-17T15:11:54.492+0000][4812.337s][info ][gc,cpu         ] GC(90) User=0.00s Sys=0.00s Real=0.00s
[2026-09-17T15:13:27.334+0000][4905.179s][info ][gc,start       ] GC(91) Pause Young (Allocation Failure)
[2026-09-17T15:13:27.334+0000][4905.179s][debug][gc,heap        ] GC(91) Heap before GC invocations=91 (full 5):
[2026-09-17T15:13:27.334+0000][4905.179s][debug][gc,heap        ] GC(91)  def new generation   total 78912K, used 71033K [0x00000000e7000000, 0x00000000ec5a0000, 0x00000000ef550000)
[2026-09-17T15:13:27.334+0000][4905.179s][debug][gc,heap        ] GC(91)   eden space 70144K, 100% used [0x00000000e7000000, 0x00000000eb480000, 0x00000000eb480000)
[2026-09-17T15:13:27.334+0000][4905.179s][debug][gc,heap        ] GC(91)   from space 8768K,  10% used [0x00000000ebd10000, 0x00000000ebdee4e8, 0x00000000ec5a0000)
[2026-09-17T15:13:27.334+0000][4905.179s][debug][gc,heap        ] GC(91)   to   space 8768K,   0% used [0x00000000eb480000, 0x00000000eb480000, 0x00000000ebd10000)
[2026-09-17T15:13:27.334+0000][4905.179s][debug][gc,heap        ] GC(91)  tenured generation   total 174784K, used 60422K [0x00000000ef550000, 0x00000000fa000000, 0x0000000100000000)
[2026-09-17T15:13:27.334+0000][4905.179s][debug][gc,heap        ] GC(91)    the space 174784K,  34% used [0x00000000ef550000, 0x00000000f30518a0, 0x00000000f3051a00, 0x00000000fa000000)
[2026-09-17T15:13:27.334+0000][4905.179s][debug][gc,heap        ] GC(91)  Metaspace       used 141234K, committed 142528K, reserved 1179648K
[2026-09-17T15:13:27.334+0000][4905.179s][debug][gc,heap        ] GC(91)   class space    used 18619K, committed 19456K, reserved 1048576K
[2026-09-17T15:13:27.337+0000][4905.182s][info ][gc,heap        ] GC(91) DefNew: 71033K(78912K)->941K(78912K) Eden: 70144K(70144K)->0K(70144K) From: 889K(8768K)->941K(8768K)
[2026-09-17T15:13:27.337+0000][4905.182s][info ][gc,heap        ] GC(91) Tenured: 60422K(174784K)->60426K(174784K)
[2026-09-17T15:13:27.337+0000][4905.182s][info ][gc,metaspace   ] GC(91) Metaspace: 141234K(142528K)->141234K(142528K) NonClass: 122615K(123072K)->122615K(123072K) Class: 18619K(19456K)->18619K(19456K)
[2026-09-17T15:13:27.337+0000][4905.182s][debug][gc,heap        ] GC(91) Heap after GC invocations=92 (full 5):
[2026-09-17T15:13:27.337+0000][4905.182s][debug][gc,heap        ] GC(91)  def new generation   total 78912K, used 941K [0x00000000e7000000, 0x00000000ec5a0000, 0x00000000ef550000)
[2026-09-17T15:13:27.337+0000][4905.182s][debug][gc,heap        ] GC(91)   eden space 70144K,   0% used [0x00000000e7000000, 0x00000000e7000000, 0x00000000eb480000)
[2026-09-17T15:13:27.337+0000][4905.182s][debug][gc,heap        ] GC(91)   from space 8768K,  10% used [0x00000000eb480000, 0x00000000eb56b640, 0x00000000ebd10000)
[2026-09-17T15:13:27.337+0000][4905.182s][debug][gc,heap        ] GC(91)   to   space 8768K,   0% used [0x00000000ebd10000, 0x00000000ebd10000, 0x00000000ec5a0000)
[2026-09-17T15:13:27.337+0000][4905.182s][debug][gc,heap        ] GC(91)  tenured generation   total 174784K, used 60426K [0x00000000ef550000, 0x00000000fa000000, 0x0000000100000000)
[2026-09-17T15:13:27.337+0000][4905.182s][debug][gc,heap        ] GC(91)    the space 174784K,  34% used [0x00000000ef550000, 0x00000000f3052ac0, 0x00000000f3052c00, 0x00000000fa000000)
[2026-09-17T15:13:27.337+0000][4905.182s][debug][gc,heap        ] GC(91)  Metaspace       used 141234K, committed 142528K, reserved 1179648K
[2026-09-17T15:13:27.337+0000][4905.182s][debug][gc,heap        ] GC(91)   class space    used 18619K, committed 19456K, reserved 1048576K
[2026-09-17T15:13:27.337+0000][4905.182s][info ][gc             ] GC(91) Pause Young (Allocation Failure) 128M->59M(247M) 3.269ms
[2026-09-17T15:13:27.337+0000][4905.182s][info ][gc,cpu         ] GC(91) User=0.01s Sys=0.00s Real=0.01s
[2026-09-17T15:14:56.717+0000][4994.562s][info ][gc,start       ] GC(92) Pause Young (Allocation Failure)
[2026-09-17T15:14:56.717+0000][4994.562s][debug][gc,heap        ] GC(92) Heap before GC invocations=92 (full 5):
[2026-09-17T15:14:56.717+0000][4994.562s][debug][gc,heap        ] GC(92)  def new generation   total 78912K, used 71085K [0x00000000e7000000, 0x00000000ec5a0000, 0x00000000ef550000)
[2026-09-17T15:14:56.717+0000][4994.562s][debug][gc,heap        ] GC(92)   eden space 70144K, 100% used [0x00000000e7000000, 0x00000000eb480000, 0x00000000eb480000)
[2026-09-17T15:14:56.717+0000][4994.562s][debug][gc,heap        ] GC(92)   from space 8768K,  10% used [0x00000000eb480000, 0x00000000eb56b640, 0x00000000ebd10000)
[2026-09-17T15:14:56.717+0000][4994.562s][debug][gc,heap        ] GC(92)   to   space 8768K,   0% used [0x00000000ebd10000, 0x00000000ebd10000, 0x00000000ec5a0000)
[2026-09-17T15:14:56.717+0000][4994.562s][debug][gc,heap        ] GC(92)  tenured generation   total 174784K, used 60426K [0x00000000ef550000, 0x00000000fa000000, 0x0000000100000000)
[2026-09-17T15:14:56.717+0000][4994.562s][debug][gc,heap        ] GC(92)    the space 174784K,  34% used [0x00000000ef550000, 0x00000000f3052ac0, 0x00000000f3052c00, 0x00000000fa000000)
[2026-09-17T15:14:56.717+0000][4994.562s][debug][gc,heap        ] GC(92)  Metaspace       used 141236K, committed 142528K, reserved 1179648K
[2026-09-17T15:14:56.717+0000][4994.562s][debug][gc,heap        ] GC(92)   class space    used 18619K, committed 19456K, reserved 1048576K
[2026-09-17T15:14:56.720+0000][4994.565s][info ][gc,heap        ] GC(92) DefNew: 71085K(78912K)->1199K(78912K) Eden: 70144K(70144K)->0K(70144K) From: 941K(8768K)->1199K(8768K)
[2026-09-17T15:14:56.720+0000][4994.565s][info ][gc,heap        ] GC(92) Tenured: 60426K(174784K)->60459K(174784K)
[2026-09-17T15:14:56.720+0000][4994.565s][info ][gc,metaspace   ] GC(92) Metaspace: 141236K(142528K)->141236K(142528K) NonClass: 122617K(123072K)->122617K(123072K) Class: 18619K(19456K)->18619K(19456K)
[2026-09-17T15:14:56.720+0000][4994.565s][debug][gc,heap        ] GC(92) Heap after GC invocations=93 (full 5):
[2026-09-17T15:14:56.720+0000][4994.565s][debug][gc,heap        ] GC(92)  def new generation   total 78912K, used 1199K [0x00000000e7000000, 0x00000000ec5a0000, 0x00000000ef550000)
[2026-09-17T15:14:56.720+0000][4994.565s][debug][gc,heap        ] GC(92)   eden space 70144K,   0% used [0x00000000e7000000, 0x00000000e7000000, 0x00000000eb480000)
[2026-09-17T15:14:56.720+0000][4994.565s][debug][gc,heap        ] GC(92)   from space 8768K,  13% used [0x00000000ebd10000, 0x00000000ebe3beb0, 0x00000000ec5a0000)
[2026-09-17T15:14:56.720+0000][4994.565s][debug][gc,heap        ] GC(92)   to   space 8768K,   0% used [0x00000000eb480000, 0x00000000eb480000, 0x00000000ebd10000)
[2026-09-17T15:14:56.720+0000][4994.565s][debug][gc,heap        ] GC(92)  tenured generation   total 174784K, used 60459K [0x00000000ef550000, 0x00000000fa000000, 0x0000000100000000)
[2026-09-17T15:14:56.720+0000][4994.565s][debug][gc,heap        ] GC(92)    the space 174784K,  34% used [0x00000000ef550000, 0x00000000f305ade8, 0x00000000f305ae00, 0x00000000fa000000)
[2026-09-17T15:14:56.720+0000][4994.565s][debug][gc,heap        ] GC(92)  Metaspace       used 141236K, committed 142528K, reserved 1179648K
[2026-09-17T15:14:56.720+0000][4994.565s][debug][gc,heap        ] GC(92)   class space    used 18619K, committed 19456K, reserved 1048576K
[2026-09-17T15:14:56.720+0000][4994.565s][info ][gc             ] GC(92) Pause Young (Allocation Failure) 128M->60M(247M) 3.282ms
[2026-09-17T15:14:56.720+0000][4994.565s][info ][gc,cpu         ] GC(92) User=0.01s Sys=0.00s Real=0.00s
[2026-09-17T15:16:27.591+0000][5085.436s][info ][gc,start       ] GC(93) Pause Young (Allocation Failure)
[2026-09-17T15:16:27.591+0000][5085.436s][debug][gc,heap        ] GC(93) Heap before GC invocations=93 (full 5):
[2026-09-17T15:16:27.591+0000][5085.436s][debug][gc,heap        ] GC(93)  def new generation   total 78912K, used 71343K [0x00000000e7000000, 0x00000000ec5a0000, 0x00000000ef550000)
[2026-09-17T15:16:27.591+0000][5085.436s][debug][gc,heap        ] GC(93)   eden space 70144K, 100% used [0x00000000e7000000, 0x00000000eb480000, 0x00000000eb480000)
[2026-09-17T15:16:27.591+0000][5085.436s][debug][gc,heap        ] GC(93)   from space 8768K,  13% used [0x00000000ebd10000, 0x00000000ebe3beb0, 0x00000000ec5a0000)
[2026-09-17T15:16:27.591+0000][5085.436s][debug][gc,heap        ] GC(93)   to   space 8768K,   0% used [0x00000000eb480000, 0x00000000eb480000, 0x00000000ebd10000)
[2026-09-17T15:16:27.591+0000][5085.436s][debug][gc,heap        ] GC(93)  tenured generation   total 174784K, used 60459K [0x00000000ef550000, 0x00000000fa000000, 0x0000000100000000)
[2026-09-17T15:16:27.591+0000][5085.436s][debug][gc,heap        ] GC(93)    the space 174784K,  34% used [0x00000000ef550000, 0x00000000f305ade8, 0x00000000f305ae00, 0x00000000fa000000)
[2026-09-17T15:16:27.591+0000][5085.436s][debug][gc,heap        ] GC(93)  Metaspace       used 141239K, committed 142528K, reserved 1179648K
[2026-09-17T15:16:27.591+0000][5085.436s][debug][gc,heap        ] GC(93)   class space    used 18619K, committed 19456K, reserved 1048576K
[2026-09-17T15:16:27.594+0000][5085.439s][info ][gc,heap        ] GC(93) DefNew: 71343K(78912K)->1116K(78912K) Eden: 70144K(70144K)->0K(70144K) From: 1199K(8768K)->1116K(8768K)
[2026-09-17T15:16:27.594+0000][5085.439s][info ][gc,heap        ] GC(93) Tenured: 60459K(174784K)->60459K(174784K)
[2026-09-17T15:16:27.594+0000][5085.439s][info ][gc,metaspace   ] GC(93) Metaspace: 141239K(142528K)->141239K(142528K) NonClass: 122620K(123072K)->122620K(123072K) Class: 18619K(19456K)->18619K(19456K)
[2026-09-17T15:16:27.594+0000][5085.439s][debug][gc,heap        ] GC(93) Heap after GC invocations=94 (full 5):
[2026-09-17T15:16:27.594+0000][5085.439s][debug][gc,heap        ] GC(93)  def new generation   total 78912K, used 1116K [0x00000000e7000000, 0x00000000ec5a0000, 0x00000000ef550000)
[2026-09-17T15:16:27.594+0000][5085.439s][debug][gc,heap        ] GC(93)   eden space 70144K,   0% used [0x00000000e7000000, 0x00000000e7000000, 0x00000000eb480000)
[2026-09-17T15:16:27.594+0000][5085.439s][debug][gc,heap        ] GC(93)   from space 8768K,  12% used [0x00000000eb480000, 0x00000000eb5973d8, 0x00000000ebd10000)
[2026-09-17T15:16:27.594+0000][5085.439s][debug][gc,heap        ] GC(93)   to   space 8768K,   0% used [0x00000000ebd10000, 0x00000000ebd10000, 0x00000000ec5a0000)
[2026-09-17T15:16:27.594+0000][5085.439s][debug][gc,heap        ] GC(93)  tenured generation   total 174784K, used 60459K [0x00000000ef550000, 0x00000000fa000000, 0x0000000100000000)
[2026-09-17T15:16:27.594+0000][5085.439s][debug][gc,heap        ] GC(93)    the space 174784K,  34% used [0x00000000ef550000, 0x00000000f305afb8, 0x00000000f305b000, 0x00000000fa000000)
[2026-09-17T15:16:27.594+0000][5085.439s][debug][gc,heap        ] GC(93)  Metaspace       used 141239K, committed 142528K, reserved 1179648K
[2026-09-17T15:16:27.594+0000][5085.439s][debug][gc,heap        ] GC(93)   class space    used 18619K, committed 19456K, reserved 1048576K
[2026-09-17T15:16:27.594+0000][5085.439s][info ][gc             ] GC(93) Pause Young (Allocation Failure) 128M->60M(247M) 3.280ms
[2026-09-17T15:16:27.594+0000][5085.439s][info ][gc,cpu         ] GC(93) User=0.00s Sys=0.00s Real=0.00s
[2026-09-17T15:17:54.957+0000][5172.802s][info ][gc,start       ] GC(94) Pause Young (Allocation Failure)
[2026-09-17T15:17:54.957+0000][5172.802s][debug][gc,heap        ] GC(94) Heap before GC invocations=94 (full 5):
[2026-09-17T15:17:54.957+0000][5172.803s][debug][gc,heap        ] GC(94)  def new generation   total 78912K, used 71260K [0x00000000e7000000, 0x00000000ec5a0000, 0x00000000ef550000)
[2026-09-17T15:17:54.957+0000][5172.803s][debug][gc,heap        ] GC(94)   eden space 70144K, 100% used [0x00000000e7000000, 0x00000000eb480000, 0x00000000eb480000)
[2026-09-17T15:17:54.957+0000][5172.803s][debug][gc,heap        ] GC(94)   from space 8768K,  12% used [0x00000000eb480000, 0x00000000eb5973d8, 0x00000000ebd10000)
[2026-09-17T15:17:54.957+0000][5172.803s][debug][gc,heap        ] GC(94)   to   space 8768K,   0% used [0x00000000ebd10000, 0x00000000ebd10000, 0x00000000ec5a0000)
[2026-09-17T15:17:54.957+0000][5172.803s][debug][gc,heap        ] GC(94)  tenured generation   total 174784K, used 60459K [0x00000000ef550000, 0x00000000fa000000, 0x0000000100000000)
[2026-09-17T15:17:54.957+0000][5172.803s][debug][gc,heap        ] GC(94)    the space 174784K,  34% used [0x00000000ef550000, 0x00000000f305afb8, 0x00000000f305b000, 0x00000000fa000000)
[2026-09-17T15:17:54.957+0000][5172.803s][debug][gc,heap        ] GC(94)  Metaspace       used 141308K, committed 142592K, reserved 1179648K
[2026-09-17T15:17:54.957+0000][5172.803s][debug][gc,heap        ] GC(94)   class space    used 18619K, committed 19456K, reserved 1048576K
[2026-09-17T15:17:54.961+0000][5172.806s][info ][gc,heap        ] GC(94) DefNew: 71260K(78912K)->1149K(78912K) Eden: 70144K(70144K)->0K(70144K) From: 1116K(8768K)->1149K(8768K)
[2026-09-17T15:17:54.961+0000][5172.806s][info ][gc,heap        ] GC(94) Tenured: 60459K(174784K)->60460K(174784K)
[2026-09-17T15:17:54.961+0000][5172.806s][info ][gc,metaspace   ] GC(94) Metaspace: 141308K(142592K)->141308K(142592K) NonClass: 122689K(123136K)->122689K(123136K) Class: 18619K(19456K)->18619K(19456K)
[2026-09-17T15:17:54.961+0000][5172.806s][debug][gc,heap        ] GC(94) Heap after GC invocations=95 (full 5):
[2026-09-17T15:17:54.961+0000][5172.806s][debug][gc,heap        ] GC(94)  def new generation   total 78912K, used 1149K [0x00000000e7000000, 0x00000000ec5a0000, 0x00000000ef550000)
[2026-09-17T15:17:54.961+0000][5172.806s][debug][gc,heap        ] GC(94)   eden space 70144K,   0% used [0x00000000e7000000, 0x00000000e7000000, 0x00000000eb480000)
[2026-09-17T15:17:54.961+0000][5172.806s][debug][gc,heap        ] GC(94)   from space 8768K,  13% used [0x00000000ebd10000, 0x00000000ebe2f618, 0x00000000ec5a0000)
[2026-09-17T15:17:54.961+0000][5172.806s][debug][gc,heap        ] GC(94)   to   space 8768K,   0% used [0x00000000eb480000, 0x00000000eb480000, 0x00000000ebd10000)
[2026-09-17T15:17:54.961+0000][5172.806s][debug][gc,heap        ] GC(94)  tenured generation   total 174784K, used 60460K [0x00000000ef550000, 0x00000000fa000000, 0x0000000100000000)
[2026-09-17T15:17:54.961+0000][5172.806s][debug][gc,heap        ] GC(94)    the space 174784K,  34% used [0x00000000ef550000, 0x00000000f305b268, 0x00000000f305b400, 0x00000000fa000000)
[2026-09-17T15:17:54.961+0000][5172.806s][debug][gc,heap        ] GC(94)  Metaspace       used 141308K, committed 142592K, reserved 1179648K
[2026-09-17T15:17:54.961+0000][5172.806s][debug][gc,heap        ] GC(94)   class space    used 18619K, committed 19456K, reserved 1048576K
[2026-09-17T15:17:54.961+0000][5172.806s][info ][gc             ] GC(94) Pause Young (Allocation Failure) 128M->60M(247M) 3.238ms
[2026-09-17T15:17:54.961+0000][5172.806s][info ][gc,cpu         ] GC(94) User=0.00s Sys=0.00s Real=0.00s
[2026-09-17T15:19:28.063+0000][5265.908s][info ][gc,start       ] GC(95) Pause Young (Allocation Failure)
[2026-09-17T15:19:28.063+0000][5265.908s][debug][gc,heap        ] GC(95) Heap before GC invocations=95 (full 5):
[2026-09-17T15:19:28.063+0000][5265.908s][debug][gc,heap        ] GC(95)  def new generation   total 78912K, used 71293K [0x00000000e7000000, 0x00000000ec5a0000, 0x00000000ef550000)
[2026-09-17T15:19:28.063+0000][5265.908s][debug][gc,heap        ] GC(95)   eden space 70144K, 100% used [0x00000000e7000000, 0x00000000eb480000, 0x00000000eb480000)
[2026-09-17T15:19:28.063+0000][5265.908s][debug][gc,heap        ] GC(95)   from space 8768K,  13% used [0x00000000ebd10000, 0x00000000ebe2f618, 0x00000000ec5a0000)
[2026-09-17T15:19:28.063+0000][5265.908s][debug][gc,heap        ] GC(95)   to   space 8768K,   0% used [0x00000000eb480000, 0x00000000eb480000, 0x00000000ebd10000)
[2026-09-17T15:19:28.063+0000][5265.908s][debug][gc,heap        ] GC(95)  tenured generation   total 174784K, used 60460K [0x00000000ef550000, 0x00000000fa000000, 0x0000000100000000)
[2026-09-17T15:19:28.063+0000][5265.908s][debug][gc,heap        ] GC(95)    the space 174784K,  34% used [0x00000000ef550000, 0x00000000f305b268, 0x00000000f305b400, 0x00000000fa000000)
[2026-09-17T15:19:28.063+0000][5265.908s][debug][gc,heap        ] GC(95)  Metaspace       used 141953K, committed 143232K, reserved 1179648K
[2026-09-17T15:19:28.063+0000][5265.908s][debug][gc,heap        ] GC(95)   class space    used 18619K, committed 19456K, reserved 1048576K
[2026-09-17T15:19:28.066+0000][5265.911s][info ][gc,heap        ] GC(95) DefNew: 71293K(78912K)->1512K(78912K) Eden: 70144K(70144K)->0K(70144K) From: 1149K(8768K)->1512K(8768K)
[2026-09-17T15:19:28.066+0000][5265.911s][info ][gc,heap        ] GC(95) Tenured: 60460K(174784K)->60464K(174784K)
[2026-09-17T15:19:28.066+0000][5265.911s][info ][gc,metaspace   ] GC(95) Metaspace: 141953K(143232K)->141953K(143232K) NonClass: 123334K(123776K)->123334K(123776K) Class: 18619K(19456K)->18619K(19456K)
[2026-09-17T15:19:28.066+0000][5265.911s][debug][gc,heap        ] GC(95) Heap after GC invocations=96 (full 5):
[2026-09-17T15:19:28.066+0000][5265.911s][debug][gc,heap        ] GC(95)  def new generation   total 78912K, used 1512K [0x00000000e7000000, 0x00000000ec5a0000, 0x00000000ef550000)
[2026-09-17T15:19:28.066+0000][5265.911s][debug][gc,heap        ] GC(95)   eden space 70144K,   0% used [0x00000000e7000000, 0x00000000e7000000, 0x00000000eb480000)
[2026-09-17T15:19:28.066+0000][5265.911s][debug][gc,heap        ] GC(95)   from space 8768K,  17% used [0x00000000eb480000, 0x00000000eb5fa2c8, 0x00000000ebd10000)
[2026-09-17T15:19:28.066+0000][5265.911s][debug][gc,heap        ] GC(95)   to   space 8768K,   0% used [0x00000000ebd10000, 0x00000000ebd10000, 0x00000000ec5a0000)
[2026-09-17T15:19:28.066+0000][5265.911s][debug][gc,heap        ] GC(95)  tenured generation   total 174784K, used 60464K [0x00000000ef550000, 0x00000000fa000000, 0x0000000100000000)
[2026-09-17T15:19:28.066+0000][5265.911s][debug][gc,heap        ] GC(95)    the space 174784K,  34% used [0x00000000ef550000, 0x00000000f305c058, 0x00000000f305c200, 0x00000000fa000000)
[2026-09-17T15:19:28.066+0000][5265.911s][debug][gc,heap        ] GC(95)  Metaspace       used 141953K, committed 143232K, reserved 1179648K
[2026-09-17T15:19:28.066+0000][5265.911s][debug][gc,heap        ] GC(95)   class space    used 18619K, committed 19456K, reserved 1048576K
[2026-09-17T15:19:28.066+0000][5265.911s][info ][gc             ] GC(95) Pause Young (Allocation Failure) 128M->60M(247M) 3.255ms
[2026-09-17T15:19:28.066+0000][5265.911s][info ][gc,cpu         ] GC(95) User=0.00s Sys=0.00s Real=0.01s
[2026-09-17T15:20:54.169+0000][5352.014s][info ][gc,start       ] GC(96) Pause Young (Allocation Failure)
[2026-09-17T15:20:54.169+0000][5352.014s][debug][gc,heap        ] GC(96) Heap before GC invocations=96 (full 5):
[2026-09-17T15:20:54.169+0000][5352.014s][debug][gc,heap        ] GC(96)  def new generation   total 78912K, used 71656K [0x00000000e7000000, 0x00000000ec5a0000, 0x00000000ef550000)
[2026-09-17T15:20:54.169+0000][5352.014s][debug][gc,heap        ] GC(96)   eden space 70144K, 100% used [0x00000000e7000000, 0x00000000eb480000, 0x00000000eb480000)
[2026-09-17T15:20:54.169+0000][5352.014s][debug][gc,heap        ] GC(96)   from space 8768K,  17% used [0x00000000eb480000, 0x00000000eb5fa2c8, 0x00000000ebd10000)
[2026-09-17T15:20:54.169+0000][5352.014s][debug][gc,heap        ] GC(96)   to   space 8768K,   0% used [0x00000000ebd10000, 0x00000000ebd10000, 0x00000000ec5a0000)
[2026-09-17T15:20:54.169+0000][5352.014s][debug][gc,heap        ] GC(96)  tenured generation   total 174784K, used 60464K [0x00000000ef550000, 0x00000000fa000000, 0x0000000100000000)
[2026-09-17T15:20:54.169+0000][5352.014s][debug][gc,heap        ] GC(96)    the space 174784K,  34% used [0x00000000ef550000, 0x00000000f305c058, 0x00000000f305c200, 0x00000000fa000000)
[2026-09-17T15:20:54.169+0000][5352.014s][debug][gc,heap        ] GC(96)  Metaspace       used 141954K, committed 143232K, reserved 1179648K
[2026-09-17T15:20:54.169+0000][5352.014s][debug][gc,heap        ] GC(96)   class space    used 18619K, committed 19456K, reserved 1048576K
[2026-09-17T15:20:54.171+0000][5352.016s][info ][gc,heap        ] GC(96) DefNew: 71656K(78912K)->877K(78912K) Eden: 70144K(70144K)->0K(70144K) From: 1512K(8768K)->877K(8768K)
[2026-09-17T15:20:54.171+0000][5352.016s][info ][gc,heap        ] GC(96) Tenured: 60464K(174784K)->60464K(174784K)
[2026-09-17T15:20:54.171+0000][5352.016s][info ][gc,metaspace   ] GC(96) Metaspace: 141954K(143232K)->141954K(143232K) NonClass: 123335K(123776K)->123335K(123776K) Class: 18619K(19456K)->18619K(19456K)
[2026-09-17T15:20:54.171+0000][5352.016s][debug][gc,heap        ] GC(96) Heap after GC invocations=97 (full 5):
[2026-09-17T15:20:54.171+0000][5352.016s][debug][gc,heap        ] GC(96)  def new generation   total 78912K, used 877K [0x00000000e7000000, 0x00000000ec5a0000, 0x00000000ef550000)
[2026-09-17T15:20:54.171+0000][5352.016s][debug][gc,heap        ] GC(96)   eden space 70144K,   0% used [0x00000000e7000000, 0x00000000e7000000, 0x00000000eb480000)
[2026-09-17T15:20:54.171+0000][5352.016s][debug][gc,heap        ] GC(96)   from space 8768K,  10% used [0x00000000ebd10000, 0x00000000ebdeb778, 0x00000000ec5a0000)
[2026-09-17T15:20:54.171+0000][5352.016s][debug][gc,heap        ] GC(96)   to   space 8768K,   0% used [0x00000000eb480000, 0x00000000eb480000, 0x00000000ebd10000)
[2026-09-17T15:20:54.171+0000][5352.016s][debug][gc,heap        ] GC(96)  tenured generation   total 174784K, used 60464K [0x00000000ef550000, 0x00000000fa000000, 0x0000000100000000)
[2026-09-17T15:20:54.171+0000][5352.017s][debug][gc,heap        ] GC(96)    the space 174784K,  34% used [0x00000000ef550000, 0x00000000f305c310, 0x00000000f305c400, 0x00000000fa000000)
[2026-09-17T15:20:54.171+0000][5352.017s][debug][gc,heap        ] GC(96)  Metaspace       used 141954K, committed 143232K, reserved 1179648K
[2026-09-17T15:20:54.171+0000][5352.017s][debug][gc,heap        ] GC(96)   class space    used 18619K, committed 19456K, reserved 1048576K
[2026-09-17T15:20:54.171+0000][5352.017s][info ][gc             ] GC(96) Pause Young (Allocation Failure) 129M->59M(247M) 2.952ms
[2026-09-17T15:20:54.171+0000][5352.017s][info ][gc,cpu         ] GC(96) User=0.00s Sys=0.00s Real=0.00s
[2026-09-17T15:22:19.935+0000][5437.780s][info ][gc,start       ] GC(97) Pause Young (Allocation Failure)
[2026-09-17T15:22:19.935+0000][5437.780s][debug][gc,heap        ] GC(97) Heap before GC invocations=97 (full 5):
[2026-09-17T15:22:19.935+0000][5437.780s][debug][gc,heap        ] GC(97)  def new generation   total 78912K, used 71021K [0x00000000e7000000, 0x00000000ec5a0000, 0x00000000ef550000)
[2026-09-17T15:22:19.935+0000][5437.780s][debug][gc,heap        ] GC(97)   eden space 70144K, 100% used [0x00000000e7000000, 0x00000000eb480000, 0x00000000eb480000)
[2026-09-17T15:22:19.935+0000][5437.780s][debug][gc,heap        ] GC(97)   from space 8768K,  10% used [0x00000000ebd10000, 0x00000000ebdeb778, 0x00000000ec5a0000)
[2026-09-17T15:22:19.935+0000][5437.780s][debug][gc,heap        ] GC(97)   to   space 8768K,   0% used [0x00000000eb480000, 0x00000000eb480000, 0x00000000ebd10000)
[2026-09-17T15:22:19.935+0000][5437.780s][debug][gc,heap        ] GC(97)  tenured generation   total 174784K, used 60464K [0x00000000ef550000, 0x00000000fa000000, 0x0000000100000000)
[2026-09-17T15:22:19.935+0000][5437.780s][debug][gc,heap        ] GC(97)    the space 174784K,  34% used [0x00000000ef550000, 0x00000000f305c310, 0x00000000f305c400, 0x00000000fa000000)
[2026-09-17T15:22:19.935+0000][5437.780s][debug][gc,heap        ] GC(97)  Metaspace       used 141960K, committed 143232K, reserved 1179648K
[2026-09-17T15:22:19.935+0000][5437.780s][debug][gc,heap        ] GC(97)   class space    used 18619K, committed 19456K, reserved 1048576K
[2026-09-17T15:22:19.938+0000][5437.783s][info ][gc,heap        ] GC(97) DefNew: 71021K(78912K)->998K(78912K) Eden: 70144K(70144K)->0K(70144K) From: 877K(8768K)->998K(8768K)
[2026-09-17T15:22:19.938+0000][5437.783s][info ][gc,heap        ] GC(97) Tenured: 60464K(174784K)->60465K(174784K)
[2026-09-17T15:22:19.938+0000][5437.783s][info ][gc,metaspace   ] GC(97) Metaspace: 141960K(143232K)->141960K(143232K) NonClass: 123340K(123776K)->123340K(123776K) Class: 18619K(19456K)->18619K(19456K)
[2026-09-17T15:22:19.938+0000][5437.783s][debug][gc,heap        ] GC(97) Heap after GC invocations=98 (full 5):
[2026-09-17T15:22:19.938+0000][5437.783s][debug][gc,heap        ] GC(97)  def new generation   total 78912K, used 998K [0x00000000e7000000, 0x00000000ec5a0000, 0x00000000ef550000)
[2026-09-17T15:22:19.938+0000][5437.783s][debug][gc,heap        ] GC(97)   eden space 70144K,   0% used [0x00000000e7000000, 0x00000000e7000000, 0x00000000eb480000)
[2026-09-17T15:22:19.938+0000][5437.783s][debug][gc,heap        ] GC(97)   from space 8768K,  11% used [0x00000000eb480000, 0x00000000eb579b10, 0x00000000ebd10000)
[2026-09-17T15:22:19.938+0000][5437.783s][debug][gc,heap        ] GC(97)   to   space 8768K,   0% used [0x00000000ebd10000, 0x00000000ebd10000, 0x00000000ec5a0000)
[2026-09-17T15:22:19.938+0000][5437.783s][debug][gc,heap        ] GC(97)  tenured generation   total 174784K, used 60465K [0x00000000ef550000, 0x00000000fa000000, 0x0000000100000000)
[2026-09-17T15:22:19.938+0000][5437.783s][debug][gc,heap        ] GC(97)    the space 174784K,  34% used [0x00000000ef550000, 0x00000000f305c740, 0x00000000f305c800, 0x00000000fa000000)
[2026-09-17T15:22:19.938+0000][5437.783s][debug][gc,heap        ] GC(97)  Metaspace       used 141960K, committed 143232K, reserved 1179648K
[2026-09-17T15:22:19.938+0000][5437.783s][debug][gc,heap        ] GC(97)   class space    used 18619K, committed 19456K, reserved 1048576K
[2026-09-17T15:22:19.938+0000][5437.783s][info ][gc             ] GC(97) Pause Young (Allocation Failure) 128M->60M(247M) 3.124ms
[2026-09-17T15:22:19.938+0000][5437.783s][info ][gc,cpu         ] GC(97) User=0.01s Sys=0.00s Real=0.01s
[2026-09-17T15:23:48.191+0000][5526.036s][info ][gc,start       ] GC(98) Pause Young (Allocation Failure)
[2026-09-17T15:23:48.191+0000][5526.036s][debug][gc,heap        ] GC(98) Heap before GC invocations=98 (full 5):
[2026-09-17T15:23:48.191+0000][5526.036s][debug][gc,heap        ] GC(98)  def new generation   total 78912K, used 71142K [0x00000000e7000000, 0x00000000ec5a0000, 0x00000000ef550000)
[2026-09-17T15:23:48.191+0000][5526.036s][debug][gc,heap        ] GC(98)   eden space 70144K, 100% used [0x00000000e7000000, 0x00000000eb480000, 0x00000000eb480000)
[2026-09-17T15:23:48.191+0000][5526.036s][debug][gc,heap        ] GC(98)   from space 8768K,  11% used [0x00000000eb480000, 0x00000000eb579b10, 0x00000000ebd10000)
[2026-09-17T15:23:48.191+0000][5526.036s][debug][gc,heap        ] GC(98)   to   space 8768K,   0% used [0x00000000ebd10000, 0x00000000ebd10000, 0x00000000ec5a0000)
[2026-09-17T15:23:48.191+0000][5526.036s][debug][gc,heap        ] GC(98)  tenured generation   total 174784K, used 60465K [0x00000000ef550000, 0x00000000fa000000, 0x0000000100000000)
[2026-09-17T15:23:48.191+0000][5526.036s][debug][gc,heap        ] GC(98)    the space 174784K,  34% used [0x00000000ef550000, 0x00000000f305c740, 0x00000000f305c800, 0x00000000fa000000)
[2026-09-17T15:23:48.191+0000][5526.036s][debug][gc,heap        ] GC(98)  Metaspace       used 141962K, committed 143232K, reserved 1179648K
[2026-09-17T15:23:48.191+0000][5526.036s][debug][gc,heap        ] GC(98)   class space    used 18619K, committed 19456K, reserved 1048576K
[2026-09-17T15:23:48.194+0000][5526.039s][info ][gc,heap        ] GC(98) DefNew: 71142K(78912K)->1106K(78912K) Eden: 70144K(70144K)->0K(70144K) From: 998K(8768K)->1106K(8768K)
[2026-09-17T15:23:48.194+0000][5526.039s][info ][gc,heap        ] GC(98) Tenured: 60465K(174784K)->60465K(174784K)
[2026-09-17T15:23:48.194+0000][5526.039s][info ][gc,metaspace   ] GC(98) Metaspace: 141962K(143232K)->141962K(143232K) NonClass: 123342K(123776K)->123342K(123776K) Class: 18619K(19456K)->18619K(19456K)
[2026-09-17T15:23:48.194+0000][5526.039s][debug][gc,heap        ] GC(98) Heap after GC invocations=99 (full 5):
[2026-09-17T15:23:48.194+0000][5526.039s][debug][gc,heap        ] GC(98)  def new generation   total 78912K, used 1106K [0x00000000e7000000, 0x00000000ec5a0000, 0x00000000ef550000)
[2026-09-17T15:23:48.194+0000][5526.039s][debug][gc,heap        ] GC(98)   eden space 70144K,   0% used [0x00000000e7000000, 0x00000000e7000000, 0x00000000eb480000)
[2026-09-17T15:23:48.194+0000][5526.039s][debug][gc,heap        ] GC(98)   from space 8768K,  12% used [0x00000000ebd10000, 0x00000000ebe24a30, 0x00000000ec5a0000)
[2026-09-17T15:23:48.194+0000][5526.039s][debug][gc,heap        ] GC(98)   to   space 8768K,   0% used [0x00000000eb480000, 0x00000000eb480000, 0x00000000ebd10000)
[2026-09-17T15:23:48.194+0000][5526.039s][debug][gc,heap        ] GC(98)  tenured generation   total 174784K, used 60465K [0x00000000ef550000, 0x00000000fa000000, 0x0000000100000000)
[2026-09-17T15:23:48.194+0000][5526.039s][debug][gc,heap        ] GC(98)    the space 174784K,  34% used [0x00000000ef550000, 0x00000000f305c788, 0x00000000f305c800, 0x00000000fa000000)
[2026-09-17T15:23:48.194+0000][5526.039s][debug][gc,heap        ] GC(98)  Metaspace       used 141962K, committed 143232K, reserved 1179648K
[2026-09-17T15:23:48.194+0000][5526.039s][debug][gc,heap        ] GC(98)   class space    used 18619K, committed 19456K, reserved 1048576K
[2026-09-17T15:23:48.194+0000][5526.039s][info ][gc             ] GC(98) Pause Young (Allocation Failure) 128M->60M(247M) 3.196ms
[2026-09-17T15:23:48.194+0000][5526.039s][info ][gc,cpu         ] GC(98) User=0.00s Sys=0.00s Real=0.00s
[2026-09-17T15:25:18.642+0000][5616.487s][info ][gc,start       ] GC(99) Pause Young (Allocation Failure)
[2026-09-17T15:25:18.642+0000][5616.487s][debug][gc,heap        ] GC(99) Heap before GC invocations=99 (full 5):
[2026-09-17T15:25:18.642+0000][5616.487s][debug][gc,heap        ] GC(99)  def new generation   total 78912K, used 71250K [0x00000000e7000000, 0x00000000ec5a0000, 0x00000000ef550000)
[2026-09-17T15:25:18.642+0000][5616.487s][debug][gc,heap        ] GC(99)   eden space 70144K, 100% used [0x00000000e7000000, 0x00000000eb480000, 0x00000000eb480000)
[2026-09-17T15:25:18.642+0000][5616.487s][debug][gc,heap        ] GC(99)   from space 8768K,  12% used [0x00000000ebd10000, 0x00000000ebe24a30, 0x00000000ec5a0000)
[2026-09-17T15:25:18.642+0000][5616.487s][debug][gc,heap        ] GC(99)   to   space 8768K,   0% used [0x00000000eb480000, 0x00000000eb480000, 0x00000000ebd10000)
[2026-09-17T15:25:18.642+0000][5616.487s][debug][gc,heap        ] GC(99)  tenured generation   total 174784K, used 60465K [0x00000000ef550000, 0x00000000fa000000, 0x0000000100000000)
[2026-09-17T15:25:18.642+0000][5616.487s][debug][gc,heap        ] GC(99)    the space 174784K,  34% used [0x00000000ef550000, 0x00000000f305c788, 0x00000000f305c800, 0x00000000fa000000)
[2026-09-17T15:25:18.642+0000][5616.487s][debug][gc,heap        ] GC(99)  Metaspace       used 141962K, committed 143232K, reserved 1179648K
[2026-09-17T15:25:18.642+0000][5616.487s][debug][gc,heap        ] GC(99)   class space    used 18619K, committed 19456K, reserved 1048576K
[2026-09-17T15:25:18.645+0000][5616.490s][info ][gc,heap        ] GC(99) DefNew: 71250K(78912K)->1435K(78912K) Eden: 70144K(70144K)->0K(70144K) From: 1106K(8768K)->1435K(8768K)
[2026-09-17T15:25:18.645+0000][5616.490s][info ][gc,heap        ] GC(99) Tenured: 60465K(174784K)->60499K(174784K)
[2026-09-17T15:25:18.645+0000][5616.490s][info ][gc,metaspace   ] GC(99) Metaspace: 141962K(143232K)->141962K(143232K) NonClass: 123342K(123776K)->123342K(123776K) Class: 18619K(19456K)->18619K(19456K)
[2026-09-17T15:25:18.645+0000][5616.490s][debug][gc,heap        ] GC(99) Heap after GC invocations=100 (full 5):
[2026-09-17T15:25:18.645+0000][5616.490s][debug][gc,heap        ] GC(99)  def new generation   total 78912K, used 1435K [0x00000000e7000000, 0x00000000ec5a0000, 0x00000000ef550000)
[2026-09-17T15:25:18.645+0000][5616.490s][debug][gc,heap        ] GC(99)   eden space 70144K,   0% used [0x00000000e7000000, 0x00000000e7000000, 0x00000000eb480000)
[2026-09-17T15:25:18.645+0000][5616.490s][debug][gc,heap        ] GC(99)   from space 8768K,  16% used [0x00000000eb480000, 0x00000000eb5e6e40, 0x00000000ebd10000)
[2026-09-17T15:25:18.645+0000][5616.490s][debug][gc,heap        ] GC(99)   to   space 8768K,   0% used [0x00000000ebd10000, 0x00000000ebd10000, 0x00000000ec5a0000)
[2026-09-17T15:25:18.645+0000][5616.490s][debug][gc,heap        ] GC(99)  tenured generation   total 174784K, used 60499K [0x00000000ef550000, 0x00000000fa000000, 0x0000000100000000)
[2026-09-17T15:25:18.645+0000][5616.490s][debug][gc,heap        ] GC(99)    the space 174784K,  34% used [0x00000000ef550000, 0x00000000f3064c30, 0x00000000f3064e00, 0x00000000fa000000)
[2026-09-17T15:25:18.645+0000][5616.490s][debug][gc,heap        ] GC(99)  Metaspace       used 141962K, committed 143232K, reserved 1179648K
[2026-09-17T15:25:18.645+0000][5616.490s][debug][gc,heap        ] GC(99)   class space    used 18619K, committed 19456K, reserved 1048576K
[2026-09-17T15:25:18.645+0000][5616.490s][info ][gc             ] GC(99) Pause Young (Allocation Failure) 128M->60M(247M) 3.142ms
[2026-09-17T15:25:18.645+0000][5616.490s][info ][gc,cpu         ] GC(99) User=0.00s Sys=0.00s Real=0.00s
[2026-09-17T15:26:48.108+0000][5705.953s][info ][gc,start       ] GC(100) Pause Young (Allocation Failure)
[2026-09-17T15:26:48.108+0000][5705.953s][debug][gc,heap        ] GC(100) Heap before GC invocations=100 (full 5):
[2026-09-17T15:26:48.108+0000][5705.953s][debug][gc,heap        ] GC(100)  def new generation   total 78912K, used 71579K [0x00000000e7000000, 0x00000000ec5a0000, 0x00000000ef550000)
[2026-09-17T15:26:48.108+0000][5705.953s][debug][gc,heap        ] GC(100)   eden space 70144K, 100% used [0x00000000e7000000, 0x00000000eb480000, 0x00000000eb480000)
[2026-09-17T15:26:48.108+0000][5705.953s][debug][gc,heap        ] GC(100)   from space 8768K,  16% used [0x00000000eb480000, 0x00000000eb5e6e40, 0x00000000ebd10000)
[2026-09-17T15:26:48.108+0000][5705.953s][debug][gc,heap        ] GC(100)   to   space 8768K,   0% used [0x00000000ebd10000, 0x00000000ebd10000, 0x00000000ec5a0000)
[2026-09-17T15:26:48.108+0000][5705.953s][debug][gc,heap        ] GC(100)  tenured generation   total 174784K, used 60499K [0x00000000ef550000, 0x00000000fa000000, 0x0000000100000000)
[2026-09-17T15:26:48.108+0000][5705.953s][debug][gc,heap        ] GC(100)    the space 174784K,  34% used [0x00000000ef550000, 0x00000000f3064c30, 0x00000000f3064e00, 0x00000000fa000000)
[2026-09-17T15:26:48.108+0000][5705.953s][debug][gc,heap        ] GC(100)  Metaspace       used 141969K, committed 143232K, reserved 1179648K
[2026-09-17T15:26:48.108+0000][5705.953s][debug][gc,heap        ] GC(100)   class space    used 18619K, committed 19456K, reserved 1048576K
[2026-09-17T15:26:48.111+0000][5705.956s][info ][gc,heap        ] GC(100) DefNew: 71579K(78912K)->1713K(78912K) Eden: 70144K(70144K)->0K(70144K) From: 1435K(8768K)->1713K(8768K)
[2026-09-17T15:26:48.111+0000][5705.956s][info ][gc,heap        ] GC(100) Tenured: 60499K(174784K)->60499K(174784K)
[2026-09-17T15:26:48.111+0000][5705.956s][info ][gc,metaspace   ] GC(100) Metaspace: 141969K(143232K)->141969K(143232K) NonClass: 123349K(123776K)->123349K(123776K) Class: 18619K(19456K)->18619K(19456K)
[2026-09-17T15:26:48.111+0000][5705.956s][debug][gc,heap        ] GC(100) Heap after GC invocations=101 (full 5):
[2026-09-17T15:26:48.111+0000][5705.956s][debug][gc,heap        ] GC(100)  def new generation   total 78912K, used 1713K [0x00000000e7000000, 0x00000000ec5a0000, 0x00000000ef550000)
[2026-09-17T15:26:48.111+0000][5705.956s][debug][gc,heap        ] GC(100)   eden space 70144K,   0% used [0x00000000e7000000, 0x00000000e7000000, 0x00000000eb480000)
[2026-09-17T15:26:48.111+0000][5705.956s][debug][gc,heap        ] GC(100)   from space 8768K,  19% used [0x00000000ebd10000, 0x00000000ebebc790, 0x00000000ec5a0000)
[2026-09-17T15:26:48.111+0000][5705.956s][debug][gc,heap        ] GC(100)   to   space 8768K,   0% used [0x00000000eb480000, 0x00000000eb480000, 0x00000000ebd10000)
[2026-09-17T15:26:48.111+0000][5705.956s][debug][gc,heap        ] GC(100)  tenured generation   total 174784K, used 60499K [0x00000000ef550000, 0x00000000fa000000, 0x0000000100000000)
[2026-09-17T15:26:48.111+0000][5705.956s][debug][gc,heap        ] GC(100)    the space 174784K,  34% used [0x00000000ef550000, 0x00000000f3064e78, 0x00000000f3065000, 0x00000000fa000000)
[2026-09-17T15:26:48.111+0000][5705.956s][debug][gc,heap        ] GC(100)  Metaspace       used 141969K, committed 143232K, reserved 1179648K
[2026-09-17T15:26:48.111+0000][5705.956s][debug][gc,heap        ] GC(100)   class space    used 18619K, committed 19456K, reserved 1048576K
[2026-09-17T15:26:48.111+0000][5705.956s][info ][gc             ] GC(100) Pause Young (Allocation Failure) 128M->60M(247M) 3.233ms
[2026-09-17T15:26:48.111+0000][5705.956s][info ][gc,cpu         ] GC(100) User=0.00s Sys=0.00s Real=0.00s
[2026-09-17T15:28:19.162+0000][5797.007s][info ][gc,start       ] GC(101) Pause Young (Allocation Failure)
[2026-09-17T15:28:19.162+0000][5797.007s][debug][gc,heap        ] GC(101) Heap before GC invocations=101 (full 5):
[2026-09-17T15:28:19.162+0000][5797.007s][debug][gc,heap        ] GC(101)  def new generation   total 78912K, used 71857K [0x00000000e7000000, 0x00000000ec5a0000, 0x00000000ef550000)
[2026-09-17T15:28:19.162+0000][5797.007s][debug][gc,heap        ] GC(101)   eden space 70144K, 100% used [0x00000000e7000000, 0x00000000eb480000, 0x00000000eb480000)
[2026-09-17T15:28:19.162+0000][5797.007s][debug][gc,heap        ] GC(101)   from space 8768K,  19% used [0x00000000ebd10000, 0x00000000ebebc790, 0x00000000ec5a0000)
[2026-09-17T15:28:19.162+0000][5797.007s][debug][gc,heap        ] GC(101)   to   space 8768K,   0% used [0x00000000eb480000, 0x00000000eb480000, 0x00000000ebd10000)
[2026-09-17T15:28:19.162+0000][5797.007s][debug][gc,heap        ] GC(101)  tenured generation   total 174784K, used 60499K [0x00000000ef550000, 0x00000000fa000000, 0x0000000100000000)
[2026-09-17T15:28:19.162+0000][5797.007s][debug][gc,heap        ] GC(101)    the space 174784K,  34% used [0x00000000ef550000, 0x00000000f3064e78, 0x00000000f3065000, 0x00000000fa000000)
[2026-09-17T15:28:19.162+0000][5797.007s][debug][gc,heap        ] GC(101)  Metaspace       used 141969K, committed 143232K, reserved 1179648K
[2026-09-17T15:28:19.162+0000][5797.007s][debug][gc,heap        ] GC(101)   class space    used 18619K, committed 19456K, reserved 1048576K
[2026-09-17T15:28:19.166+0000][5797.011s][info ][gc,heap        ] GC(101) DefNew: 71857K(78912K)->1532K(78912K) Eden: 70144K(70144K)->0K(70144K) From: 1713K(8768K)->1532K(8768K)
[2026-09-17T15:28:19.166+0000][5797.011s][info ][gc,heap        ] GC(101) Tenured: 60499K(174784K)->60499K(174784K)
[2026-09-17T15:28:19.166+0000][5797.011s][info ][gc,metaspace   ] GC(101) Metaspace: 141969K(143232K)->141969K(143232K) NonClass: 123349K(123776K)->123349K(123776K) Class: 18619K(19456K)->18619K(19456K)
[2026-09-17T15:28:19.166+0000][5797.011s][debug][gc,heap        ] GC(101) Heap after GC invocations=102 (full 5):
[2026-09-17T15:28:19.166+0000][5797.011s][debug][gc,heap        ] GC(101)  def new generation   total 78912K, used 1532K [0x00000000e7000000, 0x00000000ec5a0000, 0x00000000ef550000)
[2026-09-17T15:28:19.166+0000][5797.011s][debug][gc,heap        ] GC(101)   eden space 70144K,   0% used [0x00000000e7000000, 0x00000000e7000000, 0x00000000eb480000)
[2026-09-17T15:28:19.166+0000][5797.011s][debug][gc,heap        ] GC(101)   from space 8768K,  17% used [0x00000000eb480000, 0x00000000eb5ff1d8, 0x00000000ebd10000)
[2026-09-17T15:28:19.166+0000][5797.011s][debug][gc,heap        ] GC(101)   to   space 8768K,   0% used [0x00000000ebd10000, 0x00000000ebd10000, 0x00000000ec5a0000)
[2026-09-17T15:28:19.166+0000][5797.011s][debug][gc,heap        ] GC(101)  tenured generation   total 174784K, used 60499K [0x00000000ef550000, 0x00000000fa000000, 0x0000000100000000)
[2026-09-17T15:28:19.166+0000][5797.011s][debug][gc,heap        ] GC(101)    the space 174784K,  34% used [0x00000000ef550000, 0x00000000f3064ee8, 0x00000000f3065000, 0x00000000fa000000)
[2026-09-17T15:28:19.166+0000][5797.011s][debug][gc,heap        ] GC(101)  Metaspace       used 141969K, committed 143232K, reserved 1179648K
[2026-09-17T15:28:19.166+0000][5797.011s][debug][gc,heap        ] GC(101)   class space    used 18619K, committed 19456K, reserved 1048576K
[2026-09-17T15:28:19.166+0000][5797.011s][info ][gc             ] GC(101) Pause Young (Allocation Failure) 129M->60M(247M) 3.390ms
[2026-09-17T15:28:19.166+0000][5797.011s][info ][gc,cpu         ] GC(101) User=0.00s Sys=0.00s Real=0.01s
[2026-09-17T15:29:49.847+0000][5887.692s][info ][gc,start       ] GC(102) Pause Young (Allocation Failure)
[2026-09-17T15:29:49.847+0000][5887.692s][debug][gc,heap        ] GC(102) Heap before GC invocations=102 (full 5):
[2026-09-17T15:29:49.847+0000][5887.692s][debug][gc,heap        ] GC(102)  def new generation   total 78912K, used 71676K [0x00000000e7000000, 0x00000000ec5a0000, 0x00000000ef550000)
[2026-09-17T15:29:49.847+0000][5887.692s][debug][gc,heap        ] GC(102)   eden space 70144K, 100% used [0x00000000e7000000, 0x00000000eb480000, 0x00000000eb480000)
[2026-09-17T15:29:49.847+0000][5887.692s][debug][gc,heap        ] GC(102)   from space 8768K,  17% used [0x00000000eb480000, 0x00000000eb5ff1d8, 0x00000000ebd10000)
[2026-09-17T15:29:49.847+0000][5887.692s][debug][gc,heap        ] GC(102)   to   space 8768K,   0% used [0x00000000ebd10000, 0x00000000ebd10000, 0x00000000ec5a0000)
[2026-09-17T15:29:49.847+0000][5887.692s][debug][gc,heap        ] GC(102)  tenured generation   total 174784K, used 60499K [0x00000000ef550000, 0x00000000fa000000, 0x0000000100000000)
[2026-09-17T15:29:49.847+0000][5887.692s][debug][gc,heap        ] GC(102)    the space 174784K,  34% used [0x00000000ef550000, 0x00000000f3064ee8, 0x00000000f3065000, 0x00000000fa000000)
[2026-09-17T15:29:49.847+0000][5887.692s][debug][gc,heap        ] GC(102)  Metaspace       used 141972K, committed 143232K, reserved 1179648K
[2026-09-17T15:29:49.847+0000][5887.692s][debug][gc,heap        ] GC(102)   class space    used 18619K, committed 19456K, reserved 1048576K
[2026-09-17T15:29:49.850+0000][5887.695s][info ][gc,heap        ] GC(102) DefNew: 71676K(78912K)->955K(78912K) Eden: 70144K(70144K)->0K(70144K) From: 1532K(8768K)->955K(8768K)
[2026-09-17T15:29:49.850+0000][5887.695s][info ][gc,heap        ] GC(102) Tenured: 60499K(174784K)->60549K(174784K)
[2026-09-17T15:29:49.850+0000][5887.695s][info ][gc,metaspace   ] GC(102) Metaspace: 141972K(143232K)->141972K(143232K) NonClass: 123353K(123776K)->123353K(123776K) Class: 18619K(19456K)->18619K(19456K)
[2026-09-17T15:29:49.850+0000][5887.695s][debug][gc,heap        ] GC(102) Heap after GC invocations=103 (full 5):
[2026-09-17T15:29:49.850+0000][5887.695s][debug][gc,heap        ] GC(102)  def new generation   total 78912K, used 955K [0x00000000e7000000, 0x00000000ec5a0000, 0x00000000ef550000)
[2026-09-17T15:29:49.850+0000][5887.695s][debug][gc,heap        ] GC(102)   eden space 70144K,   0% used [0x00000000e7000000, 0x00000000e7000000, 0x00000000eb480000)
[2026-09-17T15:29:49.850+0000][5887.695s][debug][gc,heap        ] GC(102)   from space 8768K,  10% used [0x00000000ebd10000, 0x00000000ebdfee70, 0x00000000ec5a0000)
[2026-09-17T15:29:49.850+0000][5887.695s][debug][gc,heap        ] GC(102)   to   space 8768K,   0% used [0x00000000eb480000, 0x00000000eb480000, 0x00000000ebd10000)
[2026-09-17T15:29:49.850+0000][5887.695s][debug][gc,heap        ] GC(102)  tenured generation   total 174784K, used 60549K [0x00000000ef550000, 0x00000000fa000000, 0x0000000100000000)
[2026-09-17T15:29:49.850+0000][5887.695s][debug][gc,heap        ] GC(102)    the space 174784K,  34% used [0x00000000ef550000, 0x00000000f3071490, 0x00000000f3071600, 0x00000000fa000000)
[2026-09-17T15:29:49.850+0000][5887.695s][debug][gc,heap        ] GC(102)  Metaspace       used 141972K, committed 143232K, reserved 1179648K
[2026-09-17T15:29:49.850+0000][5887.695s][debug][gc,heap        ] GC(102)   class space    used 18619K, committed 19456K, reserved 1048576K
[2026-09-17T15:29:49.850+0000][5887.695s][info ][gc             ] GC(102) Pause Young (Allocation Failure) 129M->60M(247M) 2.931ms
[2026-09-17T15:29:49.850+0000][5887.695s][info ][gc,cpu         ] GC(102) User=0.00s Sys=0.00s Real=0.00s
[2026-09-17T15:31:17.063+0000][5974.908s][info ][gc,start       ] GC(103) Pause Young (Allocation Failure)
[2026-09-17T15:31:17.063+0000][5974.908s][debug][gc,heap        ] GC(103) Heap before GC invocations=103 (full 5):
[2026-09-17T15:31:17.063+0000][5974.908s][debug][gc,heap        ] GC(103)  def new generation   total 78912K, used 71099K [0x00000000e7000000, 0x00000000ec5a0000, 0x00000000ef550000)
[2026-09-17T15:31:17.063+0000][5974.908s][debug][gc,heap        ] GC(103)   eden space 70144K, 100% used [0x00000000e7000000, 0x00000000eb480000, 0x00000000eb480000)
[2026-09-17T15:31:17.063+0000][5974.908s][debug][gc,heap        ] GC(103)   from space 8768K,  10% used [0x00000000ebd10000, 0x00000000ebdfee70, 0x00000000ec5a0000)
[2026-09-17T15:31:17.063+0000][5974.908s][debug][gc,heap        ] GC(103)   to   space 8768K,   0% used [0x00000000eb480000, 0x00000000eb480000, 0x00000000ebd10000)
[2026-09-17T15:31:17.063+0000][5974.908s][debug][gc,heap        ] GC(103)  tenured generation   total 174784K, used 60549K [0x00000000ef550000, 0x00000000fa000000, 0x0000000100000000)
[2026-09-17T15:31:17.063+0000][5974.908s][debug][gc,heap        ] GC(103)    the space 174784K,  34% used [0x00000000ef550000, 0x00000000f3071490, 0x00000000f3071600, 0x00000000fa000000)
[2026-09-17T15:31:17.063+0000][5974.908s][debug][gc,heap        ] GC(103)  Metaspace       used 141977K, committed 143232K, reserved 1179648K
[2026-09-17T15:31:17.063+0000][5974.908s][debug][gc,heap        ] GC(103)   class space    used 18619K, committed 19456K, reserved 1048576K
[2026-09-17T15:31:17.066+0000][5974.911s][info ][gc,heap        ] GC(103) DefNew: 71099K(78912K)->925K(78912K) Eden: 70144K(70144K)->0K(70144K) From: 955K(8768K)->925K(8768K)
[2026-09-17T15:31:17.066+0000][5974.911s][info ][gc,heap        ] GC(103) Tenured: 60549K(174784K)->60605K(174784K)
[2026-09-17T15:31:17.066+0000][5974.911s][info ][gc,metaspace   ] GC(103) Metaspace: 141977K(143232K)->141977K(143232K) NonClass: 123358K(123776K)->123358K(123776K) Class: 18619K(19456K)->18619K(19456K)
[2026-09-17T15:31:17.066+0000][5974.911s][debug][gc,heap        ] GC(103) Heap after GC invocations=104 (full 5):
[2026-09-17T15:31:17.066+0000][5974.911s][debug][gc,heap        ] GC(103)  def new generation   total 78912K, used 925K [0x00000000e7000000, 0x00000000ec5a0000, 0x00000000ef550000)
[2026-09-17T15:31:17.066+0000][5974.911s][debug][gc,heap        ] GC(103)   eden space 70144K,   0% used [0x00000000e7000000, 0x00000000e7000000, 0x00000000eb480000)
[2026-09-17T15:31:17.066+0000][5974.911s][debug][gc,heap        ] GC(103)   from space 8768K,  10% used [0x00000000eb480000, 0x00000000eb5677a8, 0x00000000ebd10000)
[2026-09-17T15:31:17.066+0000][5974.911s][debug][gc,heap        ] GC(103)   to   space 8768K,   0% used [0x00000000ebd10000, 0x00000000ebd10000, 0x00000000ec5a0000)
[2026-09-17T15:31:17.066+0000][5974.911s][debug][gc,heap        ] GC(103)  tenured generation   total 174784K, used 60605K [0x00000000ef550000, 0x00000000fa000000, 0x0000000100000000)
[2026-09-17T15:31:17.066+0000][5974.911s][debug][gc,heap        ] GC(103)    the space 174784K,  34% used [0x00000000ef550000, 0x00000000f307f4f0, 0x00000000f307f600, 0x00000000fa000000)
[2026-09-17T15:31:17.066+0000][5974.911s][debug][gc,heap        ] GC(103)  Metaspace       used 141977K, committed 143232K, reserved 1179648K
[2026-09-17T15:31:17.066+0000][5974.911s][debug][gc,heap        ] GC(103)   class space    used 18619K, committed 19456K, reserved 1048576K
[2026-09-17T15:31:17.066+0000][5974.911s][info ][gc             ] GC(103) Pause Young (Allocation Failure) 128M->60M(247M) 3.148ms
[2026-09-17T15:31:17.066+0000][5974.911s][info ][gc,cpu         ] GC(103) User=0.01s Sys=0.00s Real=0.01s
[2026-09-17T15:32:48.379+0000][6066.224s][info ][gc,start       ] GC(104) Pause Young (Allocation Failure)
[2026-09-17T15:32:48.379+0000][6066.224s][debug][gc,heap        ] GC(104) Heap before GC invocations=104 (full 5):
[2026-09-17T15:32:48.379+0000][6066.224s][debug][gc,heap        ] GC(104)  def new generation   total 78912K, used 71069K [0x00000000e7000000, 0x00000000ec5a0000, 0x00000000ef550000)
[2026-09-17T15:32:48.379+0000][6066.224s][debug][gc,heap        ] GC(104)   eden space 70144K, 100% used [0x00000000e7000000, 0x00000000eb480000, 0x00000000eb480000)
[2026-09-17T15:32:48.379+0000][6066.224s][debug][gc,heap        ] GC(104)   from space 8768K,  10% used [0x00000000eb480000, 0x00000000eb5677a8, 0x00000000ebd10000)
[2026-09-17T15:32:48.379+0000][6066.224s][debug][gc,heap        ] GC(104)   to   space 8768K,   0% used [0x00000000ebd10000, 0x00000000ebd10000, 0x00000000ec5a0000)
[2026-09-17T15:32:48.379+0000][6066.224s][debug][gc,heap        ] GC(104)  tenured generation   total 174784K, used 60605K [0x00000000ef550000, 0x00000000fa000000, 0x0000000100000000)
[2026-09-17T15:32:48.379+0000][6066.224s][debug][gc,heap        ] GC(104)    the space 174784K,  34% used [0x00000000ef550000, 0x00000000f307f4f0, 0x00000000f307f600, 0x00000000fa000000)
[2026-09-17T15:32:48.379+0000][6066.224s][debug][gc,heap        ] GC(104)  Metaspace       used 141981K, committed 143232K, reserved 1179648K
[2026-09-17T15:32:48.379+0000][6066.224s][debug][gc,heap        ] GC(104)   class space    used 18620K, committed 19456K, reserved 1048576K
[2026-09-17T15:32:48.382+0000][6066.227s][info ][gc,heap        ] GC(104) DefNew: 71069K(78912K)->1249K(78912K) Eden: 70144K(70144K)->0K(70144K) From: 925K(8768K)->1249K(8768K)
[2026-09-17T15:32:48.382+0000][6066.227s][info ][gc,heap        ] GC(104) Tenured: 60605K(174784K)->60786K(174784K)
[2026-09-17T15:32:48.382+0000][6066.227s][info ][gc,metaspace   ] GC(104) Metaspace: 141981K(143232K)->141981K(143232K) NonClass: 123361K(123776K)->123361K(123776K) Class: 18620K(19456K)->18620K(19456K)
[2026-09-17T15:32:48.382+0000][6066.227s][debug][gc,heap        ] GC(104) Heap after GC invocations=105 (full 5):
[2026-09-17T15:32:48.382+0000][6066.227s][debug][gc,heap        ] GC(104)  def new generation   total 78912K, used 1249K [0x00000000e7000000, 0x00000000ec5a0000, 0x00000000ef550000)
[2026-09-17T15:32:48.382+0000][6066.227s][debug][gc,heap        ] GC(104)   eden space 70144K,   0% used [0x00000000e7000000, 0x00000000e7000000, 0x00000000eb480000)
[2026-09-17T15:32:48.382+0000][6066.227s][debug][gc,heap        ] GC(104)   from space 8768K,  14% used [0x00000000ebd10000, 0x00000000ebe485e0, 0x00000000ec5a0000)
[2026-09-17T15:32:48.382+0000][6066.227s][debug][gc,heap        ] GC(104)   to   space 8768K,   0% used [0x00000000eb480000, 0x00000000eb480000, 0x00000000ebd10000)
[2026-09-17T15:32:48.382+0000][6066.227s][debug][gc,heap        ] GC(104)  tenured generation   total 174784K, used 60786K [0x00000000ef550000, 0x00000000fa000000, 0x0000000100000000)
[2026-09-17T15:32:48.382+0000][6066.227s][debug][gc,heap        ] GC(104)    the space 174784K,  34% used [0x00000000ef550000, 0x00000000f30ac868, 0x00000000f30aca00, 0x00000000fa000000)
[2026-09-17T15:32:48.382+0000][6066.227s][debug][gc,heap        ] GC(104)  Metaspace       used 141981K, committed 143232K, reserved 1179648K
[2026-09-17T15:32:48.382+0000][6066.227s][debug][gc,heap        ] GC(104)   class space    used 18620K, committed 19456K, reserved 1048576K
[2026-09-17T15:32:48.382+0000][6066.227s][info ][gc             ] GC(104) Pause Young (Allocation Failure) 128M->60M(247M) 3.186ms
[2026-09-17T15:32:48.382+0000][6066.227s][info ][gc,cpu         ] GC(104) User=0.01s Sys=0.00s Real=0.00s
[2026-09-17T15:34:16.223+0000][6154.068s][info ][gc,start       ] GC(105) Pause Young (Allocation Failure)
[2026-09-17T15:34:16.223+0000][6154.068s][debug][gc,heap        ] GC(105) Heap before GC invocations=105 (full 5):
[2026-09-17T15:34:16.223+0000][6154.068s][debug][gc,heap        ] GC(105)  def new generation   total 78912K, used 71393K [0x00000000e7000000, 0x00000000ec5a0000, 0x00000000ef550000)
[2026-09-17T15:34:16.223+0000][6154.068s][debug][gc,heap        ] GC(105)   eden space 70144K, 100% used [0x00000000e7000000, 0x00000000eb480000, 0x00000000eb480000)
[2026-09-17T15:34:16.223+0000][6154.068s][debug][gc,heap        ] GC(105)   from space 8768K,  14% used [0x00000000ebd10000, 0x00000000ebe485e0, 0x00000000ec5a0000)
[2026-09-17T15:34:16.223+0000][6154.068s][debug][gc,heap        ] GC(105)   to   space 8768K,   0% used [0x00000000eb480000, 0x00000000eb480000, 0x00000000ebd10000)
[2026-09-17T15:34:16.223+0000][6154.068s][debug][gc,heap        ] GC(105)  tenured generation   total 174784K, used 60786K [0x00000000ef550000, 0x00000000fa000000, 0x0000000100000000)
[2026-09-17T15:34:16.223+0000][6154.068s][debug][gc,heap        ] GC(105)    the space 174784K,  34% used [0x00000000ef550000, 0x00000000f30ac868, 0x00000000f30aca00, 0x00000000fa000000)
[2026-09-17T15:34:16.223+0000][6154.068s][debug][gc,heap        ] GC(105)  Metaspace       used 141982K, committed 143232K, reserved 1179648K
[2026-09-17T15:34:16.223+0000][6154.068s][debug][gc,heap        ] GC(105)   class space    used 18620K, committed 19456K, reserved 1048576K
[2026-09-17T15:34:16.226+0000][6154.071s][info ][gc,heap        ] GC(105) DefNew: 71393K(78912K)->1477K(78912K) Eden: 70144K(70144K)->0K(70144K) From: 1249K(8768K)->1477K(8768K)
[2026-09-17T15:34:16.226+0000][6154.071s][info ][gc,heap        ] GC(105) Tenured: 60786K(174784K)->60892K(174784K)
[2026-09-17T15:34:16.226+0000][6154.071s][info ][gc,metaspace   ] GC(105) Metaspace: 141982K(143232K)->141982K(143232K) NonClass: 123362K(123776K)->123362K(123776K) Class: 18620K(19456K)->18620K(19456K)
[2026-09-17T15:34:16.226+0000][6154.071s][debug][gc,heap        ] GC(105) Heap after GC invocations=106 (full 5):
[2026-09-17T15:34:16.226+0000][6154.071s][debug][gc,heap        ] GC(105)  def new generation   total 78912K, used 1477K [0x00000000e7000000, 0x00000000ec5a0000, 0x00000000ef550000)
[2026-09-17T15:34:16.226+0000][6154.071s][debug][gc,heap        ] GC(105)   eden space 70144K,   0% used [0x00000000e7000000, 0x00000000e7000000, 0x00000000eb480000)
[2026-09-17T15:34:16.226+0000][6154.071s][debug][gc,heap        ] GC(105)   from space 8768K,  16% used [0x00000000eb480000, 0x00000000eb5f1560, 0x00000000ebd10000)
[2026-09-17T15:34:16.226+0000][6154.071s][debug][gc,heap        ] GC(105)   to   space 8768K,   0% used [0x00000000ebd10000, 0x00000000ebd10000, 0x00000000ec5a0000)
[2026-09-17T15:34:16.226+0000][6154.071s][debug][gc,heap        ] GC(105)  tenured generation   total 174784K, used 60892K [0x00000000ef550000, 0x00000000fa000000, 0x0000000100000000)
[2026-09-17T15:34:16.226+0000][6154.071s][debug][gc,heap        ] GC(105)    the space 174784K,  34% used [0x00000000ef550000, 0x00000000f30c7248, 0x00000000f30c7400, 0x00000000fa000000)
[2026-09-17T15:34:16.226+0000][6154.071s][debug][gc,heap        ] GC(105)  Metaspace       used 141982K, committed 143232K, reserved 1179648K
[2026-09-17T15:34:16.226+0000][6154.071s][debug][gc,heap        ] GC(105)   class space    used 18620K, committed 19456K, reserved 1048576K
[2026-09-17T15:34:16.226+0000][6154.071s][info ][gc             ] GC(105) Pause Young (Allocation Failure) 129M->60M(247M) 2.867ms
[2026-09-17T15:34:16.226+0000][6154.071s][info ][gc,cpu         ] GC(105) User=0.00s Sys=0.01s Real=0.01s
[2026-09-17T15:35:41.534+0000][6239.379s][info ][gc,start       ] GC(106) Pause Young (Allocation Failure)
[2026-09-17T15:35:41.534+0000][6239.379s][debug][gc,heap        ] GC(106) Heap before GC invocations=106 (full 5):
[2026-09-17T15:35:41.534+0000][6239.379s][debug][gc,heap        ] GC(106)  def new generation   total 78912K, used 71621K [0x00000000e7000000, 0x00000000ec5a0000, 0x00000000ef550000)
[2026-09-17T15:35:41.534+0000][6239.379s][debug][gc,heap        ] GC(106)   eden space 70144K, 100% used [0x00000000e7000000, 0x00000000eb480000, 0x00000000eb480000)
[2026-09-17T15:35:41.534+0000][6239.379s][debug][gc,heap        ] GC(106)   from space 8768K,  16% used [0x00000000eb480000, 0x00000000eb5f1560, 0x00000000ebd10000)
[2026-09-17T15:35:41.534+0000][6239.379s][debug][gc,heap        ] GC(106)   to   space 8768K,   0% used [0x00000000ebd10000, 0x00000000ebd10000, 0x00000000ec5a0000)
[2026-09-17T15:35:41.534+0000][6239.379s][debug][gc,heap        ] GC(106)  tenured generation   total 174784K, used 60892K [0x00000000ef550000, 0x00000000fa000000, 0x0000000100000000)
[2026-09-17T15:35:41.534+0000][6239.380s][debug][gc,heap        ] GC(106)    the space 174784K,  34% used [0x00000000ef550000, 0x00000000f30c7248, 0x00000000f30c7400, 0x00000000fa000000)
[2026-09-17T15:35:41.534+0000][6239.380s][debug][gc,heap        ] GC(106)  Metaspace       used 141982K, committed 143232K, reserved 1179648K
[2026-09-17T15:35:41.534+0000][6239.380s][debug][gc,heap        ] GC(106)   class space    used 18620K, committed 19456K, reserved 1048576K
[2026-09-17T15:35:41.537+0000][6239.382s][info ][gc,heap        ] GC(106) DefNew: 71621K(78912K)->616K(78912K) Eden: 70144K(70144K)->0K(70144K) From: 1477K(8768K)->616K(8768K)
[2026-09-17T15:35:41.537+0000][6239.382s][info ][gc,heap        ] GC(106) Tenured: 60892K(174784K)->60980K(174784K)
[2026-09-17T15:35:41.537+0000][6239.382s][info ][gc,metaspace   ] GC(106) Metaspace: 141982K(143232K)->141982K(143232K) NonClass: 123362K(123776K)->123362K(123776K) Class: 18620K(19456K)->18620K(19456K)
[2026-09-17T15:35:41.537+0000][6239.382s][debug][gc,heap        ] GC(106) Heap after GC invocations=107 (full 5):
[2026-09-17T15:35:41.537+0000][6239.382s][debug][gc,heap        ] GC(106)  def new generation   total 78912K, used 616K [0x00000000e7000000, 0x00000000ec5a0000, 0x00000000ef550000)
[2026-09-17T15:35:41.537+0000][6239.382s][debug][gc,heap        ] GC(106)   eden space 70144K,   0% used [0x00000000e7000000, 0x00000000e7000000, 0x00000000eb480000)
[2026-09-17T15:35:41.537+0000][6239.382s][debug][gc,heap        ] GC(106)   from space 8768K,   7% used [0x00000000ebd10000, 0x00000000ebdaa0b0, 0x00000000ec5a0000)
[2026-09-17T15:35:41.537+0000][6239.382s][debug][gc,heap        ] GC(106)   to   space 8768K,   0% used [0x00000000eb480000, 0x00000000eb480000, 0x00000000ebd10000)
[2026-09-17T15:35:41.537+0000][6239.382s][debug][gc,heap        ] GC(106)  tenured generation   total 174784K, used 60980K [0x00000000ef550000, 0x00000000fa000000, 0x0000000100000000)
[2026-09-17T15:35:41.537+0000][6239.382s][debug][gc,heap        ] GC(106)    the space 174784K,  34% used [0x00000000ef550000, 0x00000000f30dd068, 0x00000000f30dd200, 0x00000000fa000000)
[2026-09-17T15:35:41.537+0000][6239.382s][debug][gc,heap        ] GC(106)  Metaspace       used 141982K, committed 143232K, reserved 1179648K
[2026-09-17T15:35:41.537+0000][6239.382s][debug][gc,heap        ] GC(106)   class space    used 18620K, committed 19456K, reserved 1048576K
[2026-09-17T15:35:41.537+0000][6239.382s][info ][gc             ] GC(106) Pause Young (Allocation Failure) 129M->60M(247M) 2.566ms
[2026-09-17T15:35:41.537+0000][6239.382s][info ][gc,cpu         ] GC(106) User=0.00s Sys=0.00s Real=0.01s
[2026-09-17T15:37:07.059+0000][6324.904s][info ][gc,start       ] GC(107) Pause Young (Allocation Failure)
[2026-09-17T15:37:07.059+0000][6324.904s][debug][gc,heap        ] GC(107) Heap before GC invocations=107 (full 5):
[2026-09-17T15:37:07.059+0000][6324.904s][debug][gc,heap        ] GC(107)  def new generation   total 78912K, used 70760K [0x00000000e7000000, 0x00000000ec5a0000, 0x00000000ef550000)
[2026-09-17T15:37:07.059+0000][6324.904s][debug][gc,heap        ] GC(107)   eden space 70144K, 100% used [0x00000000e7000000, 0x00000000eb480000, 0x00000000eb480000)
[2026-09-17T15:37:07.059+0000][6324.904s][debug][gc,heap        ] GC(107)   from space 8768K,   7% used [0x00000000ebd10000, 0x00000000ebdaa0b0, 0x00000000ec5a0000)
[2026-09-17T15:37:07.059+0000][6324.904s][debug][gc,heap        ] GC(107)   to   space 8768K,   0% used [0x00000000eb480000, 0x00000000eb480000, 0x00000000ebd10000)
[2026-09-17T15:37:07.059+0000][6324.904s][debug][gc,heap        ] GC(107)  tenured generation   total 174784K, used 60980K [0x00000000ef550000, 0x00000000fa000000, 0x0000000100000000)
[2026-09-17T15:37:07.059+0000][6324.904s][debug][gc,heap        ] GC(107)    the space 174784K,  34% used [0x00000000ef550000, 0x00000000f30dd068, 0x00000000f30dd200, 0x00000000fa000000)
[2026-09-17T15:37:07.059+0000][6324.904s][debug][gc,heap        ] GC(107)  Metaspace       used 141985K, committed 143232K, reserved 1179648K
[2026-09-17T15:37:07.059+0000][6324.904s][debug][gc,heap        ] GC(107)   class space    used 18620K, committed 19456K, reserved 1048576K
[2026-09-17T15:37:07.061+0000][6324.906s][info ][gc,heap        ] GC(107) DefNew: 70760K(78912K)->699K(78912K) Eden: 70144K(70144K)->0K(70144K) From: 616K(8768K)->699K(8768K)
[2026-09-17T15:37:07.061+0000][6324.906s][info ][gc,heap        ] GC(107) Tenured: 60980K(174784K)->61077K(174784K)
[2026-09-17T15:37:07.061+0000][6324.906s][info ][gc,metaspace   ] GC(107) Metaspace: 141985K(143232K)->141985K(143232K) NonClass: 123365K(123776K)->123365K(123776K) Class: 18620K(19456K)->18620K(19456K)
[2026-09-17T15:37:07.061+0000][6324.906s][debug][gc,heap        ] GC(107) Heap after GC invocations=108 (full 5):
[2026-09-17T15:37:07.061+0000][6324.906s][debug][gc,heap        ] GC(107)  def new generation   total 78912K, used 699K [0x00000000e7000000, 0x00000000ec5a0000, 0x00000000ef550000)
[2026-09-17T15:37:07.061+0000][6324.906s][debug][gc,heap        ] GC(107)   eden space 70144K,   0% used [0x00000000e7000000, 0x00000000e7000000, 0x00000000eb480000)
[2026-09-17T15:37:07.061+0000][6324.906s][debug][gc,heap        ] GC(107)   from space 8768K,   7% used [0x00000000eb480000, 0x00000000eb52ef08, 0x00000000ebd10000)
[2026-09-17T15:37:07.061+0000][6324.906s][debug][gc,heap        ] GC(107)   to   space 8768K,   0% used [0x00000000ebd10000, 0x00000000ebd10000, 0x00000000ec5a0000)
[2026-09-17T15:37:07.061+0000][6324.906s][debug][gc,heap        ] GC(107)  tenured generation   total 174784K, used 61077K [0x00000000ef550000, 0x00000000fa000000, 0x0000000100000000)
[2026-09-17T15:37:07.061+0000][6324.906s][debug][gc,heap        ] GC(107)    the space 174784K,  34% used [0x00000000ef550000, 0x00000000f30f5780, 0x00000000f30f5800, 0x00000000fa000000)
[2026-09-17T15:37:07.061+0000][6324.906s][debug][gc,heap        ] GC(107)  Metaspace       used 141985K, committed 143232K, reserved 1179648K
[2026-09-17T15:37:07.061+0000][6324.906s][debug][gc,heap        ] GC(107)   class space    used 18620K, committed 19456K, reserved 1048576K
[2026-09-17T15:37:07.061+0000][6324.906s][info ][gc             ] GC(107) Pause Young (Allocation Failure) 128M->60M(247M) 2.671ms
[2026-09-17T15:37:07.061+0000][6324.906s][info ][gc,cpu         ] GC(107) User=0.00s Sys=0.00s Real=0.00s
[2026-09-17T15:38:37.093+0000][6414.938s][info ][gc,start       ] GC(108) Pause Young (Allocation Failure)
[2026-09-17T15:38:37.093+0000][6414.938s][debug][gc,heap        ] GC(108) Heap before GC invocations=108 (full 5):
[2026-09-17T15:38:37.093+0000][6414.938s][debug][gc,heap        ] GC(108)  def new generation   total 78912K, used 70843K [0x00000000e7000000, 0x00000000ec5a0000, 0x00000000ef550000)
[2026-09-17T15:38:37.093+0000][6414.938s][debug][gc,heap        ] GC(108)   eden space 70144K, 100% used [0x00000000e7000000, 0x00000000eb480000, 0x00000000eb480000)
[2026-09-17T15:38:37.093+0000][6414.938s][debug][gc,heap        ] GC(108)   from space 8768K,   7% used [0x00000000eb480000, 0x00000000eb52ef08, 0x00000000ebd10000)
[2026-09-17T15:38:37.093+0000][6414.938s][debug][gc,heap        ] GC(108)   to   space 8768K,   0% used [0x00000000ebd10000, 0x00000000ebd10000, 0x00000000ec5a0000)
[2026-09-17T15:38:37.093+0000][6414.938s][debug][gc,heap        ] GC(108)  tenured generation   total 174784K, used 61077K [0x00000000ef550000, 0x00000000fa000000, 0x0000000100000000)
[2026-09-17T15:38:37.093+0000][6414.938s][debug][gc,heap        ] GC(108)    the space 174784K,  34% used [0x00000000ef550000, 0x00000000f30f5780, 0x00000000f30f5800, 0x00000000fa000000)
[2026-09-17T15:38:37.093+0000][6414.938s][debug][gc,heap        ] GC(108)  Metaspace       used 141989K, committed 143232K, reserved 1179648K
[2026-09-17T15:38:37.093+0000][6414.938s][debug][gc,heap        ] GC(108)   class space    used 18620K, committed 19456K, reserved 1048576K
[2026-09-17T15:38:37.095+0000][6414.940s][info ][gc,heap        ] GC(108) DefNew: 70843K(78912K)->799K(78912K) Eden: 70144K(70144K)->0K(70144K) From: 699K(8768K)->799K(8768K)
[2026-09-17T15:38:37.095+0000][6414.940s][info ][gc,heap        ] GC(108) Tenured: 61077K(174784K)->61133K(174784K)
[2026-09-17T15:38:37.095+0000][6414.940s][info ][gc,metaspace   ] GC(108) Metaspace: 141989K(143232K)->141989K(143232K) NonClass: 123369K(123776K)->123369K(123776K) Class: 18620K(19456K)->18620K(19456K)
[2026-09-17T15:38:37.095+0000][6414.940s][debug][gc,heap        ] GC(108) Heap after GC invocations=109 (full 5):
[2026-09-17T15:38:37.095+0000][6414.940s][debug][gc,heap        ] GC(108)  def new generation   total 78912K, used 799K [0x00000000e7000000, 0x00000000ec5a0000, 0x00000000ef550000)
[2026-09-17T15:38:37.095+0000][6414.940s][debug][gc,heap        ] GC(108)   eden space 70144K,   0% used [0x00000000e7000000, 0x00000000e7000000, 0x00000000eb480000)
[2026-09-17T15:38:37.095+0000][6414.940s][debug][gc,heap        ] GC(108)   from space 8768K,   9% used [0x00000000ebd10000, 0x00000000ebdd7eb8, 0x00000000ec5a0000)
[2026-09-17T15:38:37.095+0000][6414.940s][debug][gc,heap        ] GC(108)   to   space 8768K,   0% used [0x00000000eb480000, 0x00000000eb480000, 0x00000000ebd10000)
[2026-09-17T15:38:37.095+0000][6414.940s][debug][gc,heap        ] GC(108)  tenured generation   total 174784K, used 61133K [0x00000000ef550000, 0x00000000fa000000, 0x0000000100000000)
[2026-09-17T15:38:37.095+0000][6414.940s][debug][gc,heap        ] GC(108)    the space 174784K,  34% used [0x00000000ef550000, 0x00000000f3103720, 0x00000000f3103800, 0x00000000fa000000)
[2026-09-17T15:38:37.095+0000][6414.940s][debug][gc,heap        ] GC(108)  Metaspace       used 141989K, committed 143232K, reserved 1179648K
[2026-09-17T15:38:37.095+0000][6414.940s][debug][gc,heap        ] GC(108)   class space    used 18620K, committed 19456K, reserved 1048576K
[2026-09-17T15:38:37.095+0000][6414.940s][info ][gc             ] GC(108) Pause Young (Allocation Failure) 128M->60M(247M) 2.649ms
[2026-09-17T15:38:37.095+0000][6414.940s][info ][gc,cpu         ] GC(108) User=0.00s Sys=0.00s Real=0.01s
[2026-09-17T15:40:04.286+0000][6502.131s][info ][gc,start       ] GC(109) Pause Young (Allocation Failure)
[2026-09-17T15:40:04.286+0000][6502.131s][debug][gc,heap        ] GC(109) Heap before GC invocations=109 (full 5):
[2026-09-17T15:40:04.286+0000][6502.131s][debug][gc,heap        ] GC(109)  def new generation   total 78912K, used 70943K [0x00000000e7000000, 0x00000000ec5a0000, 0x00000000ef550000)
[2026-09-17T15:40:04.286+0000][6502.131s][debug][gc,heap        ] GC(109)   eden space 70144K, 100% used [0x00000000e7000000, 0x00000000eb480000, 0x00000000eb480000)
[2026-09-17T15:40:04.286+0000][6502.131s][debug][gc,heap        ] GC(109)   from space 8768K,   9% used [0x00000000ebd10000, 0x00000000ebdd7eb8, 0x00000000ec5a0000)
[2026-09-17T15:40:04.286+0000][6502.131s][debug][gc,heap        ] GC(109)   to   space 8768K,   0% used [0x00000000eb480000, 0x00000000eb480000, 0x00000000ebd10000)
[2026-09-17T15:40:04.286+0000][6502.131s][debug][gc,heap        ] GC(109)  tenured generation   total 174784K, used 61133K [0x00000000ef550000, 0x00000000fa000000, 0x0000000100000000)
[2026-09-17T15:40:04.286+0000][6502.131s][debug][gc,heap        ] GC(109)    the space 174784K,  34% used [0x00000000ef550000, 0x00000000f3103720, 0x00000000f3103800, 0x00000000fa000000)
[2026-09-17T15:40:04.286+0000][6502.131s][debug][gc,heap        ] GC(109)  Metaspace       used 142033K, committed 143296K, reserved 1179648K
[2026-09-17T15:40:04.286+0000][6502.131s][debug][gc,heap        ] GC(109)   class space    used 18620K, committed 19456K, reserved 1048576K
[2026-09-17T15:40:04.289+0000][6502.134s][info ][gc,heap        ] GC(109) DefNew: 70943K(78912K)->1082K(78912K) Eden: 70144K(70144K)->0K(70144K) From: 799K(8768K)->1082K(8768K)
[2026-09-17T15:40:04.289+0000][6502.134s][info ][gc,heap        ] GC(109) Tenured: 61133K(174784K)->61188K(174784K)
[2026-09-17T15:40:04.289+0000][6502.134s][info ][gc,metaspace   ] GC(109) Metaspace: 142033K(143296K)->142033K(143296K) NonClass: 123413K(123840K)->123413K(123840K) Class: 18620K(19456K)->18620K(19456K)
[2026-09-17T15:40:04.289+0000][6502.134s][debug][gc,heap        ] GC(109) Heap after GC invocations=110 (full 5):
[2026-09-17T15:40:04.289+0000][6502.134s][debug][gc,heap        ] GC(109)  def new generation   total 78912K, used 1082K [0x00000000e7000000, 0x00000000ec5a0000, 0x00000000ef550000)
[2026-09-17T15:40:04.289+0000][6502.134s][debug][gc,heap        ] GC(109)   eden space 70144K,   0% used [0x00000000e7000000, 0x00000000e7000000, 0x00000000eb480000)
[2026-09-17T15:40:04.289+0000][6502.134s][debug][gc,heap        ] GC(109)   from space 8768K,  12% used [0x00000000eb480000, 0x00000000eb58e880, 0x00000000ebd10000)
[2026-09-17T15:40:04.289+0000][6502.134s][debug][gc,heap        ] GC(109)   to   space 8768K,   0% used [0x00000000ebd10000, 0x00000000ebd10000, 0x00000000ec5a0000)
[2026-09-17T15:40:04.289+0000][6502.134s][debug][gc,heap        ] GC(109)  tenured generation   total 174784K, used 61188K [0x00000000ef550000, 0x00000000fa000000, 0x0000000100000000)
[2026-09-17T15:40:04.289+0000][6502.134s][debug][gc,heap        ] GC(109)    the space 174784K,  35% used [0x00000000ef550000, 0x00000000f31112f0, 0x00000000f3111400, 0x00000000fa000000)
[2026-09-17T15:40:04.289+0000][6502.134s][debug][gc,heap        ] GC(109)  Metaspace       used 142033K, committed 143296K, reserved 1179648K
[2026-09-17T15:40:04.289+0000][6502.134s][debug][gc,heap        ] GC(109)   class space    used 18620K, committed 19456K, reserved 1048576K
[2026-09-17T15:40:04.289+0000][6502.134s][info ][gc             ] GC(109) Pause Young (Allocation Failure) 128M->60M(247M) 2.878ms
[2026-09-17T15:40:04.289+0000][6502.134s][info ][gc,cpu         ] GC(109) User=0.00s Sys=0.00s Real=0.00s
[2026-09-17T15:41:35.784+0000][6593.629s][info ][gc,start       ] GC(110) Pause Young (Allocation Failure)
[2026-09-17T15:41:35.784+0000][6593.629s][debug][gc,heap        ] GC(110) Heap before GC invocations=110 (full 5):
[2026-09-17T15:41:35.784+0000][6593.629s][debug][gc,heap        ] GC(110)  def new generation   total 78912K, used 71226K [0x00000000e7000000, 0x00000000ec5a0000, 0x00000000ef550000)
[2026-09-17T15:41:35.784+0000][6593.629s][debug][gc,heap        ] GC(110)   eden space 70144K, 100% used [0x00000000e7000000, 0x00000000eb480000, 0x00000000eb480000)
[2026-09-17T15:41:35.784+0000][6593.629s][debug][gc,heap        ] GC(110)   from space 8768K,  12% used [0x00000000eb480000, 0x00000000eb58e880, 0x00000000ebd10000)
[2026-09-17T15:41:35.784+0000][6593.629s][debug][gc,heap        ] GC(110)   to   space 8768K,   0% used [0x00000000ebd10000, 0x00000000ebd10000, 0x00000000ec5a0000)
[2026-09-17T15:41:35.784+0000][6593.629s][debug][gc,heap        ] GC(110)  tenured generation   total 174784K, used 61188K [0x00000000ef550000, 0x00000000fa000000, 0x0000000100000000)
[2026-09-17T15:41:35.784+0000][6593.629s][debug][gc,heap        ] GC(110)    the space 174784K,  35% used [0x00000000ef550000, 0x00000000f31112f0, 0x00000000f3111400, 0x00000000fa000000)
[2026-09-17T15:41:35.784+0000][6593.629s][debug][gc,heap        ] GC(110)  Metaspace       used 142034K, committed 143296K, reserved 1179648K
[2026-09-17T15:41:35.784+0000][6593.629s][debug][gc,heap        ] GC(110)   class space    used 18620K, committed 19456K, reserved 1048576K
[2026-09-17T15:41:35.787+0000][6593.632s][info ][gc,heap        ] GC(110) DefNew: 71226K(78912K)->1514K(78912K) Eden: 70144K(70144K)->0K(70144K) From: 1082K(8768K)->1514K(8768K)
[2026-09-17T15:41:35.787+0000][6593.632s][info ][gc,heap        ] GC(110) Tenured: 61188K(174784K)->61190K(174784K)
[2026-09-17T15:41:35.787+0000][6593.632s][info ][gc,metaspace   ] GC(110) Metaspace: 142034K(143296K)->142034K(143296K) NonClass: 123414K(123840K)->123414K(123840K) Class: 18620K(19456K)->18620K(19456K)
[2026-09-17T15:41:35.787+0000][6593.632s][debug][gc,heap        ] GC(110) Heap after GC invocations=111 (full 5):
[2026-09-17T15:41:35.787+0000][6593.632s][debug][gc,heap        ] GC(110)  def new generation   total 78912K, used 1514K [0x00000000e7000000, 0x00000000ec5a0000, 0x00000000ef550000)
[2026-09-17T15:41:35.787+0000][6593.632s][debug][gc,heap        ] GC(110)   eden space 70144K,   0% used [0x00000000e7000000, 0x00000000e7000000, 0x00000000eb480000)
[2026-09-17T15:41:35.787+0000][6593.632s][debug][gc,heap        ] GC(110)   from space 8768K,  17% used [0x00000000ebd10000, 0x00000000ebe8ab50, 0x00000000ec5a0000)
[2026-09-17T15:41:35.787+0000][6593.632s][debug][gc,heap        ] GC(110)   to   space 8768K,   0% used [0x00000000eb480000, 0x00000000eb480000, 0x00000000ebd10000)
[2026-09-17T15:41:35.787+0000][6593.632s][debug][gc,heap        ] GC(110)  tenured generation   total 174784K, used 61190K [0x00000000ef550000, 0x00000000fa000000, 0x0000000100000000)
[2026-09-17T15:41:35.787+0000][6593.632s][debug][gc,heap        ] GC(110)    the space 174784K,  35% used [0x00000000ef550000, 0x00000000f31118d0, 0x00000000f3111a00, 0x00000000fa000000)
[2026-09-17T15:41:35.787+0000][6593.632s][debug][gc,heap        ] GC(110)  Metaspace       used 142034K, committed 143296K, reserved 1179648K
[2026-09-17T15:41:35.787+0000][6593.632s][debug][gc,heap        ] GC(110)   class space    used 18620K, committed 19456K, reserved 1048576K
[2026-09-17T15:41:35.787+0000][6593.632s][info ][gc             ] GC(110) Pause Young (Allocation Failure) 129M->61M(247M) 2.921ms
[2026-09-17T15:41:35.787+0000][6593.632s][info ][gc,cpu         ] GC(110) User=0.01s Sys=0.00s Real=0.01s
[2026-09-17T15:43:04.111+0000][6681.956s][info ][gc,start       ] GC(111) Pause Young (Allocation Failure)
[2026-09-17T15:43:04.111+0000][6681.956s][debug][gc,heap        ] GC(111) Heap before GC invocations=111 (full 5):
[2026-09-17T15:43:04.111+0000][6681.956s][debug][gc,heap        ] GC(111)  def new generation   total 78912K, used 71658K [0x00000000e7000000, 0x00000000ec5a0000, 0x00000000ef550000)
[2026-09-17T15:43:04.111+0000][6681.956s][debug][gc,heap        ] GC(111)   eden space 70144K, 100% used [0x00000000e7000000, 0x00000000eb480000, 0x00000000eb480000)
[2026-09-17T15:43:04.111+0000][6681.956s][debug][gc,heap        ] GC(111)   from space 8768K,  17% used [0x00000000ebd10000, 0x00000000ebe8ab50, 0x00000000ec5a0000)
[2026-09-17T15:43:04.111+0000][6681.956s][debug][gc,heap        ] GC(111)   to   space 8768K,   0% used [0x00000000eb480000, 0x00000000eb480000, 0x00000000ebd10000)
[2026-09-17T15:43:04.111+0000][6681.956s][debug][gc,heap        ] GC(111)  tenured generation   total 174784K, used 61190K [0x00000000ef550000, 0x00000000fa000000, 0x0000000100000000)
[2026-09-17T15:43:04.111+0000][6681.956s][debug][gc,heap        ] GC(111)    the space 174784K,  35% used [0x00000000ef550000, 0x00000000f31118d0, 0x00000000f3111a00, 0x00000000fa000000)
[2026-09-17T15:43:04.111+0000][6681.956s][debug][gc,heap        ] GC(111)  Metaspace       used 142034K, committed 143296K, reserved 1179648K
[2026-09-17T15:43:04.111+0000][6681.956s][debug][gc,heap        ] GC(111)   class space    used 18620K, committed 19456K, reserved 1048576K
[2026-09-17T15:43:04.114+0000][6681.959s][info ][gc,heap        ] GC(111) DefNew: 71658K(78912K)->1783K(78912K) Eden: 70144K(70144K)->0K(70144K) From: 1514K(8768K)->1783K(8768K)
[2026-09-17T15:43:04.114+0000][6681.959s][info ][gc,heap        ] GC(111) Tenured: 61190K(174784K)->61191K(174784K)
[2026-09-17T15:43:04.114+0000][6681.959s][info ][gc,metaspace   ] GC(111) Metaspace: 142034K(143296K)->142034K(143296K) NonClass: 123414K(123840K)->123414K(123840K) Class: 18620K(19456K)->18620K(19456K)
[2026-09-17T15:43:04.114+0000][6681.959s][debug][gc,heap        ] GC(111) Heap after GC invocations=112 (full 5):
[2026-09-17T15:43:04.114+0000][6681.959s][debug][gc,heap        ] GC(111)  def new generation   total 78912K, used 1783K [0x00000000e7000000, 0x00000000ec5a0000, 0x00000000ef550000)
[2026-09-17T15:43:04.114+0000][6681.959s][debug][gc,heap        ] GC(111)   eden space 70144K,   0% used [0x00000000e7000000, 0x00000000e7000000, 0x00000000eb480000)
[2026-09-17T15:43:04.114+0000][6681.959s][debug][gc,heap        ] GC(111)   from space 8768K,  20% used [0x00000000eb480000, 0x00000000eb63dfd8, 0x00000000ebd10000)
[2026-09-17T15:43:04.114+0000][6681.959s][debug][gc,heap        ] GC(111)   to   space 8768K,   0% used [0x00000000ebd10000, 0x00000000ebd10000, 0x00000000ec5a0000)
[2026-09-17T15:43:04.114+0000][6681.959s][debug][gc,heap        ] GC(111)  tenured generation   total 174784K, used 61191K [0x00000000ef550000, 0x00000000fa000000, 0x0000000100000000)
[2026-09-17T15:43:04.114+0000][6681.959s][debug][gc,heap        ] GC(111)    the space 174784K,  35% used [0x00000000ef550000, 0x00000000f3111c48, 0x00000000f3111e00, 0x00000000fa000000)
[2026-09-17T15:43:04.114+0000][6681.959s][debug][gc,heap        ] GC(111)  Metaspace       used 142034K, committed 143296K, reserved 1179648K
[2026-09-17T15:43:04.114+0000][6681.959s][debug][gc,heap        ] GC(111)   class space    used 18620K, committed 19456K, reserved 1048576K
[2026-09-17T15:43:04.114+0000][6681.959s][info ][gc             ] GC(111) Pause Young (Allocation Failure) 129M->61M(247M) 3.086ms
[2026-09-17T15:43:04.114+0000][6681.959s][info ][gc,cpu         ] GC(111) User=0.00s Sys=0.00s Real=0.00s
[2026-09-17T15:44:29.552+0000][6767.397s][info ][gc,start       ] GC(112) Pause Young (Allocation Failure)
[2026-09-17T15:44:29.552+0000][6767.397s][debug][gc,heap        ] GC(112) Heap before GC invocations=112 (full 5):
[2026-09-17T15:44:29.552+0000][6767.397s][debug][gc,heap        ] GC(112)  def new generation   total 78912K, used 71927K [0x00000000e7000000, 0x00000000ec5a0000, 0x00000000ef550000)
[2026-09-17T15:44:29.552+0000][6767.397s][debug][gc,heap        ] GC(112)   eden space 70144K, 100% used [0x00000000e7000000, 0x00000000eb480000, 0x00000000eb480000)
[2026-09-17T15:44:29.552+0000][6767.397s][debug][gc,heap        ] GC(112)   from space 8768K,  20% used [0x00000000eb480000, 0x00000000eb63dfd8, 0x00000000ebd10000)
[2026-09-17T15:44:29.552+0000][6767.397s][debug][gc,heap        ] GC(112)   to   space 8768K,   0% used [0x00000000ebd10000, 0x00000000ebd10000, 0x00000000ec5a0000)
[2026-09-17T15:44:29.552+0000][6767.397s][debug][gc,heap        ] GC(112)  tenured generation   total 174784K, used 61191K [0x00000000ef550000, 0x00000000fa000000, 0x0000000100000000)
[2026-09-17T15:44:29.552+0000][6767.397s][debug][gc,heap        ] GC(112)    the space 174784K,  35% used [0x00000000ef550000, 0x00000000f3111c48, 0x00000000f3111e00, 0x00000000fa000000)
[2026-09-17T15:44:29.552+0000][6767.397s][debug][gc,heap        ] GC(112)  Metaspace       used 142034K, committed 143296K, reserved 1179648K
[2026-09-17T15:44:29.552+0000][6767.397s][debug][gc,heap        ] GC(112)   class space    used 18620K, committed 19456K, reserved 1048576K
[2026-09-17T15:44:29.555+0000][6767.400s][info ][gc,heap        ] GC(112) DefNew: 71927K(78912K)->789K(78912K) Eden: 70144K(70144K)->0K(70144K) From: 1783K(8768K)->789K(8768K)
[2026-09-17T15:44:29.555+0000][6767.400s][info ][gc,heap        ] GC(112) Tenured: 61191K(174784K)->61224K(174784K)
[2026-09-17T15:44:29.555+0000][6767.400s][info ][gc,metaspace   ] GC(112) Metaspace: 142034K(143296K)->142034K(143296K) NonClass: 123414K(123840K)->123414K(123840K) Class: 18620K(19456K)->18620K(19456K)
[2026-09-17T15:44:29.555+0000][6767.400s][debug][gc,heap        ] GC(112) Heap after GC invocations=113 (full 5):
[2026-09-17T15:44:29.555+0000][6767.400s][debug][gc,heap        ] GC(112)  def new generation   total 78912K, used 789K [0x00000000e7000000, 0x00000000ec5a0000, 0x00000000ef550000)
[2026-09-17T15:44:29.555+0000][6767.400s][debug][gc,heap        ] GC(112)   eden space 70144K,   0% used [0x00000000e7000000, 0x00000000e7000000, 0x00000000eb480000)
[2026-09-17T15:44:29.555+0000][6767.400s][debug][gc,heap        ] GC(112)   from space 8768K,   9% used [0x00000000ebd10000, 0x00000000ebdd5720, 0x00000000ec5a0000)
[2026-09-17T15:44:29.555+0000][6767.400s][debug][gc,heap        ] GC(112)   to   space 8768K,   0% used [0x00000000eb480000, 0x00000000eb480000, 0x00000000ebd10000)
[2026-09-17T15:44:29.555+0000][6767.400s][debug][gc,heap        ] GC(112)  tenured generation   total 174784K, used 61224K [0x00000000ef550000, 0x00000000fa000000, 0x0000000100000000)
[2026-09-17T15:44:29.555+0000][6767.400s][debug][gc,heap        ] GC(112)    the space 174784K,  35% used [0x00000000ef550000, 0x00000000f311a180, 0x00000000f311a200, 0x00000000fa000000)
[2026-09-17T15:44:29.555+0000][6767.400s][debug][gc,heap        ] GC(112)  Metaspace       used 142034K, committed 143296K, reserved 1179648K
[2026-09-17T15:44:29.555+0000][6767.400s][debug][gc,heap        ] GC(112)   class space    used 18620K, committed 19456K, reserved 1048576K
[2026-09-17T15:44:29.555+0000][6767.400s][info ][gc             ] GC(112) Pause Young (Allocation Failure) 129M->60M(247M) 2.445ms
[2026-09-17T15:44:29.555+0000][6767.400s][info ][gc,cpu         ] GC(112) User=0.00s Sys=0.00s Real=0.00s
[2026-09-17T15:45:56.516+0000][6854.361s][info ][gc,start       ] GC(113) Pause Young (Allocation Failure)
[2026-09-17T15:45:56.516+0000][6854.361s][debug][gc,heap        ] GC(113) Heap before GC invocations=113 (full 5):
[2026-09-17T15:45:56.516+0000][6854.361s][debug][gc,heap        ] GC(113)  def new generation   total 78912K, used 70933K [0x00000000e7000000, 0x00000000ec5a0000, 0x00000000ef550000)
[2026-09-17T15:45:56.516+0000][6854.361s][debug][gc,heap        ] GC(113)   eden space 70144K, 100% used [0x00000000e7000000, 0x00000000eb480000, 0x00000000eb480000)
[2026-09-17T15:45:56.516+0000][6854.361s][debug][gc,heap        ] GC(113)   from space 8768K,   9% used [0x00000000ebd10000, 0x00000000ebdd5720, 0x00000000ec5a0000)
[2026-09-17T15:45:56.516+0000][6854.361s][debug][gc,heap        ] GC(113)   to   space 8768K,   0% used [0x00000000eb480000, 0x00000000eb480000, 0x00000000ebd10000)
[2026-09-17T15:45:56.516+0000][6854.361s][debug][gc,heap        ] GC(113)  tenured generation   total 174784K, used 61224K [0x00000000ef550000, 0x00000000fa000000, 0x0000000100000000)
[2026-09-17T15:45:56.516+0000][6854.361s][debug][gc,heap        ] GC(113)    the space 174784K,  35% used [0x00000000ef550000, 0x00000000f311a180, 0x00000000f311a200, 0x00000000fa000000)
[2026-09-17T15:45:56.516+0000][6854.361s][debug][gc,heap        ] GC(113)  Metaspace       used 142035K, committed 143296K, reserved 1179648K
[2026-09-17T15:45:56.516+0000][6854.361s][debug][gc,heap        ] GC(113)   class space    used 18620K, committed 19456K, reserved 1048576K
[2026-09-17T15:45:56.519+0000][6854.364s][info ][gc,heap        ] GC(113) DefNew: 70933K(78912K)->911K(78912K) Eden: 70144K(70144K)->0K(70144K) From: 789K(8768K)->911K(8768K)
[2026-09-17T15:45:56.519+0000][6854.364s][info ][gc,heap        ] GC(113) Tenured: 61224K(174784K)->61224K(174784K)
[2026-09-17T15:45:56.519+0000][6854.364s][info ][gc,metaspace   ] GC(113) Metaspace: 142035K(143296K)->142035K(143296K) NonClass: 123415K(123840K)->123415K(123840K) Class: 18620K(19456K)->18620K(19456K)
[2026-09-17T15:45:56.519+0000][6854.364s][debug][gc,heap        ] GC(113) Heap after GC invocations=114 (full 5):
[2026-09-17T15:45:56.519+0000][6854.364s][debug][gc,heap        ] GC(113)  def new generation   total 78912K, used 911K [0x00000000e7000000, 0x00000000ec5a0000, 0x00000000ef550000)
[2026-09-17T15:45:56.519+0000][6854.364s][debug][gc,heap        ] GC(113)   eden space 70144K,   0% used [0x00000000e7000000, 0x00000000e7000000, 0x00000000eb480000)
[2026-09-17T15:45:56.519+0000][6854.364s][debug][gc,heap        ] GC(113)   from space 8768K,  10% used [0x00000000eb480000, 0x00000000eb563dc8, 0x00000000ebd10000)
[2026-09-17T15:45:56.519+0000][6854.364s][debug][gc,heap        ] GC(113)   to   space 8768K,   0% used [0x00000000ebd10000, 0x00000000ebd10000, 0x00000000ec5a0000)
[2026-09-17T15:45:56.519+0000][6854.364s][debug][gc,heap        ] GC(113)  tenured generation   total 174784K, used 61224K [0x00000000ef550000, 0x00000000fa000000, 0x0000000100000000)
[2026-09-17T15:45:56.519+0000][6854.364s][debug][gc,heap        ] GC(113)    the space 174784K,  35% used [0x00000000ef550000, 0x00000000f311a3f0, 0x00000000f311a400, 0x00000000fa000000)
[2026-09-17T15:45:56.519+0000][6854.364s][debug][gc,heap        ] GC(113)  Metaspace       used 142035K, committed 143296K, reserved 1179648K
[2026-09-17T15:45:56.519+0000][6854.364s][debug][gc,heap        ] GC(113)   class space    used 18620K, committed 19456K, reserved 1048576K
[2026-09-17T15:45:56.519+0000][6854.364s][info ][gc             ] GC(113) Pause Young (Allocation Failure) 129M->60M(247M) 2.558ms
[2026-09-17T15:45:56.519+0000][6854.364s][info ][gc,cpu         ] GC(113) User=0.01s Sys=0.00s Real=0.00s
[2026-09-17T15:47:30.261+0000][6948.106s][info ][gc,start       ] GC(114) Pause Young (Allocation Failure)
[2026-09-17T15:47:30.261+0000][6948.106s][debug][gc,heap        ] GC(114) Heap before GC invocations=114 (full 5):
[2026-09-17T15:47:30.261+0000][6948.106s][debug][gc,heap        ] GC(114)  def new generation   total 78912K, used 71055K [0x00000000e7000000, 0x00000000ec5a0000, 0x00000000ef550000)
[2026-09-17T15:47:30.261+0000][6948.106s][debug][gc,heap        ] GC(114)   eden space 70144K, 100% used [0x00000000e7000000, 0x00000000eb480000, 0x00000000eb480000)
[2026-09-17T15:47:30.261+0000][6948.106s][debug][gc,heap        ] GC(114)   from space 8768K,  10% used [0x00000000eb480000, 0x00000000eb563dc8, 0x00000000ebd10000)
[2026-09-17T15:47:30.261+0000][6948.106s][debug][gc,heap        ] GC(114)   to   space 8768K,   0% used [0x00000000ebd10000, 0x00000000ebd10000, 0x00000000ec5a0000)
[2026-09-17T15:47:30.261+0000][6948.106s][debug][gc,heap        ] GC(114)  tenured generation   total 174784K, used 61224K [0x00000000ef550000, 0x00000000fa000000, 0x0000000100000000)
[2026-09-17T15:47:30.261+0000][6948.106s][debug][gc,heap        ] GC(114)    the space 174784K,  35% used [0x00000000ef550000, 0x00000000f311a3f0, 0x00000000f311a400, 0x00000000fa000000)
[2026-09-17T15:47:30.261+0000][6948.106s][debug][gc,heap        ] GC(114)  Metaspace       used 142036K, committed 143296K, reserved 1179648K
[2026-09-17T15:47:30.261+0000][6948.106s][debug][gc,heap        ] GC(114)   class space    used 18620K, committed 19456K, reserved 1048576K
[2026-09-17T15:47:30.263+0000][6948.108s][info ][gc,heap        ] GC(114) DefNew: 71055K(78912K)->1023K(78912K) Eden: 70144K(70144K)->0K(70144K) From: 911K(8768K)->1023K(8768K)
[2026-09-17T15:47:30.263+0000][6948.108s][info ][gc,heap        ] GC(114) Tenured: 61224K(174784K)->61225K(174784K)
[2026-09-17T15:47:30.263+0000][6948.108s][info ][gc,metaspace   ] GC(114) Metaspace: 142036K(143296K)->142036K(143296K) NonClass: 123416K(123840K)->123416K(123840K) Class: 18620K(19456K)->18620K(19456K)
[2026-09-17T15:47:30.263+0000][6948.108s][debug][gc,heap        ] GC(114) Heap after GC invocations=115 (full 5):
[2026-09-17T15:47:30.263+0000][6948.108s][debug][gc,heap        ] GC(114)  def new generation   total 78912K, used 1023K [0x00000000e7000000, 0x00000000ec5a0000, 0x00000000ef550000)
[2026-09-17T15:47:30.263+0000][6948.108s][debug][gc,heap        ] GC(114)   eden space 70144K,   0% used [0x00000000e7000000, 0x00000000e7000000, 0x00000000eb480000)
[2026-09-17T15:47:30.263+0000][6948.108s][debug][gc,heap        ] GC(114)   from space 8768K,  11% used [0x00000000ebd10000, 0x00000000ebe0fce0, 0x00000000ec5a0000)
[2026-09-17T15:47:30.263+0000][6948.108s][debug][gc,heap        ] GC(114)   to   space 8768K,   0% used [0x00000000eb480000, 0x00000000eb480000, 0x00000000ebd10000)
[2026-09-17T15:47:30.263+0000][6948.108s][debug][gc,heap        ] GC(114)  tenured generation   total 174784K, used 61225K [0x00000000ef550000, 0x00000000fa000000, 0x0000000100000000)
[2026-09-17T15:47:30.263+0000][6948.108s][debug][gc,heap        ] GC(114)    the space 174784K,  35% used [0x00000000ef550000, 0x00000000f311a440, 0x00000000f311a600, 0x00000000fa000000)
[2026-09-17T15:47:30.263+0000][6948.108s][debug][gc,heap        ] GC(114)  Metaspace       used 142036K, committed 143296K, reserved 1179648K
[2026-09-17T15:47:30.263+0000][6948.108s][debug][gc,heap        ] GC(114)   class space    used 18620K, committed 19456K, reserved 1048576K
[2026-09-17T15:47:30.263+0000][6948.108s][info ][gc             ] GC(114) Pause Young (Allocation Failure) 129M->60M(247M) 2.660ms
[2026-09-17T15:47:30.263+0000][6948.108s][info ][gc,cpu         ] GC(114) User=0.00s Sys=0.00s Real=0.00s
[2026-09-17T15:48:59.798+0000][7037.643s][info ][gc,start       ] GC(115) Pause Young (Allocation Failure)
[2026-09-17T15:48:59.798+0000][7037.643s][debug][gc,heap        ] GC(115) Heap before GC invocations=115 (full 5):
[2026-09-17T15:48:59.798+0000][7037.643s][debug][gc,heap        ] GC(115)  def new generation   total 78912K, used 71167K [0x00000000e7000000, 0x00000000ec5a0000, 0x00000000ef550000)
[2026-09-17T15:48:59.798+0000][7037.643s][debug][gc,heap        ] GC(115)   eden space 70144K, 100% used [0x00000000e7000000, 0x00000000eb480000, 0x00000000eb480000)
[2026-09-17T15:48:59.798+0000][7037.643s][debug][gc,heap        ] GC(115)   from space 8768K,  11% used [0x00000000ebd10000, 0x00000000ebe0fce0, 0x00000000ec5a0000)
[2026-09-17T15:48:59.798+0000][7037.643s][debug][gc,heap        ] GC(115)   to   space 8768K,   0% used [0x00000000eb480000, 0x00000000eb480000, 0x00000000ebd10000)
[2026-09-17T15:48:59.798+0000][7037.643s][debug][gc,heap        ] GC(115)  tenured generation   total 174784K, used 61225K [0x00000000ef550000, 0x00000000fa000000, 0x0000000100000000)
[2026-09-17T15:48:59.798+0000][7037.643s][debug][gc,heap        ] GC(115)    the space 174784K,  35% used [0x00000000ef550000, 0x00000000f311a440, 0x00000000f311a600, 0x00000000fa000000)
[2026-09-17T15:48:59.798+0000][7037.643s][debug][gc,heap        ] GC(115)  Metaspace       used 142036K, committed 143296K, reserved 1179648K
[2026-09-17T15:48:59.798+0000][7037.643s][debug][gc,heap        ] GC(115)   class space    used 18620K, committed 19456K, reserved 1048576K
[2026-09-17T15:48:59.801+0000][7037.646s][info ][gc,heap        ] GC(115) DefNew: 71167K(78912K)->955K(78912K) Eden: 70144K(70144K)->0K(70144K) From: 1023K(8768K)->955K(8768K)
[2026-09-17T15:48:59.801+0000][7037.646s][info ][gc,heap        ] GC(115) Tenured: 61225K(174784K)->61225K(174784K)
[2026-09-17T15:48:59.801+0000][7037.646s][info ][gc,metaspace   ] GC(115) Metaspace: 142036K(143296K)->142036K(143296K) NonClass: 123416K(123840K)->123416K(123840K) Class: 18620K(19456K)->18620K(19456K)
[2026-09-17T15:48:59.801+0000][7037.646s][debug][gc,heap        ] GC(115) Heap after GC invocations=116 (full 5):
[2026-09-17T15:48:59.801+0000][7037.646s][debug][gc,heap        ] GC(115)  def new generation   total 78912K, used 955K [0x00000000e7000000, 0x00000000ec5a0000, 0x00000000ef550000)
[2026-09-17T15:48:59.801+0000][7037.646s][debug][gc,heap        ] GC(115)   eden space 70144K,   0% used [0x00000000e7000000, 0x00000000e7000000, 0x00000000eb480000)
[2026-09-17T15:48:59.801+0000][7037.646s][debug][gc,heap        ] GC(115)   from space 8768K,  10% used [0x00000000eb480000, 0x00000000eb56ee18, 0x00000000ebd10000)
[2026-09-17T15:48:59.801+0000][7037.646s][debug][gc,heap        ] GC(115)   to   space 8768K,   0% used [0x00000000ebd10000, 0x00000000ebd10000, 0x00000000ec5a0000)
[2026-09-17T15:48:59.801+0000][7037.646s][debug][gc,heap        ] GC(115)  tenured generation   total 174784K, used 61225K [0x00000000ef550000, 0x00000000fa000000, 0x0000000100000000)
[2026-09-17T15:48:59.801+0000][7037.646s][debug][gc,heap        ] GC(115)    the space 174784K,  35% used [0x00000000ef550000, 0x00000000f311a718, 0x00000000f311a800, 0x00000000fa000000)
[2026-09-17T15:48:59.801+0000][7037.646s][debug][gc,heap        ] GC(115)  Metaspace       used 142036K, committed 143296K, reserved 1179648K
[2026-09-17T15:48:59.801+0000][7037.646s][debug][gc,heap        ] GC(115)   class space    used 18620K, committed 19456K, reserved 1048576K
[2026-09-17T15:48:59.801+0000][7037.646s][info ][gc             ] GC(115) Pause Young (Allocation Failure) 129M->60M(247M) 2.687ms
[2026-09-17T15:48:59.801+0000][7037.646s][info ][gc,cpu         ] GC(115) User=0.00s Sys=0.00s Real=0.00s
[2026-09-17T15:50:27.881+0000][7125.726s][info ][gc,start       ] GC(116) Pause Young (Allocation Failure)
[2026-09-17T15:50:27.881+0000][7125.726s][debug][gc,heap        ] GC(116) Heap before GC invocations=116 (full 5):
[2026-09-17T15:50:27.881+0000][7125.726s][debug][gc,heap        ] GC(116)  def new generation   total 78912K, used 71099K [0x00000000e7000000, 0x00000000ec5a0000, 0x00000000ef550000)
[2026-09-17T15:50:27.881+0000][7125.726s][debug][gc,heap        ] GC(116)   eden space 70144K, 100% used [0x00000000e7000000, 0x00000000eb480000, 0x00000000eb480000)
[2026-09-17T15:50:27.881+0000][7125.726s][debug][gc,heap        ] GC(116)   from space 8768K,  10% used [0x00000000eb480000, 0x00000000eb56ee18, 0x00000000ebd10000)
[2026-09-17T15:50:27.881+0000][7125.726s][debug][gc,heap        ] GC(116)   to   space 8768K,   0% used [0x00000000ebd10000, 0x00000000ebd10000, 0x00000000ec5a0000)
[2026-09-17T15:50:27.881+0000][7125.726s][debug][gc,heap        ] GC(116)  tenured generation   total 174784K, used 61225K [0x00000000ef550000, 0x00000000fa000000, 0x0000000100000000)
[2026-09-17T15:50:27.881+0000][7125.726s][debug][gc,heap        ] GC(116)    the space 174784K,  35% used [0x00000000ef550000, 0x00000000f311a718, 0x00000000f311a800, 0x00000000fa000000)
[2026-09-17T15:50:27.881+0000][7125.726s][debug][gc,heap        ] GC(116)  Metaspace       used 142036K, committed 143296K, reserved 1179648K
[2026-09-17T15:50:27.881+0000][7125.726s][debug][gc,heap        ] GC(116)   class space    used 18620K, committed 19456K, reserved 1048576K
[2026-09-17T15:50:27.884+0000][7125.729s][info ][gc,heap        ] GC(116) DefNew: 71099K(78912K)->1535K(78912K) Eden: 70144K(70144K)->0K(70144K) From: 955K(8768K)->1535K(8768K)
[2026-09-17T15:50:27.884+0000][7125.729s][info ][gc,heap        ] GC(116) Tenured: 61225K(174784K)->61225K(174784K)
[2026-09-17T15:50:27.884+0000][7125.729s][info ][gc,metaspace   ] GC(116) Metaspace: 142036K(143296K)->142036K(143296K) NonClass: 123416K(123840K)->123416K(123840K) Class: 18620K(19456K)->18620K(19456K)
[2026-09-17T15:50:27.884+0000][7125.729s][debug][gc,heap        ] GC(116) Heap after GC invocations=117 (full 5):
[2026-09-17T15:50:27.884+0000][7125.729s][debug][gc,heap        ] GC(116)  def new generation   total 78912K, used 1535K [0x00000000e7000000, 0x00000000ec5a0000, 0x00000000ef550000)
[2026-09-17T15:50:27.884+0000][7125.729s][debug][gc,heap        ] GC(116)   eden space 70144K,   0% used [0x00000000e7000000, 0x00000000e7000000, 0x00000000eb480000)
[2026-09-17T15:50:27.884+0000][7125.729s][debug][gc,heap        ] GC(116)   from space 8768K,  17% used [0x00000000ebd10000, 0x00000000ebe8fe40, 0x00000000ec5a0000)
[2026-09-17T15:50:27.884+0000][7125.729s][debug][gc,heap        ] GC(116)   to   space 8768K,   0% used [0x00000000eb480000, 0x00000000eb480000, 0x00000000ebd10000)
[2026-09-17T15:50:27.884+0000][7125.729s][debug][gc,heap        ] GC(116)  tenured generation   total 174784K, used 61225K [0x00000000ef550000, 0x00000000fa000000, 0x0000000100000000)
[2026-09-17T15:50:27.884+0000][7125.729s][debug][gc,heap        ] GC(116)    the space 174784K,  35% used [0x00000000ef550000, 0x00000000f311a770, 0x00000000f311a800, 0x00000000fa000000)
[2026-09-17T15:50:27.884+0000][7125.729s][debug][gc,heap        ] GC(116)  Metaspace       used 142036K, committed 143296K, reserved 1179648K
[2026-09-17T15:50:27.884+0000][7125.729s][debug][gc,heap        ] GC(116)   class space    used 18620K, committed 19456K, reserved 1048576K
[2026-09-17T15:50:27.884+0000][7125.729s][info ][gc             ] GC(116) Pause Young (Allocation Failure) 129M->61M(247M) 2.694ms
[2026-09-17T15:50:27.884+0000][7125.729s][info ][gc,cpu         ] GC(116) User=0.00s Sys=0.00s Real=0.00s
[2026-09-17T15:51:54.511+0000][7212.356s][info ][gc,start       ] GC(117) Pause Young (Allocation Failure)
[2026-09-17T15:51:54.511+0000][7212.356s][debug][gc,heap        ] GC(117) Heap before GC invocations=117 (full 5):
[2026-09-17T15:51:54.511+0000][7212.357s][debug][gc,heap        ] GC(117)  def new generation   total 78912K, used 71679K [0x00000000e7000000, 0x00000000ec5a0000, 0x00000000ef550000)
[2026-09-17T15:51:54.511+0000][7212.357s][debug][gc,heap        ] GC(117)   eden space 70144K, 100% used [0x00000000e7000000, 0x00000000eb480000, 0x00000000eb480000)
[2026-09-17T15:51:54.511+0000][7212.357s][debug][gc,heap        ] GC(117)   from space 8768K,  17% used [0x00000000ebd10000, 0x00000000ebe8fe40, 0x00000000ec5a0000)
[2026-09-17T15:51:54.511+0000][7212.357s][debug][gc,heap        ] GC(117)   to   space 8768K,   0% used [0x00000000eb480000, 0x00000000eb480000, 0x00000000ebd10000)
[2026-09-17T15:51:54.511+0000][7212.357s][debug][gc,heap        ] GC(117)  tenured generation   total 174784K, used 61225K [0x00000000ef550000, 0x00000000fa000000, 0x0000000100000000)
[2026-09-17T15:51:54.511+0000][7212.357s][debug][gc,heap        ] GC(117)    the space 174784K,  35% used [0x00000000ef550000, 0x00000000f311a770, 0x00000000f311a800, 0x00000000fa000000)
[2026-09-17T15:51:54.511+0000][7212.357s][debug][gc,heap        ] GC(117)  Metaspace       used 142036K, committed 143296K, reserved 1179648K
[2026-09-17T15:51:54.511+0000][7212.357s][debug][gc,heap        ] GC(117)   class space    used 18620K, committed 19456K, reserved 1048576K
[2026-09-17T15:51:54.514+0000][7212.359s][info ][gc,heap        ] GC(117) DefNew: 71679K(78912K)->888K(78912K) Eden: 70144K(70144K)->0K(70144K) From: 1535K(8768K)->888K(8768K)
[2026-09-17T15:51:54.514+0000][7212.359s][info ][gc,heap        ] GC(117) Tenured: 61225K(174784K)->61226K(174784K)
[2026-09-17T15:51:54.514+0000][7212.359s][info ][gc,metaspace   ] GC(117) Metaspace: 142036K(143296K)->142036K(143296K) NonClass: 123416K(123840K)->123416K(123840K) Class: 18620K(19456K)->18620K(19456K)
[2026-09-17T15:51:54.514+0000][7212.359s][debug][gc,heap        ] GC(117) Heap after GC invocations=118 (full 5):
[2026-09-17T15:51:54.514+0000][7212.359s][debug][gc,heap        ] GC(117)  def new generation   total 78912K, used 888K [0x00000000e7000000, 0x00000000ec5a0000, 0x00000000ef550000)
[2026-09-17T15:51:54.514+0000][7212.359s][debug][gc,heap        ] GC(117)   eden space 70144K,   0% used [0x00000000e7000000, 0x00000000e7000000, 0x00000000eb480000)
[2026-09-17T15:51:54.514+0000][7212.359s][debug][gc,heap        ] GC(117)   from space 8768K,  10% used [0x00000000eb480000, 0x00000000eb55e348, 0x00000000ebd10000)
[2026-09-17T15:51:54.514+0000][7212.359s][debug][gc,heap        ] GC(117)   to   space 8768K,   0% used [0x00000000ebd10000, 0x00000000ebd10000, 0x00000000ec5a0000)
[2026-09-17T15:51:54.514+0000][7212.359s][debug][gc,heap        ] GC(117)  tenured generation   total 174784K, used 61226K [0x00000000ef550000, 0x00000000fa000000, 0x0000000100000000)
[2026-09-17T15:51:54.514+0000][7212.359s][debug][gc,heap        ] GC(117)    the space 174784K,  35% used [0x00000000ef550000, 0x00000000f311a958, 0x00000000f311aa00, 0x00000000fa000000)
[2026-09-17T15:51:54.514+0000][7212.359s][debug][gc,heap        ] GC(117)  Metaspace       used 142036K, committed 143296K, reserved 1179648K
[2026-09-17T15:51:54.514+0000][7212.359s][debug][gc,heap        ] GC(117)   class space    used 18620K, committed 19456K, reserved 1048576K
[2026-09-17T15:51:54.514+0000][7212.359s][info ][gc             ] GC(117) Pause Young (Allocation Failure) 129M->60M(247M) 2.637ms
[2026-09-17T15:51:54.514+0000][7212.359s][info ][gc,cpu         ] GC(117) User=0.00s Sys=0.00s Real=0.00s
[2026-09-17T15:53:24.769+0000][7302.614s][info ][gc,start       ] GC(118) Pause Young (Allocation Failure)
[2026-09-17T15:53:24.769+0000][7302.614s][debug][gc,heap        ] GC(118) Heap before GC invocations=118 (full 5):
[2026-09-17T15:53:24.769+0000][7302.614s][debug][gc,heap        ] GC(118)  def new generation   total 78912K, used 71032K [0x00000000e7000000, 0x00000000ec5a0000, 0x00000000ef550000)
[2026-09-17T15:53:24.769+0000][7302.614s][debug][gc,heap        ] GC(118)   eden space 70144K, 100% used [0x00000000e7000000, 0x00000000eb480000, 0x00000000eb480000)
[2026-09-17T15:53:24.769+0000][7302.614s][debug][gc,heap        ] GC(118)   from space 8768K,  10% used [0x00000000eb480000, 0x00000000eb55e348, 0x00000000ebd10000)
[2026-09-17T15:53:24.769+0000][7302.614s][debug][gc,heap        ] GC(118)   to   space 8768K,   0% used [0x00000000ebd10000, 0x00000000ebd10000, 0x00000000ec5a0000)
[2026-09-17T15:53:24.769+0000][7302.614s][debug][gc,heap        ] GC(118)  tenured generation   total 174784K, used 61226K [0x00000000ef550000, 0x00000000fa000000, 0x0000000100000000)
[2026-09-17T15:53:24.769+0000][7302.614s][debug][gc,heap        ] GC(118)    the space 174784K,  35% used [0x00000000ef550000, 0x00000000f311a958, 0x00000000f311aa00, 0x00000000fa000000)
[2026-09-17T15:53:24.769+0000][7302.614s][debug][gc,heap        ] GC(118)  Metaspace       used 142036K, committed 143296K, reserved 1179648K
[2026-09-17T15:53:24.769+0000][7302.614s][debug][gc,heap        ] GC(118)   class space    used 18620K, committed 19456K, reserved 1048576K
[2026-09-17T15:53:24.772+0000][7302.617s][info ][gc,heap        ] GC(118) DefNew: 71032K(78912K)->1028K(78912K) Eden: 70144K(70144K)->0K(70144K) From: 888K(8768K)->1028K(8768K)
[2026-09-17T15:53:24.772+0000][7302.617s][info ][gc,heap        ] GC(118) Tenured: 61226K(174784K)->61226K(174784K)
[2026-09-17T15:53:24.772+0000][7302.617s][info ][gc,metaspace   ] GC(118) Metaspace: 142036K(143296K)->142036K(143296K) NonClass: 123416K(123840K)->123416K(123840K) Class: 18620K(19456K)->18620K(19456K)
[2026-09-17T15:53:24.772+0000][7302.617s][debug][gc,heap        ] GC(118) Heap after GC invocations=119 (full 5):
[2026-09-17T15:53:24.772+0000][7302.617s][debug][gc,heap        ] GC(118)  def new generation   total 78912K, used 1028K [0x00000000e7000000, 0x00000000ec5a0000, 0x00000000ef550000)
[2026-09-17T15:53:24.772+0000][7302.617s][debug][gc,heap        ] GC(118)   eden space 70144K,   0% used [0x00000000e7000000, 0x00000000e7000000, 0x00000000eb480000)
[2026-09-17T15:53:24.772+0000][7302.617s][debug][gc,heap        ] GC(118)   from space 8768K,  11% used [0x00000000ebd10000, 0x00000000ebe11140, 0x00000000ec5a0000)
[2026-09-17T15:53:24.772+0000][7302.617s][debug][gc,heap        ] GC(118)   to   space 8768K,   0% used [0x00000000eb480000, 0x00000000eb480000, 0x00000000ebd10000)
[2026-09-17T15:53:24.772+0000][7302.617s][debug][gc,heap        ] GC(118)  tenured generation   total 174784K, used 61226K [0x00000000ef550000, 0x00000000fa000000, 0x0000000100000000)
[2026-09-17T15:53:24.772+0000][7302.617s][debug][gc,heap        ] GC(118)    the space 174784K,  35% used [0x00000000ef550000, 0x00000000f311a990, 0x00000000f311aa00, 0x00000000fa000000)
[2026-09-17T15:53:24.772+0000][7302.617s][debug][gc,heap        ] GC(118)  Metaspace       used 142036K, committed 143296K, reserved 1179648K
[2026-09-17T15:53:24.772+0000][7302.617s][debug][gc,heap        ] GC(118)   class space    used 18620K, committed 19456K, reserved 1048576K
[2026-09-17T15:53:24.772+0000][7302.617s][info ][gc             ] GC(118) Pause Young (Allocation Failure) 129M->60M(247M) 2.639ms
[2026-09-17T15:53:24.772+0000][7302.617s][info ][gc,cpu         ] GC(118) User=0.00s Sys=0.00s Real=0.00s
[2026-09-17T15:54:56.810+0000][7394.655s][info ][gc,start       ] GC(119) Pause Young (Allocation Failure)
[2026-09-17T15:54:56.810+0000][7394.655s][debug][gc,heap        ] GC(119) Heap before GC invocations=119 (full 5):
[2026-09-17T15:54:56.810+0000][7394.655s][debug][gc,heap        ] GC(119)  def new generation   total 78912K, used 71172K [0x00000000e7000000, 0x00000000ec5a0000, 0x00000000ef550000)
[2026-09-17T15:54:56.810+0000][7394.655s][debug][gc,heap        ] GC(119)   eden space 70144K, 100% used [0x00000000e7000000, 0x00000000eb480000, 0x00000000eb480000)
[2026-09-17T15:54:56.810+0000][7394.655s][debug][gc,heap        ] GC(119)   from space 8768K,  11% used [0x00000000ebd10000, 0x00000000ebe11140, 0x00000000ec5a0000)
[2026-09-17T15:54:56.810+0000][7394.655s][debug][gc,heap        ] GC(119)   to   space 8768K,   0% used [0x00000000eb480000, 0x00000000eb480000, 0x00000000ebd10000)
[2026-09-17T15:54:56.810+0000][7394.655s][debug][gc,heap        ] GC(119)  tenured generation   total 174784K, used 61226K [0x00000000ef550000, 0x00000000fa000000, 0x0000000100000000)
[2026-09-17T15:54:56.810+0000][7394.655s][debug][gc,heap        ] GC(119)    the space 174784K,  35% used [0x00000000ef550000, 0x00000000f311a990, 0x00000000f311aa00, 0x00000000fa000000)
[2026-09-17T15:54:56.810+0000][7394.655s][debug][gc,heap        ] GC(119)  Metaspace       used 142038K, committed 143296K, reserved 1179648K
[2026-09-17T15:54:56.810+0000][7394.655s][debug][gc,heap        ] GC(119)   class space    used 18620K, committed 19456K, reserved 1048576K
[2026-09-17T15:54:56.812+0000][7394.657s][info ][gc,heap        ] GC(119) DefNew: 71172K(78912K)->1237K(78912K) Eden: 70144K(70144K)->0K(70144K) From: 1028K(8768K)->1237K(8768K)
[2026-09-17T15:54:56.812+0000][7394.657s][info ][gc,heap        ] GC(119) Tenured: 61226K(174784K)->61260K(174784K)
[2026-09-17T15:54:56.812+0000][7394.657s][info ][gc,metaspace   ] GC(119) Metaspace: 142038K(143296K)->142038K(143296K) NonClass: 123418K(123840K)->123418K(123840K) Class: 18620K(19456K)->18620K(19456K)
[2026-09-17T15:54:56.812+0000][7394.657s][debug][gc,heap        ] GC(119) Heap after GC invocations=120 (full 5):
[2026-09-17T15:54:56.812+0000][7394.657s][debug][gc,heap        ] GC(119)  def new generation   total 78912K, used 1237K [0x00000000e7000000, 0x00000000ec5a0000, 0x00000000ef550000)
[2026-09-17T15:54:56.812+0000][7394.657s][debug][gc,heap        ] GC(119)   eden space 70144K,   0% used [0x00000000e7000000, 0x00000000e7000000, 0x00000000eb480000)
[2026-09-17T15:54:56.812+0000][7394.657s][debug][gc,heap        ] GC(119)   from space 8768K,  14% used [0x00000000eb480000, 0x00000000eb5b56c0, 0x00000000ebd10000)
[2026-09-17T15:54:56.812+0000][7394.657s][debug][gc,heap        ] GC(119)   to   space 8768K,   0% used [0x00000000ebd10000, 0x00000000ebd10000, 0x00000000ec5a0000)
[2026-09-17T15:54:56.812+0000][7394.657s][debug][gc,heap        ] GC(119)  tenured generation   total 174784K, used 61260K [0x00000000ef550000, 0x00000000fa000000, 0x0000000100000000)
[2026-09-17T15:54:56.812+0000][7394.657s][debug][gc,heap        ] GC(119)    the space 174784K,  35% used [0x00000000ef550000, 0x00000000f3123328, 0x00000000f3123400, 0x00000000fa000000)
[2026-09-17T15:54:56.812+0000][7394.657s][debug][gc,heap        ] GC(119)  Metaspace       used 142038K, committed 143296K, reserved 1179648K
[2026-09-17T15:54:56.812+0000][7394.657s][debug][gc,heap        ] GC(119)   class space    used 18620K, committed 19456K, reserved 1048576K
[2026-09-17T15:54:56.812+0000][7394.657s][info ][gc             ] GC(119) Pause Young (Allocation Failure) 129M->61M(247M) 2.627ms
[2026-09-17T15:54:56.812+0000][7394.658s][info ][gc,cpu         ] GC(119) User=0.01s Sys=0.00s Real=0.00s
[2026-09-17T15:56:22.803+0000][7480.648s][info ][gc,start       ] GC(120) Pause Young (Allocation Failure)
[2026-09-17T15:56:22.803+0000][7480.648s][debug][gc,heap        ] GC(120) Heap before GC invocations=120 (full 5):
[2026-09-17T15:56:22.803+0000][7480.648s][debug][gc,heap        ] GC(120)  def new generation   total 78912K, used 71381K [0x00000000e7000000, 0x00000000ec5a0000, 0x00000000ef550000)
[2026-09-17T15:56:22.803+0000][7480.648s][debug][gc,heap        ] GC(120)   eden space 70144K, 100% used [0x00000000e7000000, 0x00000000eb480000, 0x00000000eb480000)
[2026-09-17T15:56:22.803+0000][7480.648s][debug][gc,heap        ] GC(120)   from space 8768K,  14% used [0x00000000eb480000, 0x00000000eb5b56c0, 0x00000000ebd10000)
[2026-09-17T15:56:22.803+0000][7480.648s][debug][gc,heap        ] GC(120)   to   space 8768K,   0% used [0x00000000ebd10000, 0x00000000ebd10000, 0x00000000ec5a0000)
[2026-09-17T15:56:22.803+0000][7480.648s][debug][gc,heap        ] GC(120)  tenured generation   total 174784K, used 61260K [0x00000000ef550000, 0x00000000fa000000, 0x0000000100000000)
[2026-09-17T15:56:22.803+0000][7480.648s][debug][gc,heap        ] GC(120)    the space 174784K,  35% used [0x00000000ef550000, 0x00000000f3123328, 0x00000000f3123400, 0x00000000fa000000)
[2026-09-17T15:56:22.803+0000][7480.648s][debug][gc,heap        ] GC(120)  Metaspace       used 142038K, committed 143296K, reserved 1179648K
[2026-09-17T15:56:22.803+0000][7480.648s][debug][gc,heap        ] GC(120)   class space    used 18620K, committed 19456K, reserved 1048576K
[2026-09-17T15:56:22.805+0000][7480.650s][info ][gc,heap        ] GC(120) DefNew: 71381K(78912K)->674K(78912K) Eden: 70144K(70144K)->0K(70144K) From: 1237K(8768K)->674K(8768K)
[2026-09-17T15:56:22.805+0000][7480.650s][info ][gc,heap        ] GC(120) Tenured: 61260K(174784K)->61365K(174784K)
[2026-09-17T15:56:22.805+0000][7480.650s][info ][gc,metaspace   ] GC(120) Metaspace: 142038K(143296K)->142038K(143296K) NonClass: 123418K(123840K)->123418K(123840K) Class: 18620K(19456K)->18620K(19456K)
[2026-09-17T15:56:22.805+0000][7480.650s][debug][gc,heap        ] GC(120) Heap after GC invocations=121 (full 5):
[2026-09-17T15:56:22.805+0000][7480.650s][debug][gc,heap        ] GC(120)  def new generation   total 78912K, used 674K [0x00000000e7000000, 0x00000000ec5a0000, 0x00000000ef550000)
[2026-09-17T15:56:22.805+0000][7480.650s][debug][gc,heap        ] GC(120)   eden space 70144K,   0% used [0x00000000e7000000, 0x00000000e7000000, 0x00000000eb480000)
[2026-09-17T15:56:22.805+0000][7480.650s][debug][gc,heap        ] GC(120)   from space 8768K,   7% used [0x00000000ebd10000, 0x00000000ebdb88b8, 0x00000000ec5a0000)
[2026-09-17T15:56:22.805+0000][7480.650s][debug][gc,heap        ] GC(120)   to   space 8768K,   0% used [0x00000000eb480000, 0x00000000eb480000, 0x00000000ebd10000)
[2026-09-17T15:56:22.805+0000][7480.650s][debug][gc,heap        ] GC(120)  tenured generation   total 174784K, used 61365K [0x00000000ef550000, 0x00000000fa000000, 0x0000000100000000)
[2026-09-17T15:56:22.805+0000][7480.650s][debug][gc,heap        ] GC(120)    the space 174784K,  35% used [0x00000000ef550000, 0x00000000f313d550, 0x00000000f313d600, 0x00000000fa000000)
[2026-09-17T15:56:22.805+0000][7480.651s][debug][gc,heap        ] GC(120)  Metaspace       used 142038K, committed 143296K, reserved 1179648K
[2026-09-17T15:56:22.805+0000][7480.651s][debug][gc,heap        ] GC(120)   class space    used 18620K, committed 19456K, reserved 1048576K
[2026-09-17T15:56:22.805+0000][7480.651s][info ][gc             ] GC(120) Pause Young (Allocation Failure) 129M->60M(247M) 2.209ms
[2026-09-17T15:56:22.805+0000][7480.651s][info ][gc,cpu         ] GC(120) User=0.00s Sys=0.00s Real=0.01s
[2026-09-17T15:57:49.488+0000][7567.333s][info ][gc,start       ] GC(121) Pause Young (Allocation Failure)
[2026-09-17T15:57:49.488+0000][7567.333s][debug][gc,heap        ] GC(121) Heap before GC invocations=121 (full 5):
[2026-09-17T15:57:49.488+0000][7567.333s][debug][gc,heap        ] GC(121)  def new generation   total 78912K, used 70818K [0x00000000e7000000, 0x00000000ec5a0000, 0x00000000ef550000)
[2026-09-17T15:57:49.488+0000][7567.333s][debug][gc,heap        ] GC(121)   eden space 70144K, 100% used [0x00000000e7000000, 0x00000000eb480000, 0x00000000eb480000)
[2026-09-17T15:57:49.488+0000][7567.333s][debug][gc,heap        ] GC(121)   from space 8768K,   7% used [0x00000000ebd10000, 0x00000000ebdb88b8, 0x00000000ec5a0000)
[2026-09-17T15:57:49.488+0000][7567.333s][debug][gc,heap        ] GC(121)   to   space 8768K,   0% used [0x00000000eb480000, 0x00000000eb480000, 0x00000000ebd10000)
[2026-09-17T15:57:49.488+0000][7567.333s][debug][gc,heap        ] GC(121)  tenured generation   total 174784K, used 61365K [0x00000000ef550000, 0x00000000fa000000, 0x0000000100000000)
[2026-09-17T15:57:49.488+0000][7567.333s][debug][gc,heap        ] GC(121)    the space 174784K,  35% used [0x00000000ef550000, 0x00000000f313d550, 0x00000000f313d600, 0x00000000fa000000)
[2026-09-17T15:57:49.488+0000][7567.333s][debug][gc,heap        ] GC(121)  Metaspace       used 142039K, committed 143296K, reserved 1179648K
[2026-09-17T15:57:49.488+0000][7567.333s][debug][gc,heap        ] GC(121)   class space    used 18620K, committed 19456K, reserved 1048576K
[2026-09-17T15:57:49.490+0000][7567.335s][info ][gc,heap        ] GC(121) DefNew: 70818K(78912K)->794K(78912K) Eden: 70144K(70144K)->0K(70144K) From: 674K(8768K)->794K(8768K)
[2026-09-17T15:57:49.490+0000][7567.335s][info ][gc,heap        ] GC(121) Tenured: 61365K(174784K)->61365K(174784K)
[2026-09-17T15:57:49.490+0000][7567.335s][info ][gc,metaspace   ] GC(121) Metaspace: 142039K(143296K)->142039K(143296K) NonClass: 123419K(123840K)->123419K(123840K) Class: 18620K(19456K)->18620K(19456K)
[2026-09-17T15:57:49.490+0000][7567.335s][debug][gc,heap        ] GC(121) Heap after GC invocations=122 (full 5):
[2026-09-17T15:57:49.490+0000][7567.335s][debug][gc,heap        ] GC(121)  def new generation   total 78912K, used 794K [0x00000000e7000000, 0x00000000ec5a0000, 0x00000000ef550000)
[2026-09-17T15:57:49.490+0000][7567.335s][debug][gc,heap        ] GC(121)   eden space 70144K,   0% used [0x00000000e7000000, 0x00000000e7000000, 0x00000000eb480000)
[2026-09-17T15:57:49.490+0000][7567.335s][debug][gc,heap        ] GC(121)   from space 8768K,   9% used [0x00000000eb480000, 0x00000000eb546950, 0x00000000ebd10000)
[2026-09-17T15:57:49.490+0000][7567.335s][debug][gc,heap        ] GC(121)   to   space 8768K,   0% used [0x00000000ebd10000, 0x00000000ebd10000, 0x00000000ec5a0000)
[2026-09-17T15:57:49.490+0000][7567.335s][debug][gc,heap        ] GC(121)  tenured generation   total 174784K, used 61365K [0x00000000ef550000, 0x00000000fa000000, 0x0000000100000000)
[2026-09-17T15:57:49.490+0000][7567.335s][debug][gc,heap        ] GC(121)    the space 174784K,  35% used [0x00000000ef550000, 0x00000000f313d578, 0x00000000f313d600, 0x00000000fa000000)
[2026-09-17T15:57:49.490+0000][7567.335s][debug][gc,heap        ] GC(121)  Metaspace       used 142039K, committed 143296K, reserved 1179648K
[2026-09-17T15:57:49.490+0000][7567.335s][debug][gc,heap        ] GC(121)   class space    used 18620K, committed 19456K, reserved 1048576K
[2026-09-17T15:57:49.490+0000][7567.335s][info ][gc             ] GC(121) Pause Young (Allocation Failure) 129M->60M(247M) 2.353ms
[2026-09-17T15:57:49.490+0000][7567.335s][info ][gc,cpu         ] GC(121) User=0.01s Sys=0.00s Real=0.00s
[2026-09-17T15:59:17.011+0000][7654.856s][info ][gc,start       ] GC(122) Pause Young (Allocation Failure)
[2026-09-17T15:59:17.011+0000][7654.856s][debug][gc,heap        ] GC(122) Heap before GC invocations=122 (full 5):
[2026-09-17T15:59:17.011+0000][7654.856s][debug][gc,heap        ] GC(122)  def new generation   total 78912K, used 70938K [0x00000000e7000000, 0x00000000ec5a0000, 0x00000000ef550000)
[2026-09-17T15:59:17.011+0000][7654.856s][debug][gc,heap        ] GC(122)   eden space 70144K, 100% used [0x00000000e7000000, 0x00000000eb480000, 0x00000000eb480000)
[2026-09-17T15:59:17.011+0000][7654.856s][debug][gc,heap        ] GC(122)   from space 8768K,   9% used [0x00000000eb480000, 0x00000000eb546950, 0x00000000ebd10000)
[2026-09-17T15:59:17.011+0000][7654.856s][debug][gc,heap        ] GC(122)   to   space 8768K,   0% used [0x00000000ebd10000, 0x00000000ebd10000, 0x00000000ec5a0000)
[2026-09-17T15:59:17.011+0000][7654.856s][debug][gc,heap        ] GC(122)  tenured generation   total 174784K, used 61365K [0x00000000ef550000, 0x00000000fa000000, 0x0000000100000000)
[2026-09-17T15:59:17.011+0000][7654.856s][debug][gc,heap        ] GC(122)    the space 174784K,  35% used [0x00000000ef550000, 0x00000000f313d578, 0x00000000f313d600, 0x00000000fa000000)
[2026-09-17T15:59:17.011+0000][7654.856s][debug][gc,heap        ] GC(122)  Metaspace       used 142039K, committed 143296K, reserved 1179648K
[2026-09-17T15:59:17.011+0000][7654.856s][debug][gc,heap        ] GC(122)   class space    used 18620K, committed 19456K, reserved 1048576K
[2026-09-17T15:59:17.013+0000][7654.858s][info ][gc,heap        ] GC(122) DefNew: 70938K(78912K)->838K(78912K) Eden: 70144K(70144K)->0K(70144K) From: 794K(8768K)->838K(8768K)
[2026-09-17T15:59:17.013+0000][7654.858s][info ][gc,heap        ] GC(122) Tenured: 61365K(174784K)->61470K(174784K)
[2026-09-17T15:59:17.013+0000][7654.858s][info ][gc,metaspace   ] GC(122) Metaspace: 142039K(143296K)->142039K(143296K) NonClass: 123419K(123840K)->123419K(123840K) Class: 18620K(19456K)->18620K(19456K)
[2026-09-17T15:59:17.013+0000][7654.858s][debug][gc,heap        ] GC(122) Heap after GC invocations=123 (full 5):
[2026-09-17T15:59:17.013+0000][7654.858s][debug][gc,heap        ] GC(122)  def new generation   total 78912K, used 838K [0x00000000e7000000, 0x00000000ec5a0000, 0x00000000ef550000)
[2026-09-17T15:59:17.013+0000][7654.858s][debug][gc,heap        ] GC(122)   eden space 70144K,   0% used [0x00000000e7000000, 0x00000000e7000000, 0x00000000eb480000)
[2026-09-17T15:59:17.013+0000][7654.858s][debug][gc,heap        ] GC(122)   from space 8768K,   9% used [0x00000000ebd10000, 0x00000000ebde1ac8, 0x00000000ec5a0000)
[2026-09-17T15:59:17.013+0000][7654.858s][debug][gc,heap        ] GC(122)   to   space 8768K,   0% used [0x00000000eb480000, 0x00000000eb480000, 0x00000000ebd10000)
[2026-09-17T15:59:17.013+0000][7654.858s][debug][gc,heap        ] GC(122)  tenured generation   total 174784K, used 61470K [0x00000000ef550000, 0x00000000fa000000, 0x0000000100000000)
[2026-09-17T15:59:17.013+0000][7654.858s][debug][gc,heap        ] GC(122)    the space 174784K,  35% used [0x00000000ef550000, 0x00000000f3157908, 0x00000000f3157a00, 0x00000000fa000000)
[2026-09-17T15:59:17.013+0000][7654.858s][debug][gc,heap        ] GC(122)  Metaspace       used 142039K, committed 143296K, reserved 1179648K
[2026-09-17T15:59:17.013+0000][7654.858s][debug][gc,heap        ] GC(122)   class space    used 18620K, committed 19456K, reserved 1048576K
[2026-09-17T15:59:17.013+0000][7654.858s][info ][gc             ] GC(122) Pause Young (Allocation Failure) 129M->60M(247M) 2.412ms
[2026-09-17T15:59:17.013+0000][7654.858s][info ][gc,cpu         ] GC(122) User=0.00s Sys=0.00s Real=0.00s
[2026-09-17T16:00:46.148+0000][7743.993s][info ][gc,start       ] GC(123) Pause Young (Allocation Failure)
[2026-09-17T16:00:46.148+0000][7743.993s][debug][gc,heap        ] GC(123) Heap before GC invocations=123 (full 5):
[2026-09-17T16:00:46.148+0000][7743.993s][debug][gc,heap        ] GC(123)  def new generation   total 78912K, used 70982K [0x00000000e7000000, 0x00000000ec5a0000, 0x00000000ef550000)
[2026-09-17T16:00:46.148+0000][7743.993s][debug][gc,heap        ] GC(123)   eden space 70144K, 100% used [0x00000000e7000000, 0x00000000eb480000, 0x00000000eb480000)
[2026-09-17T16:00:46.148+0000][7743.993s][debug][gc,heap        ] GC(123)   from space 8768K,   9% used [0x00000000ebd10000, 0x00000000ebde1ac8, 0x00000000ec5a0000)
[2026-09-17T16:00:46.148+0000][7743.993s][debug][gc,heap        ] GC(123)   to   space 8768K,   0% used [0x00000000eb480000, 0x00000000eb480000, 0x00000000ebd10000)
[2026-09-17T16:00:46.148+0000][7743.993s][debug][gc,heap        ] GC(123)  tenured generation   total 174784K, used 61470K [0x00000000ef550000, 0x00000000fa000000, 0x0000000100000000)
[2026-09-17T16:00:46.148+0000][7743.993s][debug][gc,heap        ] GC(123)    the space 174784K,  35% used [0x00000000ef550000, 0x00000000f3157908, 0x00000000f3157a00, 0x00000000fa000000)
[2026-09-17T16:00:46.148+0000][7743.993s][debug][gc,heap        ] GC(123)  Metaspace       used 142058K, committed 143360K, reserved 1179648K
[2026-09-17T16:00:46.148+0000][7743.993s][debug][gc,heap        ] GC(123)   class space    used 18620K, committed 19456K, reserved 1048576K
[2026-09-17T16:00:46.151+0000][7743.996s][info ][gc,heap        ] GC(123) DefNew: 70982K(78912K)->953K(78912K) Eden: 70144K(70144K)->0K(70144K) From: 838K(8768K)->953K(8768K)
[2026-09-17T16:00:46.151+0000][7743.996s][info ][gc,heap        ] GC(123) Tenured: 61470K(174784K)->61521K(174784K)
[2026-09-17T16:00:46.151+0000][7743.996s][info ][gc,metaspace   ] GC(123) Metaspace: 142058K(143360K)->142058K(143360K) NonClass: 123438K(123904K)->123438K(123904K) Class: 18620K(19456K)->18620K(19456K)
[2026-09-17T16:00:46.151+0000][7743.996s][debug][gc,heap        ] GC(123) Heap after GC invocations=124 (full 5):
[2026-09-17T16:00:46.151+0000][7743.996s][debug][gc,heap        ] GC(123)  def new generation   total 78912K, used 953K [0x00000000e7000000, 0x00000000ec5a0000, 0x00000000ef550000)
[2026-09-17T16:00:46.151+0000][7743.996s][debug][gc,heap        ] GC(123)   eden space 70144K,   0% used [0x00000000e7000000, 0x00000000e7000000, 0x00000000eb480000)
[2026-09-17T16:00:46.151+0000][7743.996s][debug][gc,heap        ] GC(123)   from space 8768K,  10% used [0x00000000eb480000, 0x00000000eb56e488, 0x00000000ebd10000)
[2026-09-17T16:00:46.151+0000][7743.996s][debug][gc,heap        ] GC(123)   to   space 8768K,   0% used [0x00000000ebd10000, 0x00000000ebd10000, 0x00000000ec5a0000)
[2026-09-17T16:00:46.151+0000][7743.996s][debug][gc,heap        ] GC(123)  tenured generation   total 174784K, used 61521K [0x00000000ef550000, 0x00000000fa000000, 0x0000000100000000)
[2026-09-17T16:00:46.151+0000][7743.996s][debug][gc,heap        ] GC(123)    the space 174784K,  35% used [0x00000000ef550000, 0x00000000f3164608, 0x00000000f3164800, 0x00000000fa000000)
[2026-09-17T16:00:46.151+0000][7743.996s][debug][gc,heap        ] GC(123)  Metaspace       used 142058K, committed 143360K, reserved 1179648K
[2026-09-17T16:00:46.151+0000][7743.996s][debug][gc,heap        ] GC(123)   class space    used 18620K, committed 19456K, reserved 1048576K
[2026-09-17T16:00:46.151+0000][7743.996s][info ][gc             ] GC(123) Pause Young (Allocation Failure) 129M->61M(247M) 2.537ms
[2026-09-17T16:00:46.151+0000][7743.996s][info ][gc,cpu         ] GC(123) User=0.00s Sys=0.00s Real=0.00s
[2026-09-17T16:02:20.026+0000][7837.871s][info ][gc,start       ] GC(124) Pause Young (Allocation Failure)
[2026-09-17T16:02:20.026+0000][7837.871s][debug][gc,heap        ] GC(124) Heap before GC invocations=124 (full 5):
[2026-09-17T16:02:20.026+0000][7837.871s][debug][gc,heap        ] GC(124)  def new generation   total 78912K, used 71097K [0x00000000e7000000, 0x00000000ec5a0000, 0x00000000ef550000)
[2026-09-17T16:02:20.026+0000][7837.871s][debug][gc,heap        ] GC(124)   eden space 70144K, 100% used [0x00000000e7000000, 0x00000000eb480000, 0x00000000eb480000)
[2026-09-17T16:02:20.026+0000][7837.871s][debug][gc,heap        ] GC(124)   from space 8768K,  10% used [0x00000000eb480000, 0x00000000eb56e488, 0x00000000ebd10000)
[2026-09-17T16:02:20.026+0000][7837.871s][debug][gc,heap        ] GC(124)   to   space 8768K,   0% used [0x00000000ebd10000, 0x00000000ebd10000, 0x00000000ec5a0000)
[2026-09-17T16:02:20.026+0000][7837.871s][debug][gc,heap        ] GC(124)  tenured generation   total 174784K, used 61521K [0x00000000ef550000, 0x00000000fa000000, 0x0000000100000000)
[2026-09-17T16:02:20.026+0000][7837.871s][debug][gc,heap        ] GC(124)    the space 174784K,  35% used [0x00000000ef550000, 0x00000000f3164608, 0x00000000f3164800, 0x00000000fa000000)
[2026-09-17T16:02:20.026+0000][7837.871s][debug][gc,heap        ] GC(124)  Metaspace       used 142093K, committed 143424K, reserved 1179648K
[2026-09-17T16:02:20.026+0000][7837.871s][debug][gc,heap        ] GC(124)   class space    used 18621K, committed 19456K, reserved 1048576K
[2026-09-17T16:02:20.029+0000][7837.874s][info ][gc,heap        ] GC(124) DefNew: 71097K(78912K)->1362K(78912K) Eden: 70144K(70144K)->0K(70144K) From: 953K(8768K)->1362K(8768K)
[2026-09-17T16:02:20.029+0000][7837.874s][info ][gc,heap        ] GC(124) Tenured: 61521K(174784K)->61522K(174784K)
[2026-09-17T16:02:20.029+0000][7837.874s][info ][gc,metaspace   ] GC(124) Metaspace: 142093K(143424K)->142093K(143424K) NonClass: 123472K(123968K)->123472K(123968K) Class: 18621K(19456K)->18621K(19456K)
[2026-09-17T16:02:20.029+0000][7837.874s][debug][gc,heap        ] GC(124) Heap after GC invocations=125 (full 5):
[2026-09-17T16:02:20.029+0000][7837.874s][debug][gc,heap        ] GC(124)  def new generation   total 78912K, used 1362K [0x00000000e7000000, 0x00000000ec5a0000, 0x00000000ef550000)
[2026-09-17T16:02:20.029+0000][7837.874s][debug][gc,heap        ] GC(124)   eden space 70144K,   0% used [0x00000000e7000000, 0x00000000e7000000, 0x00000000eb480000)
[2026-09-17T16:02:20.029+0000][7837.874s][debug][gc,heap        ] GC(124)   from space 8768K,  15% used [0x00000000ebd10000, 0x00000000ebe64b20, 0x00000000ec5a0000)
[2026-09-17T16:02:20.029+0000][7837.874s][debug][gc,heap        ] GC(124)   to   space 8768K,   0% used [0x00000000eb480000, 0x00000000eb480000, 0x00000000ebd10000)
[2026-09-17T16:02:20.029+0000][7837.874s][debug][gc,heap        ] GC(124)  tenured generation   total 174784K, used 61522K [0x00000000ef550000, 0x00000000fa000000, 0x0000000100000000)
[2026-09-17T16:02:20.029+0000][7837.874s][debug][gc,heap        ] GC(124)    the space 174784K,  35% used [0x00000000ef550000, 0x00000000f3164b90, 0x00000000f3164c00, 0x00000000fa000000)
[2026-09-17T16:02:20.029+0000][7837.874s][debug][gc,heap        ] GC(124)  Metaspace       used 142093K, committed 143424K, reserved 1179648K
[2026-09-17T16:02:20.029+0000][7837.874s][debug][gc,heap        ] GC(124)   class space    used 18621K, committed 19456K, reserved 1048576K
[2026-09-17T16:02:20.029+0000][7837.874s][info ][gc             ] GC(124) Pause Young (Allocation Failure) 129M->61M(247M) 2.708ms
[2026-09-17T16:02:20.029+0000][7837.874s][info ][gc,cpu         ] GC(124) User=0.01s Sys=0.00s Real=0.00s
[2026-09-17T16:03:49.133+0000][7926.978s][info ][gc,start       ] GC(125) Pause Young (Allocation Failure)
[2026-09-17T16:03:49.133+0000][7926.978s][debug][gc,heap        ] GC(125) Heap before GC invocations=125 (full 5):
[2026-09-17T16:03:49.133+0000][7926.978s][debug][gc,heap        ] GC(125)  def new generation   total 78912K, used 71506K [0x00000000e7000000, 0x00000000ec5a0000, 0x00000000ef550000)
[2026-09-17T16:03:49.133+0000][7926.978s][debug][gc,heap        ] GC(125)   eden space 70144K, 100% used [0x00000000e7000000, 0x00000000eb480000, 0x00000000eb480000)
[2026-09-17T16:03:49.133+0000][7926.978s][debug][gc,heap        ] GC(125)   from space 8768K,  15% used [0x00000000ebd10000, 0x00000000ebe64b20, 0x00000000ec5a0000)
[2026-09-17T16:03:49.133+0000][7926.978s][debug][gc,heap        ] GC(125)   to   space 8768K,   0% used [0x00000000eb480000, 0x00000000eb480000, 0x00000000ebd10000)
[2026-09-17T16:03:49.133+0000][7926.978s][debug][gc,heap        ] GC(125)  tenured generation   total 174784K, used 61522K [0x00000000ef550000, 0x00000000fa000000, 0x0000000100000000)
[2026-09-17T16:03:49.133+0000][7926.978s][debug][gc,heap        ] GC(125)    the space 174784K,  35% used [0x00000000ef550000, 0x00000000f3164b90, 0x00000000f3164c00, 0x00000000fa000000)
[2026-09-17T16:03:49.133+0000][7926.978s][debug][gc,heap        ] GC(125)  Metaspace       used 142093K, committed 143424K, reserved 1179648K
[2026-09-17T16:03:49.133+0000][7926.978s][debug][gc,heap        ] GC(125)   class space    used 18621K, committed 19456K, reserved 1048576K
[2026-09-17T16:03:49.136+0000][7926.981s][info ][gc,heap        ] GC(125) DefNew: 71506K(78912K)->1393K(78912K) Eden: 70144K(70144K)->0K(70144K) From: 1362K(8768K)->1393K(8768K)
[2026-09-17T16:03:49.136+0000][7926.981s][info ][gc,heap        ] GC(125) Tenured: 61522K(174784K)->61682K(174784K)
[2026-09-17T16:03:49.136+0000][7926.981s][info ][gc,metaspace   ] GC(125) Metaspace: 142093K(143424K)->142093K(143424K) NonClass: 123472K(123968K)->123472K(123968K) Class: 18621K(19456K)->18621K(19456K)
[2026-09-17T16:03:49.136+0000][7926.981s][debug][gc,heap        ] GC(125) Heap after GC invocations=126 (full 5):
[2026-09-17T16:03:49.136+0000][7926.981s][debug][gc,heap        ] GC(125)  def new generation   total 78912K, used 1393K [0x00000000e7000000, 0x00000000ec5a0000, 0x00000000ef550000)
[2026-09-17T16:03:49.136+0000][7926.981s][debug][gc,heap        ] GC(125)   eden space 70144K,   0% used [0x00000000e7000000, 0x00000000e7000000, 0x00000000eb480000)
[2026-09-17T16:03:49.136+0000][7926.981s][debug][gc,heap        ] GC(125)   from space 8768K,  15% used [0x00000000eb480000, 0x00000000eb5dc4f8, 0x00000000ebd10000)
[2026-09-17T16:03:49.136+0000][7926.981s][debug][gc,heap        ] GC(125)   to   space 8768K,   0% used [0x00000000ebd10000, 0x00000000ebd10000, 0x00000000ec5a0000)
[2026-09-17T16:03:49.136+0000][7926.981s][debug][gc,heap        ] GC(125)  tenured generation   total 174784K, used 61682K [0x00000000ef550000, 0x00000000fa000000, 0x0000000100000000)
[2026-09-17T16:03:49.136+0000][7926.981s][debug][gc,heap        ] GC(125)    the space 174784K,  35% used [0x00000000ef550000, 0x00000000f318c990, 0x00000000f318ca00, 0x00000000fa000000)
[2026-09-17T16:03:49.136+0000][7926.981s][debug][gc,heap        ] GC(125)  Metaspace       used 142093K, committed 143424K, reserved 1179648K
[2026-09-17T16:03:49.136+0000][7926.981s][debug][gc,heap        ] GC(125)   class space    used 18621K, committed 19456K, reserved 1048576K
[2026-09-17T16:03:49.136+0000][7926.981s][info ][gc             ] GC(125) Pause Young (Allocation Failure) 129M->61M(247M) 3.042ms
[2026-09-17T16:03:49.136+0000][7926.981s][info ][gc,cpu         ] GC(125) User=0.00s Sys=0.00s Real=0.01s
[2026-09-17T16:05:13.869+0000][8011.714s][info ][gc,start       ] GC(126) Pause Young (Allocation Failure)
[2026-09-17T16:05:13.869+0000][8011.714s][debug][gc,heap        ] GC(126) Heap before GC invocations=126 (full 5):
[2026-09-17T16:05:13.869+0000][8011.714s][debug][gc,heap        ] GC(126)  def new generation   total 78912K, used 71537K [0x00000000e7000000, 0x00000000ec5a0000, 0x00000000ef550000)
[2026-09-17T16:05:13.869+0000][8011.714s][debug][gc,heap        ] GC(126)   eden space 70144K, 100% used [0x00000000e7000000, 0x00000000eb480000, 0x00000000eb480000)
[2026-09-17T16:05:13.869+0000][8011.714s][debug][gc,heap        ] GC(126)   from space 8768K,  15% used [0x00000000eb480000, 0x00000000eb5dc4f8, 0x00000000ebd10000)
[2026-09-17T16:05:13.869+0000][8011.714s][debug][gc,heap        ] GC(126)   to   space 8768K,   0% used [0x00000000ebd10000, 0x00000000ebd10000, 0x00000000ec5a0000)
[2026-09-17T16:05:13.869+0000][8011.714s][debug][gc,heap        ] GC(126)  tenured generation   total 174784K, used 61682K [0x00000000ef550000, 0x00000000fa000000, 0x0000000100000000)
[2026-09-17T16:05:13.869+0000][8011.714s][debug][gc,heap        ] GC(126)    the space 174784K,  35% used [0x00000000ef550000, 0x00000000f318c990, 0x00000000f318ca00, 0x00000000fa000000)
[2026-09-17T16:05:13.869+0000][8011.714s][debug][gc,heap        ] GC(126)  Metaspace       used 142096K, committed 143424K, reserved 1179648K
[2026-09-17T16:05:13.869+0000][8011.715s][debug][gc,heap        ] GC(126)   class space    used 18621K, committed 19456K, reserved 1048576K
[2026-09-17T16:05:13.872+0000][8011.717s][info ][gc,heap        ] GC(126) DefNew: 71537K(78912K)->644K(78912K) Eden: 70144K(70144K)->0K(70144K) From: 1393K(8768K)->644K(8768K)
[2026-09-17T16:05:13.872+0000][8011.717s][info ][gc,heap        ] GC(126) Tenured: 61682K(174784K)->61717K(174784K)
[2026-09-17T16:05:13.872+0000][8011.717s][info ][gc,metaspace   ] GC(126) Metaspace: 142096K(143424K)->142096K(143424K) NonClass: 123475K(123968K)->123475K(123968K) Class: 18621K(19456K)->18621K(19456K)
[2026-09-17T16:05:13.872+0000][8011.717s][debug][gc,heap        ] GC(126) Heap after GC invocations=127 (full 5):
[2026-09-17T16:05:13.872+0000][8011.717s][debug][gc,heap        ] GC(126)  def new generation   total 78912K, used 644K [0x00000000e7000000, 0x00000000ec5a0000, 0x00000000ef550000)
[2026-09-17T16:05:13.872+0000][8011.717s][debug][gc,heap        ] GC(126)   eden space 70144K,   0% used [0x00000000e7000000, 0x00000000e7000000, 0x00000000eb480000)
[2026-09-17T16:05:13.872+0000][8011.717s][debug][gc,heap        ] GC(126)   from space 8768K,   7% used [0x00000000ebd10000, 0x00000000ebdb1290, 0x00000000ec5a0000)
[2026-09-17T16:05:13.872+0000][8011.717s][debug][gc,heap        ] GC(126)   to   space 8768K,   0% used [0x00000000eb480000, 0x00000000eb480000, 0x00000000ebd10000)
[2026-09-17T16:05:13.872+0000][8011.717s][debug][gc,heap        ] GC(126)  tenured generation   total 174784K, used 61717K [0x00000000ef550000, 0x00000000fa000000, 0x0000000100000000)
[2026-09-17T16:05:13.872+0000][8011.717s][debug][gc,heap        ] GC(126)    the space 174784K,  35% used [0x00000000ef550000, 0x00000000f3195470, 0x00000000f3195600, 0x00000000fa000000)
[2026-09-17T16:05:13.872+0000][8011.717s][debug][gc,heap        ] GC(126)  Metaspace       used 142096K, committed 143424K, reserved 1179648K
[2026-09-17T16:05:13.872+0000][8011.717s][debug][gc,heap        ] GC(126)   class space    used 18621K, committed 19456K, reserved 1048576K
[2026-09-17T16:05:13.872+0000][8011.717s][info ][gc             ] GC(126) Pause Young (Allocation Failure) 130M->60M(247M) 2.276ms
[2026-09-17T16:05:13.872+0000][8011.717s][info ][gc,cpu         ] GC(126) User=0.00s Sys=0.00s Real=0.00s
[2026-09-17T16:06:45.789+0000][8103.634s][info ][gc,start       ] GC(127) Pause Young (Allocation Failure)
[2026-09-17T16:06:45.789+0000][8103.634s][debug][gc,heap        ] GC(127) Heap before GC invocations=127 (full 5):
[2026-09-17T16:06:45.789+0000][8103.634s][debug][gc,heap        ] GC(127)  def new generation   total 78912K, used 70788K [0x00000000e7000000, 0x00000000ec5a0000, 0x00000000ef550000)
[2026-09-17T16:06:45.789+0000][8103.634s][debug][gc,heap        ] GC(127)   eden space 70144K, 100% used [0x00000000e7000000, 0x00000000eb480000, 0x00000000eb480000)
[2026-09-17T16:06:45.789+0000][8103.634s][debug][gc,heap        ] GC(127)   from space 8768K,   7% used [0x00000000ebd10000, 0x00000000ebdb1290, 0x00000000ec5a0000)
[2026-09-17T16:06:45.789+0000][8103.635s][debug][gc,heap        ] GC(127)   to   space 8768K,   0% used [0x00000000eb480000, 0x00000000eb480000, 0x00000000ebd10000)
[2026-09-17T16:06:45.789+0000][8103.635s][debug][gc,heap        ] GC(127)  tenured generation   total 174784K, used 61717K [0x00000000ef550000, 0x00000000fa000000, 0x0000000100000000)
[2026-09-17T16:06:45.789+0000][8103.635s][debug][gc,heap        ] GC(127)    the space 174784K,  35% used [0x00000000ef550000, 0x00000000f3195470, 0x00000000f3195600, 0x00000000fa000000)
[2026-09-17T16:06:45.789+0000][8103.635s][debug][gc,heap        ] GC(127)  Metaspace       used 142098K, committed 143424K, reserved 1179648K
[2026-09-17T16:06:45.789+0000][8103.635s][debug][gc,heap        ] GC(127)   class space    used 18621K, committed 19456K, reserved 1048576K
[2026-09-17T16:06:45.792+0000][8103.637s][info ][gc,heap        ] GC(127) DefNew: 70788K(78912K)->727K(78912K) Eden: 70144K(70144K)->0K(70144K) From: 644K(8768K)->727K(8768K)
[2026-09-17T16:06:45.792+0000][8103.637s][info ][gc,heap        ] GC(127) Tenured: 61717K(174784K)->61766K(174784K)
[2026-09-17T16:06:45.792+0000][8103.637s][info ][gc,metaspace   ] GC(127) Metaspace: 142098K(143424K)->142098K(143424K) NonClass: 123477K(123968K)->123477K(123968K) Class: 18621K(19456K)->18621K(19456K)
[2026-09-17T16:06:45.792+0000][8103.637s][debug][gc,heap        ] GC(127) Heap after GC invocations=128 (full 5):
[2026-09-17T16:06:45.792+0000][8103.637s][debug][gc,heap        ] GC(127)  def new generation   total 78912K, used 727K [0x00000000e7000000, 0x00000000ec5a0000, 0x00000000ef550000)
[2026-09-17T16:06:45.792+0000][8103.637s][debug][gc,heap        ] GC(127)   eden space 70144K,   0% used [0x00000000e7000000, 0x00000000e7000000, 0x00000000eb480000)
[2026-09-17T16:06:45.792+0000][8103.637s][debug][gc,heap        ] GC(127)   from space 8768K,   8% used [0x00000000eb480000, 0x00000000eb535e28, 0x00000000ebd10000)
[2026-09-17T16:06:45.792+0000][8103.637s][debug][gc,heap        ] GC(127)   to   space 8768K,   0% used [0x00000000ebd10000, 0x00000000ebd10000, 0x00000000ec5a0000)
[2026-09-17T16:06:45.792+0000][8103.637s][debug][gc,heap        ] GC(127)  tenured generation   total 174784K, used 61766K [0x00000000ef550000, 0x00000000fa000000, 0x0000000100000000)
[2026-09-17T16:06:45.792+0000][8103.637s][debug][gc,heap        ] GC(127)    the space 174784K,  35% used [0x00000000ef550000, 0x00000000f31a1b28, 0x00000000f31a1c00, 0x00000000fa000000)
[2026-09-17T16:06:45.792+0000][8103.637s][debug][gc,heap        ] GC(127)  Metaspace       used 142098K, committed 143424K, reserved 1179648K
[2026-09-17T16:06:45.792+0000][8103.637s][debug][gc,heap        ] GC(127)   class space    used 18621K, committed 19456K, reserved 1048576K
[2026-09-17T16:06:45.792+0000][8103.637s][info ][gc             ] GC(127) Pause Young (Allocation Failure) 129M->61M(247M) 2.531ms
[2026-09-17T16:06:45.792+0000][8103.637s][info ][gc,cpu         ] GC(127) User=0.01s Sys=0.00s Real=0.00s
[2026-09-17T16:08:17.020+0000][8194.865s][info ][gc,start       ] GC(128) Pause Young (Allocation Failure)
[2026-09-17T16:08:17.020+0000][8194.865s][debug][gc,heap        ] GC(128) Heap before GC invocations=128 (full 5):
[2026-09-17T16:08:17.020+0000][8194.865s][debug][gc,heap        ] GC(128)  def new generation   total 78912K, used 70871K [0x00000000e7000000, 0x00000000ec5a0000, 0x00000000ef550000)
[2026-09-17T16:08:17.020+0000][8194.866s][debug][gc,heap        ] GC(128)   eden space 70144K, 100% used [0x00000000e7000000, 0x00000000eb480000, 0x00000000eb480000)
[2026-09-17T16:08:17.020+0000][8194.866s][debug][gc,heap        ] GC(128)   from space 8768K,   8% used [0x00000000eb480000, 0x00000000eb535e28, 0x00000000ebd10000)
[2026-09-17T16:08:17.020+0000][8194.866s][debug][gc,heap        ] GC(128)   to   space 8768K,   0% used [0x00000000ebd10000, 0x00000000ebd10000, 0x00000000ec5a0000)
[2026-09-17T16:08:17.020+0000][8194.866s][debug][gc,heap        ] GC(128)  tenured generation   total 174784K, used 61766K [0x00000000ef550000, 0x00000000fa000000, 0x0000000100000000)
[2026-09-17T16:08:17.020+0000][8194.866s][debug][gc,heap        ] GC(128)    the space 174784K,  35% used [0x00000000ef550000, 0x00000000f31a1b28, 0x00000000f31a1c00, 0x00000000fa000000)
[2026-09-17T16:08:17.020+0000][8194.866s][debug][gc,heap        ] GC(128)  Metaspace       used 142099K, committed 143424K, reserved 1179648K
[2026-09-17T16:08:17.020+0000][8194.866s][debug][gc,heap        ] GC(128)   class space    used 18621K, committed 19456K, reserved 1048576K
[2026-09-17T16:08:17.023+0000][8194.868s][info ][gc,heap        ] GC(128) DefNew: 70871K(78912K)->927K(78912K) Eden: 70144K(70144K)->0K(70144K) From: 727K(8768K)->927K(8768K)
[2026-09-17T16:08:17.023+0000][8194.868s][info ][gc,heap        ] GC(128) Tenured: 61766K(174784K)->61822K(174784K)
[2026-09-17T16:08:17.023+0000][8194.868s][info ][gc,metaspace   ] GC(128) Metaspace: 142099K(143424K)->142099K(143424K) NonClass: 123477K(123968K)->123477K(123968K) Class: 18621K(19456K)->18621K(19456K)
[2026-09-17T16:08:17.023+0000][8194.868s][debug][gc,heap        ] GC(128) Heap after GC invocations=129 (full 5):
[2026-09-17T16:08:17.023+0000][8194.868s][debug][gc,heap        ] GC(128)  def new generation   total 78912K, used 927K [0x00000000e7000000, 0x00000000ec5a0000, 0x00000000ef550000)
[2026-09-17T16:08:17.023+0000][8194.868s][debug][gc,heap        ] GC(128)   eden space 70144K,   0% used [0x00000000e7000000, 0x00000000e7000000, 0x00000000eb480000)
[2026-09-17T16:08:17.023+0000][8194.868s][debug][gc,heap        ] GC(128)   from space 8768K,  10% used [0x00000000ebd10000, 0x00000000ebdf7fc8, 0x00000000ec5a0000)
[2026-09-17T16:08:17.023+0000][8194.868s][debug][gc,heap        ] GC(128)   to   space 8768K,   0% used [0x00000000eb480000, 0x00000000eb480000, 0x00000000ebd10000)
[2026-09-17T16:08:17.023+0000][8194.868s][debug][gc,heap        ] GC(128)  tenured generation   total 174784K, used 61822K [0x00000000ef550000, 0x00000000fa000000, 0x0000000100000000)
[2026-09-17T16:08:17.023+0000][8194.868s][debug][gc,heap        ] GC(128)    the space 174784K,  35% used [0x00000000ef550000, 0x00000000f31af950, 0x00000000f31afa00, 0x00000000fa000000)
[2026-09-17T16:08:17.023+0000][8194.868s][debug][gc,heap        ] GC(128)  Metaspace       used 142099K, committed 143424K, reserved 1179648K
[2026-09-17T16:08:17.023+0000][8194.868s][debug][gc,heap        ] GC(128)   class space    used 18621K, committed 19456K, reserved 1048576K
[2026-09-17T16:08:17.023+0000][8194.868s][info ][gc             ] GC(128) Pause Young (Allocation Failure) 129M->61M(247M) 2.609ms
[2026-09-17T16:08:17.023+0000][8194.868s][info ][gc,cpu         ] GC(128) User=0.00s Sys=0.00s Real=0.00s
[2026-09-17T16:09:41.644+0000][8279.489s][info ][gc,start       ] GC(129) Pause Young (Allocation Failure)
[2026-09-17T16:09:41.644+0000][8279.489s][debug][gc,heap        ] GC(129) Heap before GC invocations=129 (full 5):
[2026-09-17T16:09:41.644+0000][8279.489s][debug][gc,heap        ] GC(129)  def new generation   total 78912K, used 71071K [0x00000000e7000000, 0x00000000ec5a0000, 0x00000000ef550000)
[2026-09-17T16:09:41.644+0000][8279.489s][debug][gc,heap        ] GC(129)   eden space 70144K, 100% used [0x00000000e7000000, 0x00000000eb480000, 0x00000000eb480000)
[2026-09-17T16:09:41.644+0000][8279.489s][debug][gc,heap        ] GC(129)   from space 8768K,  10% used [0x00000000ebd10000, 0x00000000ebdf7fc8, 0x00000000ec5a0000)
[2026-09-17T16:09:41.644+0000][8279.489s][debug][gc,heap        ] GC(129)   to   space 8768K,   0% used [0x00000000eb480000, 0x00000000eb480000, 0x00000000ebd10000)
[2026-09-17T16:09:41.644+0000][8279.489s][debug][gc,heap        ] GC(129)  tenured generation   total 174784K, used 61822K [0x00000000ef550000, 0x00000000fa000000, 0x0000000100000000)
[2026-09-17T16:09:41.644+0000][8279.489s][debug][gc,heap        ] GC(129)    the space 174784K,  35% used [0x00000000ef550000, 0x00000000f31af950, 0x00000000f31afa00, 0x00000000fa000000)
[2026-09-17T16:09:41.644+0000][8279.489s][debug][gc,heap        ] GC(129)  Metaspace       used 142102K, committed 143424K, reserved 1179648K
[2026-09-17T16:09:41.644+0000][8279.489s][debug][gc,heap        ] GC(129)   class space    used 18622K, committed 19456K, reserved 1048576K
[2026-09-17T16:09:41.647+0000][8279.492s][info ][gc,heap        ] GC(129) DefNew: 71071K(78912K)->825K(78912K) Eden: 70144K(70144K)->0K(70144K) From: 927K(8768K)->825K(8768K)
[2026-09-17T16:09:41.647+0000][8279.492s][info ][gc,heap        ] GC(129) Tenured: 61822K(174784K)->61822K(174784K)
[2026-09-17T16:09:41.647+0000][8279.492s][info ][gc,metaspace   ] GC(129) Metaspace: 142102K(143424K)->142102K(143424K) NonClass: 123480K(123968K)->123480K(123968K) Class: 18622K(19456K)->18622K(19456K)
[2026-09-17T16:09:41.647+0000][8279.492s][debug][gc,heap        ] GC(129) Heap after GC invocations=130 (full 5):
[2026-09-17T16:09:41.647+0000][8279.492s][debug][gc,heap        ] GC(129)  def new generation   total 78912K, used 825K [0x00000000e7000000, 0x00000000ec5a0000, 0x00000000ef550000)
[2026-09-17T16:09:41.647+0000][8279.492s][debug][gc,heap        ] GC(129)   eden space 70144K,   0% used [0x00000000e7000000, 0x00000000e7000000, 0x00000000eb480000)
[2026-09-17T16:09:41.647+0000][8279.492s][debug][gc,heap        ] GC(129)   from space 8768K,   9% used [0x00000000eb480000, 0x00000000eb54e638, 0x00000000ebd10000)
[2026-09-17T16:09:41.647+0000][8279.492s][debug][gc,heap        ] GC(129)   to   space 8768K,   0% used [0x00000000ebd10000, 0x00000000ebd10000, 0x00000000ec5a0000)
[2026-09-17T16:09:41.647+0000][8279.492s][debug][gc,heap        ] GC(129)  tenured generation   total 174784K, used 61822K [0x00000000ef550000, 0x00000000fa000000, 0x0000000100000000)
[2026-09-17T16:09:41.647+0000][8279.492s][debug][gc,heap        ] GC(129)    the space 174784K,  35% used [0x00000000ef550000, 0x00000000f31af950, 0x00000000f31afa00, 0x00000000fa000000)
[2026-09-17T16:09:41.647+0000][8279.492s][debug][gc,heap        ] GC(129)  Metaspace       used 142102K, committed 143424K, reserved 1179648K
[2026-09-17T16:09:41.647+0000][8279.492s][debug][gc,heap        ] GC(129)   class space    used 18622K, committed 19456K, reserved 1048576K
[2026-09-17T16:09:41.647+0000][8279.492s][info ][gc             ] GC(129) Pause Young (Allocation Failure) 129M->61M(247M) 2.663ms
[2026-09-17T16:09:41.647+0000][8279.492s][info ][gc,cpu         ] GC(129) User=0.01s Sys=0.00s Real=0.01s
[2026-09-17T16:11:12.486+0000][8370.331s][info ][gc,start       ] GC(130) Pause Young (Allocation Failure)
[2026-09-17T16:11:12.486+0000][8370.331s][debug][gc,heap        ] GC(130) Heap before GC invocations=130 (full 5):
[2026-09-17T16:11:12.486+0000][8370.331s][debug][gc,heap        ] GC(130)  def new generation   total 78912K, used 70968K [0x00000000e7000000, 0x00000000ec5a0000, 0x00000000ef550000)
[2026-09-17T16:11:12.486+0000][8370.331s][debug][gc,heap        ] GC(130)   eden space 70144K,  99% used [0x00000000e7000000, 0x00000000eb47fca0, 0x00000000eb480000)
[2026-09-17T16:11:12.486+0000][8370.331s][debug][gc,heap        ] GC(130)   from space 8768K,   9% used [0x00000000eb480000, 0x00000000eb54e638, 0x00000000ebd10000)
[2026-09-17T16:11:12.486+0000][8370.331s][debug][gc,heap        ] GC(130)   to   space 8768K,   0% used [0x00000000ebd10000, 0x00000000ebd10000, 0x00000000ec5a0000)
[2026-09-17T16:11:12.486+0000][8370.331s][debug][gc,heap        ] GC(130)  tenured generation   total 174784K, used 61822K [0x00000000ef550000, 0x00000000fa000000, 0x0000000100000000)
[2026-09-17T16:11:12.486+0000][8370.331s][debug][gc,heap        ] GC(130)    the space 174784K,  35% used [0x00000000ef550000, 0x00000000f31af950, 0x00000000f31afa00, 0x00000000fa000000)
[2026-09-17T16:11:12.486+0000][8370.331s][debug][gc,heap        ] GC(130)  Metaspace       used 142103K, committed 143424K, reserved 1179648K
[2026-09-17T16:11:12.486+0000][8370.331s][debug][gc,heap        ] GC(130)   class space    used 18622K, committed 19456K, reserved 1048576K
[2026-09-17T16:11:12.489+0000][8370.334s][info ][gc,heap        ] GC(130) DefNew: 70968K(78912K)->1277K(78912K) Eden: 70143K(70144K)->0K(70144K) From: 825K(8768K)->1277K(8768K)
[2026-09-17T16:11:12.489+0000][8370.334s][info ][gc,heap        ] GC(130) Tenured: 61822K(174784K)->61822K(174784K)
[2026-09-17T16:11:12.489+0000][8370.334s][info ][gc,metaspace   ] GC(130) Metaspace: 142103K(143424K)->142103K(143424K) NonClass: 123481K(123968K)->123481K(123968K) Class: 18622K(19456K)->18622K(19456K)
[2026-09-17T16:11:12.489+0000][8370.334s][debug][gc,heap        ] GC(130) Heap after GC invocations=131 (full 5):
[2026-09-17T16:11:12.489+0000][8370.334s][debug][gc,heap        ] GC(130)  def new generation   total 78912K, used 1277K [0x00000000e7000000, 0x00000000ec5a0000, 0x00000000ef550000)
[2026-09-17T16:11:12.489+0000][8370.334s][debug][gc,heap        ] GC(130)   eden space 70144K,   0% used [0x00000000e7000000, 0x00000000e7000000, 0x00000000eb480000)
[2026-09-17T16:11:12.489+0000][8370.334s][debug][gc,heap        ] GC(130)   from space 8768K,  14% used [0x00000000ebd10000, 0x00000000ebe4f608, 0x00000000ec5a0000)
[2026-09-17T16:11:12.489+0000][8370.334s][debug][gc,heap        ] GC(130)   to   space 8768K,   0% used [0x00000000eb480000, 0x00000000eb480000, 0x00000000ebd10000)
[2026-09-17T16:11:12.489+0000][8370.334s][debug][gc,heap        ] GC(130)  tenured generation   total 174784K, used 61822K [0x00000000ef550000, 0x00000000fa000000, 0x0000000100000000)
[2026-09-17T16:11:12.489+0000][8370.334s][debug][gc,heap        ] GC(130)    the space 174784K,  35% used [0x00000000ef550000, 0x00000000f31af950, 0x00000000f31afa00, 0x00000000fa000000)
[2026-09-17T16:11:12.489+0000][8370.334s][debug][gc,heap        ] GC(130)  Metaspace       used 142103K, committed 143424K, reserved 1179648K
[2026-09-17T16:11:12.489+0000][8370.334s][debug][gc,heap        ] GC(130)   class space    used 18622K, committed 19456K, reserved 1048576K
[2026-09-17T16:11:12.489+0000][8370.334s][info ][gc             ] GC(130) Pause Young (Allocation Failure) 129M->61M(247M) 2.956ms
[2026-09-17T16:11:12.489+0000][8370.334s][info ][gc,cpu         ] GC(130) User=0.00s Sys=0.00s Real=0.00s
[2026-09-17T16:12:40.169+0000][8458.014s][info ][gc,start       ] GC(131) Pause Young (Allocation Failure)
[2026-09-17T16:12:40.169+0000][8458.014s][debug][gc,heap        ] GC(131) Heap before GC invocations=131 (full 5):
[2026-09-17T16:12:40.169+0000][8458.014s][debug][gc,heap        ] GC(131)  def new generation   total 78912K, used 71421K [0x00000000e7000000, 0x00000000ec5a0000, 0x00000000ef550000)
[2026-09-17T16:12:40.169+0000][8458.014s][debug][gc,heap        ] GC(131)   eden space 70144K, 100% used [0x00000000e7000000, 0x00000000eb480000, 0x00000000eb480000)
[2026-09-17T16:12:40.169+0000][8458.014s][debug][gc,heap        ] GC(131)   from space 8768K,  14% used [0x00000000ebd10000, 0x00000000ebe4f608, 0x00000000ec5a0000)
[2026-09-17T16:12:40.169+0000][8458.014s][debug][gc,heap        ] GC(131)   to   space 8768K,   0% used [0x00000000eb480000, 0x00000000eb480000, 0x00000000ebd10000)
[2026-09-17T16:12:40.169+0000][8458.014s][debug][gc,heap        ] GC(131)  tenured generation   total 174784K, used 61822K [0x00000000ef550000, 0x00000000fa000000, 0x0000000100000000)
[2026-09-17T16:12:40.169+0000][8458.014s][debug][gc,heap        ] GC(131)    the space 174784K,  35% used [0x00000000ef550000, 0x00000000f31af950, 0x00000000f31afa00, 0x00000000fa000000)
[2026-09-17T16:12:40.169+0000][8458.014s][debug][gc,heap        ] GC(131)  Metaspace       used 142103K, committed 143424K, reserved 1179648K
[2026-09-17T16:12:40.169+0000][8458.014s][debug][gc,heap        ] GC(131)   class space    used 18622K, committed 19456K, reserved 1048576K
[2026-09-17T16:12:40.171+0000][8458.016s][info ][gc,heap        ] GC(131) DefNew: 71421K(78912K)->1438K(78912K) Eden: 70144K(70144K)->0K(70144K) From: 1277K(8768K)->1438K(8768K)
[2026-09-17T16:12:40.171+0000][8458.016s][info ][gc,heap        ] GC(131) Tenured: 61822K(174784K)->61822K(174784K)
[2026-09-17T16:12:40.171+0000][8458.016s][info ][gc,metaspace   ] GC(131) Metaspace: 142103K(143424K)->142103K(143424K) NonClass: 123481K(123968K)->123481K(123968K) Class: 18622K(19456K)->18622K(19456K)
[2026-09-17T16:12:40.171+0000][8458.016s][debug][gc,heap        ] GC(131) Heap after GC invocations=132 (full 5):
[2026-09-17T16:12:40.171+0000][8458.016s][debug][gc,heap        ] GC(131)  def new generation   total 78912K, used 1438K [0x00000000e7000000, 0x00000000ec5a0000, 0x00000000ef550000)
[2026-09-17T16:12:40.171+0000][8458.016s][debug][gc,heap        ] GC(131)   eden space 70144K,   0% used [0x00000000e7000000, 0x00000000e7000000, 0x00000000eb480000)
[2026-09-17T16:12:40.171+0000][8458.016s][debug][gc,heap        ] GC(131)   from space 8768K,  16% used [0x00000000eb480000, 0x00000000eb5e7b18, 0x00000000ebd10000)
[2026-09-17T16:12:40.171+0000][8458.016s][debug][gc,heap        ] GC(131)   to   space 8768K,   0% used [0x00000000ebd10000, 0x00000000ebd10000, 0x00000000ec5a0000)
[2026-09-17T16:12:40.171+0000][8458.016s][debug][gc,heap        ] GC(131)  tenured generation   total 174784K, used 61822K [0x00000000ef550000, 0x00000000fa000000, 0x0000000100000000)
[2026-09-17T16:12:40.171+0000][8458.016s][debug][gc,heap        ] GC(131)    the space 174784K,  35% used [0x00000000ef550000, 0x00000000f31af950, 0x00000000f31afa00, 0x00000000fa000000)
[2026-09-17T16:12:40.171+0000][8458.016s][debug][gc,heap        ] GC(131)  Metaspace       used 142103K, committed 143424K, reserved 1179648K
[2026-09-17T16:12:40.171+0000][8458.016s][debug][gc,heap        ] GC(131)   class space    used 18622K, committed 19456K, reserved 1048576K
[2026-09-17T16:12:40.171+0000][8458.016s][info ][gc             ] GC(131) Pause Young (Allocation Failure) 130M->61M(247M) 2.701ms
[2026-09-17T16:12:40.171+0000][8458.016s][info ][gc,cpu         ] GC(131) User=0.01s Sys=0.00s Real=0.00s
[2026-09-17T16:14:08.011+0000][8545.856s][info ][gc,start       ] GC(132) Pause Young (Allocation Failure)
[2026-09-17T16:14:08.011+0000][8545.857s][debug][gc,heap        ] GC(132) Heap before GC invocations=132 (full 5):
[2026-09-17T16:14:08.011+0000][8545.857s][debug][gc,heap        ] GC(132)  def new generation   total 78912K, used 71582K [0x00000000e7000000, 0x00000000ec5a0000, 0x00000000ef550000)
[2026-09-17T16:14:08.012+0000][8545.857s][debug][gc,heap        ] GC(132)   eden space 70144K, 100% used [0x00000000e7000000, 0x00000000eb480000, 0x00000000eb480000)
[2026-09-17T16:14:08.012+0000][8545.857s][debug][gc,heap        ] GC(132)   from space 8768K,  16% used [0x00000000eb480000, 0x00000000eb5e7b18, 0x00000000ebd10000)
[2026-09-17T16:14:08.012+0000][8545.857s][debug][gc,heap        ] GC(132)   to   space 8768K,   0% used [0x00000000ebd10000, 0x00000000ebd10000, 0x00000000ec5a0000)
[2026-09-17T16:14:08.012+0000][8545.857s][debug][gc,heap        ] GC(132)  tenured generation   total 174784K, used 61822K [0x00000000ef550000, 0x00000000fa000000, 0x0000000100000000)
[2026-09-17T16:14:08.012+0000][8545.857s][debug][gc,heap        ] GC(132)    the space 174784K,  35% used [0x00000000ef550000, 0x00000000f31af950, 0x00000000f31afa00, 0x00000000fa000000)
[2026-09-17T16:14:08.012+0000][8545.857s][debug][gc,heap        ] GC(132)  Metaspace       used 142103K, committed 143424K, reserved 1179648K
[2026-09-17T16:14:08.012+0000][8545.857s][debug][gc,heap        ] GC(132)   class space    used 18622K, committed 19456K, reserved 1048576K
[2026-09-17T16:14:08.014+0000][8545.859s][info ][gc,heap        ] GC(132) DefNew: 71582K(78912K)->1525K(78912K) Eden: 70144K(70144K)->0K(70144K) From: 1438K(8768K)->1525K(8768K)
[2026-09-17T16:14:08.014+0000][8545.859s][info ][gc,heap        ] GC(132) Tenured: 61822K(174784K)->61822K(174784K)
[2026-09-17T16:14:08.014+0000][8545.859s][info ][gc,metaspace   ] GC(132) Metaspace: 142103K(143424K)->142103K(143424K) NonClass: 123481K(123968K)->123481K(123968K) Class: 18622K(19456K)->18622K(19456K)
[2026-09-17T16:14:08.014+0000][8545.859s][debug][gc,heap        ] GC(132) Heap after GC invocations=133 (full 5):
[2026-09-17T16:14:08.014+0000][8545.859s][debug][gc,heap        ] GC(132)  def new generation   total 78912K, used 1525K [0x00000000e7000000, 0x00000000ec5a0000, 0x00000000ef550000)
[2026-09-17T16:14:08.014+0000][8545.859s][debug][gc,heap        ] GC(132)   eden space 70144K,   0% used [0x00000000e7000000, 0x00000000e7000000, 0x00000000eb480000)
[2026-09-17T16:14:08.014+0000][8545.859s][debug][gc,heap        ] GC(132)   from space 8768K,  17% used [0x00000000ebd10000, 0x00000000ebe8d708, 0x00000000ec5a0000)
[2026-09-17T16:14:08.014+0000][8545.859s][debug][gc,heap        ] GC(132)   to   space 8768K,   0% used [0x00000000eb480000, 0x00000000eb480000, 0x00000000ebd10000)
[2026-09-17T16:14:08.014+0000][8545.859s][debug][gc,heap        ] GC(132)  tenured generation   total 174784K, used 61822K [0x00000000ef550000, 0x00000000fa000000, 0x0000000100000000)
[2026-09-17T16:14:08.014+0000][8545.859s][debug][gc,heap        ] GC(132)    the space 174784K,  35% used [0x00000000ef550000, 0x00000000f31af950, 0x00000000f31afa00, 0x00000000fa000000)
[2026-09-17T16:14:08.014+0000][8545.859s][debug][gc,heap        ] GC(132)  Metaspace       used 142103K, committed 143424K, reserved 1179648K
[2026-09-17T16:14:08.014+0000][8545.859s][debug][gc,heap        ] GC(132)   class space    used 18622K, committed 19456K, reserved 1048576K
[2026-09-17T16:14:08.014+0000][8545.859s][info ][gc             ] GC(132) Pause Young (Allocation Failure) 130M->61M(247M) 2.789ms
[2026-09-17T16:14:08.014+0000][8545.859s][info ][gc,cpu         ] GC(132) User=0.00s Sys=0.00s Real=0.00s
[2026-09-17T16:15:34.548+0000][8632.393s][info ][gc,start       ] GC(133) Pause Young (Allocation Failure)
[2026-09-17T16:15:34.548+0000][8632.393s][debug][gc,heap        ] GC(133) Heap before GC invocations=133 (full 5):
[2026-09-17T16:15:34.548+0000][8632.393s][debug][gc,heap        ] GC(133)  def new generation   total 78912K, used 71669K [0x00000000e7000000, 0x00000000ec5a0000, 0x00000000ef550000)
[2026-09-17T16:15:34.548+0000][8632.393s][debug][gc,heap        ] GC(133)   eden space 70144K, 100% used [0x00000000e7000000, 0x00000000eb480000, 0x00000000eb480000)
[2026-09-17T16:15:34.548+0000][8632.393s][debug][gc,heap        ] GC(133)   from space 8768K,  17% used [0x00000000ebd10000, 0x00000000ebe8d708, 0x00000000ec5a0000)
[2026-09-17T16:15:34.548+0000][8632.393s][debug][gc,heap        ] GC(133)   to   space 8768K,   0% used [0x00000000eb480000, 0x00000000eb480000, 0x00000000ebd10000)
[2026-09-17T16:15:34.548+0000][8632.393s][debug][gc,heap        ] GC(133)  tenured generation   total 174784K, used 61822K [0x00000000ef550000, 0x00000000fa000000, 0x0000000100000000)
[2026-09-17T16:15:34.548+0000][8632.393s][debug][gc,heap        ] GC(133)    the space 174784K,  35% used [0x00000000ef550000, 0x00000000f31af950, 0x00000000f31afa00, 0x00000000fa000000)
[2026-09-17T16:15:34.548+0000][8632.393s][debug][gc,heap        ] GC(133)  Metaspace       used 142103K, committed 143424K, reserved 1179648K
[2026-09-17T16:15:34.548+0000][8632.393s][debug][gc,heap        ] GC(133)   class space    used 18622K, committed 19456K, reserved 1048576K
[2026-09-17T16:15:34.550+0000][8632.395s][info ][gc,heap        ] GC(133) DefNew: 71669K(78912K)->838K(78912K) Eden: 70144K(70144K)->0K(70144K) From: 1525K(8768K)->838K(8768K)
[2026-09-17T16:15:34.550+0000][8632.395s][info ][gc,heap        ] GC(133) Tenured: 61822K(174784K)->61855K(174784K)
[2026-09-17T16:15:34.550+0000][8632.395s][info ][gc,metaspace   ] GC(133) Metaspace: 142103K(143424K)->142103K(143424K) NonClass: 123481K(123968K)->123481K(123968K) Class: 18622K(19456K)->18622K(19456K)
[2026-09-17T16:15:34.550+0000][8632.395s][debug][gc,heap        ] GC(133) Heap after GC invocations=134 (full 5):
[2026-09-17T16:15:34.550+0000][8632.395s][debug][gc,heap        ] GC(133)  def new generation   total 78912K, used 838K [0x00000000e7000000, 0x00000000ec5a0000, 0x00000000ef550000)
[2026-09-17T16:15:34.550+0000][8632.395s][debug][gc,heap        ] GC(133)   eden space 70144K,   0% used [0x00000000e7000000, 0x00000000e7000000, 0x00000000eb480000)
[2026-09-17T16:15:34.550+0000][8632.395s][debug][gc,heap        ] GC(133)   from space 8768K,   9% used [0x00000000eb480000, 0x00000000eb551938, 0x00000000ebd10000)
[2026-09-17T16:15:34.550+0000][8632.395s][debug][gc,heap        ] GC(133)   to   space 8768K,   0% used [0x00000000ebd10000, 0x00000000ebd10000, 0x00000000ec5a0000)
[2026-09-17T16:15:34.550+0000][8632.395s][debug][gc,heap        ] GC(133)  tenured generation   total 174784K, used 61855K [0x00000000ef550000, 0x00000000fa000000, 0x0000000100000000)
[2026-09-17T16:15:34.550+0000][8632.395s][debug][gc,heap        ] GC(133)    the space 174784K,  35% used [0x00000000ef550000, 0x00000000f31b7cd8, 0x00000000f31b7e00, 0x00000000fa000000)
[2026-09-17T16:15:34.550+0000][8632.395s][debug][gc,heap        ] GC(133)  Metaspace       used 142103K, committed 143424K, reserved 1179648K
[2026-09-17T16:15:34.550+0000][8632.395s][debug][gc,heap        ] GC(133)   class space    used 18622K, committed 19456K, reserved 1048576K
[2026-09-17T16:15:34.550+0000][8632.395s][info ][gc             ] GC(133) Pause Young (Allocation Failure) 130M->61M(247M) 2.376ms
[2026-09-17T16:15:34.550+0000][8632.395s][info ][gc,cpu         ] GC(133) User=0.00s Sys=0.00s Real=0.00s
[2026-09-17T16:17:05.022+0000][8722.867s][info ][gc,start       ] GC(134) Pause Young (Allocation Failure)
[2026-09-17T16:17:05.022+0000][8722.868s][debug][gc,heap        ] GC(134) Heap before GC invocations=134 (full 5):
[2026-09-17T16:17:05.022+0000][8722.868s][debug][gc,heap        ] GC(134)  def new generation   total 78912K, used 70982K [0x00000000e7000000, 0x00000000ec5a0000, 0x00000000ef550000)
[2026-09-17T16:17:05.022+0000][8722.868s][debug][gc,heap        ] GC(134)   eden space 70144K, 100% used [0x00000000e7000000, 0x00000000eb480000, 0x00000000eb480000)
[2026-09-17T16:17:05.022+0000][8722.868s][debug][gc,heap        ] GC(134)   from space 8768K,   9% used [0x00000000eb480000, 0x00000000eb551938, 0x00000000ebd10000)
[2026-09-17T16:17:05.022+0000][8722.868s][debug][gc,heap        ] GC(134)   to   space 8768K,   0% used [0x00000000ebd10000, 0x00000000ebd10000, 0x00000000ec5a0000)
[2026-09-17T16:17:05.022+0000][8722.868s][debug][gc,heap        ] GC(134)  tenured generation   total 174784K, used 61855K [0x00000000ef550000, 0x00000000fa000000, 0x0000000100000000)
[2026-09-17T16:17:05.022+0000][8722.868s][debug][gc,heap        ] GC(134)    the space 174784K,  35% used [0x00000000ef550000, 0x00000000f31b7cd8, 0x00000000f31b7e00, 0x00000000fa000000)
[2026-09-17T16:17:05.022+0000][8722.868s][debug][gc,heap        ] GC(134)  Metaspace       used 142103K, committed 143424K, reserved 1179648K
[2026-09-17T16:17:05.022+0000][8722.868s][debug][gc,heap        ] GC(134)   class space    used 18622K, committed 19456K, reserved 1048576K
[2026-09-17T16:17:05.025+0000][8722.870s][info ][gc,heap        ] GC(134) DefNew: 70982K(78912K)->895K(78912K) Eden: 70144K(70144K)->0K(70144K) From: 838K(8768K)->895K(8768K)
[2026-09-17T16:17:05.025+0000][8722.870s][info ][gc,heap        ] GC(134) Tenured: 61855K(174784K)->61855K(174784K)
[2026-09-17T16:17:05.025+0000][8722.870s][info ][gc,metaspace   ] GC(134) Metaspace: 142103K(143424K)->142103K(143424K) NonClass: 123481K(123968K)->123481K(123968K) Class: 18622K(19456K)->18622K(19456K)
[2026-09-17T16:17:05.025+0000][8722.870s][debug][gc,heap        ] GC(134) Heap after GC invocations=135 (full 5):
[2026-09-17T16:17:05.025+0000][8722.870s][debug][gc,heap        ] GC(134)  def new generation   total 78912K, used 895K [0x00000000e7000000, 0x00000000ec5a0000, 0x00000000ef550000)
[2026-09-17T16:17:05.025+0000][8722.870s][debug][gc,heap        ] GC(134)   eden space 70144K,   0% used [0x00000000e7000000, 0x00000000e7000000, 0x00000000eb480000)
[2026-09-17T16:17:05.025+0000][8722.870s][debug][gc,heap        ] GC(134)   from space 8768K,  10% used [0x00000000ebd10000, 0x00000000ebdefc78, 0x00000000ec5a0000)
[2026-09-17T16:17:05.025+0000][8722.870s][debug][gc,heap        ] GC(134)   to   space 8768K,   0% used [0x00000000eb480000, 0x00000000eb480000, 0x00000000ebd10000)
[2026-09-17T16:17:05.025+0000][8722.870s][debug][gc,heap        ] GC(134)  tenured generation   total 174784K, used 61855K [0x00000000ef550000, 0x00000000fa000000, 0x0000000100000000)
[2026-09-17T16:17:05.025+0000][8722.870s][debug][gc,heap        ] GC(134)    the space 174784K,  35% used [0x00000000ef550000, 0x00000000f31b7fa0, 0x00000000f31b8000, 0x00000000fa000000)
[2026-09-17T16:17:05.025+0000][8722.870s][debug][gc,heap        ] GC(134)  Metaspace       used 142103K, committed 143424K, reserved 1179648K
[2026-09-17T16:17:05.025+0000][8722.870s][debug][gc,heap        ] GC(134)   class space    used 18622K, committed 19456K, reserved 1048576K
[2026-09-17T16:17:05.025+0000][8722.870s][info ][gc             ] GC(134) Pause Young (Allocation Failure) 129M->61M(247M) 2.681ms
[2026-09-17T16:17:05.025+0000][8722.870s][info ][gc,cpu         ] GC(134) User=0.00s Sys=0.00s Real=0.00s
[2026-09-17T16:18:33.908+0000][8811.753s][info ][gc,start       ] GC(135) Pause Young (Allocation Failure)
[2026-09-17T16:18:33.908+0000][8811.753s][debug][gc,heap        ] GC(135) Heap before GC invocations=135 (full 5):
[2026-09-17T16:18:33.908+0000][8811.753s][debug][gc,heap        ] GC(135)  def new generation   total 78912K, used 71039K [0x00000000e7000000, 0x00000000ec5a0000, 0x00000000ef550000)
[2026-09-17T16:18:33.908+0000][8811.753s][debug][gc,heap        ] GC(135)   eden space 70144K, 100% used [0x00000000e7000000, 0x00000000eb480000, 0x00000000eb480000)
[2026-09-17T16:18:33.908+0000][8811.753s][debug][gc,heap        ] GC(135)   from space 8768K,  10% used [0x00000000ebd10000, 0x00000000ebdefc78, 0x00000000ec5a0000)
[2026-09-17T16:18:33.908+0000][8811.753s][debug][gc,heap        ] GC(135)   to   space 8768K,   0% used [0x00000000eb480000, 0x00000000eb480000, 0x00000000ebd10000)
[2026-09-17T16:18:33.908+0000][8811.753s][debug][gc,heap        ] GC(135)  tenured generation   total 174784K, used 61855K [0x00000000ef550000, 0x00000000fa000000, 0x0000000100000000)
[2026-09-17T16:18:33.908+0000][8811.753s][debug][gc,heap        ] GC(135)    the space 174784K,  35% used [0x00000000ef550000, 0x00000000f31b7fa0, 0x00000000f31b8000, 0x00000000fa000000)
[2026-09-17T16:18:33.908+0000][8811.753s][debug][gc,heap        ] GC(135)  Metaspace       used 142103K, committed 143424K, reserved 1179648K
[2026-09-17T16:18:33.908+0000][8811.753s][debug][gc,heap        ] GC(135)   class space    used 18622K, committed 19456K, reserved 1048576K
[2026-09-17T16:18:33.911+0000][8811.756s][info ][gc,heap        ] GC(135) DefNew: 71039K(78912K)->1504K(78912K) Eden: 70144K(70144K)->0K(70144K) From: 895K(8768K)->1504K(8768K)
[2026-09-17T16:18:33.911+0000][8811.756s][info ][gc,heap        ] GC(135) Tenured: 61855K(174784K)->61855K(174784K)
[2026-09-17T16:18:33.911+0000][8811.756s][info ][gc,metaspace   ] GC(135) Metaspace: 142103K(143424K)->142103K(143424K) NonClass: 123481K(123968K)->123481K(123968K) Class: 18622K(19456K)->18622K(19456K)
[2026-09-17T16:18:33.911+0000][8811.756s][debug][gc,heap        ] GC(135) Heap after GC invocations=136 (full 5):
[2026-09-17T16:18:33.911+0000][8811.756s][debug][gc,heap        ] GC(135)  def new generation   total 78912K, used 1504K [0x00000000e7000000, 0x00000000ec5a0000, 0x00000000ef550000)
[2026-09-17T16:18:33.911+0000][8811.756s][debug][gc,heap        ] GC(135)   eden space 70144K,   0% used [0x00000000e7000000, 0x00000000e7000000, 0x00000000eb480000)
[2026-09-17T16:18:33.911+0000][8811.756s][debug][gc,heap        ] GC(135)   from space 8768K,  17% used [0x00000000eb480000, 0x00000000eb5f82b8, 0x00000000ebd10000)
[2026-09-17T16:18:33.911+0000][8811.756s][debug][gc,heap        ] GC(135)   to   space 8768K,   0% used [0x00000000ebd10000, 0x00000000ebd10000, 0x00000000ec5a0000)
[2026-09-17T16:18:33.911+0000][8811.756s][debug][gc,heap        ] GC(135)  tenured generation   total 174784K, used 61855K [0x00000000ef550000, 0x00000000fa000000, 0x0000000100000000)
[2026-09-17T16:18:33.911+0000][8811.756s][debug][gc,heap        ] GC(135)    the space 174784K,  35% used [0x00000000ef550000, 0x00000000f31b7fa0, 0x00000000f31b8000, 0x00000000fa000000)
[2026-09-17T16:18:33.911+0000][8811.756s][debug][gc,heap        ] GC(135)  Metaspace       used 142103K, committed 143424K, reserved 1179648K
[2026-09-17T16:18:33.911+0000][8811.756s][debug][gc,heap        ] GC(135)   class space    used 18622K, committed 19456K, reserved 1048576K
[2026-09-17T16:18:33.911+0000][8811.756s][info ][gc             ] GC(135) Pause Young (Allocation Failure) 129M->61M(247M) 2.658ms
[2026-09-17T16:18:33.911+0000][8811.756s][info ][gc,cpu         ] GC(135) User=0.01s Sys=0.00s Real=0.00s
[2026-09-17T16:20:01.070+0000][8898.915s][info ][gc,start       ] GC(136) Pause Young (Allocation Failure)
[2026-09-17T16:20:01.070+0000][8898.915s][debug][gc,heap        ] GC(136) Heap before GC invocations=136 (full 5):
[2026-09-17T16:20:01.070+0000][8898.915s][debug][gc,heap        ] GC(136)  def new generation   total 78912K, used 71648K [0x00000000e7000000, 0x00000000ec5a0000, 0x00000000ef550000)
[2026-09-17T16:20:01.070+0000][8898.915s][debug][gc,heap        ] GC(136)   eden space 70144K, 100% used [0x00000000e7000000, 0x00000000eb480000, 0x00000000eb480000)
[2026-09-17T16:20:01.070+0000][8898.915s][debug][gc,heap        ] GC(136)   from space 8768K,  17% used [0x00000000eb480000, 0x00000000eb5f82b8, 0x00000000ebd10000)
[2026-09-17T16:20:01.070+0000][8898.915s][debug][gc,heap        ] GC(136)   to   space 8768K,   0% used [0x00000000ebd10000, 0x00000000ebd10000, 0x00000000ec5a0000)
[2026-09-17T16:20:01.070+0000][8898.915s][debug][gc,heap        ] GC(136)  tenured generation   total 174784K, used 61855K [0x00000000ef550000, 0x00000000fa000000, 0x0000000100000000)
[2026-09-17T16:20:01.070+0000][8898.915s][debug][gc,heap        ] GC(136)    the space 174784K,  35% used [0x00000000ef550000, 0x00000000f31b7fa0, 0x00000000f31b8000, 0x00000000fa000000)
[2026-09-17T16:20:01.070+0000][8898.915s][debug][gc,heap        ] GC(136)  Metaspace       used 142103K, committed 143424K, reserved 1179648K
[2026-09-17T16:20:01.070+0000][8898.915s][debug][gc,heap        ] GC(136)   class space    used 18622K, committed 19456K, reserved 1048576K
[2026-09-17T16:20:01.073+0000][8898.918s][info ][gc,heap        ] GC(136) DefNew: 71648K(78912K)->1600K(78912K) Eden: 70144K(70144K)->0K(70144K) From: 1504K(8768K)->1600K(8768K)
[2026-09-17T16:20:01.073+0000][8898.918s][info ][gc,heap        ] GC(136) Tenured: 61855K(174784K)->61911K(174784K)
[2026-09-17T16:20:01.073+0000][8898.918s][info ][gc,metaspace   ] GC(136) Metaspace: 142103K(143424K)->142103K(143424K) NonClass: 123481K(123968K)->123481K(123968K) Class: 18622K(19456K)->18622K(19456K)
[2026-09-17T16:20:01.073+0000][8898.918s][debug][gc,heap        ] GC(136) Heap after GC invocations=137 (full 5):
[2026-09-17T16:20:01.073+0000][8898.918s][debug][gc,heap        ] GC(136)  def new generation   total 78912K, used 1600K [0x00000000e7000000, 0x00000000ec5a0000, 0x00000000ef550000)
[2026-09-17T16:20:01.073+0000][8898.918s][debug][gc,heap        ] GC(136)   eden space 70144K,   0% used [0x00000000e7000000, 0x00000000e7000000, 0x00000000eb480000)
[2026-09-17T16:20:01.073+0000][8898.918s][debug][gc,heap        ] GC(136)   from space 8768K,  18% used [0x00000000ebd10000, 0x00000000ebea0280, 0x00000000ec5a0000)
[2026-09-17T16:20:01.073+0000][8898.918s][debug][gc,heap        ] GC(136)   to   space 8768K,   0% used [0x00000000eb480000, 0x00000000eb480000, 0x00000000ebd10000)
[2026-09-17T16:20:01.073+0000][8898.918s][debug][gc,heap        ] GC(136)  tenured generation   total 174784K, used 61911K [0x00000000ef550000, 0x00000000fa000000, 0x0000000100000000)
[2026-09-17T16:20:01.073+0000][8898.918s][debug][gc,heap        ] GC(136)    the space 174784K,  35% used [0x00000000ef550000, 0x00000000f31c5de0, 0x00000000f31c5e00, 0x00000000fa000000)
[2026-09-17T16:20:01.073+0000][8898.918s][debug][gc,heap        ] GC(136)  Metaspace       used 142103K, committed 143424K, reserved 1179648K
[2026-09-17T16:20:01.073+0000][8898.918s][debug][gc,heap        ] GC(136)   class space    used 18622K, committed 19456K, reserved 1048576K
[2026-09-17T16:20:01.073+0000][8898.918s][info ][gc             ] GC(136) Pause Young (Allocation Failure) 130M->62M(247M) 2.876ms
[2026-09-17T16:20:01.073+0000][8898.918s][info ][gc,cpu         ] GC(136) User=0.00s Sys=0.00s Real=0.00s
[2026-09-17T16:21:28.170+0000][8986.015s][info ][gc,start       ] GC(137) Pause Young (Allocation Failure)
[2026-09-17T16:21:28.170+0000][8986.015s][debug][gc,heap        ] GC(137) Heap before GC invocations=137 (full 5):
[2026-09-17T16:21:28.170+0000][8986.015s][debug][gc,heap        ] GC(137)  def new generation   total 78912K, used 71744K [0x00000000e7000000, 0x00000000ec5a0000, 0x00000000ef550000)
[2026-09-17T16:21:28.170+0000][8986.015s][debug][gc,heap        ] GC(137)   eden space 70144K, 100% used [0x00000000e7000000, 0x00000000eb480000, 0x00000000eb480000)
[2026-09-17T16:21:28.170+0000][8986.015s][debug][gc,heap        ] GC(137)   from space 8768K,  18% used [0x00000000ebd10000, 0x00000000ebea0280, 0x00000000ec5a0000)
[2026-09-17T16:21:28.170+0000][8986.015s][debug][gc,heap        ] GC(137)   to   space 8768K,   0% used [0x00000000eb480000, 0x00000000eb480000, 0x00000000ebd10000)
[2026-09-17T16:21:28.170+0000][8986.015s][debug][gc,heap        ] GC(137)  tenured generation   total 174784K, used 61911K [0x00000000ef550000, 0x00000000fa000000, 0x0000000100000000)
[2026-09-17T16:21:28.170+0000][8986.015s][debug][gc,heap        ] GC(137)    the space 174784K,  35% used [0x00000000ef550000, 0x00000000f31c5de0, 0x00000000f31c5e00, 0x00000000fa000000)
[2026-09-17T16:21:28.170+0000][8986.015s][debug][gc,heap        ] GC(137)  Metaspace       used 142103K, committed 143424K, reserved 1179648K
[2026-09-17T16:21:28.170+0000][8986.015s][debug][gc,heap        ] GC(137)   class space    used 18622K, committed 19456K, reserved 1048576K
[2026-09-17T16:21:28.172+0000][8986.017s][info ][gc,heap        ] GC(137) DefNew: 71744K(78912K)->777K(78912K) Eden: 70144K(70144K)->0K(70144K) From: 1600K(8768K)->777K(8768K)
[2026-09-17T16:21:28.172+0000][8986.017s][info ][gc,heap        ] GC(137) Tenured: 61911K(174784K)->61911K(174784K)
[2026-09-17T16:21:28.172+0000][8986.017s][info ][gc,metaspace   ] GC(137) Metaspace: 142103K(143424K)->142103K(143424K) NonClass: 123481K(123968K)->123481K(123968K) Class: 18622K(19456K)->18622K(19456K)
[2026-09-17T16:21:28.172+0000][8986.017s][debug][gc,heap        ] GC(137) Heap after GC invocations=138 (full 5):
[2026-09-17T16:21:28.172+0000][8986.017s][debug][gc,heap        ] GC(137)  def new generation   total 78912K, used 777K [0x00000000e7000000, 0x00000000ec5a0000, 0x00000000ef550000)
[2026-09-17T16:21:28.172+0000][8986.017s][debug][gc,heap        ] GC(137)   eden space 70144K,   0% used [0x00000000e7000000, 0x00000000e7000000, 0x00000000eb480000)
[2026-09-17T16:21:28.172+0000][8986.017s][debug][gc,heap        ] GC(137)   from space 8768K,   8% used [0x00000000eb480000, 0x00000000eb5424d8, 0x00000000ebd10000)
[2026-09-17T16:21:28.172+0000][8986.017s][debug][gc,heap        ] GC(137)   to   space 8768K,   0% used [0x00000000ebd10000, 0x00000000ebd10000, 0x00000000ec5a0000)
[2026-09-17T16:21:28.172+0000][8986.017s][debug][gc,heap        ] GC(137)  tenured generation   total 174784K, used 61911K [0x00000000ef550000, 0x00000000fa000000, 0x0000000100000000)
[2026-09-17T16:21:28.172+0000][8986.017s][debug][gc,heap        ] GC(137)    the space 174784K,  35% used [0x00000000ef550000, 0x00000000f31c5de0, 0x00000000f31c5e00, 0x00000000fa000000)
[2026-09-17T16:21:28.172+0000][8986.017s][debug][gc,heap        ] GC(137)  Metaspace       used 142103K, committed 143424K, reserved 1179648K
[2026-09-17T16:21:28.172+0000][8986.017s][debug][gc,heap        ] GC(137)   class space    used 18622K, committed 19456K, reserved 1048576K
[2026-09-17T16:21:28.172+0000][8986.018s][info ][gc             ] GC(137) Pause Young (Allocation Failure) 130M->61M(247M) 2.436ms
[2026-09-17T16:21:28.172+0000][8986.018s][info ][gc,cpu         ] GC(137) User=0.00s Sys=0.00s Real=0.00s
[2026-09-17T16:23:07.172+0000][9085.017s][info ][gc,start       ] GC(138) Pause Young (Allocation Failure)
[2026-09-17T16:23:07.172+0000][9085.017s][debug][gc,heap        ] GC(138) Heap before GC invocations=138 (full 5):
[2026-09-17T16:23:07.172+0000][9085.017s][debug][gc,heap        ] GC(138)  def new generation   total 78912K, used 70921K [0x00000000e7000000, 0x00000000ec5a0000, 0x00000000ef550000)
[2026-09-17T16:23:07.172+0000][9085.017s][debug][gc,heap        ] GC(138)   eden space 70144K, 100% used [0x00000000e7000000, 0x00000000eb480000, 0x00000000eb480000)
[2026-09-17T16:23:07.172+0000][9085.017s][debug][gc,heap        ] GC(138)   from space 8768K,   8% used [0x00000000eb480000, 0x00000000eb5424d8, 0x00000000ebd10000)
[2026-09-17T16:23:07.172+0000][9085.017s][debug][gc,heap        ] GC(138)   to   space 8768K,   0% used [0x00000000ebd10000, 0x00000000ebd10000, 0x00000000ec5a0000)
[2026-09-17T16:23:07.172+0000][9085.017s][debug][gc,heap        ] GC(138)  tenured generation   total 174784K, used 61911K [0x00000000ef550000, 0x00000000fa000000, 0x0000000100000000)
[2026-09-17T16:23:07.172+0000][9085.017s][debug][gc,heap        ] GC(138)    the space 174784K,  35% used [0x00000000ef550000, 0x00000000f31c5de0, 0x00000000f31c5e00, 0x00000000fa000000)
[2026-09-17T16:23:07.172+0000][9085.017s][debug][gc,heap        ] GC(138)  Metaspace       used 142123K, committed 143424K, reserved 1179648K
[2026-09-17T16:23:07.172+0000][9085.017s][debug][gc,heap        ] GC(138)   class space    used 18622K, committed 19456K, reserved 1048576K
[2026-09-17T16:23:07.174+0000][9085.019s][info ][gc,heap        ] GC(138) DefNew: 70921K(78912K)->824K(78912K) Eden: 70144K(70144K)->0K(70144K) From: 777K(8768K)->824K(8768K)
[2026-09-17T16:23:07.174+0000][9085.019s][info ][gc,heap        ] GC(138) Tenured: 61911K(174784K)->61967K(174784K)
[2026-09-17T16:23:07.174+0000][9085.019s][info ][gc,metaspace   ] GC(138) Metaspace: 142123K(143424K)->142123K(143424K) NonClass: 123501K(123968K)->123501K(123968K) Class: 18622K(19456K)->18622K(19456K)
[2026-09-17T16:23:07.174+0000][9085.019s][debug][gc,heap        ] GC(138) Heap after GC invocations=139 (full 5):
[2026-09-17T16:23:07.174+0000][9085.019s][debug][gc,heap        ] GC(138)  def new generation   total 78912K, used 824K [0x00000000e7000000, 0x00000000ec5a0000, 0x00000000ef550000)
[2026-09-17T16:23:07.174+0000][9085.019s][debug][gc,heap        ] GC(138)   eden space 70144K,   0% used [0x00000000e7000000, 0x00000000e7000000, 0x00000000eb480000)
[2026-09-17T16:23:07.174+0000][9085.019s][debug][gc,heap        ] GC(138)   from space 8768K,   9% used [0x00000000ebd10000, 0x00000000ebdde100, 0x00000000ec5a0000)
[2026-09-17T16:23:07.174+0000][9085.019s][debug][gc,heap        ] GC(138)   to   space 8768K,   0% used [0x00000000eb480000, 0x00000000eb480000, 0x00000000ebd10000)
[2026-09-17T16:23:07.174+0000][9085.019s][debug][gc,heap        ] GC(138)  tenured generation   total 174784K, used 61967K [0x00000000ef550000, 0x00000000fa000000, 0x0000000100000000)
[2026-09-17T16:23:07.174+0000][9085.019s][debug][gc,heap        ] GC(138)    the space 174784K,  35% used [0x00000000ef550000, 0x00000000f31d3e88, 0x00000000f31d4000, 0x00000000fa000000)
[2026-09-17T16:23:07.174+0000][9085.019s][debug][gc,heap        ] GC(138)  Metaspace       used 142123K, committed 143424K, reserved 1179648K
[2026-09-17T16:23:07.174+0000][9085.019s][debug][gc,heap        ] GC(138)   class space    used 18622K, committed 19456K, reserved 1048576K
[2026-09-17T16:23:07.174+0000][9085.019s][info ][gc             ] GC(138) Pause Young (Allocation Failure) 129M->61M(247M) 2.522ms
[2026-09-17T16:23:07.174+0000][9085.019s][info ][gc,cpu         ] GC(138) User=0.00s Sys=0.00s Real=0.00s
[2026-09-17T16:24:39.693+0000][9177.538s][info ][gc,start       ] GC(139) Pause Young (Allocation Failure)
[2026-09-17T16:24:39.693+0000][9177.538s][debug][gc,heap        ] GC(139) Heap before GC invocations=139 (full 5):
[2026-09-17T16:24:39.693+0000][9177.538s][debug][gc,heap        ] GC(139)  def new generation   total 78912K, used 70968K [0x00000000e7000000, 0x00000000ec5a0000, 0x00000000ef550000)
[2026-09-17T16:24:39.693+0000][9177.538s][debug][gc,heap        ] GC(139)   eden space 70144K, 100% used [0x00000000e7000000, 0x00000000eb480000, 0x00000000eb480000)
[2026-09-17T16:24:39.693+0000][9177.538s][debug][gc,heap        ] GC(139)   from space 8768K,   9% used [0x00000000ebd10000, 0x00000000ebdde100, 0x00000000ec5a0000)
[2026-09-17T16:24:39.693+0000][9177.538s][debug][gc,heap        ] GC(139)   to   space 8768K,   0% used [0x00000000eb480000, 0x00000000eb480000, 0x00000000ebd10000)
[2026-09-17T16:24:39.693+0000][9177.538s][debug][gc,heap        ] GC(139)  tenured generation   total 174784K, used 61967K [0x00000000ef550000, 0x00000000fa000000, 0x0000000100000000)
[2026-09-17T16:24:39.693+0000][9177.538s][debug][gc,heap        ] GC(139)    the space 174784K,  35% used [0x00000000ef550000, 0x00000000f31d3e88, 0x00000000f31d4000, 0x00000000fa000000)
[2026-09-17T16:24:39.693+0000][9177.538s][debug][gc,heap        ] GC(139)  Metaspace       used 142124K, committed 143424K, reserved 1179648K
[2026-09-17T16:24:39.693+0000][9177.538s][debug][gc,heap        ] GC(139)   class space    used 18622K, committed 19456K, reserved 1048576K
[2026-09-17T16:24:39.696+0000][9177.541s][info ][gc,heap        ] GC(139) DefNew: 70968K(78912K)->962K(78912K) Eden: 70144K(70144K)->0K(70144K) From: 824K(8768K)->962K(8768K)
[2026-09-17T16:24:39.696+0000][9177.541s][info ][gc,heap        ] GC(139) Tenured: 61967K(174784K)->61969K(174784K)
[2026-09-17T16:24:39.696+0000][9177.541s][info ][gc,metaspace   ] GC(139) Metaspace: 142124K(143424K)->142124K(143424K) NonClass: 123502K(123968K)->123502K(123968K) Class: 18622K(19456K)->18622K(19456K)
[2026-09-17T16:24:39.696+0000][9177.541s][debug][gc,heap        ] GC(139) Heap after GC invocations=140 (full 5):
[2026-09-17T16:24:39.696+0000][9177.541s][debug][gc,heap        ] GC(139)  def new generation   total 78912K, used 962K [0x00000000e7000000, 0x00000000ec5a0000, 0x00000000ef550000)
[2026-09-17T16:24:39.696+0000][9177.541s][debug][gc,heap        ] GC(139)   eden space 70144K,   0% used [0x00000000e7000000, 0x00000000e7000000, 0x00000000eb480000)
[2026-09-17T16:24:39.696+0000][9177.541s][debug][gc,heap        ] GC(139)   from space 8768K,  10% used [0x00000000eb480000, 0x00000000eb570910, 0x00000000ebd10000)
[2026-09-17T16:24:39.696+0000][9177.541s][debug][gc,heap        ] GC(139)   to   space 8768K,   0% used [0x00000000ebd10000, 0x00000000ebd10000, 0x00000000ec5a0000)
[2026-09-17T16:24:39.696+0000][9177.541s][debug][gc,heap        ] GC(139)  tenured generation   total 174784K, used 61969K [0x00000000ef550000, 0x00000000fa000000, 0x0000000100000000)
[2026-09-17T16:24:39.696+0000][9177.541s][debug][gc,heap        ] GC(139)    the space 174784K,  35% used [0x00000000ef550000, 0x00000000f31d4678, 0x00000000f31d4800, 0x00000000fa000000)
[2026-09-17T16:24:39.696+0000][9177.541s][debug][gc,heap        ] GC(139)  Metaspace       used 142124K, committed 143424K, reserved 1179648K
[2026-09-17T16:24:39.696+0000][9177.541s][debug][gc,heap        ] GC(139)   class space    used 18622K, committed 19456K, reserved 1048576K
[2026-09-17T16:24:39.696+0000][9177.541s][info ][gc             ] GC(139) Pause Young (Allocation Failure) 129M->61M(247M) 2.637ms
[2026-09-17T16:24:39.696+0000][9177.541s][info ][gc,cpu         ] GC(139) User=0.00s Sys=0.00s Real=0.01s
[2026-09-17T16:26:10.984+0000][9268.829s][info ][gc,start       ] GC(140) Pause Young (Allocation Failure)
[2026-09-17T16:26:10.984+0000][9268.829s][debug][gc,heap        ] GC(140) Heap before GC invocations=140 (full 5):
[2026-09-17T16:26:10.984+0000][9268.829s][debug][gc,heap        ] GC(140)  def new generation   total 78912K, used 71106K [0x00000000e7000000, 0x00000000ec5a0000, 0x00000000ef550000)
[2026-09-17T16:26:10.984+0000][9268.829s][debug][gc,heap        ] GC(140)   eden space 70144K, 100% used [0x00000000e7000000, 0x00000000eb480000, 0x00000000eb480000)
[2026-09-17T16:26:10.984+0000][9268.829s][debug][gc,heap        ] GC(140)   from space 8768K,  10% used [0x00000000eb480000, 0x00000000eb570910, 0x00000000ebd10000)
[2026-09-17T16:26:10.984+0000][9268.829s][debug][gc,heap        ] GC(140)   to   space 8768K,   0% used [0x00000000ebd10000, 0x00000000ebd10000, 0x00000000ec5a0000)
[2026-09-17T16:26:10.984+0000][9268.829s][debug][gc,heap        ] GC(140)  tenured generation   total 174784K, used 61969K [0x00000000ef550000, 0x00000000fa000000, 0x0000000100000000)
[2026-09-17T16:26:10.984+0000][9268.829s][debug][gc,heap        ] GC(140)    the space 174784K,  35% used [0x00000000ef550000, 0x00000000f31d4678, 0x00000000f31d4800, 0x00000000fa000000)
[2026-09-17T16:26:10.984+0000][9268.829s][debug][gc,heap        ] GC(140)  Metaspace       used 142124K, committed 143424K, reserved 1179648K
[2026-09-17T16:26:10.984+0000][9268.829s][debug][gc,heap        ] GC(140)   class space    used 18622K, committed 19456K, reserved 1048576K
[2026-09-17T16:26:10.987+0000][9268.832s][info ][gc,heap        ] GC(140) DefNew: 71106K(78912K)->1202K(78912K) Eden: 70144K(70144K)->0K(70144K) From: 962K(8768K)->1202K(8768K)
[2026-09-17T16:26:10.987+0000][9268.832s][info ][gc,heap        ] GC(140) Tenured: 61969K(174784K)->62051K(174784K)
[2026-09-17T16:26:10.987+0000][9268.832s][info ][gc,metaspace   ] GC(140) Metaspace: 142124K(143424K)->142124K(143424K) NonClass: 123502K(123968K)->123502K(123968K) Class: 18622K(19456K)->18622K(19456K)
[2026-09-17T16:26:10.987+0000][9268.832s][debug][gc,heap        ] GC(140) Heap after GC invocations=141 (full 5):
[2026-09-17T16:26:10.987+0000][9268.832s][debug][gc,heap        ] GC(140)  def new generation   total 78912K, used 1202K [0x00000000e7000000, 0x00000000ec5a0000, 0x00000000ef550000)
[2026-09-17T16:26:10.987+0000][9268.832s][debug][gc,heap        ] GC(140)   eden space 70144K,   0% used [0x00000000e7000000, 0x00000000e7000000, 0x00000000eb480000)
[2026-09-17T16:26:10.987+0000][9268.832s][debug][gc,heap        ] GC(140)   from space 8768K,  13% used [0x00000000ebd10000, 0x00000000ebe3c9c0, 0x00000000ec5a0000)
[2026-09-17T16:26:10.987+0000][9268.832s][debug][gc,heap        ] GC(140)   to   space 8768K,   0% used [0x00000000eb480000, 0x00000000eb480000, 0x00000000ebd10000)
[2026-09-17T16:26:10.987+0000][9268.832s][debug][gc,heap        ] GC(140)  tenured generation   total 174784K, used 62051K [0x00000000ef550000, 0x00000000fa000000, 0x0000000100000000)
[2026-09-17T16:26:10.987+0000][9268.832s][debug][gc,heap        ] GC(140)    the space 174784K,  35% used [0x00000000ef550000, 0x00000000f31e8d68, 0x00000000f31e8e00, 0x00000000fa000000)
[2026-09-17T16:26:10.987+0000][9268.832s][debug][gc,heap        ] GC(140)  Metaspace       used 142124K, committed 143424K, reserved 1179648K
[2026-09-17T16:26:10.987+0000][9268.832s][debug][gc,heap        ] GC(140)   class space    used 18622K, committed 19456K, reserved 1048576K
[2026-09-17T16:26:10.987+0000][9268.832s][info ][gc             ] GC(140) Pause Young (Allocation Failure) 129M->61M(247M) 3.188ms
[2026-09-17T16:26:10.987+0000][9268.832s][info ][gc,cpu         ] GC(140) User=0.00s Sys=0.00s Real=0.01s
[2026-09-17T16:27:34.867+0000][9352.712s][info ][gc,start       ] GC(141) Pause Young (Allocation Failure)
[2026-09-17T16:27:34.867+0000][9352.712s][debug][gc,heap        ] GC(141) Heap before GC invocations=141 (full 5):
[2026-09-17T16:27:34.867+0000][9352.712s][debug][gc,heap        ] GC(141)  def new generation   total 78912K, used 71346K [0x00000000e7000000, 0x00000000ec5a0000, 0x00000000ef550000)
[2026-09-17T16:27:34.867+0000][9352.712s][debug][gc,heap        ] GC(141)   eden space 70144K, 100% used [0x00000000e7000000, 0x00000000eb480000, 0x00000000eb480000)
[2026-09-17T16:27:34.867+0000][9352.712s][debug][gc,heap        ] GC(141)   from space 8768K,  13% used [0x00000000ebd10000, 0x00000000ebe3c9c0, 0x00000000ec5a0000)
[2026-09-17T16:27:34.867+0000][9352.712s][debug][gc,heap        ] GC(141)   to   space 8768K,   0% used [0x00000000eb480000, 0x00000000eb480000, 0x00000000ebd10000)
[2026-09-17T16:27:34.867+0000][9352.712s][debug][gc,heap        ] GC(141)  tenured generation   total 174784K, used 62051K [0x00000000ef550000, 0x00000000fa000000, 0x0000000100000000)
[2026-09-17T16:27:34.867+0000][9352.712s][debug][gc,heap        ] GC(141)    the space 174784K,  35% used [0x00000000ef550000, 0x00000000f31e8d68, 0x00000000f31e8e00, 0x00000000fa000000)
[2026-09-17T16:27:34.867+0000][9352.712s][debug][gc,heap        ] GC(141)  Metaspace       used 142124K, committed 143424K, reserved 1179648K
[2026-09-17T16:27:34.867+0000][9352.712s][debug][gc,heap        ] GC(141)   class space    used 18622K, committed 19456K, reserved 1048576K
[2026-09-17T16:27:34.870+0000][9352.715s][info ][gc,heap        ] GC(141) DefNew: 71346K(78912K)->797K(78912K) Eden: 70144K(70144K)->0K(70144K) From: 1202K(8768K)->797K(8768K)
[2026-09-17T16:27:34.870+0000][9352.715s][info ][gc,heap        ] GC(141) Tenured: 62051K(174784K)->62052K(174784K)
[2026-09-17T16:27:34.870+0000][9352.715s][info ][gc,metaspace   ] GC(141) Metaspace: 142124K(143424K)->142124K(143424K) NonClass: 123502K(123968K)->123502K(123968K) Class: 18622K(19456K)->18622K(19456K)
[2026-09-17T16:27:34.870+0000][9352.715s][debug][gc,heap        ] GC(141) Heap after GC invocations=142 (full 5):
[2026-09-17T16:27:34.870+0000][9352.715s][debug][gc,heap        ] GC(141)  def new generation   total 78912K, used 797K [0x00000000e7000000, 0x00000000ec5a0000, 0x00000000ef550000)
[2026-09-17T16:27:34.870+0000][9352.715s][debug][gc,heap        ] GC(141)   eden space 70144K,   0% used [0x00000000e7000000, 0x00000000e7000000, 0x00000000eb480000)
[2026-09-17T16:27:34.870+0000][9352.715s][debug][gc,heap        ] GC(141)   from space 8768K,   9% used [0x00000000eb480000, 0x00000000eb5475c8, 0x00000000ebd10000)
[2026-09-17T16:27:34.870+0000][9352.715s][debug][gc,heap        ] GC(141)   to   space 8768K,   0% used [0x00000000ebd10000, 0x00000000ebd10000, 0x00000000ec5a0000)
[2026-09-17T16:27:34.870+0000][9352.715s][debug][gc,heap        ] GC(141)  tenured generation   total 174784K, used 62052K [0x00000000ef550000, 0x00000000fa000000, 0x0000000100000000)
[2026-09-17T16:27:34.870+0000][9352.715s][debug][gc,heap        ] GC(141)    the space 174784K,  35% used [0x00000000ef550000, 0x00000000f31e91e0, 0x00000000f31e9200, 0x00000000fa000000)
[2026-09-17T16:27:34.870+0000][9352.715s][debug][gc,heap        ] GC(141)  Metaspace       used 142124K, committed 143424K, reserved 1179648K
[2026-09-17T16:27:34.870+0000][9352.715s][debug][gc,heap        ] GC(141)   class space    used 18622K, committed 19456K, reserved 1048576K
[2026-09-17T16:27:34.870+0000][9352.715s][info ][gc             ] GC(141) Pause Young (Allocation Failure) 130M->61M(247M) 2.420ms
[2026-09-17T16:27:34.870+0000][9352.715s][info ][gc,cpu         ] GC(141) User=0.00s Sys=0.00s Real=0.00s
[2026-09-17T16:29:06.275+0000][9444.120s][info ][gc,start       ] GC(142) Pause Young (Allocation Failure)
[2026-09-17T16:29:06.275+0000][9444.120s][debug][gc,heap        ] GC(142) Heap before GC invocations=142 (full 5):
[2026-09-17T16:29:06.275+0000][9444.120s][debug][gc,heap        ] GC(142)  def new generation   total 78912K, used 70941K [0x00000000e7000000, 0x00000000ec5a0000, 0x00000000ef550000)
[2026-09-17T16:29:06.275+0000][9444.120s][debug][gc,heap        ] GC(142)   eden space 70144K, 100% used [0x00000000e7000000, 0x00000000eb480000, 0x00000000eb480000)
[2026-09-17T16:29:06.275+0000][9444.120s][debug][gc,heap        ] GC(142)   from space 8768K,   9% used [0x00000000eb480000, 0x00000000eb5475c8, 0x00000000ebd10000)
[2026-09-17T16:29:06.275+0000][9444.120s][debug][gc,heap        ] GC(142)   to   space 8768K,   0% used [0x00000000ebd10000, 0x00000000ebd10000, 0x00000000ec5a0000)
[2026-09-17T16:29:06.275+0000][9444.120s][debug][gc,heap        ] GC(142)  tenured generation   total 174784K, used 62052K [0x00000000ef550000, 0x00000000fa000000, 0x0000000100000000)
[2026-09-17T16:29:06.275+0000][9444.120s][debug][gc,heap        ] GC(142)    the space 174784K,  35% used [0x00000000ef550000, 0x00000000f31e91e0, 0x00000000f31e9200, 0x00000000fa000000)
[2026-09-17T16:29:06.275+0000][9444.120s][debug][gc,heap        ] GC(142)  Metaspace       used 142124K, committed 143424K, reserved 1179648K
[2026-09-17T16:29:06.275+0000][9444.120s][debug][gc,heap        ] GC(142)   class space    used 18622K, committed 19456K, reserved 1048576K
[2026-09-17T16:29:06.278+0000][9444.123s][info ][gc,heap        ] GC(142) DefNew: 70941K(78912K)->690K(78912K) Eden: 70144K(70144K)->0K(70144K) From: 797K(8768K)->690K(8768K)
[2026-09-17T16:29:06.278+0000][9444.123s][info ][gc,heap        ] GC(142) Tenured: 62052K(174784K)->62212K(174784K)
[2026-09-17T16:29:06.278+0000][9444.123s][info ][gc,metaspace   ] GC(142) Metaspace: 142124K(143424K)->142124K(143424K) NonClass: 123502K(123968K)->123502K(123968K) Class: 18622K(19456K)->18622K(19456K)
[2026-09-17T16:29:06.278+0000][9444.123s][debug][gc,heap        ] GC(142) Heap after GC invocations=143 (full 5):
[2026-09-17T16:29:06.278+0000][9444.123s][debug][gc,heap        ] GC(142)  def new generation   total 78912K, used 690K [0x00000000e7000000, 0x00000000ec5a0000, 0x00000000ef550000)
[2026-09-17T16:29:06.278+0000][9444.123s][debug][gc,heap        ] GC(142)   eden space 70144K,   0% used [0x00000000e7000000, 0x00000000e7000000, 0x00000000eb480000)
[2026-09-17T16:29:06.278+0000][9444.123s][debug][gc,heap        ] GC(142)   from space 8768K,   7% used [0x00000000ebd10000, 0x00000000ebdbc830, 0x00000000ec5a0000)
[2026-09-17T16:29:06.278+0000][9444.123s][debug][gc,heap        ] GC(142)   to   space 8768K,   0% used [0x00000000eb480000, 0x00000000eb480000, 0x00000000ebd10000)
[2026-09-17T16:29:06.278+0000][9444.123s][debug][gc,heap        ] GC(142)  tenured generation   total 174784K, used 62212K [0x00000000ef550000, 0x00000000fa000000, 0x0000000100000000)
[2026-09-17T16:29:06.278+0000][9444.123s][debug][gc,heap        ] GC(142)    the space 174784K,  35% used [0x00000000ef550000, 0x00000000f3211310, 0x00000000f3211400, 0x00000000fa000000)
[2026-09-17T16:29:06.278+0000][9444.123s][debug][gc,heap        ] GC(142)  Metaspace       used 142124K, committed 143424K, reserved 1179648K
[2026-09-17T16:29:06.278+0000][9444.123s][debug][gc,heap        ] GC(142)   class space    used 18622K, committed 19456K, reserved 1048576K
[2026-09-17T16:29:06.278+0000][9444.123s][info ][gc             ] GC(142) Pause Young (Allocation Failure) 129M->61M(247M) 2.620ms
[2026-09-17T16:29:06.278+0000][9444.123s][info ][gc,cpu         ] GC(142) User=0.00s Sys=0.00s Real=0.01s
[2026-09-17T16:30:39.257+0000][9537.102s][info ][gc,start       ] GC(143) Pause Young (Allocation Failure)
[2026-09-17T16:30:39.257+0000][9537.102s][debug][gc,heap        ] GC(143) Heap before GC invocations=143 (full 5):
[2026-09-17T16:30:39.257+0000][9537.102s][debug][gc,heap        ] GC(143)  def new generation   total 78912K, used 70834K [0x00000000e7000000, 0x00000000ec5a0000, 0x00000000ef550000)
[2026-09-17T16:30:39.257+0000][9537.102s][debug][gc,heap        ] GC(143)   eden space 70144K, 100% used [0x00000000e7000000, 0x00000000eb480000, 0x00000000eb480000)
[2026-09-17T16:30:39.257+0000][9537.102s][debug][gc,heap        ] GC(143)   from space 8768K,   7% used [0x00000000ebd10000, 0x00000000ebdbc830, 0x00000000ec5a0000)
[2026-09-17T16:30:39.257+0000][9537.102s][debug][gc,heap        ] GC(143)   to   space 8768K,   0% used [0x00000000eb480000, 0x00000000eb480000, 0x00000000ebd10000)
[2026-09-17T16:30:39.257+0000][9537.102s][debug][gc,heap        ] GC(143)  tenured generation   total 174784K, used 62212K [0x00000000ef550000, 0x00000000fa000000, 0x0000000100000000)
[2026-09-17T16:30:39.257+0000][9537.102s][debug][gc,heap        ] GC(143)    the space 174784K,  35% used [0x00000000ef550000, 0x00000000f3211310, 0x00000000f3211400, 0x00000000fa000000)
[2026-09-17T16:30:39.257+0000][9537.102s][debug][gc,heap        ] GC(143)  Metaspace       used 142125K, committed 143424K, reserved 1179648K
[2026-09-17T16:30:39.257+0000][9537.102s][debug][gc,heap        ] GC(143)   class space    used 18622K, committed 19456K, reserved 1048576K
[2026-09-17T16:30:39.259+0000][9537.104s][info ][gc,heap        ] GC(143) DefNew: 70834K(78912K)->1243K(78912K) Eden: 70144K(70144K)->0K(70144K) From: 690K(8768K)->1243K(8768K)
[2026-09-17T16:30:39.259+0000][9537.104s][info ][gc,heap        ] GC(143) Tenured: 62212K(174784K)->62213K(174784K)
[2026-09-17T16:30:39.259+0000][9537.104s][info ][gc,metaspace   ] GC(143) Metaspace: 142125K(143424K)->142125K(143424K) NonClass: 123503K(123968K)->123503K(123968K) Class: 18622K(19456K)->18622K(19456K)
[2026-09-17T16:30:39.259+0000][9537.104s][debug][gc,heap        ] GC(143) Heap after GC invocations=144 (full 5):
[2026-09-17T16:30:39.259+0000][9537.104s][debug][gc,heap        ] GC(143)  def new generation   total 78912K, used 1243K [0x00000000e7000000, 0x00000000ec5a0000, 0x00000000ef550000)
[2026-09-17T16:30:39.259+0000][9537.104s][debug][gc,heap        ] GC(143)   eden space 70144K,   0% used [0x00000000e7000000, 0x00000000e7000000, 0x00000000eb480000)
[2026-09-17T16:30:39.259+0000][9537.104s][debug][gc,heap        ] GC(143)   from space 8768K,  14% used [0x00000000eb480000, 0x00000000eb5b6ca0, 0x00000000ebd10000)
[2026-09-17T16:30:39.259+0000][9537.104s][debug][gc,heap        ] GC(143)   to   space 8768K,   0% used [0x00000000ebd10000, 0x00000000ebd10000, 0x00000000ec5a0000)
[2026-09-17T16:30:39.259+0000][9537.104s][debug][gc,heap        ] GC(143)  tenured generation   total 174784K, used 62213K [0x00000000ef550000, 0x00000000fa000000, 0x0000000100000000)
[2026-09-17T16:30:39.259+0000][9537.104s][debug][gc,heap        ] GC(143)    the space 174784K,  35% used [0x00000000ef550000, 0x00000000f32116f0, 0x00000000f3211800, 0x00000000fa000000)
[2026-09-17T16:30:39.259+0000][9537.105s][debug][gc,heap        ] GC(143)  Metaspace       used 142125K, committed 143424K, reserved 1179648K
[2026-09-17T16:30:39.259+0000][9537.105s][debug][gc,heap        ] GC(143)   class space    used 18622K, committed 19456K, reserved 1048576K
[2026-09-17T16:30:39.259+0000][9537.105s][info ][gc             ] GC(143) Pause Young (Allocation Failure) 129M->61M(247M) 2.634ms
[2026-09-17T16:30:39.259+0000][9537.105s][info ][gc,cpu         ] GC(143) User=0.00s Sys=0.00s Real=0.00s
[2026-09-17T16:32:11.434+0000][9629.279s][info ][gc,start       ] GC(144) Pause Young (Allocation Failure)
[2026-09-17T16:32:11.434+0000][9629.279s][debug][gc,heap        ] GC(144) Heap before GC invocations=144 (full 5):
[2026-09-17T16:32:11.434+0000][9629.279s][debug][gc,heap        ] GC(144)  def new generation   total 78912K, used 71387K [0x00000000e7000000, 0x00000000ec5a0000, 0x00000000ef550000)
[2026-09-17T16:32:11.434+0000][9629.279s][debug][gc,heap        ] GC(144)   eden space 70144K, 100% used [0x00000000e7000000, 0x00000000eb480000, 0x00000000eb480000)
[2026-09-17T16:32:11.434+0000][9629.279s][debug][gc,heap        ] GC(144)   from space 8768K,  14% used [0x00000000eb480000, 0x00000000eb5b6ca0, 0x00000000ebd10000)
[2026-09-17T16:32:11.434+0000][9629.279s][debug][gc,heap        ] GC(144)   to   space 8768K,   0% used [0x00000000ebd10000, 0x00000000ebd10000, 0x00000000ec5a0000)
[2026-09-17T16:32:11.434+0000][9629.279s][debug][gc,heap        ] GC(144)  tenured generation   total 174784K, used 62213K [0x00000000ef550000, 0x00000000fa000000, 0x0000000100000000)
[2026-09-17T16:32:11.434+0000][9629.279s][debug][gc,heap        ] GC(144)    the space 174784K,  35% used [0x00000000ef550000, 0x00000000f32116f0, 0x00000000f3211800, 0x00000000fa000000)
[2026-09-17T16:32:11.434+0000][9629.279s][debug][gc,heap        ] GC(144)  Metaspace       used 142189K, committed 143488K, reserved 1179648K
[2026-09-17T16:32:11.434+0000][9629.279s][debug][gc,heap        ] GC(144)   class space    used 18622K, committed 19456K, reserved 1048576K
[2026-09-17T16:32:11.436+0000][9629.281s][info ][gc,heap        ] GC(144) DefNew: 71387K(78912K)->510K(78912K) Eden: 70144K(70144K)->0K(70144K) From: 1243K(8768K)->510K(8768K)
[2026-09-17T16:32:11.436+0000][9629.281s][info ][gc,heap        ] GC(144) Tenured: 62213K(174784K)->62270K(174784K)
[2026-09-17T16:32:11.436+0000][9629.281s][info ][gc,metaspace   ] GC(144) Metaspace: 142189K(143488K)->142189K(143488K) NonClass: 123567K(124032K)->123567K(124032K) Class: 18622K(19456K)->18622K(19456K)
[2026-09-17T16:32:11.436+0000][9629.281s][debug][gc,heap        ] GC(144) Heap after GC invocations=145 (full 5):
[2026-09-17T16:32:11.436+0000][9629.281s][debug][gc,heap        ] GC(144)  def new generation   total 78912K, used 510K [0x00000000e7000000, 0x00000000ec5a0000, 0x00000000ef550000)
[2026-09-17T16:32:11.436+0000][9629.281s][debug][gc,heap        ] GC(144)   eden space 70144K,   0% used [0x00000000e7000000, 0x00000000e7000000, 0x00000000eb480000)
[2026-09-17T16:32:11.436+0000][9629.281s][debug][gc,heap        ] GC(144)   from space 8768K,   5% used [0x00000000ebd10000, 0x00000000ebd8fac0, 0x00000000ec5a0000)
[2026-09-17T16:32:11.436+0000][9629.281s][debug][gc,heap        ] GC(144)   to   space 8768K,   0% used [0x00000000eb480000, 0x00000000eb480000, 0x00000000ebd10000)
[2026-09-17T16:32:11.436+0000][9629.281s][debug][gc,heap        ] GC(144)  tenured generation   total 174784K, used 62270K [0x00000000ef550000, 0x00000000fa000000, 0x0000000100000000)
[2026-09-17T16:32:11.436+0000][9629.281s][debug][gc,heap        ] GC(144)    the space 174784K,  35% used [0x00000000ef550000, 0x00000000f321f9a0, 0x00000000f321fa00, 0x00000000fa000000)
[2026-09-17T16:32:11.436+0000][9629.281s][debug][gc,heap        ] GC(144)  Metaspace       used 142189K, committed 143488K, reserved 1179648K
[2026-09-17T16:32:11.436+0000][9629.281s][debug][gc,heap        ] GC(144)   class space    used 18622K, committed 19456K, reserved 1048576K
[2026-09-17T16:32:11.436+0000][9629.281s][info ][gc             ] GC(144) Pause Young (Allocation Failure) 130M->61M(247M) 2.439ms
[2026-09-17T16:32:11.436+0000][9629.281s][info ][gc,cpu         ] GC(144) User=0.00s Sys=0.00s Real=0.01s
[2026-09-17T16:33:43.530+0000][9721.375s][info ][gc,start       ] GC(145) Pause Young (Allocation Failure)
[2026-09-17T16:33:43.530+0000][9721.375s][debug][gc,heap        ] GC(145) Heap before GC invocations=145 (full 5):
[2026-09-17T16:33:43.530+0000][9721.375s][debug][gc,heap        ] GC(145)  def new generation   total 78912K, used 70654K [0x00000000e7000000, 0x00000000ec5a0000, 0x00000000ef550000)
[2026-09-17T16:33:43.530+0000][9721.375s][debug][gc,heap        ] GC(145)   eden space 70144K, 100% used [0x00000000e7000000, 0x00000000eb480000, 0x00000000eb480000)
[2026-09-17T16:33:43.530+0000][9721.375s][debug][gc,heap        ] GC(145)   from space 8768K,   5% used [0x00000000ebd10000, 0x00000000ebd8fac0, 0x00000000ec5a0000)
[2026-09-17T16:33:43.530+0000][9721.375s][debug][gc,heap        ] GC(145)   to   space 8768K,   0% used [0x00000000eb480000, 0x00000000eb480000, 0x00000000ebd10000)
[2026-09-17T16:33:43.530+0000][9721.375s][debug][gc,heap        ] GC(145)  tenured generation   total 174784K, used 62270K [0x00000000ef550000, 0x00000000fa000000, 0x0000000100000000)
[2026-09-17T16:33:43.530+0000][9721.375s][debug][gc,heap        ] GC(145)    the space 174784K,  35% used [0x00000000ef550000, 0x00000000f321f9a0, 0x00000000f321fa00, 0x00000000fa000000)
[2026-09-17T16:33:43.530+0000][9721.375s][debug][gc,heap        ] GC(145)  Metaspace       used 142189K, committed 143488K, reserved 1179648K
[2026-09-17T16:33:43.530+0000][9721.375s][debug][gc,heap        ] GC(145)   class space    used 18622K, committed 19456K, reserved 1048576K
[2026-09-17T16:33:43.532+0000][9721.377s][info ][gc,heap        ] GC(145) DefNew: 70654K(78912K)->675K(78912K) Eden: 70144K(70144K)->0K(70144K) From: 510K(8768K)->675K(8768K)
[2026-09-17T16:33:43.532+0000][9721.377s][info ][gc,heap        ] GC(145) Tenured: 62270K(174784K)->62270K(174784K)
[2026-09-17T16:33:43.532+0000][9721.377s][info ][gc,metaspace   ] GC(145) Metaspace: 142189K(143488K)->142189K(143488K) NonClass: 123567K(124032K)->123567K(124032K) Class: 18622K(19456K)->18622K(19456K)
[2026-09-17T16:33:43.532+0000][9721.377s][debug][gc,heap        ] GC(145) Heap after GC invocations=146 (full 5):
[2026-09-17T16:33:43.532+0000][9721.377s][debug][gc,heap        ] GC(145)  def new generation   total 78912K, used 675K [0x00000000e7000000, 0x00000000ec5a0000, 0x00000000ef550000)
[2026-09-17T16:33:43.532+0000][9721.377s][debug][gc,heap        ] GC(145)   eden space 70144K,   0% used [0x00000000e7000000, 0x00000000e7000000, 0x00000000eb480000)
[2026-09-17T16:33:43.532+0000][9721.377s][debug][gc,heap        ] GC(145)   from space 8768K,   7% used [0x00000000eb480000, 0x00000000eb528f50, 0x00000000ebd10000)
[2026-09-17T16:33:43.532+0000][9721.377s][debug][gc,heap        ] GC(145)   to   space 8768K,   0% used [0x00000000ebd10000, 0x00000000ebd10000, 0x00000000ec5a0000)
[2026-09-17T16:33:43.532+0000][9721.377s][debug][gc,heap        ] GC(145)  tenured generation   total 174784K, used 62270K [0x00000000ef550000, 0x00000000fa000000, 0x0000000100000000)
[2026-09-17T16:33:43.532+0000][9721.377s][debug][gc,heap        ] GC(145)    the space 174784K,  35% used [0x00000000ef550000, 0x00000000f321f9d0, 0x00000000f321fa00, 0x00000000fa000000)
[2026-09-17T16:33:43.532+0000][9721.377s][debug][gc,heap        ] GC(145)  Metaspace       used 142189K, committed 143488K, reserved 1179648K
[2026-09-17T16:33:43.532+0000][9721.377s][debug][gc,heap        ] GC(145)   class space    used 18622K, committed 19456K, reserved 1048576K
[2026-09-17T16:33:43.532+0000][9721.377s][info ][gc             ] GC(145) Pause Young (Allocation Failure) 129M->61M(247M) 2.159ms
[2026-09-17T16:33:43.532+0000][9721.377s][info ][gc,cpu         ] GC(145) User=0.00s Sys=0.00s Real=0.00s
[2026-09-17T16:35:21.923+0000][9819.768s][info ][gc,start       ] GC(146) Pause Young (Allocation Failure)
[2026-09-17T16:35:21.923+0000][9819.768s][debug][gc,heap        ] GC(146) Heap before GC invocations=146 (full 5):
[2026-09-17T16:35:21.923+0000][9819.768s][debug][gc,heap        ] GC(146)  def new generation   total 78912K, used 70819K [0x00000000e7000000, 0x00000000ec5a0000, 0x00000000ef550000)
[2026-09-17T16:35:21.923+0000][9819.768s][debug][gc,heap        ] GC(146)   eden space 70144K, 100% used [0x00000000e7000000, 0x00000000eb480000, 0x00000000eb480000)
[2026-09-17T16:35:21.923+0000][9819.768s][debug][gc,heap        ] GC(146)   from space 8768K,   7% used [0x00000000eb480000, 0x00000000eb528f50, 0x00000000ebd10000)
[2026-09-17T16:35:21.923+0000][9819.768s][debug][gc,heap        ] GC(146)   to   space 8768K,   0% used [0x00000000ebd10000, 0x00000000ebd10000, 0x00000000ec5a0000)
[2026-09-17T16:35:21.923+0000][9819.768s][debug][gc,heap        ] GC(146)  tenured generation   total 174784K, used 62270K [0x00000000ef550000, 0x00000000fa000000, 0x0000000100000000)
[2026-09-17T16:35:21.923+0000][9819.768s][debug][gc,heap        ] GC(146)    the space 174784K,  35% used [0x00000000ef550000, 0x00000000f321f9d0, 0x00000000f321fa00, 0x00000000fa000000)
[2026-09-17T16:35:21.923+0000][9819.768s][debug][gc,heap        ] GC(146)  Metaspace       used 142190K, committed 143488K, reserved 1179648K
[2026-09-17T16:35:21.923+0000][9819.768s][debug][gc,heap        ] GC(146)   class space    used 18622K, committed 19456K, reserved 1048576K
[2026-09-17T16:35:21.925+0000][9819.770s][info ][gc,heap        ] GC(146) DefNew: 70819K(78912K)->708K(78912K) Eden: 70144K(70144K)->0K(70144K) From: 675K(8768K)->708K(8768K)
[2026-09-17T16:35:21.925+0000][9819.771s][info ][gc,heap        ] GC(146) Tenured: 62270K(174784K)->62326K(174784K)
[2026-09-17T16:35:21.925+0000][9819.771s][info ][gc,metaspace   ] GC(146) Metaspace: 142190K(143488K)->142190K(143488K) NonClass: 123568K(124032K)->123568K(124032K) Class: 18622K(19456K)->18622K(19456K)
[2026-09-17T16:35:21.925+0000][9819.771s][debug][gc,heap        ] GC(146) Heap after GC invocations=147 (full 5):
[2026-09-17T16:35:21.925+0000][9819.771s][debug][gc,heap        ] GC(146)  def new generation   total 78912K, used 708K [0x00000000e7000000, 0x00000000ec5a0000, 0x00000000ef550000)
[2026-09-17T16:35:21.925+0000][9819.771s][debug][gc,heap        ] GC(146)   eden space 70144K,   0% used [0x00000000e7000000, 0x00000000e7000000, 0x00000000eb480000)
[2026-09-17T16:35:21.925+0000][9819.771s][debug][gc,heap        ] GC(146)   from space 8768K,   8% used [0x00000000ebd10000, 0x00000000ebdc1178, 0x00000000ec5a0000)
[2026-09-17T16:35:21.925+0000][9819.771s][debug][gc,heap        ] GC(146)   to   space 8768K,   0% used [0x00000000eb480000, 0x00000000eb480000, 0x00000000ebd10000)
[2026-09-17T16:35:21.925+0000][9819.771s][debug][gc,heap        ] GC(146)  tenured generation   total 174784K, used 62326K [0x00000000ef550000, 0x00000000fa000000, 0x0000000100000000)
[2026-09-17T16:35:21.925+0000][9819.771s][debug][gc,heap        ] GC(146)    the space 174784K,  35% used [0x00000000ef550000, 0x00000000f322d978, 0x00000000f322da00, 0x00000000fa000000)
[2026-09-17T16:35:21.925+0000][9819.771s][debug][gc,heap        ] GC(146)  Metaspace       used 142190K, committed 143488K, reserved 1179648K
[2026-09-17T16:35:21.925+0000][9819.771s][debug][gc,heap        ] GC(146)   class space    used 18622K, committed 19456K, reserved 1048576K
[2026-09-17T16:35:21.925+0000][9819.771s][info ][gc             ] GC(146) Pause Young (Allocation Failure) 129M->61M(247M) 2.343ms
[2026-09-17T16:35:21.926+0000][9819.771s][info ][gc,cpu         ] GC(146) User=0.00s Sys=0.00s Real=0.01s
[2026-09-17T16:37:00.717+0000][9918.562s][info ][gc,start       ] GC(147) Pause Young (Allocation Failure)
[2026-09-17T16:37:00.717+0000][9918.562s][debug][gc,heap        ] GC(147) Heap before GC invocations=147 (full 5):
[2026-09-17T16:37:00.717+0000][9918.562s][debug][gc,heap        ] GC(147)  def new generation   total 78912K, used 70852K [0x00000000e7000000, 0x00000000ec5a0000, 0x00000000ef550000)
[2026-09-17T16:37:00.717+0000][9918.562s][debug][gc,heap        ] GC(147)   eden space 70144K, 100% used [0x00000000e7000000, 0x00000000eb480000, 0x00000000eb480000)
[2026-09-17T16:37:00.717+0000][9918.562s][debug][gc,heap        ] GC(147)   from space 8768K,   8% used [0x00000000ebd10000, 0x00000000ebdc1178, 0x00000000ec5a0000)
[2026-09-17T16:37:00.717+0000][9918.562s][debug][gc,heap        ] GC(147)   to   space 8768K,   0% used [0x00000000eb480000, 0x00000000eb480000, 0x00000000ebd10000)
[2026-09-17T16:37:00.717+0000][9918.562s][debug][gc,heap        ] GC(147)  tenured generation   total 174784K, used 62326K [0x00000000ef550000, 0x00000000fa000000, 0x0000000100000000)
[2026-09-17T16:37:00.717+0000][9918.562s][debug][gc,heap        ] GC(147)    the space 174784K,  35% used [0x00000000ef550000, 0x00000000f322d978, 0x00000000f322da00, 0x00000000fa000000)
[2026-09-17T16:37:00.717+0000][9918.562s][debug][gc,heap        ] GC(147)  Metaspace       used 142190K, committed 143488K, reserved 1179648K
[2026-09-17T16:37:00.717+0000][9918.562s][debug][gc,heap        ] GC(147)   class space    used 18622K, committed 19456K, reserved 1048576K
[2026-09-17T16:37:00.719+0000][9918.564s][info ][gc,heap        ] GC(147) DefNew: 70852K(78912K)->1322K(78912K) Eden: 70144K(70144K)->0K(70144K) From: 708K(8768K)->1322K(8768K)
[2026-09-17T16:37:00.719+0000][9918.564s][info ][gc,heap        ] GC(147) Tenured: 62326K(174784K)->62326K(174784K)
[2026-09-17T16:37:00.719+0000][9918.564s][info ][gc,metaspace   ] GC(147) Metaspace: 142190K(143488K)->142190K(143488K) NonClass: 123568K(124032K)->123568K(124032K) Class: 18622K(19456K)->18622K(19456K)
[2026-09-17T16:37:00.719+0000][9918.564s][debug][gc,heap        ] GC(147) Heap after GC invocations=148 (full 5):
[2026-09-17T16:37:00.719+0000][9918.564s][debug][gc,heap        ] GC(147)  def new generation   total 78912K, used 1322K [0x00000000e7000000, 0x00000000ec5a0000, 0x00000000ef550000)
[2026-09-17T16:37:00.719+0000][9918.564s][debug][gc,heap        ] GC(147)   eden space 70144K,   0% used [0x00000000e7000000, 0x00000000e7000000, 0x00000000eb480000)
[2026-09-17T16:37:00.719+0000][9918.564s][debug][gc,heap        ] GC(147)   from space 8768K,  15% used [0x00000000eb480000, 0x00000000eb5caa10, 0x00000000ebd10000)
[2026-09-17T16:37:00.719+0000][9918.564s][debug][gc,heap        ] GC(147)   to   space 8768K,   0% used [0x00000000ebd10000, 0x00000000ebd10000, 0x00000000ec5a0000)
[2026-09-17T16:37:00.719+0000][9918.564s][debug][gc,heap        ] GC(147)  tenured generation   total 174784K, used 62326K [0x00000000ef550000, 0x00000000fa000000, 0x0000000100000000)
[2026-09-17T16:37:00.719+0000][9918.564s][debug][gc,heap        ] GC(147)    the space 174784K,  35% used [0x00000000ef550000, 0x00000000f322da90, 0x00000000f322dc00, 0x00000000fa000000)
[2026-09-17T16:37:00.719+0000][9918.564s][debug][gc,heap        ] GC(147)  Metaspace       used 142190K, committed 143488K, reserved 1179648K
[2026-09-17T16:37:00.719+0000][9918.564s][debug][gc,heap        ] GC(147)   class space    used 18622K, committed 19456K, reserved 1048576K
[2026-09-17T16:37:00.719+0000][9918.564s][info ][gc             ] GC(147) Pause Young (Allocation Failure) 130M->62M(247M) 2.351ms
[2026-09-17T16:37:00.719+0000][9918.564s][info ][gc,cpu         ] GC(147) User=0.01s Sys=0.00s Real=0.00s
[2026-09-17T16:38:39.071+0000][10016.916s][info ][gc,start       ] GC(148) Pause Young (Allocation Failure)
[2026-09-17T16:38:39.071+0000][10016.916s][debug][gc,heap        ] GC(148) Heap before GC invocations=148 (full 5):
[2026-09-17T16:38:39.071+0000][10016.916s][debug][gc,heap        ] GC(148)  def new generation   total 78912K, used 71466K [0x00000000e7000000, 0x00000000ec5a0000, 0x00000000ef550000)
[2026-09-17T16:38:39.071+0000][10016.916s][debug][gc,heap        ] GC(148)   eden space 70144K, 100% used [0x00000000e7000000, 0x00000000eb480000, 0x00000000eb480000)
[2026-09-17T16:38:39.071+0000][10016.916s][debug][gc,heap        ] GC(148)   from space 8768K,  15% used [0x00000000eb480000, 0x00000000eb5caa10, 0x00000000ebd10000)
[2026-09-17T16:38:39.071+0000][10016.916s][debug][gc,heap        ] GC(148)   to   space 8768K,   0% used [0x00000000ebd10000, 0x00000000ebd10000, 0x00000000ec5a0000)
[2026-09-17T16:38:39.071+0000][10016.916s][debug][gc,heap        ] GC(148)  tenured generation   total 174784K, used 62326K [0x00000000ef550000, 0x00000000fa000000, 0x0000000100000000)
[2026-09-17T16:38:39.071+0000][10016.916s][debug][gc,heap        ] GC(148)    the space 174784K,  35% used [0x00000000ef550000, 0x00000000f322da90, 0x00000000f322dc00, 0x00000000fa000000)
[2026-09-17T16:38:39.071+0000][10016.916s][debug][gc,heap        ] GC(148)  Metaspace       used 142190K, committed 143488K, reserved 1179648K
[2026-09-17T16:38:39.071+0000][10016.916s][debug][gc,heap        ] GC(148)   class space    used 18622K, committed 19456K, reserved 1048576K
[2026-09-17T16:38:39.073+0000][10016.918s][info ][gc,heap        ] GC(148) DefNew: 71466K(78912K)->1151K(78912K) Eden: 70144K(70144K)->0K(70144K) From: 1322K(8768K)->1151K(8768K)
[2026-09-17T16:38:39.073+0000][10016.918s][info ][gc,heap        ] GC(148) Tenured: 62326K(174784K)->62382K(174784K)
[2026-09-17T16:38:39.073+0000][10016.918s][info ][gc,metaspace   ] GC(148) Metaspace: 142190K(143488K)->142190K(143488K) NonClass: 123568K(124032K)->123568K(124032K) Class: 18622K(19456K)->18622K(19456K)
[2026-09-17T16:38:39.073+0000][10016.918s][debug][gc,heap        ] GC(148) Heap after GC invocations=149 (full 5):
[2026-09-17T16:38:39.073+0000][10016.918s][debug][gc,heap        ] GC(148)  def new generation   total 78912K, used 1151K [0x00000000e7000000, 0x00000000ec5a0000, 0x00000000ef550000)
[2026-09-17T16:38:39.073+0000][10016.918s][debug][gc,heap        ] GC(148)   eden space 70144K,   0% used [0x00000000e7000000, 0x00000000e7000000, 0x00000000eb480000)
[2026-09-17T16:38:39.073+0000][10016.918s][debug][gc,heap        ] GC(148)   from space 8768K,  13% used [0x00000000ebd10000, 0x00000000ebe2fda8, 0x00000000ec5a0000)
[2026-09-17T16:38:39.073+0000][10016.918s][debug][gc,heap        ] GC(148)   to   space 8768K,   0% used [0x00000000eb480000, 0x00000000eb480000, 0x00000000ebd10000)
[2026-09-17T16:38:39.073+0000][10016.918s][debug][gc,heap        ] GC(148)  tenured generation   total 174784K, used 62382K [0x00000000ef550000, 0x00000000fa000000, 0x0000000100000000)
[2026-09-17T16:38:39.073+0000][10016.918s][debug][gc,heap        ] GC(148)    the space 174784K,  35% used [0x00000000ef550000, 0x00000000f323b820, 0x00000000f323ba00, 0x00000000fa000000)
[2026-09-17T16:38:39.073+0000][10016.918s][debug][gc,heap        ] GC(148)  Metaspace       used 142190K, committed 143488K, reserved 1179648K
[2026-09-17T16:38:39.073+0000][10016.918s][debug][gc,heap        ] GC(148)   class space    used 18622K, committed 19456K, reserved 1048576K
[2026-09-17T16:38:39.073+0000][10016.918s][info ][gc             ] GC(148) Pause Young (Allocation Failure) 130M->62M(247M) 2.529ms
[2026-09-17T16:38:39.073+0000][10016.918s][info ][gc,cpu         ] GC(148) User=0.01s Sys=0.00s Real=0.00s
[2026-09-17T16:40:51.246+0000][10149.091s][info ][gc,start       ] GC(149) Pause Young (Allocation Failure)
[2026-09-17T16:40:51.246+0000][10149.091s][debug][gc,heap        ] GC(149) Heap before GC invocations=149 (full 5):
[2026-09-17T16:40:51.246+0000][10149.091s][debug][gc,heap        ] GC(149)  def new generation   total 78912K, used 71295K [0x00000000e7000000, 0x00000000ec5a0000, 0x00000000ef550000)
[2026-09-17T16:40:51.246+0000][10149.091s][debug][gc,heap        ] GC(149)   eden space 70144K, 100% used [0x00000000e7000000, 0x00000000eb480000, 0x00000000eb480000)
[2026-09-17T16:40:51.246+0000][10149.091s][debug][gc,heap        ] GC(149)   from space 8768K,  13% used [0x00000000ebd10000, 0x00000000ebe2fda8, 0x00000000ec5a0000)
[2026-09-17T16:40:51.246+0000][10149.091s][debug][gc,heap        ] GC(149)   to   space 8768K,   0% used [0x00000000eb480000, 0x00000000eb480000, 0x00000000ebd10000)
[2026-09-17T16:40:51.246+0000][10149.091s][debug][gc,heap        ] GC(149)  tenured generation   total 174784K, used 62382K [0x00000000ef550000, 0x00000000fa000000, 0x0000000100000000)
[2026-09-17T16:40:51.246+0000][10149.091s][debug][gc,heap        ] GC(149)    the space 174784K,  35% used [0x00000000ef550000, 0x00000000f323b820, 0x00000000f323ba00, 0x00000000fa000000)
[2026-09-17T16:40:51.246+0000][10149.091s][debug][gc,heap        ] GC(149)  Metaspace       used 142190K, committed 143488K, reserved 1179648K
[2026-09-17T16:40:51.246+0000][10149.091s][debug][gc,heap        ] GC(149)   class space    used 18622K, committed 19456K, reserved 1048576K
[2026-09-17T16:40:51.249+0000][10149.094s][info ][gc,heap        ] GC(149) DefNew: 71295K(78912K)->1318K(78912K) Eden: 70144K(70144K)->0K(70144K) From: 1151K(8768K)->1318K(8768K)
[2026-09-17T16:40:51.249+0000][10149.094s][info ][gc,heap        ] GC(149) Tenured: 62382K(174784K)->62382K(174784K)
[2026-09-17T16:40:51.249+0000][10149.094s][info ][gc,metaspace   ] GC(149) Metaspace: 142190K(143488K)->142190K(143488K) NonClass: 123568K(124032K)->123568K(124032K) Class: 18622K(19456K)->18622K(19456K)
[2026-09-17T16:40:51.249+0000][10149.094s][debug][gc,heap        ] GC(149) Heap after GC invocations=150 (full 5):
[2026-09-17T16:40:51.249+0000][10149.094s][debug][gc,heap        ] GC(149)  def new generation   total 78912K, used 1318K [0x00000000e7000000, 0x00000000ec5a0000, 0x00000000ef550000)
[2026-09-17T16:40:51.249+0000][10149.094s][debug][gc,heap        ] GC(149)   eden space 70144K,   0% used [0x00000000e7000000, 0x00000000e7000000, 0x00000000eb480000)
[2026-09-17T16:40:51.249+0000][10149.094s][debug][gc,heap        ] GC(149)   from space 8768K,  15% used [0x00000000eb480000, 0x00000000eb5c9a78, 0x00000000ebd10000)
[2026-09-17T16:40:51.249+0000][10149.094s][debug][gc,heap        ] GC(149)   to   space 8768K,   0% used [0x00000000ebd10000, 0x00000000ebd10000, 0x00000000ec5a0000)
[2026-09-17T16:40:51.249+0000][10149.094s][debug][gc,heap        ] GC(149)  tenured generation   total 174784K, used 62382K [0x00000000ef550000, 0x00000000fa000000, 0x0000000100000000)
[2026-09-17T16:40:51.249+0000][10149.094s][debug][gc,heap        ] GC(149)    the space 174784K,  35% used [0x00000000ef550000, 0x00000000f323b858, 0x00000000f323ba00, 0x00000000fa000000)
[2026-09-17T16:40:51.249+0000][10149.094s][debug][gc,heap        ] GC(149)  Metaspace       used 142190K, committed 143488K, reserved 1179648K
[2026-09-17T16:40:51.249+0000][10149.094s][debug][gc,heap        ] GC(149)   class space    used 18622K, committed 19456K, reserved 1048576K
[2026-09-17T16:40:51.249+0000][10149.094s][info ][gc             ] GC(149) Pause Young (Allocation Failure) 130M->62M(247M) 2.595ms
[2026-09-17T16:40:51.249+0000][10149.094s][info ][gc,cpu         ] GC(149) User=0.00s Sys=0.00s Real=0.00s
[2026-09-17T16:42:40.008+0000][10257.853s][info ][gc,start       ] GC(150) Pause Young (Allocation Failure)
[2026-09-17T16:42:40.008+0000][10257.853s][debug][gc,heap        ] GC(150) Heap before GC invocations=150 (full 5):
[2026-09-17T16:42:40.008+0000][10257.853s][debug][gc,heap        ] GC(150)  def new generation   total 78912K, used 71462K [0x00000000e7000000, 0x00000000ec5a0000, 0x00000000ef550000)
[2026-09-17T16:42:40.008+0000][10257.853s][debug][gc,heap        ] GC(150)   eden space 70144K, 100% used [0x00000000e7000000, 0x00000000eb480000, 0x00000000eb480000)
[2026-09-17T16:42:40.008+0000][10257.853s][debug][gc,heap        ] GC(150)   from space 8768K,  15% used [0x00000000eb480000, 0x00000000eb5c9a78, 0x00000000ebd10000)
[2026-09-17T16:42:40.008+0000][10257.853s][debug][gc,heap        ] GC(150)   to   space 8768K,   0% used [0x00000000ebd10000, 0x00000000ebd10000, 0x00000000ec5a0000)
[2026-09-17T16:42:40.008+0000][10257.853s][debug][gc,heap        ] GC(150)  tenured generation   total 174784K, used 62382K [0x00000000ef550000, 0x00000000fa000000, 0x0000000100000000)
[2026-09-17T16:42:40.008+0000][10257.853s][debug][gc,heap        ] GC(150)    the space 174784K,  35% used [0x00000000ef550000, 0x00000000f323b858, 0x00000000f323ba00, 0x00000000fa000000)
[2026-09-17T16:42:40.008+0000][10257.853s][debug][gc,heap        ] GC(150)  Metaspace       used 142190K, committed 143488K, reserved 1179648K
[2026-09-17T16:42:40.008+0000][10257.853s][debug][gc,heap        ] GC(150)   class space    used 18622K, committed 19456K, reserved 1048576K
[2026-09-17T16:42:40.010+0000][10257.855s][info ][gc,heap        ] GC(150) DefNew: 71462K(78912K)->809K(78912K) Eden: 70144K(70144K)->0K(70144K) From: 1318K(8768K)->809K(8768K)
[2026-09-17T16:42:40.010+0000][10257.855s][info ][gc,heap        ] GC(150) Tenured: 62382K(174784K)->62382K(174784K)
[2026-09-17T16:42:40.010+0000][10257.855s][info ][gc,metaspace   ] GC(150) Metaspace: 142190K(143488K)->142190K(143488K) NonClass: 123568K(124032K)->123568K(124032K) Class: 18622K(19456K)->18622K(19456K)
[2026-09-17T16:42:40.010+0000][10257.855s][debug][gc,heap        ] GC(150) Heap after GC invocations=151 (full 5):
[2026-09-17T16:42:40.010+0000][10257.855s][debug][gc,heap        ] GC(150)  def new generation   total 78912K, used 809K [0x00000000e7000000, 0x00000000ec5a0000, 0x00000000ef550000)
[2026-09-17T16:42:40.010+0000][10257.855s][debug][gc,heap        ] GC(150)   eden space 70144K,   0% used [0x00000000e7000000, 0x00000000e7000000, 0x00000000eb480000)
[2026-09-17T16:42:40.010+0000][10257.855s][debug][gc,heap        ] GC(150)   from space 8768K,   9% used [0x00000000ebd10000, 0x00000000ebdda4c8, 0x00000000ec5a0000)
[2026-09-17T16:42:40.010+0000][10257.855s][debug][gc,heap        ] GC(150)   to   space 8768K,   0% used [0x00000000eb480000, 0x00000000eb480000, 0x00000000ebd10000)
[2026-09-17T16:42:40.010+0000][10257.855s][debug][gc,heap        ] GC(150)  tenured generation   total 174784K, used 62382K [0x00000000ef550000, 0x00000000fa000000, 0x0000000100000000)
[2026-09-17T16:42:40.010+0000][10257.855s][debug][gc,heap        ] GC(150)    the space 174784K,  35% used [0x00000000ef550000, 0x00000000f323b858, 0x00000000f323ba00, 0x00000000fa000000)
[2026-09-17T16:42:40.010+0000][10257.855s][debug][gc,heap        ] GC(150)  Metaspace       used 142190K, committed 143488K, reserved 1179648K
[2026-09-17T16:42:40.010+0000][10257.855s][debug][gc,heap        ] GC(150)   class space    used 18622K, committed 19456K, reserved 1048576K
[2026-09-17T16:42:40.010+0000][10257.855s][info ][gc             ] GC(150) Pause Young (Allocation Failure) 130M->61M(247M) 2.215ms
[2026-09-17T16:42:40.010+0000][10257.855s][info ][gc,cpu         ] GC(150) User=0.00s Sys=0.00s Real=0.00s
[2026-09-17T16:44:31.143+0000][10368.988s][info ][gc,start       ] GC(151) Pause Young (Allocation Failure)
[2026-09-17T16:44:31.143+0000][10368.988s][debug][gc,heap        ] GC(151) Heap before GC invocations=151 (full 5):
[2026-09-17T16:44:31.143+0000][10368.988s][debug][gc,heap        ] GC(151)  def new generation   total 78912K, used 70953K [0x00000000e7000000, 0x00000000ec5a0000, 0x00000000ef550000)
[2026-09-17T16:44:31.143+0000][10368.988s][debug][gc,heap        ] GC(151)   eden space 70144K, 100% used [0x00000000e7000000, 0x00000000eb480000, 0x00000000eb480000)
[2026-09-17T16:44:31.143+0000][10368.988s][debug][gc,heap        ] GC(151)   from space 8768K,   9% used [0x00000000ebd10000, 0x00000000ebdda4c8, 0x00000000ec5a0000)
[2026-09-17T16:44:31.143+0000][10368.988s][debug][gc,heap        ] GC(151)   to   space 8768K,   0% used [0x00000000eb480000, 0x00000000eb480000, 0x00000000ebd10000)
[2026-09-17T16:44:31.143+0000][10368.988s][debug][gc,heap        ] GC(151)  tenured generation   total 174784K, used 62382K [0x00000000ef550000, 0x00000000fa000000, 0x0000000100000000)
[2026-09-17T16:44:31.143+0000][10368.988s][debug][gc,heap        ] GC(151)    the space 174784K,  35% used [0x00000000ef550000, 0x00000000f323b858, 0x00000000f323ba00, 0x00000000fa000000)
[2026-09-17T16:44:31.143+0000][10368.988s][debug][gc,heap        ] GC(151)  Metaspace       used 142233K, committed 143488K, reserved 1179648K
[2026-09-17T16:44:31.143+0000][10368.988s][debug][gc,heap        ] GC(151)   class space    used 18622K, committed 19456K, reserved 1048576K
[2026-09-17T16:44:31.146+0000][10368.991s][info ][gc,heap        ] GC(151) DefNew: 70953K(78912K)->890K(78912K) Eden: 70144K(70144K)->0K(70144K) From: 809K(8768K)->890K(8768K)
[2026-09-17T16:44:31.146+0000][10368.991s][info ][gc,heap        ] GC(151) Tenured: 62382K(174784K)->62382K(174784K)
[2026-09-17T16:44:31.146+0000][10368.991s][info ][gc,metaspace   ] GC(151) Metaspace: 142233K(143488K)->142233K(143488K) NonClass: 123611K(124032K)->123611K(124032K) Class: 18622K(19456K)->18622K(19456K)
[2026-09-17T16:44:31.146+0000][10368.991s][debug][gc,heap        ] GC(151) Heap after GC invocations=152 (full 5):
[2026-09-17T16:44:31.146+0000][10368.991s][debug][gc,heap        ] GC(151)  def new generation   total 78912K, used 890K [0x00000000e7000000, 0x00000000ec5a0000, 0x00000000ef550000)
[2026-09-17T16:44:31.146+0000][10368.991s][debug][gc,heap        ] GC(151)   eden space 70144K,   0% used [0x00000000e7000000, 0x00000000e7000000, 0x00000000eb480000)
[2026-09-17T16:44:31.146+0000][10368.991s][debug][gc,heap        ] GC(151)   from space 8768K,  10% used [0x00000000eb480000, 0x00000000eb55eac0, 0x00000000ebd10000)
[2026-09-17T16:44:31.146+0000][10368.991s][debug][gc,heap        ] GC(151)   to   space 8768K,   0% used [0x00000000ebd10000, 0x00000000ebd10000, 0x00000000ec5a0000)
[2026-09-17T16:44:31.146+0000][10368.991s][debug][gc,heap        ] GC(151)  tenured generation   total 174784K, used 62382K [0x00000000ef550000, 0x00000000fa000000, 0x0000000100000000)
[2026-09-17T16:44:31.146+0000][10368.991s][debug][gc,heap        ] GC(151)    the space 174784K,  35% used [0x00000000ef550000, 0x00000000f323b858, 0x00000000f323ba00, 0x00000000fa000000)
[2026-09-17T16:44:31.146+0000][10368.991s][debug][gc,heap        ] GC(151)  Metaspace       used 142233K, committed 143488K, reserved 1179648K
[2026-09-17T16:44:31.146+0000][10368.991s][debug][gc,heap        ] GC(151)   class space    used 18622K, committed 19456K, reserved 1048576K
[2026-09-17T16:44:31.146+0000][10368.991s][info ][gc             ] GC(151) Pause Young (Allocation Failure) 130M->61M(247M) 2.413ms
[2026-09-17T16:44:31.146+0000][10368.991s][info ][gc,cpu         ] GC(151) User=0.00s Sys=0.00s Real=0.01s
[2026-09-17T16:46:18.884+0000][10476.729s][info ][gc,start       ] GC(152) Pause Young (Allocation Failure)
[2026-09-17T16:46:18.884+0000][10476.729s][debug][gc,heap        ] GC(152) Heap before GC invocations=152 (full 5):
[2026-09-17T16:46:18.884+0000][10476.729s][debug][gc,heap        ] GC(152)  def new generation   total 78912K, used 71034K [0x00000000e7000000, 0x00000000ec5a0000, 0x00000000ef550000)
[2026-09-17T16:46:18.884+0000][10476.729s][debug][gc,heap        ] GC(152)   eden space 70144K, 100% used [0x00000000e7000000, 0x00000000eb480000, 0x00000000eb480000)
[2026-09-17T16:46:18.884+0000][10476.729s][debug][gc,heap        ] GC(152)   from space 8768K,  10% used [0x00000000eb480000, 0x00000000eb55eac0, 0x00000000ebd10000)
[2026-09-17T16:46:18.884+0000][10476.729s][debug][gc,heap        ] GC(152)   to   space 8768K,   0% used [0x00000000ebd10000, 0x00000000ebd10000, 0x00000000ec5a0000)
[2026-09-17T16:46:18.884+0000][10476.729s][debug][gc,heap        ] GC(152)  tenured generation   total 174784K, used 62382K [0x00000000ef550000, 0x00000000fa000000, 0x0000000100000000)
[2026-09-17T16:46:18.884+0000][10476.729s][debug][gc,heap        ] GC(152)    the space 174784K,  35% used [0x00000000ef550000, 0x00000000f323b858, 0x00000000f323ba00, 0x00000000fa000000)
[2026-09-17T16:46:18.884+0000][10476.729s][debug][gc,heap        ] GC(152)  Metaspace       used 142233K, committed 143488K, reserved 1179648K
[2026-09-17T16:46:18.884+0000][10476.729s][debug][gc,heap        ] GC(152)   class space    used 18622K, committed 19456K, reserved 1048576K
[2026-09-17T16:46:18.886+0000][10476.731s][info ][gc,heap        ] GC(152) DefNew: 71034K(78912K)->850K(78912K) Eden: 70144K(70144K)->0K(70144K) From: 890K(8768K)->850K(8768K)
[2026-09-17T16:46:18.886+0000][10476.731s][info ][gc,heap        ] GC(152) Tenured: 62382K(174784K)->62382K(174784K)
[2026-09-17T16:46:18.886+0000][10476.731s][info ][gc,metaspace   ] GC(152) Metaspace: 142233K(143488K)->142233K(143488K) NonClass: 123611K(124032K)->123611K(124032K) Class: 18622K(19456K)->18622K(19456K)
[2026-09-17T16:46:18.886+0000][10476.731s][debug][gc,heap        ] GC(152) Heap after GC invocations=153 (full 5):
[2026-09-17T16:46:18.886+0000][10476.731s][debug][gc,heap        ] GC(152)  def new generation   total 78912K, used 850K [0x00000000e7000000, 0x00000000ec5a0000, 0x00000000ef550000)
[2026-09-17T16:46:18.886+0000][10476.731s][debug][gc,heap        ] GC(152)   eden space 70144K,   0% used [0x00000000e7000000, 0x00000000e7000000, 0x00000000eb480000)
[2026-09-17T16:46:18.886+0000][10476.731s][debug][gc,heap        ] GC(152)   from space 8768K,   9% used [0x00000000ebd10000, 0x00000000ebde4a50, 0x00000000ec5a0000)
[2026-09-17T16:46:18.886+0000][10476.731s][debug][gc,heap        ] GC(152)   to   space 8768K,   0% used [0x00000000eb480000, 0x00000000eb480000, 0x00000000ebd10000)
[2026-09-17T16:46:18.886+0000][10476.731s][debug][gc,heap        ] GC(152)  tenured generation   total 174784K, used 62382K [0x00000000ef550000, 0x00000000fa000000, 0x0000000100000000)
[2026-09-17T16:46:18.886+0000][10476.731s][debug][gc,heap        ] GC(152)    the space 174784K,  35% used [0x00000000ef550000, 0x00000000f323b8c8, 0x00000000f323ba00, 0x00000000fa000000)
[2026-09-17T16:46:18.886+0000][10476.731s][debug][gc,heap        ] GC(152)  Metaspace       used 142233K, committed 143488K, reserved 1179648K
[2026-09-17T16:46:18.886+0000][10476.731s][debug][gc,heap        ] GC(152)   class space    used 18622K, committed 19456K, reserved 1048576K
[2026-09-17T16:46:18.886+0000][10476.731s][info ][gc             ] GC(152) Pause Young (Allocation Failure) 130M->61M(247M) 2.354ms
[2026-09-17T16:46:18.886+0000][10476.731s][info ][gc,cpu         ] GC(152) User=0.01s Sys=0.00s Real=0.01s
[2026-09-17T16:48:11.694+0000][10589.539s][info ][gc,start       ] GC(153) Pause Young (Allocation Failure)
[2026-09-17T16:48:11.694+0000][10589.539s][debug][gc,heap        ] GC(153) Heap before GC invocations=153 (full 5):
[2026-09-17T16:48:11.694+0000][10589.539s][debug][gc,heap        ] GC(153)  def new generation   total 78912K, used 70994K [0x00000000e7000000, 0x00000000ec5a0000, 0x00000000ef550000)
[2026-09-17T16:48:11.694+0000][10589.539s][debug][gc,heap        ] GC(153)   eden space 70144K, 100% used [0x00000000e7000000, 0x00000000eb480000, 0x00000000eb480000)
[2026-09-17T16:48:11.694+0000][10589.539s][debug][gc,heap        ] GC(153)   from space 8768K,   9% used [0x00000000ebd10000, 0x00000000ebde4a50, 0x00000000ec5a0000)
[2026-09-17T16:48:11.694+0000][10589.539s][debug][gc,heap        ] GC(153)   to   space 8768K,   0% used [0x00000000eb480000, 0x00000000eb480000, 0x00000000ebd10000)
[2026-09-17T16:48:11.694+0000][10589.539s][debug][gc,heap        ] GC(153)  tenured generation   total 174784K, used 62382K [0x00000000ef550000, 0x00000000fa000000, 0x0000000100000000)
[2026-09-17T16:48:11.694+0000][10589.539s][debug][gc,heap        ] GC(153)    the space 174784K,  35% used [0x00000000ef550000, 0x00000000f323b8c8, 0x00000000f323ba00, 0x00000000fa000000)
[2026-09-17T16:48:11.694+0000][10589.539s][debug][gc,heap        ] GC(153)  Metaspace       used 142233K, committed 143488K, reserved 1179648K
[2026-09-17T16:48:11.694+0000][10589.539s][debug][gc,heap        ] GC(153)   class space    used 18622K, committed 19456K, reserved 1048576K
[2026-09-17T16:48:11.697+0000][10589.542s][info ][gc,heap        ] GC(153) DefNew: 70994K(78912K)->907K(78912K) Eden: 70144K(70144K)->0K(70144K) From: 850K(8768K)->907K(8768K)
[2026-09-17T16:48:11.697+0000][10589.542s][info ][gc,heap        ] GC(153) Tenured: 62382K(174784K)->62472K(174784K)
[2026-09-17T16:48:11.697+0000][10589.542s][info ][gc,metaspace   ] GC(153) Metaspace: 142233K(143488K)->142233K(143488K) NonClass: 123611K(124032K)->123611K(124032K) Class: 18622K(19456K)->18622K(19456K)
[2026-09-17T16:48:11.697+0000][10589.542s][debug][gc,heap        ] GC(153) Heap after GC invocations=154 (full 5):
[2026-09-17T16:48:11.697+0000][10589.542s][debug][gc,heap        ] GC(153)  def new generation   total 78912K, used 907K [0x00000000e7000000, 0x00000000ec5a0000, 0x00000000ef550000)
[2026-09-17T16:48:11.697+0000][10589.542s][debug][gc,heap        ] GC(153)   eden space 70144K,   0% used [0x00000000e7000000, 0x00000000e7000000, 0x00000000eb480000)
[2026-09-17T16:48:11.697+0000][10589.542s][debug][gc,heap        ] GC(153)   from space 8768K,  10% used [0x00000000eb480000, 0x00000000eb562ff8, 0x00000000ebd10000)
[2026-09-17T16:48:11.697+0000][10589.542s][debug][gc,heap        ] GC(153)   to   space 8768K,   0% used [0x00000000ebd10000, 0x00000000ebd10000, 0x00000000ec5a0000)
[2026-09-17T16:48:11.697+0000][10589.542s][debug][gc,heap        ] GC(153)  tenured generation   total 174784K, used 62472K [0x00000000ef550000, 0x00000000fa000000, 0x0000000100000000)
[2026-09-17T16:48:11.697+0000][10589.542s][debug][gc,heap        ] GC(153)    the space 174784K,  35% used [0x00000000ef550000, 0x00000000f3252378, 0x00000000f3252400, 0x00000000fa000000)
[2026-09-17T16:48:11.697+0000][10589.542s][debug][gc,heap        ] GC(153)  Metaspace       used 142233K, committed 143488K, reserved 1179648K
[2026-09-17T16:48:11.697+0000][10589.542s][debug][gc,heap        ] GC(153)   class space    used 18622K, committed 19456K, reserved 1048576K
[2026-09-17T16:48:11.697+0000][10589.542s][info ][gc             ] GC(153) Pause Young (Allocation Failure) 130M->61M(247M) 2.494ms
[2026-09-17T16:48:11.697+0000][10589.542s][info ][gc,cpu         ] GC(153) User=0.00s Sys=0.00s Real=0.01s
[2026-09-17T16:50:23.003+0000][10720.848s][info ][gc,start       ] GC(154) Pause Young (Allocation Failure)
[2026-09-17T16:50:23.003+0000][10720.848s][debug][gc,heap        ] GC(154) Heap before GC invocations=154 (full 5):
[2026-09-17T16:50:23.003+0000][10720.849s][debug][gc,heap        ] GC(154)  def new generation   total 78912K, used 71051K [0x00000000e7000000, 0x00000000ec5a0000, 0x00000000ef550000)
[2026-09-17T16:50:23.003+0000][10720.849s][debug][gc,heap        ] GC(154)   eden space 70144K, 100% used [0x00000000e7000000, 0x00000000eb480000, 0x00000000eb480000)
[2026-09-17T16:50:23.003+0000][10720.849s][debug][gc,heap        ] GC(154)   from space 8768K,  10% used [0x00000000eb480000, 0x00000000eb562ff8, 0x00000000ebd10000)
[2026-09-17T16:50:23.003+0000][10720.849s][debug][gc,heap        ] GC(154)   to   space 8768K,   0% used [0x00000000ebd10000, 0x00000000ebd10000, 0x00000000ec5a0000)
[2026-09-17T16:50:23.003+0000][10720.849s][debug][gc,heap        ] GC(154)  tenured generation   total 174784K, used 62472K [0x00000000ef550000, 0x00000000fa000000, 0x0000000100000000)
[2026-09-17T16:50:23.003+0000][10720.849s][debug][gc,heap        ] GC(154)    the space 174784K,  35% used [0x00000000ef550000, 0x00000000f3252378, 0x00000000f3252400, 0x00000000fa000000)
[2026-09-17T16:50:23.003+0000][10720.849s][debug][gc,heap        ] GC(154)  Metaspace       used 142233K, committed 143488K, reserved 1179648K
[2026-09-17T16:50:23.004+0000][10720.849s][debug][gc,heap        ] GC(154)   class space    used 18622K, committed 19456K, reserved 1048576K
[2026-09-17T16:50:23.006+0000][10720.851s][info ][gc,heap        ] GC(154) DefNew: 71051K(78912K)->1054K(78912K) Eden: 70144K(70144K)->0K(70144K) From: 907K(8768K)->1054K(8768K)
[2026-09-17T16:50:23.006+0000][10720.851s][info ][gc,heap        ] GC(154) Tenured: 62472K(174784K)->62472K(174784K)
[2026-09-17T16:50:23.006+0000][10720.851s][info ][gc,metaspace   ] GC(154) Metaspace: 142233K(143488K)->142233K(143488K) NonClass: 123611K(124032K)->123611K(124032K) Class: 18622K(19456K)->18622K(19456K)
[2026-09-17T16:50:23.006+0000][10720.851s][debug][gc,heap        ] GC(154) Heap after GC invocations=155 (full 5):
[2026-09-17T16:50:23.006+0000][10720.851s][debug][gc,heap        ] GC(154)  def new generation   total 78912K, used 1054K [0x00000000e7000000, 0x00000000ec5a0000, 0x00000000ef550000)
[2026-09-17T16:50:23.006+0000][10720.851s][debug][gc,heap        ] GC(154)   eden space 70144K,   0% used [0x00000000e7000000, 0x00000000e7000000, 0x00000000eb480000)
[2026-09-17T16:50:23.006+0000][10720.851s][debug][gc,heap        ] GC(154)   from space 8768K,  12% used [0x00000000ebd10000, 0x00000000ebe17800, 0x00000000ec5a0000)
[2026-09-17T16:50:23.006+0000][10720.851s][debug][gc,heap        ] GC(154)   to   space 8768K,   0% used [0x00000000eb480000, 0x00000000eb480000, 0x00000000ebd10000)
[2026-09-17T16:50:23.006+0000][10720.851s][debug][gc,heap        ] GC(154)  tenured generation   total 174784K, used 62472K [0x00000000ef550000, 0x00000000fa000000, 0x0000000100000000)
[2026-09-17T16:50:23.006+0000][10720.851s][debug][gc,heap        ] GC(154)    the space 174784K,  35% used [0x00000000ef550000, 0x00000000f32523d8, 0x00000000f3252400, 0x00000000fa000000)
[2026-09-17T16:50:23.006+0000][10720.851s][debug][gc,heap        ] GC(154)  Metaspace       used 142233K, committed 143488K, reserved 1179648K
[2026-09-17T16:50:23.006+0000][10720.851s][debug][gc,heap        ] GC(154)   class space    used 18622K, committed 19456K, reserved 1048576K
[2026-09-17T16:50:23.006+0000][10720.851s][info ][gc             ] GC(154) Pause Young (Allocation Failure) 130M->62M(247M) 2.807ms
[2026-09-17T16:50:23.006+0000][10720.851s][info ][gc,cpu         ] GC(154) User=0.00s Sys=0.00s Real=0.01s
[2026-09-17T16:52:24.437+0000][10842.282s][info ][gc,start       ] GC(155) Pause Young (Allocation Failure)
[2026-09-17T16:52:24.437+0000][10842.282s][debug][gc,heap        ] GC(155) Heap before GC invocations=155 (full 5):
[2026-09-17T16:52:24.437+0000][10842.282s][debug][gc,heap        ] GC(155)  def new generation   total 78912K, used 71198K [0x00000000e7000000, 0x00000000ec5a0000, 0x00000000ef550000)
[2026-09-17T16:52:24.437+0000][10842.282s][debug][gc,heap        ] GC(155)   eden space 70144K, 100% used [0x00000000e7000000, 0x00000000eb480000, 0x00000000eb480000)
[2026-09-17T16:52:24.437+0000][10842.282s][debug][gc,heap        ] GC(155)   from space 8768K,  12% used [0x00000000ebd10000, 0x00000000ebe17800, 0x00000000ec5a0000)
[2026-09-17T16:52:24.437+0000][10842.282s][debug][gc,heap        ] GC(155)   to   space 8768K,   0% used [0x00000000eb480000, 0x00000000eb480000, 0x00000000ebd10000)
[2026-09-17T16:52:24.437+0000][10842.282s][debug][gc,heap        ] GC(155)  tenured generation   total 174784K, used 62472K [0x00000000ef550000, 0x00000000fa000000, 0x0000000100000000)
[2026-09-17T16:52:24.437+0000][10842.282s][debug][gc,heap        ] GC(155)    the space 174784K,  35% used [0x00000000ef550000, 0x00000000f32523d8, 0x00000000f3252400, 0x00000000fa000000)
[2026-09-17T16:52:24.437+0000][10842.282s][debug][gc,heap        ] GC(155)  Metaspace       used 142233K, committed 143488K, reserved 1179648K
[2026-09-17T16:52:24.437+0000][10842.282s][debug][gc,heap        ] GC(155)   class space    used 18622K, committed 19456K, reserved 1048576K
[2026-09-17T16:52:24.439+0000][10842.284s][info ][gc,heap        ] GC(155) DefNew: 71198K(78912K)->787K(78912K) Eden: 70144K(70144K)->0K(70144K) From: 1054K(8768K)->787K(8768K)
[2026-09-17T16:52:24.439+0000][10842.284s][info ][gc,heap        ] GC(155) Tenured: 62472K(174784K)->62472K(174784K)
[2026-09-17T16:52:24.439+0000][10842.284s][info ][gc,metaspace   ] GC(155) Metaspace: 142233K(143488K)->142233K(143488K) NonClass: 123611K(124032K)->123611K(124032K) Class: 18622K(19456K)->18622K(19456K)
[2026-09-17T16:52:24.439+0000][10842.284s][debug][gc,heap        ] GC(155) Heap after GC invocations=156 (full 5):
[2026-09-17T16:52:24.439+0000][10842.284s][debug][gc,heap        ] GC(155)  def new generation   total 78912K, used 787K [0x00000000e7000000, 0x00000000ec5a0000, 0x00000000ef550000)
[2026-09-17T16:52:24.439+0000][10842.284s][debug][gc,heap        ] GC(155)   eden space 70144K,   0% used [0x00000000e7000000, 0x00000000e7000000, 0x00000000eb480000)
[2026-09-17T16:52:24.439+0000][10842.284s][debug][gc,heap        ] GC(155)   from space 8768K,   8% used [0x00000000eb480000, 0x00000000eb544fd8, 0x00000000ebd10000)
[2026-09-17T16:52:24.439+0000][10842.284s][debug][gc,heap        ] GC(155)   to   space 8768K,   0% used [0x00000000ebd10000, 0x00000000ebd10000, 0x00000000ec5a0000)
[2026-09-17T16:52:24.439+0000][10842.284s][debug][gc,heap        ] GC(155)  tenured generation   total 174784K, used 62472K [0x00000000ef550000, 0x00000000fa000000, 0x0000000100000000)
[2026-09-17T16:52:24.439+0000][10842.284s][debug][gc,heap        ] GC(155)    the space 174784K,  35% used [0x00000000ef550000, 0x00000000f32523d8, 0x00000000f3252400, 0x00000000fa000000)
[2026-09-17T16:52:24.439+0000][10842.284s][debug][gc,heap        ] GC(155)  Metaspace       used 142233K, committed 143488K, reserved 1179648K
[2026-09-17T16:52:24.439+0000][10842.284s][debug][gc,heap        ] GC(155)   class space    used 18622K, committed 19456K, reserved 1048576K
[2026-09-17T16:52:24.439+0000][10842.284s][info ][gc             ] GC(155) Pause Young (Allocation Failure) 130M->61M(247M) 2.295ms
[2026-09-17T16:52:24.439+0000][10842.284s][info ][gc,cpu         ] GC(155) User=0.01s Sys=0.00s Real=0.00s
[2026-09-17T16:54:20.324+0000][10958.169s][info ][gc,start       ] GC(156) Pause Young (Allocation Failure)
[2026-09-17T16:54:20.324+0000][10958.169s][debug][gc,heap        ] GC(156) Heap before GC invocations=156 (full 5):
[2026-09-17T16:54:20.324+0000][10958.169s][debug][gc,heap        ] GC(156)  def new generation   total 78912K, used 70931K [0x00000000e7000000, 0x00000000ec5a0000, 0x00000000ef550000)
[2026-09-17T16:54:20.324+0000][10958.169s][debug][gc,heap        ] GC(156)   eden space 70144K, 100% used [0x00000000e7000000, 0x00000000eb480000, 0x00000000eb480000)
[2026-09-17T16:54:20.324+0000][10958.169s][debug][gc,heap        ] GC(156)   from space 8768K,   8% used [0x00000000eb480000, 0x00000000eb544fd8, 0x00000000ebd10000)
[2026-09-17T16:54:20.324+0000][10958.169s][debug][gc,heap        ] GC(156)   to   space 8768K,   0% used [0x00000000ebd10000, 0x00000000ebd10000, 0x00000000ec5a0000)
[2026-09-17T16:54:20.324+0000][10958.169s][debug][gc,heap        ] GC(156)  tenured generation   total 174784K, used 62472K [0x00000000ef550000, 0x00000000fa000000, 0x0000000100000000)
[2026-09-17T16:54:20.324+0000][10958.169s][debug][gc,heap        ] GC(156)    the space 174784K,  35% used [0x00000000ef550000, 0x00000000f32523d8, 0x00000000f3252400, 0x00000000fa000000)
[2026-09-17T16:54:20.324+0000][10958.169s][debug][gc,heap        ] GC(156)  Metaspace       used 142233K, committed 143488K, reserved 1179648K
[2026-09-17T16:54:20.324+0000][10958.169s][debug][gc,heap        ] GC(156)   class space    used 18622K, committed 19456K, reserved 1048576K
[2026-09-17T16:54:20.326+0000][10958.171s][info ][gc,heap        ] GC(156) DefNew: 70931K(78912K)->829K(78912K) Eden: 70144K(70144K)->0K(70144K) From: 787K(8768K)->829K(8768K)
[2026-09-17T16:54:20.326+0000][10958.171s][info ][gc,heap        ] GC(156) Tenured: 62472K(174784K)->62472K(174784K)
[2026-09-17T16:54:20.326+0000][10958.171s][info ][gc,metaspace   ] GC(156) Metaspace: 142233K(143488K)->142233K(143488K) NonClass: 123611K(124032K)->123611K(124032K) Class: 18622K(19456K)->18622K(19456K)
[2026-09-17T16:54:20.326+0000][10958.171s][debug][gc,heap        ] GC(156) Heap after GC invocations=157 (full 5):
[2026-09-17T16:54:20.326+0000][10958.171s][debug][gc,heap        ] GC(156)  def new generation   total 78912K, used 829K [0x00000000e7000000, 0x00000000ec5a0000, 0x00000000ef550000)
[2026-09-17T16:54:20.326+0000][10958.171s][debug][gc,heap        ] GC(156)   eden space 70144K,   0% used [0x00000000e7000000, 0x00000000e7000000, 0x00000000eb480000)
[2026-09-17T16:54:20.326+0000][10958.171s][debug][gc,heap        ] GC(156)   from space 8768K,   9% used [0x00000000ebd10000, 0x00000000ebddf590, 0x00000000ec5a0000)
[2026-09-17T16:54:20.326+0000][10958.171s][debug][gc,heap        ] GC(156)   to   space 8768K,   0% used [0x00000000eb480000, 0x00000000eb480000, 0x00000000ebd10000)
[2026-09-17T16:54:20.326+0000][10958.171s][debug][gc,heap        ] GC(156)  tenured generation   total 174784K, used 62472K [0x00000000ef550000, 0x00000000fa000000, 0x0000000100000000)
[2026-09-17T16:54:20.326+0000][10958.171s][debug][gc,heap        ] GC(156)    the space 174784K,  35% used [0x00000000ef550000, 0x00000000f32523d8, 0x00000000f3252400, 0x00000000fa000000)
[2026-09-17T16:54:20.326+0000][10958.171s][debug][gc,heap        ] GC(156)  Metaspace       used 142233K, committed 143488K, reserved 1179648K
[2026-09-17T16:54:20.326+0000][10958.171s][debug][gc,heap        ] GC(156)   class space    used 18622K, committed 19456K, reserved 1048576K
[2026-09-17T16:54:20.326+0000][10958.171s][info ][gc             ] GC(156) Pause Young (Allocation Failure) 130M->61M(247M) 2.220ms
[2026-09-17T16:54:20.326+0000][10958.171s][info ][gc,cpu         ] GC(156) User=0.00s Sys=0.00s Real=0.01s
[2026-09-17T16:56:28.774+0000][11086.619s][info ][gc,start       ] GC(157) Pause Young (Allocation Failure)
[2026-09-17T16:56:28.774+0000][11086.619s][debug][gc,heap        ] GC(157) Heap before GC invocations=157 (full 5):
[2026-09-17T16:56:28.774+0000][11086.619s][debug][gc,heap        ] GC(157)  def new generation   total 78912K, used 70973K [0x00000000e7000000, 0x00000000ec5a0000, 0x00000000ef550000)
[2026-09-17T16:56:28.774+0000][11086.619s][debug][gc,heap        ] GC(157)   eden space 70144K, 100% used [0x00000000e7000000, 0x00000000eb480000, 0x00000000eb480000)
[2026-09-17T16:56:28.774+0000][11086.619s][debug][gc,heap        ] GC(157)   from space 8768K,   9% used [0x00000000ebd10000, 0x00000000ebddf590, 0x00000000ec5a0000)
[2026-09-17T16:56:28.774+0000][11086.619s][debug][gc,heap        ] GC(157)   to   space 8768K,   0% used [0x00000000eb480000, 0x00000000eb480000, 0x00000000ebd10000)
[2026-09-17T16:56:28.774+0000][11086.619s][debug][gc,heap        ] GC(157)  tenured generation   total 174784K, used 62472K [0x00000000ef550000, 0x00000000fa000000, 0x0000000100000000)
[2026-09-17T16:56:28.774+0000][11086.619s][debug][gc,heap        ] GC(157)    the space 174784K,  35% used [0x00000000ef550000, 0x00000000f32523d8, 0x00000000f3252400, 0x00000000fa000000)
[2026-09-17T16:56:28.774+0000][11086.619s][debug][gc,heap        ] GC(157)  Metaspace       used 142233K, committed 143488K, reserved 1179648K
[2026-09-17T16:56:28.774+0000][11086.619s][debug][gc,heap        ] GC(157)   class space    used 18622K, committed 19456K, reserved 1048576K
[2026-09-17T16:56:28.776+0000][11086.621s][info ][gc,heap        ] GC(157) DefNew: 70973K(78912K)->835K(78912K) Eden: 70144K(70144K)->0K(70144K) From: 829K(8768K)->835K(8768K)
[2026-09-17T16:56:28.776+0000][11086.621s][info ][gc,heap        ] GC(157) Tenured: 62472K(174784K)->62473K(174784K)
[2026-09-17T16:56:28.776+0000][11086.621s][info ][gc,metaspace   ] GC(157) Metaspace: 142233K(143488K)->142233K(143488K) NonClass: 123611K(124032K)->123611K(124032K) Class: 18622K(19456K)->18622K(19456K)
[2026-09-17T16:56:28.776+0000][11086.621s][debug][gc,heap        ] GC(157) Heap after GC invocations=158 (full 5):
[2026-09-17T16:56:28.776+0000][11086.621s][debug][gc,heap        ] GC(157)  def new generation   total 78912K, used 835K [0x00000000e7000000, 0x00000000ec5a0000, 0x00000000ef550000)
[2026-09-17T16:56:28.776+0000][11086.621s][debug][gc,heap        ] GC(157)   eden space 70144K,   0% used [0x00000000e7000000, 0x00000000e7000000, 0x00000000eb480000)
[2026-09-17T16:56:28.776+0000][11086.621s][debug][gc,heap        ] GC(157)   from space 8768K,   9% used [0x00000000eb480000, 0x00000000eb550d28, 0x00000000ebd10000)
[2026-09-17T16:56:28.776+0000][11086.621s][debug][gc,heap        ] GC(157)   to   space 8768K,   0% used [0x00000000ebd10000, 0x00000000ebd10000, 0x00000000ec5a0000)
[2026-09-17T16:56:28.776+0000][11086.621s][debug][gc,heap        ] GC(157)  tenured generation   total 174784K, used 62473K [0x00000000ef550000, 0x00000000fa000000, 0x0000000100000000)
[2026-09-17T16:56:28.776+0000][11086.621s][debug][gc,heap        ] GC(157)    the space 174784K,  35% used [0x00000000ef550000, 0x00000000f3252428, 0x00000000f3252600, 0x00000000fa000000)
[2026-09-17T16:56:28.776+0000][11086.621s][debug][gc,heap        ] GC(157)  Metaspace       used 142233K, committed 143488K, reserved 1179648K
[2026-09-17T16:56:28.776+0000][11086.621s][debug][gc,heap        ] GC(157)   class space    used 18622K, committed 19456K, reserved 1048576K
[2026-09-17T16:56:28.776+0000][11086.621s][info ][gc             ] GC(157) Pause Young (Allocation Failure) 130M->61M(247M) 2.282ms
[2026-09-17T16:56:28.776+0000][11086.621s][info ][gc,cpu         ] GC(157) User=0.00s Sys=0.00s Real=0.01s
