
  .   ____          _            __ _ _
 /\\ / ___'_ __ _ _(_)_ __  __ _ \ \ \ \
( ( )\___ | '_ | '_| | '_ \/ _` | \ \ \ \
 \\/  ___)| |_)| | | | | || (_| |  ) ) ) )
  '  |____| .__|_| |_|_| |_\__, | / / / /
 =========|_|==============|___/=/_/_/_/

 :: Spring Boot ::                (v4.0.1)

2026-08-13T01:36:30.697+09:00  INFO [] 1 --- [DOCKin-spring] [           main] com.DOCKin.DocKinSpringApplication       : Starting DocKinSpringApplication v0.0.1-SNAPSHOT using Java 21.0.12 with PID 1 (/app.jar started by root in /)
2026-08-13T01:36:30.701+09:00  INFO [] 1 --- [DOCKin-spring] [           main] com.DOCKin.DocKinSpringApplication       : The following 2 profiles are active: "secret", "seed"
2026-08-13T01:36:32.988+09:00  INFO [] 1 --- [DOCKin-spring] [           main] .s.d.r.c.RepositoryConfigurationDelegate : Bootstrapping Spring Data JPA repositories in DEFAULT mode.
2026-08-13T01:36:33.493+09:00  INFO [] 1 --- [DOCKin-spring] [           main] .s.d.r.c.RepositoryConfigurationDelegate : Finished Spring Data repository scanning in 497 ms. Found 20 JPA repository interfaces.
2026-08-13T01:36:35.393+09:00  INFO [] 1 --- [DOCKin-spring] [           main] o.s.boot.tomcat.TomcatWebServer          : Tomcat initialized with port 8080 (http)
2026-08-13T01:36:35.406+09:00  INFO [] 1 --- [DOCKin-spring] [           main] o.apache.catalina.core.StandardService   : Starting service [Tomcat]
2026-08-13T01:36:35.406+09:00  INFO [] 1 --- [DOCKin-spring] [           main] o.apache.catalina.core.StandardEngine    : Starting Servlet engine: [Apache Tomcat/11.0.15]
2026-08-13T01:36:35.585+09:00  INFO [] 1 --- [DOCKin-spring] [           main] b.w.c.s.WebApplicationContextInitializer : Root WebApplicationContext: initialization completed in 4777 ms
2026-08-13T01:36:36.816+09:00  INFO [] 1 --- [DOCKin-spring] [           main] com.zaxxer.hikari.HikariDataSource       : HikariPool-1 - Starting...
2026-08-13T01:36:37.198+09:00  INFO [] 1 --- [DOCKin-spring] [           main] com.zaxxer.hikari.pool.HikariPool        : HikariPool-1 - Added connection org.postgresql.jdbc.PgConnection@394e504d
2026-08-13T01:36:37.200+09:00  INFO [] 1 --- [DOCKin-spring] [           main] com.zaxxer.hikari.HikariDataSource       : HikariPool-1 - Start completed.
2026-08-13T01:36:37.225+09:00  INFO [] 1 --- [DOCKin-spring] [           main] org.flywaydb.core.FlywayExecutor         : Database: jdbc:postgresql://DOCKin-DB:5432/dockindb (PostgreSQL 17.10)
2026-08-13T01:36:37.400+09:00  INFO [] 1 --- [DOCKin-spring] [           main] o.f.c.i.s.JdbcTableSchemaHistory         : Schema history table "public"."flyway_schema_history" does not exist yet
2026-08-13T01:36:37.403+09:00  INFO [] 1 --- [DOCKin-spring] [           main] o.f.core.internal.command.DbValidate     : Successfully validated 6 migrations (execution time 00:00.106s)
2026-08-13T01:36:37.408+09:00  INFO [] 1 --- [DOCKin-spring] [           main] org.flywaydb.core.Flyway                 : All configured schemas are empty; baseline operation skipped. A baseline or migration script with a lower version than the baseline version may execute if available. Check the Schemas parameter if this is not intended.
2026-08-13T01:36:37.411+09:00  INFO [] 1 --- [DOCKin-spring] [           main] o.f.c.i.s.JdbcTableSchemaHistory         : Creating Schema History table "public"."flyway_schema_history" ...
2026-08-13T01:36:37.503+09:00  INFO [] 1 --- [DOCKin-spring] [           main] o.f.core.internal.command.DbMigrate      : Current version of schema "public": << Empty Schema >>
2026-08-13T01:36:37.587+09:00  INFO [] 1 --- [DOCKin-spring] [           main] o.f.core.internal.command.DbMigrate      : Migrating schema "public" to version "1 - pgvector and document chunks"
2026-08-13T01:36:37.699+09:00  INFO [] 1 --- [DOCKin-spring] [           main] o.f.core.internal.command.DbMigrate      : Migrating schema "public" to version "2 - baseline existing tables"
2026-08-13T01:36:37.812+09:00  INFO [] 1 --- [DOCKin-spring] [           main] o.f.core.internal.command.DbMigrate      : Migrating schema "public" to version "3 - work log child fk indexes"
2026-08-13T01:36:37.814+09:00  INFO [] 1 --- [DOCKin-spring] [           main] o.f.c.i.s.DefaultSqlScriptExecutor       : DB: index "cleanup_idx_work_log_images_log" does not exist, skipping
2026-08-13T01:36:37.815+09:00  INFO [] 1 --- [DOCKin-spring] [           main] o.f.c.i.s.DefaultSqlScriptExecutor       : DB: index "cleanup_idx_work_log_comments_log" does not exist, skipping
2026-08-13T01:36:37.815+09:00  INFO [] 1 --- [DOCKin-spring] [           main] o.f.c.i.s.DefaultSqlScriptExecutor       : DB: index "cleanup_idx_log_images_log" does not exist, skipping
2026-08-13T01:36:37.829+09:00  INFO [] 1 --- [DOCKin-spring] [           main] o.f.core.internal.command.DbMigrate      : Migrating schema "public" to version "4 - users child fk indexes"
2026-08-13T01:36:37.889+09:00  INFO [] 1 --- [DOCKin-spring] [           main] o.f.core.internal.command.DbMigrate      : Migrating schema "public" to version "5 - work logs user id not null"
2026-08-13T01:36:37.906+09:00  INFO [] 1 --- [DOCKin-spring] [           main] o.f.core.internal.command.DbMigrate      : Migrating schema "public" with repeatable migration "seed sample"
2026-08-13T01:36:37.914+09:00  INFO [] 1 --- [DOCKin-spring] [           main] o.f.c.i.s.DefaultSqlScriptExecutor       : +--------+
| setval |
+--------+
| 5      |
+--------+

2026-08-13T01:36:37.915+09:00  INFO [] 1 --- [DOCKin-spring] [           main] o.f.c.i.s.DefaultSqlScriptExecutor       : +--------+
| setval |
+--------+
| 5      |
+--------+

2026-08-13T01:36:37.915+09:00  INFO [] 1 --- [DOCKin-spring] [           main] o.f.c.i.s.DefaultSqlScriptExecutor       : +--------+
| setval |
+--------+
| 16     |
+--------+

2026-08-13T01:36:37.915+09:00  INFO [] 1 --- [DOCKin-spring] [           main] o.f.c.i.s.DefaultSqlScriptExecutor       : +--------+
| setval |
+--------+
| 7      |
+--------+

2026-08-13T01:36:37.916+09:00  INFO [] 1 --- [DOCKin-spring] [           main] o.f.c.i.s.DefaultSqlScriptExecutor       : +--------+
| setval |
+--------+
| 3      |
+--------+

2026-08-13T01:36:37.916+09:00  INFO [] 1 --- [DOCKin-spring] [           main] o.f.c.i.s.DefaultSqlScriptExecutor       : +--------+
| setval |
+--------+
| 1000   |
+--------+

2026-08-13T01:36:37.986+09:00  INFO [] 1 --- [DOCKin-spring] [           main] o.f.core.internal.command.DbMigrate      : Successfully applied 6 migrations to schema "public", now at version v5 (execution time 00:00.146s)
2026-08-13T01:36:38.186+09:00  INFO [] 1 --- [DOCKin-spring] [           main] org.hibernate.orm.jpa                    : HHH008540: Processing PersistenceUnitInfo [name: default]
2026-08-13T01:36:38.317+09:00  INFO [] 1 --- [DOCKin-spring] [           main] org.hibernate.orm.core                   : HHH000001: Hibernate ORM core version 7.2.0.Final
2026-08-13T01:36:39.026+09:00  INFO [] 1 --- [DOCKin-spring] [           main] org.hibernate.orm.connections.pooling    : HHH10001005: Database info:
	Database JDBC URL [jdbc:postgresql://DOCKin-DB:5432/dockindb]
	Database driver: PostgreSQL JDBC Driver
	Database dialect: PostgreSQLDialect
	Database version: 17.10
	Default catalog/schema: dockindb/public
	Autocommit mode: undefined/unknown
	Isolation level: READ_COMMITTED [default READ_COMMITTED]
	JDBC fetch size: none
	Pool: DataSourceConnectionProvider
	Minimum pool size: undefined/unknown
	Maximum pool size: undefined/unknown
2026-08-13T01:36:39.498+09:00  INFO [] 1 --- [DOCKin-spring] [           main] o.s.o.j.p.SpringPersistenceUnitInfo      : No LoadTimeWeaver setup: ignoring JPA class transformer
2026-08-13T01:36:41.987+09:00  INFO [] 1 --- [DOCKin-spring] [           main] org.hibernate.orm.core                   : HHH000489: No JTA platform available (set 'hibernate.transaction.jta.platform' to enable JTA platform integration)
2026-08-13T01:36:41.991+09:00  INFO [] 1 --- [DOCKin-spring] [           main] org.hibernate.orm.jdbc.batch             : HHH100501: Automatic JDBC statement batching enabled (maximum batch size 100)
2026-08-13T01:36:42.029+09:00  INFO [] 1 --- [DOCKin-spring] [           main] j.LocalContainerEntityManagerFactoryBean : Initialized JPA EntityManagerFactory for persistence unit 'default'
2026-08-13T01:36:42.294+09:00  INFO [] 1 --- [DOCKin-spring] [           main] o.s.d.j.r.query.QueryEnhancerFactories   : Hibernate is in classpath; If applicable, HQL parser will be used.
2026-08-13T01:36:45.508+09:00  INFO [] 1 --- [DOCKin-spring] [           main] org.redisson.Version                     : Redisson 3.37.0
2026-08-13T01:36:46.010+09:00  INFO [] 1 --- [DOCKin-spring] [isson-netty-1-5] o.redisson.connection.ConnectionsHolder  : 1 connections initialized for dockin-redis/172.18.0.2:6379
2026-08-13T01:36:46.011+09:00  INFO [] 1 --- [DOCKin-spring] [isson-netty-1-6] o.redisson.connection.ConnectionsHolder  : 1 connections initialized for dockin-redis/172.18.0.2:6379
2026-08-13T01:36:47.198+09:00  WARN [] 1 --- [DOCKin-spring] [           main] JpaBaseConfiguration$JpaWebConfiguration : spring.jpa.open-in-view is enabled by default. Therefore, database queries may be performed during view rendering. Explicitly configure spring.jpa.open-in-view to disable this warning
2026-08-13T01:36:47.438+09:00  INFO [] 1 --- [DOCKin-spring] [           main] r$InitializeUserDetailsManagerConfigurer : Global AuthenticationManager configured with UserDetailsService bean with name customUserDetailsService
2026-08-13T01:36:48.196+09:00  INFO [] 1 --- [DOCKin-spring] [           main] o.s.b.a.e.web.EndpointLinksResolver      : Exposing 3 endpoints beneath base path '/actuator'
2026-08-13T01:36:48.917+09:00  INFO [] 1 --- [DOCKin-spring] [           main] o.s.m.s.b.SimpleBrokerMessageHandler     : Starting...
2026-08-13T01:36:48.918+09:00  INFO [] 1 --- [DOCKin-spring] [           main] o.s.m.s.b.SimpleBrokerMessageHandler     : BrokerAvailabilityEvent[available=true, SimpleBrokerMessageHandler [org.springframework.messaging.simp.broker.DefaultSubscriptionRegistry@770f77f3]]
2026-08-13T01:36:48.918+09:00  INFO [] 1 --- [DOCKin-spring] [           main] o.s.m.s.b.SimpleBrokerMessageHandler     : Started.
2026-08-13T01:36:48.994+09:00  INFO [] 1 --- [DOCKin-spring] [           main] o.s.boot.tomcat.TomcatWebServer          : Tomcat started on port 8080 (http) with context path '/'
2026-08-13T01:36:49.005+09:00  INFO [] 1 --- [DOCKin-spring] [           main] com.DOCKin.DocKinSpringApplication       : Started DocKinSpringApplication in 19.108 seconds (process running for 20.224)
2026-08-13T01:36:49.012+09:00  INFO [] 1 --- [DOCKin-spring] [           main] c.DOCKin.rag.service.SeedIndexingRunner  : [RAG] seed 프로파일 - 기동 직후 색인을 시작합니다. (rag.indexing.on-startup=true)
2026-08-13T01:36:49.212+09:00  INFO [] 1 --- [DOCKin-spring] [nio-8080-exec-1] o.a.c.c.C.[Tomcat].[localhost].[/]       : Initializing Spring DispatcherServlet 'dispatcherServlet'
2026-08-13T01:36:49.212+09:00  INFO [] 1 --- [DOCKin-spring] [nio-8080-exec-1] o.s.web.servlet.DispatcherServlet        : Initializing Servlet 'dispatcherServlet'
2026-08-13T01:36:49.214+09:00  INFO [] 1 --- [DOCKin-spring] [nio-8080-exec-1] o.s.web.servlet.DispatcherServlet        : Completed initialization in 2 ms
2026-08-13T01:36:49.293+09:00  WARN [5da93f17e2344d63] 1 --- [DOCKin-spring] [nio-8080-exec-1] o.s.w.s.h.HandlerMappingIntrospector     : Cache miss for REQUEST dispatch to '/actuator/health' (previous null). Performing CorsConfiguration lookup. This is logged once only at WARN level, and every time at TRACE.
2026-08-13T01:36:49.900+09:00 ERROR [] 1 --- [DOCKin-spring] [           main] com.DOCKin.rag.service.EmbeddingClient   : 임베딩 서버 호출 실패 [WebClientRequestException]: finishConnect(..) failed with error(-111): Connection refused: dockin-embedding/172.18.0.4:80
2026-08-13T01:36:49.903+09:00 ERROR [] 1 --- [DOCKin-spring] [           main] com.DOCKin.rag.service.IndexingService   : [RAG] 인덱싱 중단 - 신규 임베딩 0건까지 반영됨: 임베딩 서버 호출에 실패했습니다.

com.DOCKin.global.error.BusinessException: 임베딩 서버 호출에 실패했습니다.
	at com.DOCKin.rag.service.EmbeddingClient.call(EmbeddingClient.java:119) ~[!/:0.0.1-SNAPSHOT]
	at com.DOCKin.rag.service.EmbeddingClient.embedPassages(EmbeddingClient.java:82) ~[!/:0.0.1-SNAPSHOT]
	at com.DOCKin.rag.service.ChunkIndexWriter.flush(ChunkIndexWriter.java:96) ~[!/:0.0.1-SNAPSHOT]
	at com.DOCKin.rag.service.ChunkIndexWriter.writePage(ChunkIndexWriter.java:56) ~[!/:0.0.1-SNAPSHOT]
	at java.base/jdk.internal.reflect.DirectMethodHandleAccessor.invoke(DirectMethodHandleAccessor.java:103) ~[na:na]
	at java.base/java.lang.reflect.Method.invoke(Method.java:580) ~[na:na]
	at org.springframework.aop.support.AopUtils.invokeJoinpointUsingReflection(AopUtils.java:359) ~[spring-aop-7.0.2.jar!/:7.0.2]
	at org.springframework.aop.framework.ReflectiveMethodInvocation.invokeJoinpoint(ReflectiveMethodInvocation.java:190) ~[spring-aop-7.0.2.jar!/:7.0.2]
	at org.springframework.aop.framework.ReflectiveMethodInvocation.proceed(ReflectiveMethodInvocation.java:158) ~[spring-aop-7.0.2.jar!/:7.0.2]
	at org.springframework.transaction.interceptor.TransactionAspectSupport.invokeWithinTransaction(TransactionAspectSupport.java:370) ~[spring-tx-7.0.2.jar!/:7.0.2]
	at org.springframework.transaction.interceptor.TransactionInterceptor.invoke(TransactionInterceptor.java:118) ~[spring-tx-7.0.2.jar!/:7.0.2]
	at org.springframework.aop.framework.ReflectiveMethodInvocation.proceed(ReflectiveMethodInvocation.java:179) ~[spring-aop-7.0.2.jar!/:7.0.2]
	at org.springframework.aop.framework.CglibAopProxy$DynamicAdvisedInterceptor.intercept(CglibAopProxy.java:719) ~[spring-aop-7.0.2.jar!/:7.0.2]
	at com.DOCKin.rag.service.ChunkIndexWriter$$SpringCGLIB$$0.writePage(<generated>) ~[!/:0.0.1-SNAPSHOT]
	at com.DOCKin.rag.service.IndexingService.indexWorkLogs(IndexingService.java:152) ~[!/:0.0.1-SNAPSHOT]
	at com.DOCKin.rag.service.IndexingService.indexAll(IndexingService.java:117) ~[!/:0.0.1-SNAPSHOT]
	at com.DOCKin.rag.service.SeedIndexingRunner.run(SeedIndexingRunner.java:51) ~[!/:0.0.1-SNAPSHOT]
	at org.springframework.boot.SpringApplication.lambda$callRunner$0(SpringApplication.java:788) ~[spring-boot-4.0.1.jar!/:4.0.1]
	at org.springframework.util.function.ThrowingConsumer$1.acceptWithException(ThrowingConsumer.java:82) ~[spring-core-7.0.2.jar!/:7.0.2]
	at org.springframework.util.function.ThrowingConsumer.accept(ThrowingConsumer.java:60) ~[spring-core-7.0.2.jar!/:7.0.2]
	at org.springframework.util.function.ThrowingConsumer$1.accept(ThrowingConsumer.java:86) ~[spring-core-7.0.2.jar!/:7.0.2]
	at org.springframework.boot.SpringApplication.callRunner(SpringApplication.java:800) ~[spring-boot-4.0.1.jar!/:4.0.1]
	at org.springframework.boot.SpringApplication.callRunner(SpringApplication.java:788) ~[spring-boot-4.0.1.jar!/:4.0.1]
	at org.springframework.boot.SpringApplication.lambda$callRunners$0(SpringApplication.java:776) ~[spring-boot-4.0.1.jar!/:4.0.1]
	at java.base/java.util.stream.ForEachOps$ForEachOp$OfRef.accept(ForEachOps.java:184) ~[na:na]
	at java.base/java.util.stream.SortedOps$SizedRefSortingSink.end(SortedOps.java:357) ~[na:na]
	at java.base/java.util.stream.AbstractPipeline.copyInto(AbstractPipeline.java:510) ~[na:na]
	at java.base/java.util.stream.AbstractPipeline.wrapAndCopyInto(AbstractPipeline.java:499) ~[na:na]
	at java.base/java.util.stream.ForEachOps$ForEachOp.evaluateSequential(ForEachOps.java:151) ~[na:na]
	at java.base/java.util.stream.ForEachOps$ForEachOp$OfRef.evaluateSequential(ForEachOps.java:174) ~[na:na]
	at java.base/java.util.stream.AbstractPipeline.evaluate(AbstractPipeline.java:234) ~[na:na]
	at java.base/java.util.stream.ReferencePipeline.forEach(ReferencePipeline.java:596) ~[na:na]
	at org.springframework.boot.SpringApplication.callRunners(SpringApplication.java:776) ~[spring-boot-4.0.1.jar!/:4.0.1]
	at org.springframework.boot.SpringApplication.run(SpringApplication.java:328) ~[spring-boot-4.0.1.jar!/:4.0.1]
	at org.springframework.boot.SpringApplication.run(SpringApplication.java:1365) ~[spring-boot-4.0.1.jar!/:4.0.1]
	at org.springframework.boot.SpringApplication.run(SpringApplication.java:1354) ~[spring-boot-4.0.1.jar!/:4.0.1]
	at com.DOCKin.DocKinSpringApplication.main(DocKinSpringApplication.java:23) ~[!/:0.0.1-SNAPSHOT]
	at java.base/jdk.internal.reflect.DirectMethodHandleAccessor.invoke(DirectMethodHandleAccessor.java:103) ~[na:na]
	at java.base/java.lang.reflect.Method.invoke(Method.java:580) ~[na:na]
	at org.springframework.boot.loader.launch.Launcher.launch(Launcher.java:106) ~[app.jar:0.0.1-SNAPSHOT]
	at org.springframework.boot.loader.launch.Launcher.launch(Launcher.java:64) ~[app.jar:0.0.1-SNAPSHOT]
	at org.springframework.boot.loader.launch.JarLauncher.main(JarLauncher.java:40) ~[app.jar:0.0.1-SNAPSHOT]

2026-08-13T01:36:49.913+09:00  INFO [] 1 --- [DOCKin-spring] [           main] com.DOCKin.rag.service.IndexingService   : [RAG] 인덱싱 종료 - 신규 임베딩 0건 / 전체 청크 0건 / 901ms
2026-08-13T01:36:49.913+09:00  INFO [] 1 --- [DOCKin-spring] [           main] c.DOCKin.rag.service.SeedIndexingRunner  : [RAG] 기동 직후 색인 완료 - 신규 임베딩 0건
2026-08-13T01:36:49.914+09:00  WARN [] 1 --- [DOCKin-spring] [           main] o.s.core.events.SpringDocAppInitializer  : SpringDoc /v3/api-docs endpoint is enabled by default. To disable it in production, set the property 'springdoc.api-docs.enabled=false'
2026-08-13T01:36:49.914+09:00  WARN [] 1 --- [DOCKin-spring] [           main] o.s.core.events.SpringDocAppInitializer  : SpringDoc /swagger-ui.html endpoint is enabled by default. To disable it in production, set the property 'springdoc.swagger-ui.enabled=false'
2026-08-13T01:37:02.228+09:00  INFO [] 1 --- [DOCKin-spring] [ionShutdownHook] o.s.boot.tomcat.GracefulShutdown         : Commencing graceful shutdown. Waiting for active requests to complete
2026-08-13T01:37:02.230+09:00  INFO [] 1 --- [DOCKin-spring] [tomcat-shutdown] o.s.boot.tomcat.GracefulShutdown         : Graceful shutdown complete
2026-08-13T01:37:02.232+09:00  INFO [] 1 --- [DOCKin-spring] [ionShutdownHook] o.s.m.s.b.SimpleBrokerMessageHandler     : Stopping...
2026-08-13T01:37:02.232+09:00  INFO [] 1 --- [DOCKin-spring] [ionShutdownHook] o.s.m.s.b.SimpleBrokerMessageHandler     : BrokerAvailabilityEvent[available=false, SimpleBrokerMessageHandler [org.springframework.messaging.simp.broker.DefaultSubscriptionRegistry@770f77f3]]
2026-08-13T01:37:02.232+09:00  INFO [] 1 --- [DOCKin-spring] [ionShutdownHook] o.s.m.s.b.SimpleBrokerMessageHandler     : Stopped.
2026-08-13T01:37:04.272+09:00  INFO [] 1 --- [DOCKin-spring] [ionShutdownHook] j.LocalContainerEntityManagerFactoryBean : Closing JPA EntityManagerFactory for persistence unit 'default'
2026-08-13T01:37:04.274+09:00  INFO [] 1 --- [DOCKin-spring] [ionShutdownHook] com.zaxxer.hikari.HikariDataSource       : HikariPool-1 - Shutdown initiated...
2026-08-13T01:37:04.278+09:00  INFO [] 1 --- [DOCKin-spring] [ionShutdownHook] com.zaxxer.hikari.HikariDataSource       : HikariPool-1 - Shutdown completed.

  .   ____          _            __ _ _
 /\\ / ___'_ __ _ _(_)_ __  __ _ \ \ \ \
( ( )\___ | '_ | '_| | '_ \/ _` | \ \ \ \
 \\/  ___)| |_)| | | | | || (_| |  ) ) ) )
  '  |____| .__|_| |_|_| |_\__, | / / / /
 =========|_|==============|___/=/_/_/_/

 :: Spring Boot ::                (v4.0.1)

2026-08-13T01:39:07.715+09:00  INFO [] 1 --- [DOCKin-spring] [           main] com.DOCKin.DocKinSpringApplication       : Starting DocKinSpringApplication v0.0.1-SNAPSHOT using Java 21.0.12 with PID 1 (/app.jar started by root in /)
2026-08-13T01:39:07.719+09:00  INFO [] 1 --- [DOCKin-spring] [           main] com.DOCKin.DocKinSpringApplication       : The following 2 profiles are active: "secret", "seed"
2026-08-13T01:39:10.216+09:00  INFO [] 1 --- [DOCKin-spring] [           main] .s.d.r.c.RepositoryConfigurationDelegate : Bootstrapping Spring Data JPA repositories in DEFAULT mode.
2026-08-13T01:39:10.715+09:00  INFO [] 1 --- [DOCKin-spring] [           main] .s.d.r.c.RepositoryConfigurationDelegate : Finished Spring Data repository scanning in 492 ms. Found 20 JPA repository interfaces.
2026-08-13T01:39:12.590+09:00  INFO [] 1 --- [DOCKin-spring] [           main] o.s.boot.tomcat.TomcatWebServer          : Tomcat initialized with port 8080 (http)
2026-08-13T01:39:12.603+09:00  INFO [] 1 --- [DOCKin-spring] [           main] o.apache.catalina.core.StandardService   : Starting service [Tomcat]
2026-08-13T01:39:12.603+09:00  INFO [] 1 --- [DOCKin-spring] [           main] o.apache.catalina.core.StandardEngine    : Starting Servlet engine: [Apache Tomcat/11.0.15]
2026-08-13T01:39:12.786+09:00  INFO [] 1 --- [DOCKin-spring] [           main] b.w.c.s.WebApplicationContextInitializer : Root WebApplicationContext: initialization completed in 4893 ms
2026-08-13T01:39:14.110+09:00  INFO [] 1 --- [DOCKin-spring] [           main] com.zaxxer.hikari.HikariDataSource       : HikariPool-1 - Starting...
2026-08-13T01:39:14.411+09:00  INFO [] 1 --- [DOCKin-spring] [           main] com.zaxxer.hikari.pool.HikariPool        : HikariPool-1 - Added connection org.postgresql.jdbc.PgConnection@394e504d
2026-08-13T01:39:14.413+09:00  INFO [] 1 --- [DOCKin-spring] [           main] com.zaxxer.hikari.HikariDataSource       : HikariPool-1 - Start completed.
2026-08-13T01:39:14.494+09:00  INFO [] 1 --- [DOCKin-spring] [           main] org.flywaydb.core.FlywayExecutor         : Database: jdbc:postgresql://DOCKin-DB:5432/dockindb (PostgreSQL 17.10)
2026-08-13T01:39:14.693+09:00  INFO [] 1 --- [DOCKin-spring] [           main] o.f.core.internal.command.DbValidate     : Successfully validated 6 migrations (execution time 00:00.173s)
2026-08-13T01:39:14.705+09:00  INFO [] 1 --- [DOCKin-spring] [           main] o.f.core.internal.command.DbMigrate      : Current version of schema "public": 5
2026-08-13T01:39:14.707+09:00  INFO [] 1 --- [DOCKin-spring] [           main] o.f.core.internal.command.DbMigrate      : Schema "public" is up to date. No migration necessary.
2026-08-13T01:39:14.890+09:00  INFO [] 1 --- [DOCKin-spring] [           main] org.hibernate.orm.jpa                    : HHH008540: Processing PersistenceUnitInfo [name: default]
2026-08-13T01:39:14.996+09:00  INFO [] 1 --- [DOCKin-spring] [           main] org.hibernate.orm.core                   : HHH000001: Hibernate ORM core version 7.2.0.Final
2026-08-13T01:39:15.716+09:00  INFO [] 1 --- [DOCKin-spring] [           main] org.hibernate.orm.connections.pooling    : HHH10001005: Database info:
	Database JDBC URL [jdbc:postgresql://DOCKin-DB:5432/dockindb]
	Database driver: PostgreSQL JDBC Driver
	Database dialect: PostgreSQLDialect
	Database version: 17.10
	Default catalog/schema: dockindb/public
	Autocommit mode: undefined/unknown
	Isolation level: READ_COMMITTED [default READ_COMMITTED]
	JDBC fetch size: none
	Pool: DataSourceConnectionProvider
	Minimum pool size: undefined/unknown
	Maximum pool size: undefined/unknown
2026-08-13T01:39:16.191+09:00  INFO [] 1 --- [DOCKin-spring] [           main] o.s.o.j.p.SpringPersistenceUnitInfo      : No LoadTimeWeaver setup: ignoring JPA class transformer
2026-08-13T01:39:18.592+09:00  INFO [] 1 --- [DOCKin-spring] [           main] org.hibernate.orm.core                   : HHH000489: No JTA platform available (set 'hibernate.transaction.jta.platform' to enable JTA platform integration)
2026-08-13T01:39:18.595+09:00  INFO [] 1 --- [DOCKin-spring] [           main] org.hibernate.orm.jdbc.batch             : HHH100501: Automatic JDBC statement batching enabled (maximum batch size 100)
2026-08-13T01:39:18.646+09:00  INFO [] 1 --- [DOCKin-spring] [           main] j.LocalContainerEntityManagerFactoryBean : Initialized JPA EntityManagerFactory for persistence unit 'default'
2026-08-13T01:39:18.817+09:00  INFO [] 1 --- [DOCKin-spring] [           main] o.s.d.j.r.query.QueryEnhancerFactories   : Hibernate is in classpath; If applicable, HQL parser will be used.
2026-08-13T01:39:22.184+09:00  INFO [] 1 --- [DOCKin-spring] [           main] org.redisson.Version                     : Redisson 3.37.0
2026-08-13T01:39:22.712+09:00  INFO [] 1 --- [DOCKin-spring] [isson-netty-1-5] o.redisson.connection.ConnectionsHolder  : 1 connections initialized for dockin-redis/172.18.0.2:6379
2026-08-13T01:39:22.713+09:00  INFO [] 1 --- [DOCKin-spring] [isson-netty-1-6] o.redisson.connection.ConnectionsHolder  : 1 connections initialized for dockin-redis/172.18.0.2:6379
2026-08-13T01:39:24.006+09:00  WARN [] 1 --- [DOCKin-spring] [           main] JpaBaseConfiguration$JpaWebConfiguration : spring.jpa.open-in-view is enabled by default. Therefore, database queries may be performed during view rendering. Explicitly configure spring.jpa.open-in-view to disable this warning
2026-08-13T01:39:24.283+09:00  INFO [] 1 --- [DOCKin-spring] [           main] r$InitializeUserDetailsManagerConfigurer : Global AuthenticationManager configured with UserDetailsService bean with name customUserDetailsService
2026-08-13T01:39:25.002+09:00  INFO [] 1 --- [DOCKin-spring] [           main] o.s.b.a.e.web.EndpointLinksResolver      : Exposing 3 endpoints beneath base path '/actuator'
2026-08-13T01:39:25.782+09:00  INFO [] 1 --- [DOCKin-spring] [           main] o.s.m.s.b.SimpleBrokerMessageHandler     : Starting...
2026-08-13T01:39:25.783+09:00  INFO [] 1 --- [DOCKin-spring] [           main] o.s.m.s.b.SimpleBrokerMessageHandler     : BrokerAvailabilityEvent[available=true, SimpleBrokerMessageHandler [org.springframework.messaging.simp.broker.DefaultSubscriptionRegistry@1cfa2146]]
2026-08-13T01:39:25.784+09:00  INFO [] 1 --- [DOCKin-spring] [           main] o.s.m.s.b.SimpleBrokerMessageHandler     : Started.
2026-08-13T01:39:25.799+09:00  INFO [] 1 --- [DOCKin-spring] [           main] o.s.boot.tomcat.TomcatWebServer          : Tomcat started on port 8080 (http) with context path '/'
2026-08-13T01:39:25.808+09:00  INFO [] 1 --- [DOCKin-spring] [           main] com.DOCKin.DocKinSpringApplication       : Started DocKinSpringApplication in 18.912 seconds (process running for 20.237)
2026-08-13T01:39:25.816+09:00  INFO [] 1 --- [DOCKin-spring] [           main] c.DOCKin.rag.service.SeedIndexingRunner  : [RAG] seed 프로파일 - 기동 직후 색인을 시작합니다. (rag.indexing.on-startup=true)
2026-08-13T01:39:26.014+09:00  INFO [] 1 --- [DOCKin-spring] [nio-8080-exec-1] o.a.c.c.C.[Tomcat].[localhost].[/]       : Initializing Spring DispatcherServlet 'dispatcherServlet'
2026-08-13T01:39:26.014+09:00  INFO [] 1 --- [DOCKin-spring] [nio-8080-exec-1] o.s.web.servlet.DispatcherServlet        : Initializing Servlet 'dispatcherServlet'
2026-08-13T01:39:26.016+09:00  INFO [] 1 --- [DOCKin-spring] [nio-8080-exec-1] o.s.web.servlet.DispatcherServlet        : Completed initialization in 2 ms
2026-08-13T01:39:26.095+09:00  WARN [e57cf2ed590047ad] 1 --- [DOCKin-spring] [nio-8080-exec-1] o.s.w.s.h.HandlerMappingIntrospector     : Cache miss for REQUEST dispatch to '/actuator/health' (previous null). Performing CorsConfiguration lookup. This is logged once only at WARN level, and every time at TRACE.
2026-08-13T01:40:25.719+09:00  INFO [] 1 --- [DOCKin-spring] [MessageBroker-1] o.s.w.s.c.WebSocketMessageBrokerStats    : WebSocketSession[0 current WS(0)-HttpStream(0)-HttpPoll(0), 0 total, 0 closed abnormally (0 connect failure, 0 send limit, 0 transport error)], stompSubProtocol[processed CONNECT(0)-CONNECTED(0)-DISCONNECT(0)], stompBrokerRelay[null], inboundChannel[pool size = 0, active threads = 0, queued tasks = 0, completed tasks = 0], outboundChannel[pool size = 0, active threads = 0, queued tasks = 0, completed tasks = 0], sockJsScheduler[pool size = 1, active threads = 1, queued tasks = 3, completed tasks = 1]
2026-08-13T01:42:58.652+09:00  INFO [] 1 --- [DOCKin-spring] [ionShutdownHook] o.s.boot.tomcat.GracefulShutdown         : Commencing graceful shutdown. Waiting for active requests to complete
2026-08-13T01:42:58.653+09:00  INFO [] 1 --- [DOCKin-spring] [tomcat-shutdown] o.s.boot.tomcat.GracefulShutdown         : Graceful shutdown complete
2026-08-13T01:42:58.655+09:00  INFO [] 1 --- [DOCKin-spring] [ionShutdownHook] o.s.m.s.b.SimpleBrokerMessageHandler     : Stopping...
2026-08-13T01:42:58.655+09:00  INFO [] 1 --- [DOCKin-spring] [ionShutdownHook] o.s.m.s.b.SimpleBrokerMessageHandler     : BrokerAvailabilityEvent[available=false, SimpleBrokerMessageHandler [org.springframework.messaging.simp.broker.DefaultSubscriptionRegistry@1cfa2146]]
2026-08-13T01:42:58.655+09:00  INFO [] 1 --- [DOCKin-spring] [ionShutdownHook] o.s.m.s.b.SimpleBrokerMessageHandler     : Stopped.
2026-08-13T01:42:58.763+09:00  WARN [] 1 --- [DOCKin-spring] [or-http-epoll-1] r.netty.http.client.HttpClientConnect    : [a131e376-57, L:/172.18.0.5:51892 ! R:dockin-embedding/172.18.0.4:80] The connection observed an error

reactor.netty.http.client.PrematureCloseException: Connection prematurely closed BEFORE response

2026-08-13T01:42:58.786+09:00 ERROR [] 1 --- [DOCKin-spring] [           main] com.DOCKin.rag.service.EmbeddingClient   : 임베딩 서버 호출 실패 [WebClientRequestException]: Connection prematurely closed BEFORE response
2026-08-13T01:42:58.789+09:00 ERROR [] 1 --- [DOCKin-spring] [           main] com.DOCKin.rag.service.IndexingService   : [RAG] 인덱싱 중단 - 신규 임베딩 3273건까지 반영됨: 임베딩 서버 호출에 실패했습니다.

com.DOCKin.global.error.BusinessException: 임베딩 서버 호출에 실패했습니다.
	at com.DOCKin.rag.service.EmbeddingClient.call(EmbeddingClient.java:119) ~[!/:0.0.1-SNAPSHOT]
	at com.DOCKin.rag.service.EmbeddingClient.embedPassages(EmbeddingClient.java:82) ~[!/:0.0.1-SNAPSHOT]
	at com.DOCKin.rag.service.ChunkIndexWriter.flush(ChunkIndexWriter.java:96) ~[!/:0.0.1-SNAPSHOT]
	at com.DOCKin.rag.service.ChunkIndexWriter.writePage(ChunkIndexWriter.java:56) ~[!/:0.0.1-SNAPSHOT]
	at java.base/jdk.internal.reflect.DirectMethodHandleAccessor.invoke(DirectMethodHandleAccessor.java:103) ~[na:na]
	at java.base/java.lang.reflect.Method.invoke(Method.java:580) ~[na:na]
	at org.springframework.aop.support.AopUtils.invokeJoinpointUsingReflection(AopUtils.java:359) ~[spring-aop-7.0.2.jar!/:7.0.2]
	at org.springframework.aop.framework.ReflectiveMethodInvocation.invokeJoinpoint(ReflectiveMethodInvocation.java:190) ~[spring-aop-7.0.2.jar!/:7.0.2]
	at org.springframework.aop.framework.ReflectiveMethodInvocation.proceed(ReflectiveMethodInvocation.java:158) ~[spring-aop-7.0.2.jar!/:7.0.2]
	at org.springframework.transaction.interceptor.TransactionAspectSupport.invokeWithinTransaction(TransactionAspectSupport.java:370) ~[spring-tx-7.0.2.jar!/:7.0.2]
	at org.springframework.transaction.interceptor.TransactionInterceptor.invoke(TransactionInterceptor.java:118) ~[spring-tx-7.0.2.jar!/:7.0.2]
	at org.springframework.aop.framework.ReflectiveMethodInvocation.proceed(ReflectiveMethodInvocation.java:179) ~[spring-aop-7.0.2.jar!/:7.0.2]
	at org.springframework.aop.framework.CglibAopProxy$DynamicAdvisedInterceptor.intercept(CglibAopProxy.java:719) ~[spring-aop-7.0.2.jar!/:7.0.2]
	at com.DOCKin.rag.service.ChunkIndexWriter$$SpringCGLIB$$0.writePage(<generated>) ~[!/:0.0.1-SNAPSHOT]
	at com.DOCKin.rag.service.IndexingService.indexWorkLogs(IndexingService.java:152) ~[!/:0.0.1-SNAPSHOT]
	at com.DOCKin.rag.service.IndexingService.indexAll(IndexingService.java:117) ~[!/:0.0.1-SNAPSHOT]
	at com.DOCKin.rag.service.SeedIndexingRunner.run(SeedIndexingRunner.java:51) ~[!/:0.0.1-SNAPSHOT]
	at org.springframework.boot.SpringApplication.lambda$callRunner$0(SpringApplication.java:788) ~[spring-boot-4.0.1.jar!/:4.0.1]
	at org.springframework.util.function.ThrowingConsumer$1.acceptWithException(ThrowingConsumer.java:82) ~[spring-core-7.0.2.jar!/:7.0.2]
	at org.springframework.util.function.ThrowingConsumer.accept(ThrowingConsumer.java:60) ~[spring-core-7.0.2.jar!/:7.0.2]
	at org.springframework.util.function.ThrowingConsumer$1.accept(ThrowingConsumer.java:86) ~[spring-core-7.0.2.jar!/:7.0.2]
	at org.springframework.boot.SpringApplication.callRunner(SpringApplication.java:800) ~[spring-boot-4.0.1.jar!/:4.0.1]
	at org.springframework.boot.SpringApplication.callRunner(SpringApplication.java:788) ~[spring-boot-4.0.1.jar!/:4.0.1]
	at org.springframework.boot.SpringApplication.lambda$callRunners$0(SpringApplication.java:776) ~[spring-boot-4.0.1.jar!/:4.0.1]
	at java.base/java.util.stream.ForEachOps$ForEachOp$OfRef.accept(ForEachOps.java:184) ~[na:na]
	at java.base/java.util.stream.SortedOps$SizedRefSortingSink.end(SortedOps.java:357) ~[na:na]
	at java.base/java.util.stream.AbstractPipeline.copyInto(AbstractPipeline.java:510) ~[na:na]
	at java.base/java.util.stream.AbstractPipeline.wrapAndCopyInto(AbstractPipeline.java:499) ~[na:na]
	at java.base/java.util.stream.ForEachOps$ForEachOp.evaluateSequential(ForEachOps.java:151) ~[na:na]
	at java.base/java.util.stream.ForEachOps$ForEachOp$OfRef.evaluateSequential(ForEachOps.java:174) ~[na:na]
	at java.base/java.util.stream.AbstractPipeline.evaluate(AbstractPipeline.java:234) ~[na:na]
	at java.base/java.util.stream.ReferencePipeline.forEach(ReferencePipeline.java:596) ~[na:na]
	at org.springframework.boot.SpringApplication.callRunners(SpringApplication.java:776) ~[spring-boot-4.0.1.jar!/:4.0.1]
	at org.springframework.boot.SpringApplication.run(SpringApplication.java:328) ~[spring-boot-4.0.1.jar!/:4.0.1]
	at org.springframework.boot.SpringApplication.run(SpringApplication.java:1365) ~[spring-boot-4.0.1.jar!/:4.0.1]
	at org.springframework.boot.SpringApplication.run(SpringApplication.java:1354) ~[spring-boot-4.0.1.jar!/:4.0.1]
	at com.DOCKin.DocKinSpringApplication.main(DocKinSpringApplication.java:23) ~[!/:0.0.1-SNAPSHOT]
	at java.base/jdk.internal.reflect.DirectMethodHandleAccessor.invoke(DirectMethodHandleAccessor.java:103) ~[na:na]
	at java.base/java.lang.reflect.Method.invoke(Method.java:580) ~[na:na]
	at org.springframework.boot.loader.launch.Launcher.launch(Launcher.java:106) ~[app.jar:0.0.1-SNAPSHOT]
	at org.springframework.boot.loader.launch.Launcher.launch(Launcher.java:64) ~[app.jar:0.0.1-SNAPSHOT]
	at org.springframework.boot.loader.launch.JarLauncher.main(JarLauncher.java:40) ~[app.jar:0.0.1-SNAPSHOT]

2026-08-13T01:42:58.804+09:00  INFO [] 1 --- [DOCKin-spring] [           main] com.DOCKin.rag.service.IndexingService   : [RAG] 인덱싱 종료 - 신규 임베딩 3273건 / 전체 청크 3273건 / 212988ms
2026-08-13T01:42:58.804+09:00  INFO [] 1 --- [DOCKin-spring] [           main] c.DOCKin.rag.service.SeedIndexingRunner  : [RAG] 기동 직후 색인 완료 - 신규 임베딩 3273건
2026-08-13T01:42:58.805+09:00  WARN [] 1 --- [DOCKin-spring] [           main] o.s.core.events.SpringDocAppInitializer  : SpringDoc /v3/api-docs endpoint is enabled by default. To disable it in production, set the property 'springdoc.api-docs.enabled=false'
2026-08-13T01:42:58.806+09:00  WARN [] 1 --- [DOCKin-spring] [           main] o.s.core.events.SpringDocAppInitializer  : SpringDoc /swagger-ui.html endpoint is enabled by default. To disable it in production, set the property 'springdoc.swagger-ui.enabled=false'
2026-08-13T01:43:00.807+09:00  INFO [] 1 --- [DOCKin-spring] [ionShutdownHook] j.LocalContainerEntityManagerFactoryBean : Closing JPA EntityManagerFactory for persistence unit 'default'
2026-08-13T01:43:00.809+09:00  INFO [] 1 --- [DOCKin-spring] [ionShutdownHook] com.zaxxer.hikari.HikariDataSource       : HikariPool-1 - Shutdown initiated...
2026-08-13T01:43:00.813+09:00  INFO [] 1 --- [DOCKin-spring] [ionShutdownHook] com.zaxxer.hikari.HikariDataSource       : HikariPool-1 - Shutdown completed.

  .   ____          _            __ _ _
 /\\ / ___'_ __ _ _(_)_ __  __ _ \ \ \ \
( ( )\___ | '_ | '_| | '_ \/ _` | \ \ \ \
 \\/  ___)| |_)| | | | | || (_| |  ) ) ) )
  '  |____| .__|_| |_|_| |_\__, | / / / /
 =========|_|==============|___/=/_/_/_/

 :: Spring Boot ::                (v4.0.1)

2026-08-13T01:43:05.020+09:00  INFO [] 1 --- [DOCKin-spring] [           main] com.DOCKin.DocKinSpringApplication       : Starting DocKinSpringApplication v0.0.1-SNAPSHOT using Java 21.0.12 with PID 1 (/app.jar started by root in /)
2026-08-13T01:43:05.084+09:00  INFO [] 1 --- [DOCKin-spring] [           main] com.DOCKin.DocKinSpringApplication       : The following 2 profiles are active: "secret", "seed"
2026-08-13T01:43:07.309+09:00  INFO [] 1 --- [DOCKin-spring] [           main] .s.d.r.c.RepositoryConfigurationDelegate : Bootstrapping Spring Data JPA repositories in DEFAULT mode.
2026-08-13T01:43:07.820+09:00  INFO [] 1 --- [DOCKin-spring] [           main] .s.d.r.c.RepositoryConfigurationDelegate : Finished Spring Data repository scanning in 503 ms. Found 20 JPA repository interfaces.
2026-08-13T01:43:09.789+09:00  INFO [] 1 --- [DOCKin-spring] [           main] o.s.boot.tomcat.TomcatWebServer          : Tomcat initialized with port 8080 (http)
2026-08-13T01:43:09.802+09:00  INFO [] 1 --- [DOCKin-spring] [           main] o.apache.catalina.core.StandardService   : Starting service [Tomcat]
2026-08-13T01:43:09.802+09:00  INFO [] 1 --- [DOCKin-spring] [           main] o.apache.catalina.core.StandardEngine    : Starting Servlet engine: [Apache Tomcat/11.0.15]
2026-08-13T01:43:09.985+09:00  INFO [] 1 --- [DOCKin-spring] [           main] b.w.c.s.WebApplicationContextInitializer : Root WebApplicationContext: initialization completed in 4793 ms
2026-08-13T01:43:11.210+09:00  INFO [] 1 --- [DOCKin-spring] [           main] com.zaxxer.hikari.HikariDataSource       : HikariPool-1 - Starting...
2026-08-13T01:43:11.518+09:00  INFO [] 1 --- [DOCKin-spring] [           main] com.zaxxer.hikari.pool.HikariPool        : HikariPool-1 - Added connection org.postgresql.jdbc.PgConnection@394e504d
2026-08-13T01:43:11.520+09:00  INFO [] 1 --- [DOCKin-spring] [           main] com.zaxxer.hikari.HikariDataSource       : HikariPool-1 - Start completed.
2026-08-13T01:43:11.606+09:00  INFO [] 1 --- [DOCKin-spring] [           main] org.flywaydb.core.FlywayExecutor         : Database: jdbc:postgresql://DOCKin-DB:5432/dockindb (PostgreSQL 17.10)
2026-08-13T01:43:11.795+09:00  INFO [] 1 --- [DOCKin-spring] [           main] o.f.core.internal.command.DbValidate     : Successfully validated 6 migrations (execution time 00:00.169s)
2026-08-13T01:43:11.805+09:00  INFO [] 1 --- [DOCKin-spring] [           main] o.f.core.internal.command.DbMigrate      : Current version of schema "public": 5
2026-08-13T01:43:11.808+09:00  INFO [] 1 --- [DOCKin-spring] [           main] o.f.core.internal.command.DbMigrate      : Schema "public" is up to date. No migration necessary.
2026-08-13T01:43:12.084+09:00  INFO [] 1 --- [DOCKin-spring] [           main] org.hibernate.orm.jpa                    : HHH008540: Processing PersistenceUnitInfo [name: default]
2026-08-13T01:43:12.194+09:00  INFO [] 1 --- [DOCKin-spring] [           main] org.hibernate.orm.core                   : HHH000001: Hibernate ORM core version 7.2.0.Final
2026-08-13T01:43:12.988+09:00  INFO [] 1 --- [DOCKin-spring] [           main] org.hibernate.orm.connections.pooling    : HHH10001005: Database info:
	Database JDBC URL [jdbc:postgresql://DOCKin-DB:5432/dockindb]
	Database driver: PostgreSQL JDBC Driver
	Database dialect: PostgreSQLDialect
	Database version: 17.10
	Default catalog/schema: dockindb/public
	Autocommit mode: undefined/unknown
	Isolation level: READ_COMMITTED [default READ_COMMITTED]
	JDBC fetch size: none
	Pool: DataSourceConnectionProvider
	Minimum pool size: undefined/unknown
	Maximum pool size: undefined/unknown
2026-08-13T01:43:13.406+09:00  INFO [] 1 --- [DOCKin-spring] [           main] o.s.o.j.p.SpringPersistenceUnitInfo      : No LoadTimeWeaver setup: ignoring JPA class transformer
2026-08-13T01:43:15.752+09:00  INFO [] 1 --- [DOCKin-spring] [           main] org.hibernate.orm.core                   : HHH000489: No JTA platform available (set 'hibernate.transaction.jta.platform' to enable JTA platform integration)
2026-08-13T01:43:15.756+09:00  INFO [] 1 --- [DOCKin-spring] [           main] org.hibernate.orm.jdbc.batch             : HHH100501: Automatic JDBC statement batching enabled (maximum batch size 100)
2026-08-13T01:43:15.806+09:00  INFO [] 1 --- [DOCKin-spring] [           main] j.LocalContainerEntityManagerFactoryBean : Initialized JPA EntityManagerFactory for persistence unit 'default'
2026-08-13T01:43:15.992+09:00  INFO [] 1 --- [DOCKin-spring] [           main] o.s.d.j.r.query.QueryEnhancerFactories   : Hibernate is in classpath; If applicable, HQL parser will be used.
2026-08-13T01:43:19.424+09:00  INFO [] 1 --- [DOCKin-spring] [           main] org.redisson.Version                     : Redisson 3.37.0
2026-08-13T01:43:19.991+09:00  INFO [] 1 --- [DOCKin-spring] [isson-netty-1-5] o.redisson.connection.ConnectionsHolder  : 1 connections initialized for dockin-redis/172.18.0.2:6379
2026-08-13T01:43:19.991+09:00  INFO [] 1 --- [DOCKin-spring] [isson-netty-1-6] o.redisson.connection.ConnectionsHolder  : 1 connections initialized for dockin-redis/172.18.0.2:6379
2026-08-13T01:43:21.210+09:00  WARN [] 1 --- [DOCKin-spring] [           main] JpaBaseConfiguration$JpaWebConfiguration : spring.jpa.open-in-view is enabled by default. Therefore, database queries may be performed during view rendering. Explicitly configure spring.jpa.open-in-view to disable this warning
2026-08-13T01:43:21.494+09:00  INFO [] 1 --- [DOCKin-spring] [           main] r$InitializeUserDetailsManagerConfigurer : Global AuthenticationManager configured with UserDetailsService bean with name customUserDetailsService
2026-08-13T01:43:22.200+09:00  INFO [] 1 --- [DOCKin-spring] [           main] o.s.b.a.e.web.EndpointLinksResolver      : Exposing 3 endpoints beneath base path '/actuator'
2026-08-13T01:43:22.984+09:00  INFO [] 1 --- [DOCKin-spring] [           main] o.s.m.s.b.SimpleBrokerMessageHandler     : Starting...
2026-08-13T01:43:22.985+09:00  INFO [] 1 --- [DOCKin-spring] [           main] o.s.m.s.b.SimpleBrokerMessageHandler     : BrokerAvailabilityEvent[available=true, SimpleBrokerMessageHandler [org.springframework.messaging.simp.broker.DefaultSubscriptionRegistry@1cfa2146]]
2026-08-13T01:43:22.986+09:00  INFO [] 1 --- [DOCKin-spring] [           main] o.s.m.s.b.SimpleBrokerMessageHandler     : Started.
2026-08-13T01:43:23.002+09:00  INFO [] 1 --- [DOCKin-spring] [           main] o.s.boot.tomcat.TomcatWebServer          : Tomcat started on port 8080 (http) with context path '/'
2026-08-13T01:43:23.013+09:00  INFO [] 1 --- [DOCKin-spring] [           main] com.DOCKin.DocKinSpringApplication       : Started DocKinSpringApplication in 18.804 seconds (process running for 20.038)
2026-08-13T01:43:23.021+09:00  INFO [] 1 --- [DOCKin-spring] [           main] c.DOCKin.rag.service.SeedIndexingRunner  : [RAG] seed 프로파일 - 기동 직후 색인을 시작합니다. (rag.indexing.on-startup=true)
2026-08-13T01:43:23.214+09:00  INFO [] 1 --- [DOCKin-spring] [nio-8080-exec-2] o.a.c.c.C.[Tomcat].[localhost].[/]       : Initializing Spring DispatcherServlet 'dispatcherServlet'
2026-08-13T01:43:23.214+09:00  INFO [] 1 --- [DOCKin-spring] [nio-8080-exec-2] o.s.web.servlet.DispatcherServlet        : Initializing Servlet 'dispatcherServlet'
2026-08-13T01:43:23.216+09:00  INFO [] 1 --- [DOCKin-spring] [nio-8080-exec-2] o.s.web.servlet.DispatcherServlet        : Completed initialization in 2 ms
2026-08-13T01:43:23.318+09:00  WARN [11593a2d9bf34c5c] 1 --- [DOCKin-spring] [nio-8080-exec-2] o.s.w.s.h.HandlerMappingIntrospector     : Cache miss for REQUEST dispatch to '/actuator/health' (previous null). Performing CorsConfiguration lookup. This is logged once only at WARN level, and every time at TRACE.
2026-08-13T01:44:22.900+09:00  INFO [] 1 --- [DOCKin-spring] [MessageBroker-1] o.s.w.s.c.WebSocketMessageBrokerStats    : WebSocketSession[0 current WS(0)-HttpStream(0)-HttpPoll(0), 0 total, 0 closed abnormally (0 connect failure, 0 send limit, 0 transport error)], stompSubProtocol[processed CONNECT(0)-CONNECTED(0)-DISCONNECT(0)], stompBrokerRelay[null], inboundChannel[pool size = 0, active threads = 0, queued tasks = 0, completed tasks = 0], outboundChannel[pool size = 0, active threads = 0, queued tasks = 0, completed tasks = 0], sockJsScheduler[pool size = 1, active threads = 1, queued tasks = 3, completed tasks = 1]
2026-08-13T01:44:44.490+09:00  INFO [] 1 --- [DOCKin-spring] [ionShutdownHook] o.s.boot.tomcat.GracefulShutdown         : Commencing graceful shutdown. Waiting for active requests to complete
2026-08-13T01:44:44.492+09:00  INFO [] 1 --- [DOCKin-spring] [tomcat-shutdown] o.s.boot.tomcat.GracefulShutdown         : Graceful shutdown complete
2026-08-13T01:44:44.495+09:00  INFO [] 1 --- [DOCKin-spring] [ionShutdownHook] o.s.m.s.b.SimpleBrokerMessageHandler     : Stopping...
2026-08-13T01:44:44.496+09:00  INFO [] 1 --- [DOCKin-spring] [ionShutdownHook] o.s.m.s.b.SimpleBrokerMessageHandler     : BrokerAvailabilityEvent[available=false, SimpleBrokerMessageHandler [org.springframework.messaging.simp.broker.DefaultSubscriptionRegistry@1cfa2146]]
2026-08-13T01:44:44.496+09:00  INFO [] 1 --- [DOCKin-spring] [ionShutdownHook] o.s.m.s.b.SimpleBrokerMessageHandler     : Stopped.
2026-08-13T01:44:44.511+09:00  WARN [] 1 --- [DOCKin-spring] [or-http-epoll-2] r.netty.http.client.HttpClientConnect    : [ccddee93-22, L:/172.18.0.5:60292 ! R:dockin-embedding/172.18.0.4:80] The connection observed an error

reactor.netty.http.client.PrematureCloseException: Connection prematurely closed BEFORE response

2026-08-13T01:44:44.528+09:00 ERROR [] 1 --- [DOCKin-spring] [           main] com.DOCKin.rag.service.EmbeddingClient   : 임베딩 서버 호출 실패 [WebClientRequestException]: Connection prematurely closed BEFORE response
2026-08-13T01:44:44.583+09:00 ERROR [] 1 --- [DOCKin-spring] [           main] com.DOCKin.rag.service.IndexingService   : [RAG] 인덱싱 중단 - 신규 임베딩 1199건까지 반영됨: 임베딩 서버 호출에 실패했습니다.

com.DOCKin.global.error.BusinessException: 임베딩 서버 호출에 실패했습니다.
	at com.DOCKin.rag.service.EmbeddingClient.call(EmbeddingClient.java:119) ~[!/:0.0.1-SNAPSHOT]
	at com.DOCKin.rag.service.EmbeddingClient.embedPassages(EmbeddingClient.java:82) ~[!/:0.0.1-SNAPSHOT]
	at com.DOCKin.rag.service.ChunkIndexWriter.flush(ChunkIndexWriter.java:96) ~[!/:0.0.1-SNAPSHOT]
	at com.DOCKin.rag.service.ChunkIndexWriter.writePage(ChunkIndexWriter.java:56) ~[!/:0.0.1-SNAPSHOT]
	at java.base/jdk.internal.reflect.DirectMethodHandleAccessor.invoke(DirectMethodHandleAccessor.java:103) ~[na:na]
	at java.base/java.lang.reflect.Method.invoke(Method.java:580) ~[na:na]
	at org.springframework.aop.support.AopUtils.invokeJoinpointUsingReflection(AopUtils.java:359) ~[spring-aop-7.0.2.jar!/:7.0.2]
	at org.springframework.aop.framework.ReflectiveMethodInvocation.invokeJoinpoint(ReflectiveMethodInvocation.java:190) ~[spring-aop-7.0.2.jar!/:7.0.2]
	at org.springframework.aop.framework.ReflectiveMethodInvocation.proceed(ReflectiveMethodInvocation.java:158) ~[spring-aop-7.0.2.jar!/:7.0.2]
	at org.springframework.transaction.interceptor.TransactionAspectSupport.invokeWithinTransaction(TransactionAspectSupport.java:370) ~[spring-tx-7.0.2.jar!/:7.0.2]
	at org.springframework.transaction.interceptor.TransactionInterceptor.invoke(TransactionInterceptor.java:118) ~[spring-tx-7.0.2.jar!/:7.0.2]
	at org.springframework.aop.framework.ReflectiveMethodInvocation.proceed(ReflectiveMethodInvocation.java:179) ~[spring-aop-7.0.2.jar!/:7.0.2]
	at org.springframework.aop.framework.CglibAopProxy$DynamicAdvisedInterceptor.intercept(CglibAopProxy.java:719) ~[spring-aop-7.0.2.jar!/:7.0.2]
	at com.DOCKin.rag.service.ChunkIndexWriter$$SpringCGLIB$$0.writePage(<generated>) ~[!/:0.0.1-SNAPSHOT]
	at com.DOCKin.rag.service.IndexingService.indexWorkLogs(IndexingService.java:152) ~[!/:0.0.1-SNAPSHOT]
	at com.DOCKin.rag.service.IndexingService.indexAll(IndexingService.java:117) ~[!/:0.0.1-SNAPSHOT]
	at com.DOCKin.rag.service.SeedIndexingRunner.run(SeedIndexingRunner.java:51) ~[!/:0.0.1-SNAPSHOT]
	at org.springframework.boot.SpringApplication.lambda$callRunner$0(SpringApplication.java:788) ~[spring-boot-4.0.1.jar!/:4.0.1]
	at org.springframework.util.function.ThrowingConsumer$1.acceptWithException(ThrowingConsumer.java:82) ~[spring-core-7.0.2.jar!/:7.0.2]
	at org.springframework.util.function.ThrowingConsumer.accept(ThrowingConsumer.java:60) ~[spring-core-7.0.2.jar!/:7.0.2]
	at org.springframework.util.function.ThrowingConsumer$1.accept(ThrowingConsumer.java:86) ~[spring-core-7.0.2.jar!/:7.0.2]
	at org.springframework.boot.SpringApplication.callRunner(SpringApplication.java:800) ~[spring-boot-4.0.1.jar!/:4.0.1]
	at org.springframework.boot.SpringApplication.callRunner(SpringApplication.java:788) ~[spring-boot-4.0.1.jar!/:4.0.1]
	at org.springframework.boot.SpringApplication.lambda$callRunners$0(SpringApplication.java:776) ~[spring-boot-4.0.1.jar!/:4.0.1]
	at java.base/java.util.stream.ForEachOps$ForEachOp$OfRef.accept(ForEachOps.java:184) ~[na:na]
	at java.base/java.util.stream.SortedOps$SizedRefSortingSink.end(SortedOps.java:357) ~[na:na]
	at java.base/java.util.stream.AbstractPipeline.copyInto(AbstractPipeline.java:510) ~[na:na]
	at java.base/java.util.stream.AbstractPipeline.wrapAndCopyInto(AbstractPipeline.java:499) ~[na:na]
	at java.base/java.util.stream.ForEachOps$ForEachOp.evaluateSequential(ForEachOps.java:151) ~[na:na]
	at java.base/java.util.stream.ForEachOps$ForEachOp$OfRef.evaluateSequential(ForEachOps.java:174) ~[na:na]
	at java.base/java.util.stream.AbstractPipeline.evaluate(AbstractPipeline.java:234) ~[na:na]
	at java.base/java.util.stream.ReferencePipeline.forEach(ReferencePipeline.java:596) ~[na:na]
	at org.springframework.boot.SpringApplication.callRunners(SpringApplication.java:776) ~[spring-boot-4.0.1.jar!/:4.0.1]
	at org.springframework.boot.SpringApplication.run(SpringApplication.java:328) ~[spring-boot-4.0.1.jar!/:4.0.1]
	at org.springframework.boot.SpringApplication.run(SpringApplication.java:1365) ~[spring-boot-4.0.1.jar!/:4.0.1]
	at org.springframework.boot.SpringApplication.run(SpringApplication.java:1354) ~[spring-boot-4.0.1.jar!/:4.0.1]
	at com.DOCKin.DocKinSpringApplication.main(DocKinSpringApplication.java:23) ~[!/:0.0.1-SNAPSHOT]
	at java.base/jdk.internal.reflect.DirectMethodHandleAccessor.invoke(DirectMethodHandleAccessor.java:103) ~[na:na]
	at java.base/java.lang.reflect.Method.invoke(Method.java:580) ~[na:na]
	at org.springframework.boot.loader.launch.Launcher.launch(Launcher.java:106) ~[app.jar:0.0.1-SNAPSHOT]
	at org.springframework.boot.loader.launch.Launcher.launch(Launcher.java:64) ~[app.jar:0.0.1-SNAPSHOT]
	at org.springframework.boot.loader.launch.JarLauncher.main(JarLauncher.java:40) ~[app.jar:0.0.1-SNAPSHOT]

2026-08-13T01:44:44.599+09:00  INFO [] 1 --- [DOCKin-spring] [           main] com.DOCKin.rag.service.IndexingService   : [RAG] 인덱싱 종료 - 신규 임베딩 1199건 / 전체 청크 4472건 / 81578ms
2026-08-13T01:44:44.599+09:00  INFO [] 1 --- [DOCKin-spring] [           main] c.DOCKin.rag.service.SeedIndexingRunner  : [RAG] 기동 직후 색인 완료 - 신규 임베딩 1199건
2026-08-13T01:44:44.600+09:00  WARN [] 1 --- [DOCKin-spring] [           main] o.s.core.events.SpringDocAppInitializer  : SpringDoc /v3/api-docs endpoint is enabled by default. To disable it in production, set the property 'springdoc.api-docs.enabled=false'
2026-08-13T01:44:44.601+09:00  WARN [] 1 --- [DOCKin-spring] [           main] o.s.core.events.SpringDocAppInitializer  : SpringDoc /swagger-ui.html endpoint is enabled by default. To disable it in production, set the property 'springdoc.swagger-ui.enabled=false'
2026-08-13T01:44:46.628+09:00  INFO [] 1 --- [DOCKin-spring] [ionShutdownHook] j.LocalContainerEntityManagerFactoryBean : Closing JPA EntityManagerFactory for persistence unit 'default'
2026-08-13T01:44:46.630+09:00  INFO [] 1 --- [DOCKin-spring] [ionShutdownHook] com.zaxxer.hikari.HikariDataSource       : HikariPool-1 - Shutdown initiated...
2026-08-13T01:44:46.634+09:00  INFO [] 1 --- [DOCKin-spring] [ionShutdownHook] com.zaxxer.hikari.HikariDataSource       : HikariPool-1 - Shutdown completed.

  .   ____          _            __ _ _
 /\\ / ___'_ __ _ _(_)_ __  __ _ \ \ \ \
( ( )\___ | '_ | '_| | '_ \/ _` | \ \ \ \
 \\/  ___)| |_)| | | | | || (_| |  ) ) ) )
  '  |____| .__|_| |_|_| |_\__, | / / / /
 =========|_|==============|___/=/_/_/_/

 :: Spring Boot ::                (v4.0.1)

2026-08-13T01:44:58.710+09:00  INFO [] 1 --- [DOCKin-spring] [           main] com.DOCKin.DocKinSpringApplication       : Starting DocKinSpringApplication v0.0.1-SNAPSHOT using Java 21.0.12 with PID 1 (/app.jar started by root in /)
2026-08-13T01:44:58.714+09:00  INFO [] 1 --- [DOCKin-spring] [           main] com.DOCKin.DocKinSpringApplication       : The following 2 profiles are active: "secret", "seed"
2026-08-13T01:45:01.113+09:00  INFO [] 1 --- [DOCKin-spring] [           main] .s.d.r.c.RepositoryConfigurationDelegate : Bootstrapping Spring Data JPA repositories in DEFAULT mode.
2026-08-13T01:45:01.618+09:00  INFO [] 1 --- [DOCKin-spring] [           main] .s.d.r.c.RepositoryConfigurationDelegate : Finished Spring Data repository scanning in 497 ms. Found 20 JPA repository interfaces.
2026-08-13T01:45:03.590+09:00  INFO [] 1 --- [DOCKin-spring] [           main] o.s.boot.tomcat.TomcatWebServer          : Tomcat initialized with port 8080 (http)
2026-08-13T01:45:03.603+09:00  INFO [] 1 --- [DOCKin-spring] [           main] o.apache.catalina.core.StandardService   : Starting service [Tomcat]
2026-08-13T01:45:03.604+09:00  INFO [] 1 --- [DOCKin-spring] [           main] o.apache.catalina.core.StandardEngine    : Starting Servlet engine: [Apache Tomcat/11.0.15]
2026-08-13T01:45:03.791+09:00  INFO [] 1 --- [DOCKin-spring] [           main] b.w.c.s.WebApplicationContextInitializer : Root WebApplicationContext: initialization completed in 4899 ms
2026-08-13T01:45:05.114+09:00  INFO [] 1 --- [DOCKin-spring] [           main] com.zaxxer.hikari.HikariDataSource       : HikariPool-1 - Starting...
2026-08-13T01:45:05.496+09:00  INFO [] 1 --- [DOCKin-spring] [           main] com.zaxxer.hikari.pool.HikariPool        : HikariPool-1 - Added connection org.postgresql.jdbc.PgConnection@394e504d
2026-08-13T01:45:05.497+09:00  INFO [] 1 --- [DOCKin-spring] [           main] com.zaxxer.hikari.HikariDataSource       : HikariPool-1 - Start completed.
2026-08-13T01:45:05.525+09:00  INFO [] 1 --- [DOCKin-spring] [           main] org.flywaydb.core.FlywayExecutor         : Database: jdbc:postgresql://DOCKin-DB:5432/dockindb (PostgreSQL 17.10)
2026-08-13T01:45:05.789+09:00  INFO [] 1 --- [DOCKin-spring] [           main] o.f.core.internal.command.DbValidate     : Successfully validated 6 migrations (execution time 00:00.187s)
2026-08-13T01:45:05.801+09:00  INFO [] 1 --- [DOCKin-spring] [           main] o.f.core.internal.command.DbMigrate      : Current version of schema "public": 5
2026-08-13T01:45:05.803+09:00  INFO [] 1 --- [DOCKin-spring] [           main] o.f.core.internal.command.DbMigrate      : Schema "public" is up to date. No migration necessary.
2026-08-13T01:45:06.081+09:00  INFO [] 1 --- [DOCKin-spring] [           main] org.hibernate.orm.jpa                    : HHH008540: Processing PersistenceUnitInfo [name: default]
2026-08-13T01:45:06.191+09:00  INFO [] 1 --- [DOCKin-spring] [           main] org.hibernate.orm.core                   : HHH000001: Hibernate ORM core version 7.2.0.Final
2026-08-13T01:45:06.983+09:00  INFO [] 1 --- [DOCKin-spring] [           main] org.hibernate.orm.connections.pooling    : HHH10001005: Database info:
	Database JDBC URL [jdbc:postgresql://DOCKin-DB:5432/dockindb]
	Database driver: PostgreSQL JDBC Driver
	Database dialect: PostgreSQLDialect
	Database version: 17.10
	Default catalog/schema: dockindb/public
	Autocommit mode: undefined/unknown
	Isolation level: READ_COMMITTED [default READ_COMMITTED]
	JDBC fetch size: none
	Pool: DataSourceConnectionProvider
	Minimum pool size: undefined/unknown
	Maximum pool size: undefined/unknown
2026-08-13T01:45:07.418+09:00  INFO [] 1 --- [DOCKin-spring] [           main] o.s.o.j.p.SpringPersistenceUnitInfo      : No LoadTimeWeaver setup: ignoring JPA class transformer
2026-08-13T01:45:09.896+09:00  INFO [] 1 --- [DOCKin-spring] [           main] org.hibernate.orm.core                   : HHH000489: No JTA platform available (set 'hibernate.transaction.jta.platform' to enable JTA platform integration)
2026-08-13T01:45:09.900+09:00  INFO [] 1 --- [DOCKin-spring] [           main] org.hibernate.orm.jdbc.batch             : HHH100501: Automatic JDBC statement batching enabled (maximum batch size 100)
2026-08-13T01:45:09.931+09:00  INFO [] 1 --- [DOCKin-spring] [           main] j.LocalContainerEntityManagerFactoryBean : Initialized JPA EntityManagerFactory for persistence unit 'default'
2026-08-13T01:45:10.123+09:00  INFO [] 1 --- [DOCKin-spring] [           main] o.s.d.j.r.query.QueryEnhancerFactories   : Hibernate is in classpath; If applicable, HQL parser will be used.
2026-08-13T01:45:13.327+09:00  INFO [] 1 --- [DOCKin-spring] [           main] org.redisson.Version                     : Redisson 3.37.0
2026-08-13T01:45:13.821+09:00  INFO [] 1 --- [DOCKin-spring] [isson-netty-1-5] o.redisson.connection.ConnectionsHolder  : 1 connections initialized for dockin-redis/172.18.0.2:6379
2026-08-13T01:45:13.821+09:00  INFO [] 1 --- [DOCKin-spring] [isson-netty-1-6] o.redisson.connection.ConnectionsHolder  : 1 connections initialized for dockin-redis/172.18.0.2:6379
2026-08-13T01:45:15.210+09:00  WARN [] 1 --- [DOCKin-spring] [           main] JpaBaseConfiguration$JpaWebConfiguration : spring.jpa.open-in-view is enabled by default. Therefore, database queries may be performed during view rendering. Explicitly configure spring.jpa.open-in-view to disable this warning
2026-08-13T01:45:15.498+09:00  INFO [] 1 --- [DOCKin-spring] [           main] r$InitializeUserDetailsManagerConfigurer : Global AuthenticationManager configured with UserDetailsService bean with name customUserDetailsService
2026-08-13T01:45:16.221+09:00  INFO [] 1 --- [DOCKin-spring] [           main] o.s.b.a.e.web.EndpointLinksResolver      : Exposing 3 endpoints beneath base path '/actuator'
2026-08-13T01:45:17.015+09:00  INFO [] 1 --- [DOCKin-spring] [           main] o.s.m.s.b.SimpleBrokerMessageHandler     : Starting...
2026-08-13T01:45:17.016+09:00  INFO [] 1 --- [DOCKin-spring] [           main] o.s.m.s.b.SimpleBrokerMessageHandler     : BrokerAvailabilityEvent[available=true, SimpleBrokerMessageHandler [org.springframework.messaging.simp.broker.DefaultSubscriptionRegistry@1cfa2146]]
2026-08-13T01:45:17.017+09:00  INFO [] 1 --- [DOCKin-spring] [           main] o.s.m.s.b.SimpleBrokerMessageHandler     : Started.
2026-08-13T01:45:17.091+09:00  INFO [] 1 --- [DOCKin-spring] [           main] o.s.boot.tomcat.TomcatWebServer          : Tomcat started on port 8080 (http) with context path '/'
2026-08-13T01:45:17.105+09:00  INFO [] 1 --- [DOCKin-spring] [           main] com.DOCKin.DocKinSpringApplication       : Started DocKinSpringApplication in 19.203 seconds (process running for 20.333)
2026-08-13T01:45:17.113+09:00  INFO [] 1 --- [DOCKin-spring] [           main] c.DOCKin.rag.service.SeedIndexingRunner  : [RAG] seed 프로파일 - 기동 직후 색인을 시작합니다. (rag.indexing.on-startup=true)
2026-08-13T01:45:27.207+09:00  INFO [] 1 --- [DOCKin-spring] [nio-8080-exec-1] o.a.c.c.C.[Tomcat].[localhost].[/]       : Initializing Spring DispatcherServlet 'dispatcherServlet'
2026-08-13T01:45:27.207+09:00  INFO [] 1 --- [DOCKin-spring] [nio-8080-exec-1] o.s.web.servlet.DispatcherServlet        : Initializing Servlet 'dispatcherServlet'
2026-08-13T01:45:27.211+09:00  INFO [] 1 --- [DOCKin-spring] [nio-8080-exec-1] o.s.web.servlet.DispatcherServlet        : Completed initialization in 4 ms
2026-08-13T01:45:27.230+09:00  WARN [e3dd2d3007ad43aa] 1 --- [DOCKin-spring] [nio-8080-exec-1] o.s.w.s.h.HandlerMappingIntrospector     : Cache miss for REQUEST dispatch to '/actuator/health' (previous null). Performing CorsConfiguration lookup. This is logged once only at WARN level, and every time at TRACE.
2026-08-13T01:46:16.919+09:00  INFO [] 1 --- [DOCKin-spring] [MessageBroker-1] o.s.w.s.c.WebSocketMessageBrokerStats    : WebSocketSession[0 current WS(0)-HttpStream(0)-HttpPoll(0), 0 total, 0 closed abnormally (0 connect failure, 0 send limit, 0 transport error)], stompSubProtocol[processed CONNECT(0)-CONNECTED(0)-DISCONNECT(0)], stompBrokerRelay[null], inboundChannel[pool size = 0, active threads = 0, queued tasks = 0, completed tasks = 0], outboundChannel[pool size = 0, active threads = 0, queued tasks = 0, completed tasks = 0], sockJsScheduler[pool size = 1, active threads = 1, queued tasks = 3, completed tasks = 1]
2026-08-13T01:46:38.470+09:00  INFO [] 1 --- [DOCKin-spring] [ionShutdownHook] o.s.boot.tomcat.GracefulShutdown         : Commencing graceful shutdown. Waiting for active requests to complete
2026-08-13T01:46:38.472+09:00  INFO [] 1 --- [DOCKin-spring] [tomcat-shutdown] o.s.boot.tomcat.GracefulShutdown         : Graceful shutdown complete
2026-08-13T01:46:38.474+09:00  INFO [] 1 --- [DOCKin-spring] [ionShutdownHook] o.s.m.s.b.SimpleBrokerMessageHandler     : Stopping...
2026-08-13T01:46:38.474+09:00  INFO [] 1 --- [DOCKin-spring] [ionShutdownHook] o.s.m.s.b.SimpleBrokerMessageHandler     : BrokerAvailabilityEvent[available=false, SimpleBrokerMessageHandler [org.springframework.messaging.simp.broker.DefaultSubscriptionRegistry@1cfa2146]]
2026-08-13T01:46:38.474+09:00  INFO [] 1 --- [DOCKin-spring] [ionShutdownHook] o.s.m.s.b.SimpleBrokerMessageHandler     : Stopped.
2026-08-13T01:46:38.485+09:00  WARN [] 1 --- [DOCKin-spring] [or-http-epoll-2] r.netty.http.client.HttpClientConnect    : [b55e984b-22, L:/172.18.0.5:32988 ! R:dockin-embedding/172.18.0.4:80] The connection observed an error

reactor.netty.http.client.PrematureCloseException: Connection prematurely closed BEFORE response

2026-08-13T01:46:38.495+09:00 ERROR [] 1 --- [DOCKin-spring] [           main] com.DOCKin.rag.service.EmbeddingClient   : 임베딩 서버 호출 실패 [WebClientRequestException]: Connection prematurely closed BEFORE response
2026-08-13T01:46:38.497+09:00 ERROR [] 1 --- [DOCKin-spring] [           main] com.DOCKin.rag.service.IndexingService   : [RAG] 인덱싱 중단 - 신규 임베딩 1199건까지 반영됨: 임베딩 서버 호출에 실패했습니다.

com.DOCKin.global.error.BusinessException: 임베딩 서버 호출에 실패했습니다.
	at com.DOCKin.rag.service.EmbeddingClient.call(EmbeddingClient.java:119) ~[!/:0.0.1-SNAPSHOT]
	at com.DOCKin.rag.service.EmbeddingClient.embedPassages(EmbeddingClient.java:82) ~[!/:0.0.1-SNAPSHOT]
	at com.DOCKin.rag.service.ChunkIndexWriter.flush(ChunkIndexWriter.java:96) ~[!/:0.0.1-SNAPSHOT]
	at com.DOCKin.rag.service.ChunkIndexWriter.writePage(ChunkIndexWriter.java:56) ~[!/:0.0.1-SNAPSHOT]
	at java.base/jdk.internal.reflect.DirectMethodHandleAccessor.invoke(DirectMethodHandleAccessor.java:103) ~[na:na]
	at java.base/java.lang.reflect.Method.invoke(Method.java:580) ~[na:na]
	at org.springframework.aop.support.AopUtils.invokeJoinpointUsingReflection(AopUtils.java:359) ~[spring-aop-7.0.2.jar!/:7.0.2]
	at org.springframework.aop.framework.ReflectiveMethodInvocation.invokeJoinpoint(ReflectiveMethodInvocation.java:190) ~[spring-aop-7.0.2.jar!/:7.0.2]
	at org.springframework.aop.framework.ReflectiveMethodInvocation.proceed(ReflectiveMethodInvocation.java:158) ~[spring-aop-7.0.2.jar!/:7.0.2]
	at org.springframework.transaction.interceptor.TransactionAspectSupport.invokeWithinTransaction(TransactionAspectSupport.java:370) ~[spring-tx-7.0.2.jar!/:7.0.2]
	at org.springframework.transaction.interceptor.TransactionInterceptor.invoke(TransactionInterceptor.java:118) ~[spring-tx-7.0.2.jar!/:7.0.2]
	at org.springframework.aop.framework.ReflectiveMethodInvocation.proceed(ReflectiveMethodInvocation.java:179) ~[spring-aop-7.0.2.jar!/:7.0.2]
	at org.springframework.aop.framework.CglibAopProxy$DynamicAdvisedInterceptor.intercept(CglibAopProxy.java:719) ~[spring-aop-7.0.2.jar!/:7.0.2]
	at com.DOCKin.rag.service.ChunkIndexWriter$$SpringCGLIB$$0.writePage(<generated>) ~[!/:0.0.1-SNAPSHOT]
	at com.DOCKin.rag.service.IndexingService.indexWorkLogs(IndexingService.java:152) ~[!/:0.0.1-SNAPSHOT]
	at com.DOCKin.rag.service.IndexingService.indexAll(IndexingService.java:117) ~[!/:0.0.1-SNAPSHOT]
	at com.DOCKin.rag.service.SeedIndexingRunner.run(SeedIndexingRunner.java:51) ~[!/:0.0.1-SNAPSHOT]
	at org.springframework.boot.SpringApplication.lambda$callRunner$0(SpringApplication.java:788) ~[spring-boot-4.0.1.jar!/:4.0.1]
	at org.springframework.util.function.ThrowingConsumer$1.acceptWithException(ThrowingConsumer.java:82) ~[spring-core-7.0.2.jar!/:7.0.2]
	at org.springframework.util.function.ThrowingConsumer.accept(ThrowingConsumer.java:60) ~[spring-core-7.0.2.jar!/:7.0.2]
	at org.springframework.util.function.ThrowingConsumer$1.accept(ThrowingConsumer.java:86) ~[spring-core-7.0.2.jar!/:7.0.2]
	at org.springframework.boot.SpringApplication.callRunner(SpringApplication.java:800) ~[spring-boot-4.0.1.jar!/:4.0.1]
	at org.springframework.boot.SpringApplication.callRunner(SpringApplication.java:788) ~[spring-boot-4.0.1.jar!/:4.0.1]
	at org.springframework.boot.SpringApplication.lambda$callRunners$0(SpringApplication.java:776) ~[spring-boot-4.0.1.jar!/:4.0.1]
	at java.base/java.util.stream.ForEachOps$ForEachOp$OfRef.accept(ForEachOps.java:184) ~[na:na]
	at java.base/java.util.stream.SortedOps$SizedRefSortingSink.end(SortedOps.java:357) ~[na:na]
	at java.base/java.util.stream.AbstractPipeline.copyInto(AbstractPipeline.java:510) ~[na:na]
	at java.base/java.util.stream.AbstractPipeline.wrapAndCopyInto(AbstractPipeline.java:499) ~[na:na]
	at java.base/java.util.stream.ForEachOps$ForEachOp.evaluateSequential(ForEachOps.java:151) ~[na:na]
	at java.base/java.util.stream.ForEachOps$ForEachOp$OfRef.evaluateSequential(ForEachOps.java:174) ~[na:na]
	at java.base/java.util.stream.AbstractPipeline.evaluate(AbstractPipeline.java:234) ~[na:na]
	at java.base/java.util.stream.ReferencePipeline.forEach(ReferencePipeline.java:596) ~[na:na]
	at org.springframework.boot.SpringApplication.callRunners(SpringApplication.java:776) ~[spring-boot-4.0.1.jar!/:4.0.1]
	at org.springframework.boot.SpringApplication.run(SpringApplication.java:328) ~[spring-boot-4.0.1.jar!/:4.0.1]
	at org.springframework.boot.SpringApplication.run(SpringApplication.java:1365) ~[spring-boot-4.0.1.jar!/:4.0.1]
	at org.springframework.boot.SpringApplication.run(SpringApplication.java:1354) ~[spring-boot-4.0.1.jar!/:4.0.1]
	at com.DOCKin.DocKinSpringApplication.main(DocKinSpringApplication.java:23) ~[!/:0.0.1-SNAPSHOT]
	at java.base/jdk.internal.reflect.DirectMethodHandleAccessor.invoke(DirectMethodHandleAccessor.java:103) ~[na:na]
	at java.base/java.lang.reflect.Method.invoke(Method.java:580) ~[na:na]
	at org.springframework.boot.loader.launch.Launcher.launch(Launcher.java:106) ~[app.jar:0.0.1-SNAPSHOT]
	at org.springframework.boot.loader.launch.Launcher.launch(Launcher.java:64) ~[app.jar:0.0.1-SNAPSHOT]
	at org.springframework.boot.loader.launch.JarLauncher.main(JarLauncher.java:40) ~[app.jar:0.0.1-SNAPSHOT]

2026-08-13T01:46:38.512+09:00  INFO [] 1 --- [DOCKin-spring] [           main] com.DOCKin.rag.service.IndexingService   : [RAG] 인덱싱 종료 - 신규 임베딩 1199건 / 전체 청크 4472건 / 81399ms
2026-08-13T01:46:38.512+09:00  INFO [] 1 --- [DOCKin-spring] [           main] c.DOCKin.rag.service.SeedIndexingRunner  : [RAG] 기동 직후 색인 완료 - 신규 임베딩 1199건
2026-08-13T01:46:38.513+09:00  WARN [] 1 --- [DOCKin-spring] [           main] o.s.core.events.SpringDocAppInitializer  : SpringDoc /v3/api-docs endpoint is enabled by default. To disable it in production, set the property 'springdoc.api-docs.enabled=false'
2026-08-13T01:46:38.513+09:00  WARN [] 1 --- [DOCKin-spring] [           main] o.s.core.events.SpringDocAppInitializer  : SpringDoc /swagger-ui.html endpoint is enabled by default. To disable it in production, set the property 'springdoc.swagger-ui.enabled=false'
2026-08-13T01:46:40.603+09:00  INFO [] 1 --- [DOCKin-spring] [ionShutdownHook] j.LocalContainerEntityManagerFactoryBean : Closing JPA EntityManagerFactory for persistence unit 'default'
2026-08-13T01:46:40.605+09:00  INFO [] 1 --- [DOCKin-spring] [ionShutdownHook] com.zaxxer.hikari.HikariDataSource       : HikariPool-1 - Shutdown initiated...
2026-08-13T01:46:40.608+09:00  INFO [] 1 --- [DOCKin-spring] [ionShutdownHook] com.zaxxer.hikari.HikariDataSource       : HikariPool-1 - Shutdown completed.

  .   ____          _            __ _ _
 /\\ / ___'_ __ _ _(_)_ __  __ _ \ \ \ \
( ( )\___ | '_ | '_| | '_ \/ _` | \ \ \ \
 \\/  ___)| |_)| | | | | || (_| |  ) ) ) )
  '  |____| .__|_| |_|_| |_\__, | / / / /
 =========|_|==============|___/=/_/_/_/

 :: Spring Boot ::                (v4.0.1)

2026-08-13T01:50:00.099+09:00  INFO [] 1 --- [DOCKin-spring] [           main] com.DOCKin.DocKinSpringApplication       : Starting DocKinSpringApplication v0.0.1-SNAPSHOT using Java 21.0.12 with PID 1 (/app.jar started by root in /)
2026-08-13T01:50:00.104+09:00  INFO [] 1 --- [DOCKin-spring] [           main] com.DOCKin.DocKinSpringApplication       : The following 2 profiles are active: "secret", "seed"
2026-08-13T01:50:02.602+09:00  INFO [] 1 --- [DOCKin-spring] [           main] .s.d.r.c.RepositoryConfigurationDelegate : Bootstrapping Spring Data JPA repositories in DEFAULT mode.
2026-08-13T01:50:03.097+09:00  INFO [] 1 --- [DOCKin-spring] [           main] .s.d.r.c.RepositoryConfigurationDelegate : Finished Spring Data repository scanning in 486 ms. Found 20 JPA repository interfaces.
2026-08-13T01:50:05.083+09:00  INFO [] 1 --- [DOCKin-spring] [           main] o.s.boot.tomcat.TomcatWebServer          : Tomcat initialized with port 8080 (http)
2026-08-13T01:50:05.097+09:00  INFO [] 1 --- [DOCKin-spring] [           main] o.apache.catalina.core.StandardService   : Starting service [Tomcat]
2026-08-13T01:50:05.097+09:00  INFO [] 1 --- [DOCKin-spring] [           main] o.apache.catalina.core.StandardEngine    : Starting Servlet engine: [Apache Tomcat/11.0.15]
2026-08-13T01:50:05.219+09:00  INFO [] 1 --- [DOCKin-spring] [           main] b.w.c.s.WebApplicationContextInitializer : Root WebApplicationContext: initialization completed in 5005 ms
2026-08-13T01:50:06.602+09:00  INFO [] 1 --- [DOCKin-spring] [           main] com.zaxxer.hikari.HikariDataSource       : HikariPool-1 - Starting...
2026-08-13T01:50:06.919+09:00  INFO [] 1 --- [DOCKin-spring] [           main] com.zaxxer.hikari.pool.HikariPool        : HikariPool-1 - Added connection org.postgresql.jdbc.PgConnection@394e504d
2026-08-13T01:50:06.920+09:00  INFO [] 1 --- [DOCKin-spring] [           main] com.zaxxer.hikari.HikariDataSource       : HikariPool-1 - Start completed.
2026-08-13T01:50:07.006+09:00  INFO [] 1 --- [DOCKin-spring] [           main] org.flywaydb.core.FlywayExecutor         : Database: jdbc:postgresql://DOCKin-DB:5432/dockindb (PostgreSQL 17.10)
2026-08-13T01:50:07.211+09:00  INFO [] 1 --- [DOCKin-spring] [           main] o.f.core.internal.command.DbValidate     : Successfully validated 6 migrations (execution time 00:00.188s)
2026-08-13T01:50:07.223+09:00  INFO [] 1 --- [DOCKin-spring] [           main] o.f.core.internal.command.DbMigrate      : Current version of schema "public": 5
2026-08-13T01:50:07.285+09:00  INFO [] 1 --- [DOCKin-spring] [           main] o.f.core.internal.command.DbMigrate      : Schema "public" is up to date. No migration necessary.
2026-08-13T01:50:07.486+09:00  INFO [] 1 --- [DOCKin-spring] [           main] org.hibernate.orm.jpa                    : HHH008540: Processing PersistenceUnitInfo [name: default]
2026-08-13T01:50:07.591+09:00  INFO [] 1 --- [DOCKin-spring] [           main] org.hibernate.orm.core                   : HHH000001: Hibernate ORM core version 7.2.0.Final
2026-08-13T01:50:08.501+09:00  INFO [] 1 --- [DOCKin-spring] [           main] org.hibernate.orm.connections.pooling    : HHH10001005: Database info:
	Database JDBC URL [jdbc:postgresql://DOCKin-DB:5432/dockindb]
	Database driver: PostgreSQL JDBC Driver
	Database dialect: PostgreSQLDialect
	Database version: 17.10
	Default catalog/schema: dockindb/public
	Autocommit mode: undefined/unknown
	Isolation level: READ_COMMITTED [default READ_COMMITTED]
	JDBC fetch size: none
	Pool: DataSourceConnectionProvider
	Minimum pool size: undefined/unknown
	Maximum pool size: undefined/unknown
2026-08-13T01:50:08.927+09:00  INFO [] 1 --- [DOCKin-spring] [           main] o.s.o.j.p.SpringPersistenceUnitInfo      : No LoadTimeWeaver setup: ignoring JPA class transformer
2026-08-13T01:50:11.531+09:00  INFO [] 1 --- [DOCKin-spring] [           main] org.hibernate.orm.core                   : HHH000489: No JTA platform available (set 'hibernate.transaction.jta.platform' to enable JTA platform integration)
2026-08-13T01:50:11.585+09:00  INFO [] 1 --- [DOCKin-spring] [           main] org.hibernate.orm.jdbc.batch             : HHH100501: Automatic JDBC statement batching enabled (maximum batch size 100)
2026-08-13T01:50:11.618+09:00  INFO [] 1 --- [DOCKin-spring] [           main] j.LocalContainerEntityManagerFactoryBean : Initialized JPA EntityManagerFactory for persistence unit 'default'
2026-08-13T01:50:11.809+09:00  INFO [] 1 --- [DOCKin-spring] [           main] o.s.d.j.r.query.QueryEnhancerFactories   : Hibernate is in classpath; If applicable, HQL parser will be used.
2026-08-13T01:50:14.905+09:00  INFO [] 1 --- [DOCKin-spring] [           main] org.redisson.Version                     : Redisson 3.37.0
2026-08-13T01:50:15.401+09:00  INFO [] 1 --- [DOCKin-spring] [isson-netty-1-5] o.redisson.connection.ConnectionsHolder  : 1 connections initialized for dockin-redis/172.18.0.2:6379
2026-08-13T01:50:15.401+09:00  INFO [] 1 --- [DOCKin-spring] [isson-netty-1-6] o.redisson.connection.ConnectionsHolder  : 1 connections initialized for dockin-redis/172.18.0.2:6379
2026-08-13T01:50:16.888+09:00  WARN [] 1 --- [DOCKin-spring] [           main] JpaBaseConfiguration$JpaWebConfiguration : spring.jpa.open-in-view is enabled by default. Therefore, database queries may be performed during view rendering. Explicitly configure spring.jpa.open-in-view to disable this warning
2026-08-13T01:50:17.188+09:00  INFO [] 1 --- [DOCKin-spring] [           main] r$InitializeUserDetailsManagerConfigurer : Global AuthenticationManager configured with UserDetailsService bean with name customUserDetailsService
2026-08-13T01:50:17.989+09:00  INFO [] 1 --- [DOCKin-spring] [           main] o.s.b.a.e.web.EndpointLinksResolver      : Exposing 3 endpoints beneath base path '/actuator'
2026-08-13T01:50:18.796+09:00  INFO [] 1 --- [DOCKin-spring] [           main] o.s.m.s.b.SimpleBrokerMessageHandler     : Starting...
2026-08-13T01:50:18.796+09:00  INFO [] 1 --- [DOCKin-spring] [           main] o.s.m.s.b.SimpleBrokerMessageHandler     : BrokerAvailabilityEvent[available=true, SimpleBrokerMessageHandler [org.springframework.messaging.simp.broker.DefaultSubscriptionRegistry@1cfa2146]]
2026-08-13T01:50:18.797+09:00  INFO [] 1 --- [DOCKin-spring] [           main] o.s.m.s.b.SimpleBrokerMessageHandler     : Started.
2026-08-13T01:50:18.813+09:00  INFO [] 1 --- [DOCKin-spring] [           main] o.s.boot.tomcat.TomcatWebServer          : Tomcat started on port 8080 (http) with context path '/'
2026-08-13T01:50:18.824+09:00  INFO [] 1 --- [DOCKin-spring] [           main] com.DOCKin.DocKinSpringApplication       : Started DocKinSpringApplication in 19.53 seconds (process running for 20.812)
2026-08-13T01:50:18.886+09:00  INFO [] 1 --- [DOCKin-spring] [           main] c.DOCKin.rag.service.SeedIndexingRunner  : [RAG] seed 프로파일 - 기동 직후 색인을 시작합니다. (rag.indexing.on-startup=true)
2026-08-13T01:50:28.382+09:00  INFO [] 1 --- [DOCKin-spring] [nio-8080-exec-1] o.a.c.c.C.[Tomcat].[localhost].[/]       : Initializing Spring DispatcherServlet 'dispatcherServlet'
2026-08-13T01:50:28.382+09:00  INFO [] 1 --- [DOCKin-spring] [nio-8080-exec-1] o.s.web.servlet.DispatcherServlet        : Initializing Servlet 'dispatcherServlet'
2026-08-13T01:50:28.385+09:00  INFO [] 1 --- [DOCKin-spring] [nio-8080-exec-1] o.s.web.servlet.DispatcherServlet        : Completed initialization in 3 ms
2026-08-13T01:50:28.404+09:00  WARN [538c8d569f7d4168] 1 --- [DOCKin-spring] [nio-8080-exec-1] o.s.w.s.h.HandlerMappingIntrospector     : Cache miss for REQUEST dispatch to '/actuator/health' (previous null). Performing CorsConfiguration lookup. This is logged once only at WARN level, and every time at TRACE.
2026-08-13T01:51:18.720+09:00  INFO [] 1 --- [DOCKin-spring] [MessageBroker-1] o.s.w.s.c.WebSocketMessageBrokerStats    : WebSocketSession[0 current WS(0)-HttpStream(0)-HttpPoll(0), 0 total, 0 closed abnormally (0 connect failure, 0 send limit, 0 transport error)], stompSubProtocol[processed CONNECT(0)-CONNECTED(0)-DISCONNECT(0)], stompBrokerRelay[null], inboundChannel[pool size = 0, active threads = 0, queued tasks = 0, completed tasks = 0], outboundChannel[pool size = 0, active threads = 0, queued tasks = 0, completed tasks = 0], sockJsScheduler[pool size = 1, active threads = 1, queued tasks = 3, completed tasks = 1]
2026-08-13T02:17:05.662+09:00  INFO [] 1 --- [DOCKin-spring] [ionShutdownHook] o.s.boot.tomcat.GracefulShutdown         : Commencing graceful shutdown. Waiting for active requests to complete
2026-08-13T02:17:05.664+09:00  INFO [] 1 --- [DOCKin-spring] [tomcat-shutdown] o.s.boot.tomcat.GracefulShutdown         : Graceful shutdown complete
2026-08-13T02:17:05.666+09:00  INFO [] 1 --- [DOCKin-spring] [ionShutdownHook] o.s.m.s.b.SimpleBrokerMessageHandler     : Stopping...
2026-08-13T02:17:05.666+09:00  INFO [] 1 --- [DOCKin-spring] [ionShutdownHook] o.s.m.s.b.SimpleBrokerMessageHandler     : BrokerAvailabilityEvent[available=false, SimpleBrokerMessageHandler [org.springframework.messaging.simp.broker.DefaultSubscriptionRegistry@1cfa2146]]
2026-08-13T02:17:05.666+09:00  INFO [] 1 --- [DOCKin-spring] [ionShutdownHook] o.s.m.s.b.SimpleBrokerMessageHandler     : Stopped.
2026-08-13T02:17:05.774+09:00  WARN [] 1 --- [DOCKin-spring] [or-http-epoll-1] r.netty.http.client.HttpClientConnect    : [f6228990-438, L:/172.18.0.5:39154 ! R:dockin-embedding/172.18.0.4:80] The connection observed an error

reactor.netty.http.client.PrematureCloseException: Connection prematurely closed BEFORE response

2026-08-13T02:17:05.785+09:00 ERROR [] 1 --- [DOCKin-spring] [           main] com.DOCKin.rag.service.EmbeddingClient   : 임베딩 서버 호출 실패 [WebClientRequestException]: Connection prematurely closed BEFORE response
2026-08-13T02:17:05.786+09:00 ERROR [] 1 --- [DOCKin-spring] [           main] com.DOCKin.rag.service.IndexingService   : [RAG] 인덱싱 중단 - 신규 임베딩 25815건까지 반영됨: 임베딩 서버 호출에 실패했습니다.

com.DOCKin.global.error.BusinessException: 임베딩 서버 호출에 실패했습니다.
	at com.DOCKin.rag.service.EmbeddingClient.call(EmbeddingClient.java:119) ~[!/:0.0.1-SNAPSHOT]
	at com.DOCKin.rag.service.EmbeddingClient.embedPassages(EmbeddingClient.java:82) ~[!/:0.0.1-SNAPSHOT]
	at com.DOCKin.rag.service.ChunkIndexWriter.flush(ChunkIndexWriter.java:96) ~[!/:0.0.1-SNAPSHOT]
	at com.DOCKin.rag.service.ChunkIndexWriter.writePage(ChunkIndexWriter.java:56) ~[!/:0.0.1-SNAPSHOT]
	at java.base/jdk.internal.reflect.DirectMethodHandleAccessor.invoke(DirectMethodHandleAccessor.java:103) ~[na:na]
	at java.base/java.lang.reflect.Method.invoke(Method.java:580) ~[na:na]
	at org.springframework.aop.support.AopUtils.invokeJoinpointUsingReflection(AopUtils.java:359) ~[spring-aop-7.0.2.jar!/:7.0.2]
	at org.springframework.aop.framework.ReflectiveMethodInvocation.invokeJoinpoint(ReflectiveMethodInvocation.java:190) ~[spring-aop-7.0.2.jar!/:7.0.2]
	at org.springframework.aop.framework.ReflectiveMethodInvocation.proceed(ReflectiveMethodInvocation.java:158) ~[spring-aop-7.0.2.jar!/:7.0.2]
	at org.springframework.transaction.interceptor.TransactionAspectSupport.invokeWithinTransaction(TransactionAspectSupport.java:370) ~[spring-tx-7.0.2.jar!/:7.0.2]
	at org.springframework.transaction.interceptor.TransactionInterceptor.invoke(TransactionInterceptor.java:118) ~[spring-tx-7.0.2.jar!/:7.0.2]
	at org.springframework.aop.framework.ReflectiveMethodInvocation.proceed(ReflectiveMethodInvocation.java:179) ~[spring-aop-7.0.2.jar!/:7.0.2]
	at org.springframework.aop.framework.CglibAopProxy$DynamicAdvisedInterceptor.intercept(CglibAopProxy.java:719) ~[spring-aop-7.0.2.jar!/:7.0.2]
	at com.DOCKin.rag.service.ChunkIndexWriter$$SpringCGLIB$$0.writePage(<generated>) ~[!/:0.0.1-SNAPSHOT]
	at com.DOCKin.rag.service.IndexingService.indexWorkLogs(IndexingService.java:152) ~[!/:0.0.1-SNAPSHOT]
	at com.DOCKin.rag.service.IndexingService.indexAll(IndexingService.java:117) ~[!/:0.0.1-SNAPSHOT]
	at com.DOCKin.rag.service.SeedIndexingRunner.run(SeedIndexingRunner.java:51) ~[!/:0.0.1-SNAPSHOT]
	at org.springframework.boot.SpringApplication.lambda$callRunner$0(SpringApplication.java:788) ~[spring-boot-4.0.1.jar!/:4.0.1]
	at org.springframework.util.function.ThrowingConsumer$1.acceptWithException(ThrowingConsumer.java:82) ~[spring-core-7.0.2.jar!/:7.0.2]
	at org.springframework.util.function.ThrowingConsumer.accept(ThrowingConsumer.java:60) ~[spring-core-7.0.2.jar!/:7.0.2]
	at org.springframework.util.function.ThrowingConsumer$1.accept(ThrowingConsumer.java:86) ~[spring-core-7.0.2.jar!/:7.0.2]
	at org.springframework.boot.SpringApplication.callRunner(SpringApplication.java:800) ~[spring-boot-4.0.1.jar!/:4.0.1]
	at org.springframework.boot.SpringApplication.callRunner(SpringApplication.java:788) ~[spring-boot-4.0.1.jar!/:4.0.1]
	at org.springframework.boot.SpringApplication.lambda$callRunners$0(SpringApplication.java:776) ~[spring-boot-4.0.1.jar!/:4.0.1]
	at java.base/java.util.stream.ForEachOps$ForEachOp$OfRef.accept(ForEachOps.java:184) ~[na:na]
	at java.base/java.util.stream.SortedOps$SizedRefSortingSink.end(SortedOps.java:357) ~[na:na]
	at java.base/java.util.stream.AbstractPipeline.copyInto(AbstractPipeline.java:510) ~[na:na]
	at java.base/java.util.stream.AbstractPipeline.wrapAndCopyInto(AbstractPipeline.java:499) ~[na:na]
	at java.base/java.util.stream.ForEachOps$ForEachOp.evaluateSequential(ForEachOps.java:151) ~[na:na]
	at java.base/java.util.stream.ForEachOps$ForEachOp$OfRef.evaluateSequential(ForEachOps.java:174) ~[na:na]
	at java.base/java.util.stream.AbstractPipeline.evaluate(AbstractPipeline.java:234) ~[na:na]
	at java.base/java.util.stream.ReferencePipeline.forEach(ReferencePipeline.java:596) ~[na:na]
	at org.springframework.boot.SpringApplication.callRunners(SpringApplication.java:776) ~[spring-boot-4.0.1.jar!/:4.0.1]
	at org.springframework.boot.SpringApplication.run(SpringApplication.java:328) ~[spring-boot-4.0.1.jar!/:4.0.1]
	at org.springframework.boot.SpringApplication.run(SpringApplication.java:1365) ~[spring-boot-4.0.1.jar!/:4.0.1]
	at org.springframework.boot.SpringApplication.run(SpringApplication.java:1354) ~[spring-boot-4.0.1.jar!/:4.0.1]
	at com.DOCKin.DocKinSpringApplication.main(DocKinSpringApplication.java:23) ~[!/:0.0.1-SNAPSHOT]
	at java.base/jdk.internal.reflect.DirectMethodHandleAccessor.invoke(DirectMethodHandleAccessor.java:103) ~[na:na]
	at java.base/java.lang.reflect.Method.invoke(Method.java:580) ~[na:na]
	at org.springframework.boot.loader.launch.Launcher.launch(Launcher.java:106) ~[app.jar:0.0.1-SNAPSHOT]
	at org.springframework.boot.loader.launch.Launcher.launch(Launcher.java:64) ~[app.jar:0.0.1-SNAPSHOT]
	at org.springframework.boot.loader.launch.JarLauncher.main(JarLauncher.java:40) ~[app.jar:0.0.1-SNAPSHOT]

2026-08-13T02:17:05.806+09:00  INFO [] 1 --- [DOCKin-spring] [           main] com.DOCKin.rag.service.IndexingService   : [RAG] 인덱싱 종료 - 신규 임베딩 25815건 / 전체 청크 25815건 / 1606919ms
2026-08-13T02:17:05.807+09:00  INFO [] 1 --- [DOCKin-spring] [           main] c.DOCKin.rag.service.SeedIndexingRunner  : [RAG] 기동 직후 색인 완료 - 신규 임베딩 25815건
2026-08-13T02:17:05.807+09:00  WARN [] 1 --- [DOCKin-spring] [           main] o.s.core.events.SpringDocAppInitializer  : SpringDoc /v3/api-docs endpoint is enabled by default. To disable it in production, set the property 'springdoc.api-docs.enabled=false'
2026-08-13T02:17:05.807+09:00  WARN [] 1 --- [DOCKin-spring] [           main] o.s.core.events.SpringDocAppInitializer  : SpringDoc /swagger-ui.html endpoint is enabled by default. To disable it in production, set the property 'springdoc.swagger-ui.enabled=false'
2026-08-13T02:17:07.803+09:00  INFO [] 1 --- [DOCKin-spring] [ionShutdownHook] j.LocalContainerEntityManagerFactoryBean : Closing JPA EntityManagerFactory for persistence unit 'default'
2026-08-13T02:17:07.805+09:00  INFO [] 1 --- [DOCKin-spring] [ionShutdownHook] com.zaxxer.hikari.HikariDataSource       : HikariPool-1 - Shutdown initiated...
2026-08-13T02:17:07.808+09:00  INFO [] 1 --- [DOCKin-spring] [ionShutdownHook] com.zaxxer.hikari.HikariDataSource       : HikariPool-1 - Shutdown completed.

  .   ____          _            __ _ _
 /\\ / ___'_ __ _ _(_)_ __  __ _ \ \ \ \
( ( )\___ | '_ | '_| | '_ \/ _` | \ \ \ \
 \\/  ___)| |_)| | | | | || (_| |  ) ) ) )
  '  |____| .__|_| |_|_| |_\__, | / / / /
 =========|_|==============|___/=/_/_/_/

 :: Spring Boot ::                (v4.0.1)

2026-08-13T02:17:11.918+09:00  INFO [] 1 --- [DOCKin-spring] [           main] com.DOCKin.DocKinSpringApplication       : Starting DocKinSpringApplication v0.0.1-SNAPSHOT using Java 21.0.12 with PID 1 (/app.jar started by root in /)
2026-08-13T02:17:11.922+09:00  INFO [] 1 --- [DOCKin-spring] [           main] com.DOCKin.DocKinSpringApplication       : The following 2 profiles are active: "secret", "seed"
2026-08-13T02:17:14.389+09:00  INFO [] 1 --- [DOCKin-spring] [           main] .s.d.r.c.RepositoryConfigurationDelegate : Bootstrapping Spring Data JPA repositories in DEFAULT mode.
2026-08-13T02:17:14.885+09:00  INFO [] 1 --- [DOCKin-spring] [           main] .s.d.r.c.RepositoryConfigurationDelegate : Finished Spring Data repository scanning in 488 ms. Found 20 JPA repository interfaces.
2026-08-13T02:17:16.614+09:00  INFO [] 1 --- [DOCKin-spring] [           main] o.s.boot.tomcat.TomcatWebServer          : Tomcat initialized with port 8080 (http)
2026-08-13T02:17:16.626+09:00  INFO [] 1 --- [DOCKin-spring] [           main] o.apache.catalina.core.StandardService   : Starting service [Tomcat]
2026-08-13T02:17:16.626+09:00  INFO [] 1 --- [DOCKin-spring] [           main] o.apache.catalina.core.StandardEngine    : Starting Servlet engine: [Apache Tomcat/11.0.15]
2026-08-13T02:17:16.802+09:00  INFO [] 1 --- [DOCKin-spring] [           main] b.w.c.s.WebApplicationContextInitializer : Root WebApplicationContext: initialization completed in 4778 ms
2026-08-13T02:17:18.010+09:00  INFO [] 1 --- [DOCKin-spring] [           main] com.zaxxer.hikari.HikariDataSource       : HikariPool-1 - Starting...
2026-08-13T02:17:18.311+09:00  INFO [] 1 --- [DOCKin-spring] [           main] com.zaxxer.hikari.pool.HikariPool        : HikariPool-1 - Added connection org.postgresql.jdbc.PgConnection@394e504d
2026-08-13T02:17:18.312+09:00  INFO [] 1 --- [DOCKin-spring] [           main] com.zaxxer.hikari.HikariDataSource       : HikariPool-1 - Start completed.
2026-08-13T02:17:18.395+09:00  INFO [] 1 --- [DOCKin-spring] [           main] org.flywaydb.core.FlywayExecutor         : Database: jdbc:postgresql://DOCKin-DB:5432/dockindb (PostgreSQL 17.10)
2026-08-13T02:17:18.588+09:00  INFO [] 1 --- [DOCKin-spring] [           main] o.f.core.internal.command.DbValidate     : Successfully validated 6 migrations (execution time 00:00.172s)
2026-08-13T02:17:18.599+09:00  INFO [] 1 --- [DOCKin-spring] [           main] o.f.core.internal.command.DbMigrate      : Current version of schema "public": 5
2026-08-13T02:17:18.601+09:00  INFO [] 1 --- [DOCKin-spring] [           main] o.f.core.internal.command.DbMigrate      : Schema "public" is up to date. No migration necessary.
2026-08-13T02:17:18.882+09:00  INFO [] 1 --- [DOCKin-spring] [           main] org.hibernate.orm.jpa                    : HHH008540: Processing PersistenceUnitInfo [name: default]
2026-08-13T02:17:19.001+09:00  INFO [] 1 --- [DOCKin-spring] [           main] org.hibernate.orm.core                   : HHH000001: Hibernate ORM core version 7.2.0.Final
2026-08-13T02:17:19.901+09:00  INFO [] 1 --- [DOCKin-spring] [           main] org.hibernate.orm.connections.pooling    : HHH10001005: Database info:
	Database JDBC URL [jdbc:postgresql://DOCKin-DB:5432/dockindb]
	Database driver: PostgreSQL JDBC Driver
	Database dialect: PostgreSQLDialect
	Database version: 17.10
	Default catalog/schema: dockindb/public
	Autocommit mode: undefined/unknown
	Isolation level: READ_COMMITTED [default READ_COMMITTED]
	JDBC fetch size: none
	Pool: DataSourceConnectionProvider
	Minimum pool size: undefined/unknown
	Maximum pool size: undefined/unknown
2026-08-13T02:17:20.396+09:00  INFO [] 1 --- [DOCKin-spring] [           main] o.s.o.j.p.SpringPersistenceUnitInfo      : No LoadTimeWeaver setup: ignoring JPA class transformer
2026-08-13T02:17:22.887+09:00  INFO [] 1 --- [DOCKin-spring] [           main] org.hibernate.orm.core                   : HHH000489: No JTA platform available (set 'hibernate.transaction.jta.platform' to enable JTA platform integration)
2026-08-13T02:17:22.890+09:00  INFO [] 1 --- [DOCKin-spring] [           main] org.hibernate.orm.jdbc.batch             : HHH100501: Automatic JDBC statement batching enabled (maximum batch size 100)
2026-08-13T02:17:22.931+09:00  INFO [] 1 --- [DOCKin-spring] [           main] j.LocalContainerEntityManagerFactoryBean : Initialized JPA EntityManagerFactory for persistence unit 'default'
2026-08-13T02:17:23.109+09:00  INFO [] 1 --- [DOCKin-spring] [           main] o.s.d.j.r.query.QueryEnhancerFactories   : Hibernate is in classpath; If applicable, HQL parser will be used.
2026-08-13T02:17:26.429+09:00  INFO [] 1 --- [DOCKin-spring] [           main] org.redisson.Version                     : Redisson 3.37.0
2026-08-13T02:17:27.087+09:00  INFO [] 1 --- [DOCKin-spring] [isson-netty-1-5] o.redisson.connection.ConnectionsHolder  : 1 connections initialized for dockin-redis/172.18.0.2:6379
2026-08-13T02:17:27.087+09:00  INFO [] 1 --- [DOCKin-spring] [isson-netty-1-6] o.redisson.connection.ConnectionsHolder  : 1 connections initialized for dockin-redis/172.18.0.2:6379
2026-08-13T02:17:28.307+09:00  WARN [] 1 --- [DOCKin-spring] [           main] JpaBaseConfiguration$JpaWebConfiguration : spring.jpa.open-in-view is enabled by default. Therefore, database queries may be performed during view rendering. Explicitly configure spring.jpa.open-in-view to disable this warning
2026-08-13T02:17:28.587+09:00  INFO [] 1 --- [DOCKin-spring] [           main] r$InitializeUserDetailsManagerConfigurer : Global AuthenticationManager configured with UserDetailsService bean with name customUserDetailsService
2026-08-13T02:17:29.296+09:00  INFO [] 1 --- [DOCKin-spring] [           main] o.s.b.a.e.web.EndpointLinksResolver      : Exposing 3 endpoints beneath base path '/actuator'
2026-08-13T02:17:30.013+09:00  INFO [] 1 --- [DOCKin-spring] [           main] o.s.m.s.b.SimpleBrokerMessageHandler     : Starting...
2026-08-13T02:17:30.014+09:00  INFO [] 1 --- [DOCKin-spring] [           main] o.s.m.s.b.SimpleBrokerMessageHandler     : BrokerAvailabilityEvent[available=true, SimpleBrokerMessageHandler [org.springframework.messaging.simp.broker.DefaultSubscriptionRegistry@1cfa2146]]
2026-08-13T02:17:30.014+09:00  INFO [] 1 --- [DOCKin-spring] [           main] o.s.m.s.b.SimpleBrokerMessageHandler     : Started.
2026-08-13T02:17:30.085+09:00  INFO [] 1 --- [DOCKin-spring] [           main] o.s.boot.tomcat.TomcatWebServer          : Tomcat started on port 8080 (http) with context path '/'
2026-08-13T02:17:30.100+09:00  INFO [] 1 --- [DOCKin-spring] [           main] com.DOCKin.DocKinSpringApplication       : Started DocKinSpringApplication in 18.999 seconds (process running for 20.279)
2026-08-13T02:17:30.108+09:00  INFO [] 1 --- [DOCKin-spring] [           main] c.DOCKin.rag.service.SeedIndexingRunner  : [RAG] seed 프로파일 - 기동 직후 색인을 시작합니다. (rag.indexing.on-startup=true)
2026-08-13T02:17:30.302+09:00  INFO [] 1 --- [DOCKin-spring] [nio-8080-exec-2] o.a.c.c.C.[Tomcat].[localhost].[/]       : Initializing Spring DispatcherServlet 'dispatcherServlet'
2026-08-13T02:17:30.303+09:00  INFO [] 1 --- [DOCKin-spring] [nio-8080-exec-2] o.s.web.servlet.DispatcherServlet        : Initializing Servlet 'dispatcherServlet'
2026-08-13T02:17:30.304+09:00  INFO [] 1 --- [DOCKin-spring] [nio-8080-exec-2] o.s.web.servlet.DispatcherServlet        : Completed initialization in 1 ms
2026-08-13T02:17:30.385+09:00  WARN [b850aee2e4d94ef2] 1 --- [DOCKin-spring] [nio-8080-exec-2] o.s.w.s.h.HandlerMappingIntrospector     : Cache miss for REQUEST dispatch to '/actuator/health' (previous null). Performing CorsConfiguration lookup. This is logged once only at WARN level, and every time at TRACE.
2026-08-13T02:18:29.990+09:00  INFO [] 1 --- [DOCKin-spring] [MessageBroker-1] o.s.w.s.c.WebSocketMessageBrokerStats    : WebSocketSession[0 current WS(0)-HttpStream(0)-HttpPoll(0), 0 total, 0 closed abnormally (0 connect failure, 0 send limit, 0 transport error)], stompSubProtocol[processed CONNECT(0)-CONNECTED(0)-DISCONNECT(0)], stompBrokerRelay[null], inboundChannel[pool size = 0, active threads = 0, queued tasks = 0, completed tasks = 0], outboundChannel[pool size = 0, active threads = 0, queued tasks = 0, completed tasks = 0], sockJsScheduler[pool size = 1, active threads = 1, queued tasks = 3, completed tasks = 1]
2026-08-13T02:22:51.611+09:00  INFO [] 1 --- [DOCKin-spring] [ionShutdownHook] o.s.boot.tomcat.GracefulShutdown         : Commencing graceful shutdown. Waiting for active requests to complete
2026-08-13T02:22:51.613+09:00  INFO [] 1 --- [DOCKin-spring] [tomcat-shutdown] o.s.boot.tomcat.GracefulShutdown         : Graceful shutdown complete
2026-08-13T02:22:51.615+09:00  INFO [] 1 --- [DOCKin-spring] [ionShutdownHook] o.s.m.s.b.SimpleBrokerMessageHandler     : Stopping...
2026-08-13T02:22:51.615+09:00  INFO [] 1 --- [DOCKin-spring] [ionShutdownHook] o.s.m.s.b.SimpleBrokerMessageHandler     : BrokerAvailabilityEvent[available=false, SimpleBrokerMessageHandler [org.springframework.messaging.simp.broker.DefaultSubscriptionRegistry@1cfa2146]]
2026-08-13T02:22:51.615+09:00  INFO [] 1 --- [DOCKin-spring] [ionShutdownHook] o.s.m.s.b.SimpleBrokerMessageHandler     : Stopped.
2026-08-13T02:22:51.723+09:00  WARN [] 1 --- [DOCKin-spring] [or-http-epoll-1] r.netty.http.client.HttpClientConnect    : [b181a1b0-83, L:/172.18.0.5:60508 ! R:dockin-embedding/172.18.0.4:80] The connection observed an error

reactor.netty.http.client.PrematureCloseException: Connection prematurely closed BEFORE response

2026-08-13T02:22:51.733+09:00 ERROR [] 1 --- [DOCKin-spring] [           main] com.DOCKin.rag.service.EmbeddingClient   : 임베딩 서버 호출 실패 [WebClientRequestException]: Connection prematurely closed BEFORE response
2026-08-13T02:22:51.735+09:00 ERROR [] 1 --- [DOCKin-spring] [           main] com.DOCKin.rag.service.IndexingService   : [RAG] 인덱싱 중단 - 신규 임베딩 4907건까지 반영됨: 임베딩 서버 호출에 실패했습니다.

com.DOCKin.global.error.BusinessException: 임베딩 서버 호출에 실패했습니다.
	at com.DOCKin.rag.service.EmbeddingClient.call(EmbeddingClient.java:119) ~[!/:0.0.1-SNAPSHOT]
	at com.DOCKin.rag.service.EmbeddingClient.embedPassages(EmbeddingClient.java:82) ~[!/:0.0.1-SNAPSHOT]
	at com.DOCKin.rag.service.ChunkIndexWriter.flush(ChunkIndexWriter.java:96) ~[!/:0.0.1-SNAPSHOT]
	at com.DOCKin.rag.service.ChunkIndexWriter.writePage(ChunkIndexWriter.java:56) ~[!/:0.0.1-SNAPSHOT]
	at java.base/jdk.internal.reflect.DirectMethodHandleAccessor.invoke(DirectMethodHandleAccessor.java:103) ~[na:na]
	at java.base/java.lang.reflect.Method.invoke(Method.java:580) ~[na:na]
	at org.springframework.aop.support.AopUtils.invokeJoinpointUsingReflection(AopUtils.java:359) ~[spring-aop-7.0.2.jar!/:7.0.2]
	at org.springframework.aop.framework.ReflectiveMethodInvocation.invokeJoinpoint(ReflectiveMethodInvocation.java:190) ~[spring-aop-7.0.2.jar!/:7.0.2]
	at org.springframework.aop.framework.ReflectiveMethodInvocation.proceed(ReflectiveMethodInvocation.java:158) ~[spring-aop-7.0.2.jar!/:7.0.2]
	at org.springframework.transaction.interceptor.TransactionAspectSupport.invokeWithinTransaction(TransactionAspectSupport.java:370) ~[spring-tx-7.0.2.jar!/:7.0.2]
	at org.springframework.transaction.interceptor.TransactionInterceptor.invoke(TransactionInterceptor.java:118) ~[spring-tx-7.0.2.jar!/:7.0.2]
	at org.springframework.aop.framework.ReflectiveMethodInvocation.proceed(ReflectiveMethodInvocation.java:179) ~[spring-aop-7.0.2.jar!/:7.0.2]
	at org.springframework.aop.framework.CglibAopProxy$DynamicAdvisedInterceptor.intercept(CglibAopProxy.java:719) ~[spring-aop-7.0.2.jar!/:7.0.2]
	at com.DOCKin.rag.service.ChunkIndexWriter$$SpringCGLIB$$0.writePage(<generated>) ~[!/:0.0.1-SNAPSHOT]
	at com.DOCKin.rag.service.IndexingService.indexWorkLogs(IndexingService.java:152) ~[!/:0.0.1-SNAPSHOT]
	at com.DOCKin.rag.service.IndexingService.indexAll(IndexingService.java:117) ~[!/:0.0.1-SNAPSHOT]
	at com.DOCKin.rag.service.SeedIndexingRunner.run(SeedIndexingRunner.java:51) ~[!/:0.0.1-SNAPSHOT]
	at org.springframework.boot.SpringApplication.lambda$callRunner$0(SpringApplication.java:788) ~[spring-boot-4.0.1.jar!/:4.0.1]
	at org.springframework.util.function.ThrowingConsumer$1.acceptWithException(ThrowingConsumer.java:82) ~[spring-core-7.0.2.jar!/:7.0.2]
	at org.springframework.util.function.ThrowingConsumer.accept(ThrowingConsumer.java:60) ~[spring-core-7.0.2.jar!/:7.0.2]
	at org.springframework.util.function.ThrowingConsumer$1.accept(ThrowingConsumer.java:86) ~[spring-core-7.0.2.jar!/:7.0.2]
	at org.springframework.boot.SpringApplication.callRunner(SpringApplication.java:800) ~[spring-boot-4.0.1.jar!/:4.0.1]
	at org.springframework.boot.SpringApplication.callRunner(SpringApplication.java:788) ~[spring-boot-4.0.1.jar!/:4.0.1]
	at org.springframework.boot.SpringApplication.lambda$callRunners$0(SpringApplication.java:776) ~[spring-boot-4.0.1.jar!/:4.0.1]
	at java.base/java.util.stream.ForEachOps$ForEachOp$OfRef.accept(ForEachOps.java:184) ~[na:na]
	at java.base/java.util.stream.SortedOps$SizedRefSortingSink.end(SortedOps.java:357) ~[na:na]
	at java.base/java.util.stream.AbstractPipeline.copyInto(AbstractPipeline.java:510) ~[na:na]
	at java.base/java.util.stream.AbstractPipeline.wrapAndCopyInto(AbstractPipeline.java:499) ~[na:na]
	at java.base/java.util.stream.ForEachOps$ForEachOp.evaluateSequential(ForEachOps.java:151) ~[na:na]
	at java.base/java.util.stream.ForEachOps$ForEachOp$OfRef.evaluateSequential(ForEachOps.java:174) ~[na:na]
	at java.base/java.util.stream.AbstractPipeline.evaluate(AbstractPipeline.java:234) ~[na:na]
	at java.base/java.util.stream.ReferencePipeline.forEach(ReferencePipeline.java:596) ~[na:na]
	at org.springframework.boot.SpringApplication.callRunners(SpringApplication.java:776) ~[spring-boot-4.0.1.jar!/:4.0.1]
	at org.springframework.boot.SpringApplication.run(SpringApplication.java:328) ~[spring-boot-4.0.1.jar!/:4.0.1]
	at org.springframework.boot.SpringApplication.run(SpringApplication.java:1365) ~[spring-boot-4.0.1.jar!/:4.0.1]
	at org.springframework.boot.SpringApplication.run(SpringApplication.java:1354) ~[spring-boot-4.0.1.jar!/:4.0.1]
	at com.DOCKin.DocKinSpringApplication.main(DocKinSpringApplication.java:23) ~[!/:0.0.1-SNAPSHOT]
	at java.base/jdk.internal.reflect.DirectMethodHandleAccessor.invoke(DirectMethodHandleAccessor.java:103) ~[na:na]
	at java.base/java.lang.reflect.Method.invoke(Method.java:580) ~[na:na]
	at org.springframework.boot.loader.launch.Launcher.launch(Launcher.java:106) ~[app.jar:0.0.1-SNAPSHOT]
	at org.springframework.boot.loader.launch.Launcher.launch(Launcher.java:64) ~[app.jar:0.0.1-SNAPSHOT]
	at org.springframework.boot.loader.launch.JarLauncher.main(JarLauncher.java:40) ~[app.jar:0.0.1-SNAPSHOT]

2026-08-13T02:22:51.761+09:00  INFO [] 1 --- [DOCKin-spring] [           main] com.DOCKin.rag.service.IndexingService   : [RAG] 인덱싱 종료 - 신규 임베딩 4907건 / 전체 청크 30722건 / 321653ms
2026-08-13T02:22:51.761+09:00  INFO [] 1 --- [DOCKin-spring] [           main] c.DOCKin.rag.service.SeedIndexingRunner  : [RAG] 기동 직후 색인 완료 - 신규 임베딩 4907건
2026-08-13T02:22:51.762+09:00  WARN [] 1 --- [DOCKin-spring] [           main] o.s.core.events.SpringDocAppInitializer  : SpringDoc /v3/api-docs endpoint is enabled by default. To disable it in production, set the property 'springdoc.api-docs.enabled=false'
2026-08-13T02:22:51.762+09:00  WARN [] 1 --- [DOCKin-spring] [           main] o.s.core.events.SpringDocAppInitializer  : SpringDoc /swagger-ui.html endpoint is enabled by default. To disable it in production, set the property 'springdoc.swagger-ui.enabled=false'
2026-08-13T02:22:53.753+09:00  INFO [] 1 --- [DOCKin-spring] [ionShutdownHook] j.LocalContainerEntityManagerFactoryBean : Closing JPA EntityManagerFactory for persistence unit 'default'
2026-08-13T02:22:53.755+09:00  INFO [] 1 --- [DOCKin-spring] [ionShutdownHook] com.zaxxer.hikari.HikariDataSource       : HikariPool-1 - Shutdown initiated...
2026-08-13T02:22:53.760+09:00  INFO [] 1 --- [DOCKin-spring] [ionShutdownHook] com.zaxxer.hikari.HikariDataSource       : HikariPool-1 - Shutdown completed.

  .   ____          _            __ _ _
 /\\ / ___'_ __ _ _(_)_ __  __ _ \ \ \ \
( ( )\___ | '_ | '_| | '_ \/ _` | \ \ \ \
 \\/  ___)| |_)| | | | | || (_| |  ) ) ) )
  '  |____| .__|_| |_|_| |_\__, | / / / /
 =========|_|==============|___/=/_/_/_/

 :: Spring Boot ::                (v4.0.1)

2026-08-13T02:24:16.488+09:00  INFO [] 1 --- [DOCKin-spring] [           main] com.DOCKin.DocKinSpringApplication       : Starting DocKinSpringApplication v0.0.1-SNAPSHOT using Java 21.0.12 with PID 1 (/app.jar started by root in /)
2026-08-13T02:24:16.492+09:00  INFO [] 1 --- [DOCKin-spring] [           main] com.DOCKin.DocKinSpringApplication       : The following 2 profiles are active: "secret", "seed"
2026-08-13T02:24:18.897+09:00  INFO [] 1 --- [DOCKin-spring] [           main] .s.d.r.c.RepositoryConfigurationDelegate : Bootstrapping Spring Data JPA repositories in DEFAULT mode.
2026-08-13T02:24:19.491+09:00  INFO [] 1 --- [DOCKin-spring] [           main] .s.d.r.c.RepositoryConfigurationDelegate : Finished Spring Data repository scanning in 583 ms. Found 20 JPA repository interfaces.
2026-08-13T02:24:21.319+09:00  INFO [] 1 --- [DOCKin-spring] [           main] o.s.boot.tomcat.TomcatWebServer          : Tomcat initialized with port 8080 (http)
2026-08-13T02:24:21.383+09:00  INFO [] 1 --- [DOCKin-spring] [           main] o.apache.catalina.core.StandardService   : Starting service [Tomcat]
2026-08-13T02:24:21.383+09:00  INFO [] 1 --- [DOCKin-spring] [           main] o.apache.catalina.core.StandardEngine    : Starting Servlet engine: [Apache Tomcat/11.0.15]
2026-08-13T02:24:21.500+09:00  INFO [] 1 --- [DOCKin-spring] [           main] b.w.c.s.WebApplicationContextInitializer : Root WebApplicationContext: initialization completed in 4898 ms
2026-08-13T02:24:22.709+09:00  INFO [] 1 --- [DOCKin-spring] [           main] com.zaxxer.hikari.HikariDataSource       : HikariPool-1 - Starting...
2026-08-13T02:24:23.013+09:00  INFO [] 1 --- [DOCKin-spring] [           main] com.zaxxer.hikari.pool.HikariPool        : HikariPool-1 - Added connection org.postgresql.jdbc.PgConnection@17ebbf1e
2026-08-13T02:24:23.014+09:00  INFO [] 1 --- [DOCKin-spring] [           main] com.zaxxer.hikari.HikariDataSource       : HikariPool-1 - Start completed.
2026-08-13T02:24:23.092+09:00  INFO [] 1 --- [DOCKin-spring] [           main] org.flywaydb.core.FlywayExecutor         : Database: jdbc:postgresql://DOCKin-DB:5432/dockindb (PostgreSQL 17.10)
2026-08-13T02:24:23.297+09:00  INFO [] 1 --- [DOCKin-spring] [           main] o.f.core.internal.command.DbValidate     : Successfully validated 6 migrations (execution time 00:00.174s)
2026-08-13T02:24:23.308+09:00  INFO [] 1 --- [DOCKin-spring] [           main] o.f.core.internal.command.DbMigrate      : Current version of schema "public": 5
2026-08-13T02:24:23.310+09:00  INFO [] 1 --- [DOCKin-spring] [           main] o.f.core.internal.command.DbMigrate      : Schema "public" is up to date. No migration necessary.
2026-08-13T02:24:23.507+09:00  INFO [] 1 --- [DOCKin-spring] [           main] org.hibernate.orm.jpa                    : HHH008540: Processing PersistenceUnitInfo [name: default]
2026-08-13T02:24:23.688+09:00  INFO [] 1 --- [DOCKin-spring] [           main] org.hibernate.orm.core                   : HHH000001: Hibernate ORM core version 7.2.0.Final
2026-08-13T02:24:24.509+09:00  INFO [] 1 --- [DOCKin-spring] [           main] org.hibernate.orm.connections.pooling    : HHH10001005: Database info:
	Database JDBC URL [jdbc:postgresql://DOCKin-DB:5432/dockindb]
	Database driver: PostgreSQL JDBC Driver
	Database dialect: PostgreSQLDialect
	Database version: 17.10
	Default catalog/schema: dockindb/public
	Autocommit mode: undefined/unknown
	Isolation level: READ_COMMITTED [default READ_COMMITTED]
	JDBC fetch size: none
	Pool: DataSourceConnectionProvider
	Minimum pool size: undefined/unknown
	Maximum pool size: undefined/unknown
2026-08-13T02:24:25.017+09:00  INFO [] 1 --- [DOCKin-spring] [           main] o.s.o.j.p.SpringPersistenceUnitInfo      : No LoadTimeWeaver setup: ignoring JPA class transformer
2026-08-13T02:24:27.519+09:00  INFO [] 1 --- [DOCKin-spring] [           main] org.hibernate.orm.core                   : HHH000489: No JTA platform available (set 'hibernate.transaction.jta.platform' to enable JTA platform integration)
2026-08-13T02:24:27.583+09:00  INFO [] 1 --- [DOCKin-spring] [           main] org.hibernate.orm.jdbc.batch             : HHH100501: Automatic JDBC statement batching enabled (maximum batch size 100)
2026-08-13T02:24:27.626+09:00  INFO [] 1 --- [DOCKin-spring] [           main] j.LocalContainerEntityManagerFactoryBean : Initialized JPA EntityManagerFactory for persistence unit 'default'
2026-08-13T02:24:27.814+09:00  INFO [] 1 --- [DOCKin-spring] [           main] o.s.d.j.r.query.QueryEnhancerFactories   : Hibernate is in classpath; If applicable, HQL parser will be used.
2026-08-13T02:24:31.205+09:00  INFO [] 1 --- [DOCKin-spring] [           main] org.redisson.Version                     : Redisson 3.37.0
2026-08-13T02:24:31.686+09:00  INFO [] 1 --- [DOCKin-spring] [isson-netty-1-6] o.redisson.connection.ConnectionsHolder  : 1 connections initialized for dockin-redis/172.18.0.2:6379
2026-08-13T02:24:31.686+09:00  INFO [] 1 --- [DOCKin-spring] [isson-netty-1-5] o.redisson.connection.ConnectionsHolder  : 1 connections initialized for dockin-redis/172.18.0.2:6379
2026-08-13T02:24:32.984+09:00  WARN [] 1 --- [DOCKin-spring] [           main] JpaBaseConfiguration$JpaWebConfiguration : spring.jpa.open-in-view is enabled by default. Therefore, database queries may be performed during view rendering. Explicitly configure spring.jpa.open-in-view to disable this warning
2026-08-13T02:24:33.209+09:00  INFO [] 1 --- [DOCKin-spring] [           main] r$InitializeUserDetailsManagerConfigurer : Global AuthenticationManager configured with UserDetailsService bean with name customUserDetailsService
2026-08-13T02:24:33.988+09:00  INFO [] 1 --- [DOCKin-spring] [           main] o.s.b.a.e.web.EndpointLinksResolver      : Exposing 3 endpoints beneath base path '/actuator'
2026-08-13T02:24:34.721+09:00  INFO [] 1 --- [DOCKin-spring] [           main] o.s.m.s.b.SimpleBrokerMessageHandler     : Starting...
2026-08-13T02:24:34.721+09:00  INFO [] 1 --- [DOCKin-spring] [           main] o.s.m.s.b.SimpleBrokerMessageHandler     : BrokerAvailabilityEvent[available=true, SimpleBrokerMessageHandler [org.springframework.messaging.simp.broker.DefaultSubscriptionRegistry@46cef39e]]
2026-08-13T02:24:34.722+09:00  INFO [] 1 --- [DOCKin-spring] [           main] o.s.m.s.b.SimpleBrokerMessageHandler     : Started.
2026-08-13T02:24:34.788+09:00  INFO [] 1 --- [DOCKin-spring] [           main] o.s.boot.tomcat.TomcatWebServer          : Tomcat started on port 8080 (http) with context path '/'
2026-08-13T02:24:34.799+09:00  INFO [] 1 --- [DOCKin-spring] [           main] com.DOCKin.DocKinSpringApplication       : Started DocKinSpringApplication in 19.19 seconds (process running for 20.427)
2026-08-13T02:24:34.806+09:00  INFO [] 1 --- [DOCKin-spring] [           main] c.DOCKin.rag.service.SeedIndexingRunner  : [RAG] seed 프로파일 - 기동 직후 색인을 시작합니다. (rag.indexing.on-startup=true)
2026-08-13T02:24:44.740+09:00  INFO [] 1 --- [DOCKin-spring] [nio-8080-exec-2] o.a.c.c.C.[Tomcat].[localhost].[/]       : Initializing Spring DispatcherServlet 'dispatcherServlet'
2026-08-13T02:24:44.741+09:00  INFO [] 1 --- [DOCKin-spring] [nio-8080-exec-2] o.s.web.servlet.DispatcherServlet        : Initializing Servlet 'dispatcherServlet'
2026-08-13T02:24:44.783+09:00  INFO [] 1 --- [DOCKin-spring] [nio-8080-exec-2] o.s.web.servlet.DispatcherServlet        : Completed initialization in 42 ms
2026-08-13T02:24:44.808+09:00  WARN [e872d4dd75c94b08] 1 --- [DOCKin-spring] [nio-8080-exec-2] o.s.w.s.h.HandlerMappingIntrospector     : Cache miss for REQUEST dispatch to '/actuator/health' (previous null). Performing CorsConfiguration lookup. This is logged once only at WARN level, and every time at TRACE.
2026-08-13T02:25:34.697+09:00  INFO [] 1 --- [DOCKin-spring] [MessageBroker-1] o.s.w.s.c.WebSocketMessageBrokerStats    : WebSocketSession[0 current WS(0)-HttpStream(0)-HttpPoll(0), 0 total, 0 closed abnormally (0 connect failure, 0 send limit, 0 transport error)], stompSubProtocol[processed CONNECT(0)-CONNECTED(0)-DISCONNECT(0)], stompBrokerRelay[null], inboundChannel[pool size = 0, active threads = 0, queued tasks = 0, completed tasks = 0], outboundChannel[pool size = 0, active threads = 0, queued tasks = 0, completed tasks = 0], sockJsScheduler[pool size = 1, active threads = 1, queued tasks = 3, completed tasks = 1]
2026-08-13T02:29:56.020+09:00  INFO [] 1 --- [DOCKin-spring] [ionShutdownHook] o.s.boot.tomcat.GracefulShutdown         : Commencing graceful shutdown. Waiting for active requests to complete
2026-08-13T02:29:56.022+09:00  INFO [] 1 --- [DOCKin-spring] [tomcat-shutdown] o.s.boot.tomcat.GracefulShutdown         : Graceful shutdown complete
2026-08-13T02:29:56.025+09:00  INFO [] 1 --- [DOCKin-spring] [ionShutdownHook] o.s.m.s.b.SimpleBrokerMessageHandler     : Stopping...
2026-08-13T02:29:56.025+09:00  INFO [] 1 --- [DOCKin-spring] [ionShutdownHook] o.s.m.s.b.SimpleBrokerMessageHandler     : BrokerAvailabilityEvent[available=false, SimpleBrokerMessageHandler [org.springframework.messaging.simp.broker.DefaultSubscriptionRegistry@46cef39e]]
2026-08-13T02:29:56.025+09:00  INFO [] 1 --- [DOCKin-spring] [ionShutdownHook] o.s.m.s.b.SimpleBrokerMessageHandler     : Stopped.
2026-08-13T02:29:56.133+09:00  WARN [] 1 --- [DOCKin-spring] [or-http-epoll-2] r.netty.http.client.HttpClientConnect    : [d0e0801f-84, L:/172.18.0.5:36690 ! R:dockin-embedding/172.18.0.4:80] The connection observed an error

reactor.netty.http.client.PrematureCloseException: Connection prematurely closed BEFORE response

2026-08-13T02:29:56.145+09:00 ERROR [] 1 --- [DOCKin-spring] [           main] com.DOCKin.rag.service.EmbeddingClient   : 임베딩 서버 호출 실패 [WebClientRequestException]: Connection prematurely closed BEFORE response
2026-08-13T02:29:56.147+09:00 ERROR [] 1 --- [DOCKin-spring] [           main] com.DOCKin.rag.service.IndexingService   : [RAG] 인덱싱 중단 - 신규 임베딩 4907건까지 반영됨: 임베딩 서버 호출에 실패했습니다.

com.DOCKin.global.error.BusinessException: 임베딩 서버 호출에 실패했습니다.
	at com.DOCKin.rag.service.EmbeddingClient.call(EmbeddingClient.java:119) ~[!/:0.0.1-SNAPSHOT]
	at com.DOCKin.rag.service.EmbeddingClient.embedPassages(EmbeddingClient.java:82) ~[!/:0.0.1-SNAPSHOT]
	at com.DOCKin.rag.service.ChunkIndexWriter.flush(ChunkIndexWriter.java:96) ~[!/:0.0.1-SNAPSHOT]
	at com.DOCKin.rag.service.ChunkIndexWriter.writePage(ChunkIndexWriter.java:56) ~[!/:0.0.1-SNAPSHOT]
	at java.base/jdk.internal.reflect.DirectMethodHandleAccessor.invoke(DirectMethodHandleAccessor.java:103) ~[na:na]
	at java.base/java.lang.reflect.Method.invoke(Method.java:580) ~[na:na]
	at org.springframework.aop.support.AopUtils.invokeJoinpointUsingReflection(AopUtils.java:359) ~[spring-aop-7.0.2.jar!/:7.0.2]
	at org.springframework.aop.framework.ReflectiveMethodInvocation.invokeJoinpoint(ReflectiveMethodInvocation.java:190) ~[spring-aop-7.0.2.jar!/:7.0.2]
	at org.springframework.aop.framework.ReflectiveMethodInvocation.proceed(ReflectiveMethodInvocation.java:158) ~[spring-aop-7.0.2.jar!/:7.0.2]
	at org.springframework.transaction.interceptor.TransactionAspectSupport.invokeWithinTransaction(TransactionAspectSupport.java:370) ~[spring-tx-7.0.2.jar!/:7.0.2]
	at org.springframework.transaction.interceptor.TransactionInterceptor.invoke(TransactionInterceptor.java:118) ~[spring-tx-7.0.2.jar!/:7.0.2]
	at org.springframework.aop.framework.ReflectiveMethodInvocation.proceed(ReflectiveMethodInvocation.java:179) ~[spring-aop-7.0.2.jar!/:7.0.2]
	at org.springframework.aop.framework.CglibAopProxy$DynamicAdvisedInterceptor.intercept(CglibAopProxy.java:719) ~[spring-aop-7.0.2.jar!/:7.0.2]
	at com.DOCKin.rag.service.ChunkIndexWriter$$SpringCGLIB$$0.writePage(<generated>) ~[!/:0.0.1-SNAPSHOT]
	at com.DOCKin.rag.service.IndexingService.indexWorkLogs(IndexingService.java:152) ~[!/:0.0.1-SNAPSHOT]
	at com.DOCKin.rag.service.IndexingService.indexAll(IndexingService.java:117) ~[!/:0.0.1-SNAPSHOT]
	at com.DOCKin.rag.service.SeedIndexingRunner.run(SeedIndexingRunner.java:51) ~[!/:0.0.1-SNAPSHOT]
	at org.springframework.boot.SpringApplication.lambda$callRunner$0(SpringApplication.java:788) ~[spring-boot-4.0.1.jar!/:4.0.1]
	at org.springframework.util.function.ThrowingConsumer$1.acceptWithException(ThrowingConsumer.java:82) ~[spring-core-7.0.2.jar!/:7.0.2]
	at org.springframework.util.function.ThrowingConsumer.accept(ThrowingConsumer.java:60) ~[spring-core-7.0.2.jar!/:7.0.2]
	at org.springframework.util.function.ThrowingConsumer$1.accept(ThrowingConsumer.java:86) ~[spring-core-7.0.2.jar!/:7.0.2]
	at org.springframework.boot.SpringApplication.callRunner(SpringApplication.java:800) ~[spring-boot-4.0.1.jar!/:4.0.1]
	at org.springframework.boot.SpringApplication.callRunner(SpringApplication.java:788) ~[spring-boot-4.0.1.jar!/:4.0.1]
	at org.springframework.boot.SpringApplication.lambda$callRunners$0(SpringApplication.java:776) ~[spring-boot-4.0.1.jar!/:4.0.1]
	at java.base/java.util.stream.ForEachOps$ForEachOp$OfRef.accept(ForEachOps.java:184) ~[na:na]
	at java.base/java.util.stream.SortedOps$SizedRefSortingSink.end(SortedOps.java:357) ~[na:na]
	at java.base/java.util.stream.AbstractPipeline.copyInto(AbstractPipeline.java:510) ~[na:na]
	at java.base/java.util.stream.AbstractPipeline.wrapAndCopyInto(AbstractPipeline.java:499) ~[na:na]
	at java.base/java.util.stream.ForEachOps$ForEachOp.evaluateSequential(ForEachOps.java:151) ~[na:na]
	at java.base/java.util.stream.ForEachOps$ForEachOp$OfRef.evaluateSequential(ForEachOps.java:174) ~[na:na]
	at java.base/java.util.stream.AbstractPipeline.evaluate(AbstractPipeline.java:234) ~[na:na]
	at java.base/java.util.stream.ReferencePipeline.forEach(ReferencePipeline.java:596) ~[na:na]
	at org.springframework.boot.SpringApplication.callRunners(SpringApplication.java:776) ~[spring-boot-4.0.1.jar!/:4.0.1]
	at org.springframework.boot.SpringApplication.run(SpringApplication.java:328) ~[spring-boot-4.0.1.jar!/:4.0.1]
	at org.springframework.boot.SpringApplication.run(SpringApplication.java:1365) ~[spring-boot-4.0.1.jar!/:4.0.1]
	at org.springframework.boot.SpringApplication.run(SpringApplication.java:1354) ~[spring-boot-4.0.1.jar!/:4.0.1]
	at com.DOCKin.DocKinSpringApplication.main(DocKinSpringApplication.java:23) ~[!/:0.0.1-SNAPSHOT]
	at java.base/jdk.internal.reflect.DirectMethodHandleAccessor.invoke(DirectMethodHandleAccessor.java:103) ~[na:na]
	at java.base/java.lang.reflect.Method.invoke(Method.java:580) ~[na:na]
	at org.springframework.boot.loader.launch.Launcher.launch(Launcher.java:106) ~[app.jar:0.0.1-SNAPSHOT]
	at org.springframework.boot.loader.launch.Launcher.launch(Launcher.java:64) ~[app.jar:0.0.1-SNAPSHOT]
	at org.springframework.boot.loader.launch.JarLauncher.main(JarLauncher.java:40) ~[app.jar:0.0.1-SNAPSHOT]

2026-08-13T02:29:56.204+09:00  INFO [] 1 --- [DOCKin-spring] [           main] com.DOCKin.rag.service.IndexingService   : [RAG] 인덱싱 종료 - 신규 임베딩 4907건 / 전체 청크 30722건 / 321398ms
2026-08-13T02:29:56.204+09:00  INFO [] 1 --- [DOCKin-spring] [           main] c.DOCKin.rag.service.SeedIndexingRunner  : [RAG] 기동 직후 색인 완료 - 신규 임베딩 4907건
2026-08-13T02:29:56.205+09:00  WARN [] 1 --- [DOCKin-spring] [           main] o.s.core.events.SpringDocAppInitializer  : SpringDoc /v3/api-docs endpoint is enabled by default. To disable it in production, set the property 'springdoc.api-docs.enabled=false'
2026-08-13T02:29:56.206+09:00  WARN [] 1 --- [DOCKin-spring] [           main] o.s.core.events.SpringDocAppInitializer  : SpringDoc /swagger-ui.html endpoint is enabled by default. To disable it in production, set the property 'springdoc.swagger-ui.enabled=false'
2026-08-13T02:29:58.162+09:00  INFO [] 1 --- [DOCKin-spring] [ionShutdownHook] j.LocalContainerEntityManagerFactoryBean : Closing JPA EntityManagerFactory for persistence unit 'default'
2026-08-13T02:29:58.164+09:00  INFO [] 1 --- [DOCKin-spring] [ionShutdownHook] com.zaxxer.hikari.HikariDataSource       : HikariPool-1 - Shutdown initiated...
2026-08-13T02:29:58.167+09:00  INFO [] 1 --- [DOCKin-spring] [ionShutdownHook] com.zaxxer.hikari.HikariDataSource       : HikariPool-1 - Shutdown completed.

  .   ____          _            __ _ _
 /\\ / ___'_ __ _ _(_)_ __  __ _ \ \ \ \
( ( )\___ | '_ | '_| | '_ \/ _` | \ \ \ \
 \\/  ___)| |_)| | | | | || (_| |  ) ) ) )
  '  |____| .__|_| |_|_| |_\__, | / / / /
 =========|_|==============|___/=/_/_/_/

 :: Spring Boot ::                (v4.0.1)

2026-08-13T02:31:21.909+09:00  INFO [] 1 --- [DOCKin-spring] [           main] com.DOCKin.DocKinSpringApplication       : Starting DocKinSpringApplication v0.0.1-SNAPSHOT using Java 21.0.12 with PID 1 (/app.jar started by root in /)
2026-08-13T02:31:21.914+09:00  INFO [] 1 --- [DOCKin-spring] [           main] com.DOCKin.DocKinSpringApplication       : The following 2 profiles are active: "secret", "seed"
2026-08-13T02:31:24.117+09:00  INFO [] 1 --- [DOCKin-spring] [           main] .s.d.r.c.RepositoryConfigurationDelegate : Bootstrapping Spring Data JPA repositories in DEFAULT mode.
2026-08-13T02:31:24.590+09:00  INFO [] 1 --- [DOCKin-spring] [           main] .s.d.r.c.RepositoryConfigurationDelegate : Finished Spring Data repository scanning in 465 ms. Found 20 JPA repository interfaces.
2026-08-13T02:31:26.402+09:00  INFO [] 1 --- [DOCKin-spring] [           main] o.s.boot.tomcat.TomcatWebServer          : Tomcat initialized with port 8080 (http)
2026-08-13T02:31:26.414+09:00  INFO [] 1 --- [DOCKin-spring] [           main] o.apache.catalina.core.StandardService   : Starting service [Tomcat]
2026-08-13T02:31:26.415+09:00  INFO [] 1 --- [DOCKin-spring] [           main] o.apache.catalina.core.StandardEngine    : Starting Servlet engine: [Apache Tomcat/11.0.15]
2026-08-13T02:31:26.590+09:00  INFO [] 1 --- [DOCKin-spring] [           main] b.w.c.s.WebApplicationContextInitializer : Root WebApplicationContext: initialization completed in 4504 ms
2026-08-13T02:31:27.882+09:00  INFO [] 1 --- [DOCKin-spring] [           main] com.zaxxer.hikari.HikariDataSource       : HikariPool-1 - Starting...
2026-08-13T02:31:28.188+09:00  INFO [] 1 --- [DOCKin-spring] [           main] com.zaxxer.hikari.pool.HikariPool        : HikariPool-1 - Added connection org.postgresql.jdbc.PgConnection@17ebbf1e
2026-08-13T02:31:28.190+09:00  INFO [] 1 --- [DOCKin-spring] [           main] com.zaxxer.hikari.HikariDataSource       : HikariPool-1 - Start completed.
2026-08-13T02:31:28.215+09:00  INFO [] 1 --- [DOCKin-spring] [           main] org.flywaydb.core.FlywayExecutor         : Database: jdbc:postgresql://DOCKin-DB:5432/dockindb (PostgreSQL 17.10)
2026-08-13T02:31:28.408+09:00  INFO [] 1 --- [DOCKin-spring] [           main] o.f.core.internal.command.DbValidate     : Successfully validated 6 migrations (execution time 00:00.121s)
2026-08-13T02:31:28.419+09:00  INFO [] 1 --- [DOCKin-spring] [           main] o.f.core.internal.command.DbMigrate      : Current version of schema "public": 5
2026-08-13T02:31:28.483+09:00  INFO [] 1 --- [DOCKin-spring] [           main] o.f.core.internal.command.DbMigrate      : Schema "public" is up to date. No migration necessary.
2026-08-13T02:31:28.688+09:00  INFO [] 1 --- [DOCKin-spring] [           main] org.hibernate.orm.jpa                    : HHH008540: Processing PersistenceUnitInfo [name: default]
2026-08-13T02:31:28.797+09:00  INFO [] 1 --- [DOCKin-spring] [           main] org.hibernate.orm.core                   : HHH000001: Hibernate ORM core version 7.2.0.Final
2026-08-13T02:31:29.527+09:00  INFO [] 1 --- [DOCKin-spring] [           main] org.hibernate.orm.connections.pooling    : HHH10001005: Database info:
	Database JDBC URL [jdbc:postgresql://DOCKin-DB:5432/dockindb]
	Database driver: PostgreSQL JDBC Driver
	Database dialect: PostgreSQLDialect
	Database version: 17.10
	Default catalog/schema: dockindb/public
	Autocommit mode: undefined/unknown
	Isolation level: READ_COMMITTED [default READ_COMMITTED]
	JDBC fetch size: none
	Pool: DataSourceConnectionProvider
	Minimum pool size: undefined/unknown
	Maximum pool size: undefined/unknown
2026-08-13T02:31:30.005+09:00  INFO [] 1 --- [DOCKin-spring] [           main] o.s.o.j.p.SpringPersistenceUnitInfo      : No LoadTimeWeaver setup: ignoring JPA class transformer
2026-08-13T02:31:32.407+09:00  INFO [] 1 --- [DOCKin-spring] [           main] org.hibernate.orm.core                   : HHH000489: No JTA platform available (set 'hibernate.transaction.jta.platform' to enable JTA platform integration)
2026-08-13T02:31:32.411+09:00  INFO [] 1 --- [DOCKin-spring] [           main] org.hibernate.orm.jdbc.batch             : HHH100501: Automatic JDBC statement batching enabled (maximum batch size 100)
2026-08-13T02:31:32.444+09:00  INFO [] 1 --- [DOCKin-spring] [           main] j.LocalContainerEntityManagerFactoryBean : Initialized JPA EntityManagerFactory for persistence unit 'default'
2026-08-13T02:31:32.619+09:00  INFO [] 1 --- [DOCKin-spring] [           main] o.s.d.j.r.query.QueryEnhancerFactories   : Hibernate is in classpath; If applicable, HQL parser will be used.
2026-08-13T02:31:35.900+09:00  INFO [] 1 --- [DOCKin-spring] [           main] org.redisson.Version                     : Redisson 3.37.0
2026-08-13T02:31:36.418+09:00  INFO [] 1 --- [DOCKin-spring] [isson-netty-1-5] o.redisson.connection.ConnectionsHolder  : 1 connections initialized for dockin-redis/172.18.0.2:6379
2026-08-13T02:31:36.418+09:00  INFO [] 1 --- [DOCKin-spring] [isson-netty-1-6] o.redisson.connection.ConnectionsHolder  : 1 connections initialized for dockin-redis/172.18.0.2:6379
2026-08-13T02:31:37.704+09:00  WARN [] 1 --- [DOCKin-spring] [           main] JpaBaseConfiguration$JpaWebConfiguration : spring.jpa.open-in-view is enabled by default. Therefore, database queries may be performed during view rendering. Explicitly configure spring.jpa.open-in-view to disable this warning
2026-08-13T02:31:37.984+09:00  INFO [] 1 --- [DOCKin-spring] [           main] r$InitializeUserDetailsManagerConfigurer : Global AuthenticationManager configured with UserDetailsService bean with name customUserDetailsService
2026-08-13T02:31:38.611+09:00  INFO [] 1 --- [DOCKin-spring] [           main] o.s.b.a.e.web.EndpointLinksResolver      : Exposing 3 endpoints beneath base path '/actuator'
2026-08-13T02:31:39.318+09:00  INFO [] 1 --- [DOCKin-spring] [           main] o.s.m.s.b.SimpleBrokerMessageHandler     : Starting...
2026-08-13T02:31:39.319+09:00  INFO [] 1 --- [DOCKin-spring] [           main] o.s.m.s.b.SimpleBrokerMessageHandler     : BrokerAvailabilityEvent[available=true, SimpleBrokerMessageHandler [org.springframework.messaging.simp.broker.DefaultSubscriptionRegistry@46cef39e]]
2026-08-13T02:31:39.319+09:00  INFO [] 1 --- [DOCKin-spring] [           main] o.s.m.s.b.SimpleBrokerMessageHandler     : Started.
2026-08-13T02:31:39.389+09:00  INFO [] 1 --- [DOCKin-spring] [           main] o.s.boot.tomcat.TomcatWebServer          : Tomcat started on port 8080 (http) with context path '/'
2026-08-13T02:31:39.399+09:00  INFO [] 1 --- [DOCKin-spring] [           main] com.DOCKin.DocKinSpringApplication       : Started DocKinSpringApplication in 18.312 seconds (process running for 19.713)
2026-08-13T02:31:39.406+09:00  INFO [] 1 --- [DOCKin-spring] [           main] c.DOCKin.rag.service.SeedIndexingRunner  : [RAG] seed 프로파일 - 기동 직후 색인을 시작합니다. (rag.indexing.on-startup=true)
2026-08-13T02:31:40.098+09:00  INFO [] 1 --- [DOCKin-spring] [nio-8080-exec-2] o.a.c.c.C.[Tomcat].[localhost].[/]       : Initializing Spring DispatcherServlet 'dispatcherServlet'
2026-08-13T02:31:40.098+09:00  INFO [] 1 --- [DOCKin-spring] [nio-8080-exec-2] o.s.web.servlet.DispatcherServlet        : Initializing Servlet 'dispatcherServlet'
2026-08-13T02:31:40.100+09:00  INFO [] 1 --- [DOCKin-spring] [nio-8080-exec-2] o.s.web.servlet.DispatcherServlet        : Completed initialization in 1 ms
2026-08-13T02:31:40.190+09:00  WARN [d784e482aeab4bcb] 1 --- [DOCKin-spring] [nio-8080-exec-2] o.s.w.s.h.HandlerMappingIntrospector     : Cache miss for REQUEST dispatch to '/actuator/health' (previous null). Performing CorsConfiguration lookup. This is logged once only at WARN level, and every time at TRACE.
2026-08-13T02:32:39.297+09:00  INFO [] 1 --- [DOCKin-spring] [MessageBroker-1] o.s.w.s.c.WebSocketMessageBrokerStats    : WebSocketSession[0 current WS(0)-HttpStream(0)-HttpPoll(0), 0 total, 0 closed abnormally (0 connect failure, 0 send limit, 0 transport error)], stompSubProtocol[processed CONNECT(0)-CONNECTED(0)-DISCONNECT(0)], stompBrokerRelay[null], inboundChannel[pool size = 0, active threads = 0, queued tasks = 0, completed tasks = 0], outboundChannel[pool size = 0, active threads = 0, queued tasks = 0, completed tasks = 0], sockJsScheduler[pool size = 1, active threads = 1, queued tasks = 3, completed tasks = 1]
2026-08-13T02:37:01.354+09:00  INFO [] 1 --- [DOCKin-spring] [ionShutdownHook] o.s.boot.tomcat.GracefulShutdown         : Commencing graceful shutdown. Waiting for active requests to complete
2026-08-13T02:37:01.356+09:00  INFO [] 1 --- [DOCKin-spring] [tomcat-shutdown] o.s.boot.tomcat.GracefulShutdown         : Graceful shutdown complete
2026-08-13T02:37:01.358+09:00  INFO [] 1 --- [DOCKin-spring] [ionShutdownHook] o.s.m.s.b.SimpleBrokerMessageHandler     : Stopping...
2026-08-13T02:37:01.358+09:00  INFO [] 1 --- [DOCKin-spring] [ionShutdownHook] o.s.m.s.b.SimpleBrokerMessageHandler     : BrokerAvailabilityEvent[available=false, SimpleBrokerMessageHandler [org.springframework.messaging.simp.broker.DefaultSubscriptionRegistry@46cef39e]]
2026-08-13T02:37:01.358+09:00  INFO [] 1 --- [DOCKin-spring] [ionShutdownHook] o.s.m.s.b.SimpleBrokerMessageHandler     : Stopped.
2026-08-13T02:37:01.467+09:00  WARN [] 1 --- [DOCKin-spring] [or-http-epoll-1] r.netty.http.client.HttpClientConnect    : [2ccc0611-83, L:/172.18.0.5:40630 ! R:dockin-embedding/172.18.0.4:80] The connection observed an error

reactor.netty.http.client.PrematureCloseException: Connection prematurely closed BEFORE response

2026-08-13T02:37:01.478+09:00 ERROR [] 1 --- [DOCKin-spring] [           main] com.DOCKin.rag.service.EmbeddingClient   : 임베딩 서버 호출 실패 [WebClientRequestException]: Connection prematurely closed BEFORE response
2026-08-13T02:37:01.480+09:00 ERROR [] 1 --- [DOCKin-spring] [           main] com.DOCKin.rag.service.IndexingService   : [RAG] 인덱싱 중단 - 신규 임베딩 4907건까지 반영됨: 임베딩 서버 호출에 실패했습니다.

com.DOCKin.global.error.BusinessException: 임베딩 서버 호출에 실패했습니다.
	at com.DOCKin.rag.service.EmbeddingClient.call(EmbeddingClient.java:119) ~[!/:0.0.1-SNAPSHOT]
	at com.DOCKin.rag.service.EmbeddingClient.embedPassages(EmbeddingClient.java:82) ~[!/:0.0.1-SNAPSHOT]
	at com.DOCKin.rag.service.ChunkIndexWriter.flush(ChunkIndexWriter.java:96) ~[!/:0.0.1-SNAPSHOT]
	at com.DOCKin.rag.service.ChunkIndexWriter.writePage(ChunkIndexWriter.java:56) ~[!/:0.0.1-SNAPSHOT]
	at java.base/jdk.internal.reflect.DirectMethodHandleAccessor.invoke(DirectMethodHandleAccessor.java:103) ~[na:na]
	at java.base/java.lang.reflect.Method.invoke(Method.java:580) ~[na:na]
	at org.springframework.aop.support.AopUtils.invokeJoinpointUsingReflection(AopUtils.java:359) ~[spring-aop-7.0.2.jar!/:7.0.2]
	at org.springframework.aop.framework.ReflectiveMethodInvocation.invokeJoinpoint(ReflectiveMethodInvocation.java:190) ~[spring-aop-7.0.2.jar!/:7.0.2]
	at org.springframework.aop.framework.ReflectiveMethodInvocation.proceed(ReflectiveMethodInvocation.java:158) ~[spring-aop-7.0.2.jar!/:7.0.2]
	at org.springframework.transaction.interceptor.TransactionAspectSupport.invokeWithinTransaction(TransactionAspectSupport.java:370) ~[spring-tx-7.0.2.jar!/:7.0.2]
	at org.springframework.transaction.interceptor.TransactionInterceptor.invoke(TransactionInterceptor.java:118) ~[spring-tx-7.0.2.jar!/:7.0.2]
	at org.springframework.aop.framework.ReflectiveMethodInvocation.proceed(ReflectiveMethodInvocation.java:179) ~[spring-aop-7.0.2.jar!/:7.0.2]
	at org.springframework.aop.framework.CglibAopProxy$DynamicAdvisedInterceptor.intercept(CglibAopProxy.java:719) ~[spring-aop-7.0.2.jar!/:7.0.2]
	at com.DOCKin.rag.service.ChunkIndexWriter$$SpringCGLIB$$0.writePage(<generated>) ~[!/:0.0.1-SNAPSHOT]
	at com.DOCKin.rag.service.IndexingService.indexWorkLogs(IndexingService.java:152) ~[!/:0.0.1-SNAPSHOT]
	at com.DOCKin.rag.service.IndexingService.indexAll(IndexingService.java:117) ~[!/:0.0.1-SNAPSHOT]
	at com.DOCKin.rag.service.SeedIndexingRunner.run(SeedIndexingRunner.java:51) ~[!/:0.0.1-SNAPSHOT]
	at org.springframework.boot.SpringApplication.lambda$callRunner$0(SpringApplication.java:788) ~[spring-boot-4.0.1.jar!/:4.0.1]
	at org.springframework.util.function.ThrowingConsumer$1.acceptWithException(ThrowingConsumer.java:82) ~[spring-core-7.0.2.jar!/:7.0.2]
	at org.springframework.util.function.ThrowingConsumer.accept(ThrowingConsumer.java:60) ~[spring-core-7.0.2.jar!/:7.0.2]
	at org.springframework.util.function.ThrowingConsumer$1.accept(ThrowingConsumer.java:86) ~[spring-core-7.0.2.jar!/:7.0.2]
	at org.springframework.boot.SpringApplication.callRunner(SpringApplication.java:800) ~[spring-boot-4.0.1.jar!/:4.0.1]
	at org.springframework.boot.SpringApplication.callRunner(SpringApplication.java:788) ~[spring-boot-4.0.1.jar!/:4.0.1]
	at org.springframework.boot.SpringApplication.lambda$callRunners$0(SpringApplication.java:776) ~[spring-boot-4.0.1.jar!/:4.0.1]
	at java.base/java.util.stream.ForEachOps$ForEachOp$OfRef.accept(ForEachOps.java:184) ~[na:na]
	at java.base/java.util.stream.SortedOps$SizedRefSortingSink.end(SortedOps.java:357) ~[na:na]
	at java.base/java.util.stream.AbstractPipeline.copyInto(AbstractPipeline.java:510) ~[na:na]
	at java.base/java.util.stream.AbstractPipeline.wrapAndCopyInto(AbstractPipeline.java:499) ~[na:na]
	at java.base/java.util.stream.ForEachOps$ForEachOp.evaluateSequential(ForEachOps.java:151) ~[na:na]
	at java.base/java.util.stream.ForEachOps$ForEachOp$OfRef.evaluateSequential(ForEachOps.java:174) ~[na:na]
	at java.base/java.util.stream.AbstractPipeline.evaluate(AbstractPipeline.java:234) ~[na:na]
	at java.base/java.util.stream.ReferencePipeline.forEach(ReferencePipeline.java:596) ~[na:na]
	at org.springframework.boot.SpringApplication.callRunners(SpringApplication.java:776) ~[spring-boot-4.0.1.jar!/:4.0.1]
	at org.springframework.boot.SpringApplication.run(SpringApplication.java:328) ~[spring-boot-4.0.1.jar!/:4.0.1]
	at org.springframework.boot.SpringApplication.run(SpringApplication.java:1365) ~[spring-boot-4.0.1.jar!/:4.0.1]
	at org.springframework.boot.SpringApplication.run(SpringApplication.java:1354) ~[spring-boot-4.0.1.jar!/:4.0.1]
	at com.DOCKin.DocKinSpringApplication.main(DocKinSpringApplication.java:23) ~[!/:0.0.1-SNAPSHOT]
	at java.base/jdk.internal.reflect.DirectMethodHandleAccessor.invoke(DirectMethodHandleAccessor.java:103) ~[na:na]
	at java.base/java.lang.reflect.Method.invoke(Method.java:580) ~[na:na]
	at org.springframework.boot.loader.launch.Launcher.launch(Launcher.java:106) ~[app.jar:0.0.1-SNAPSHOT]
	at org.springframework.boot.loader.launch.Launcher.launch(Launcher.java:64) ~[app.jar:0.0.1-SNAPSHOT]
	at org.springframework.boot.loader.launch.JarLauncher.main(JarLauncher.java:40) ~[app.jar:0.0.1-SNAPSHOT]

2026-08-13T02:37:01.507+09:00  INFO [] 1 --- [DOCKin-spring] [           main] com.DOCKin.rag.service.IndexingService   : [RAG] 인덱싱 종료 - 신규 임베딩 4907건 / 전체 청크 30722건 / 322101ms
2026-08-13T02:37:01.507+09:00  INFO [] 1 --- [DOCKin-spring] [           main] c.DOCKin.rag.service.SeedIndexingRunner  : [RAG] 기동 직후 색인 완료 - 신규 임베딩 4907건
2026-08-13T02:37:01.509+09:00  WARN [] 1 --- [DOCKin-spring] [           main] o.s.core.events.SpringDocAppInitializer  : SpringDoc /v3/api-docs endpoint is enabled by default. To disable it in production, set the property 'springdoc.api-docs.enabled=false'
2026-08-13T02:37:01.509+09:00  WARN [] 1 --- [DOCKin-spring] [           main] o.s.core.events.SpringDocAppInitializer  : SpringDoc /swagger-ui.html endpoint is enabled by default. To disable it in production, set the property 'springdoc.swagger-ui.enabled=false'
2026-08-13T02:37:03.495+09:00  INFO [] 1 --- [DOCKin-spring] [ionShutdownHook] j.LocalContainerEntityManagerFactoryBean : Closing JPA EntityManagerFactory for persistence unit 'default'
2026-08-13T02:37:03.497+09:00  INFO [] 1 --- [DOCKin-spring] [ionShutdownHook] com.zaxxer.hikari.HikariDataSource       : HikariPool-1 - Shutdown initiated...
2026-08-13T02:37:03.500+09:00  INFO [] 1 --- [DOCKin-spring] [ionShutdownHook] com.zaxxer.hikari.HikariDataSource       : HikariPool-1 - Shutdown completed.

  .   ____          _            __ _ _
 /\\ / ___'_ __ _ _(_)_ __  __ _ \ \ \ \
( ( )\___ | '_ | '_| | '_ \/ _` | \ \ \ \
 \\/  ___)| |_)| | | | | || (_| |  ) ) ) )
  '  |____| .__|_| |_|_| |_\__, | / / / /
 =========|_|==============|___/=/_/_/_/

 :: Spring Boot ::                (v4.0.1)

2026-08-13T02:38:26.587+09:00  INFO [] 1 --- [DOCKin-spring] [           main] com.DOCKin.DocKinSpringApplication       : Starting DocKinSpringApplication v0.0.1-SNAPSHOT using Java 21.0.12 with PID 1 (/app.jar started by root in /)
2026-08-13T02:38:26.591+09:00  INFO [] 1 --- [DOCKin-spring] [           main] com.DOCKin.DocKinSpringApplication       : The following 2 profiles are active: "secret", "seed"
2026-08-13T02:38:28.990+09:00  INFO [] 1 --- [DOCKin-spring] [           main] .s.d.r.c.RepositoryConfigurationDelegate : Bootstrapping Spring Data JPA repositories in DEFAULT mode.
2026-08-13T02:38:29.485+09:00  INFO [] 1 --- [DOCKin-spring] [           main] .s.d.r.c.RepositoryConfigurationDelegate : Finished Spring Data repository scanning in 488 ms. Found 20 JPA repository interfaces.
2026-08-13T02:38:31.298+09:00  INFO [] 1 --- [DOCKin-spring] [           main] o.s.boot.tomcat.TomcatWebServer          : Tomcat initialized with port 8080 (http)
2026-08-13T02:38:31.311+09:00  INFO [] 1 --- [DOCKin-spring] [           main] o.apache.catalina.core.StandardService   : Starting service [Tomcat]
2026-08-13T02:38:31.311+09:00  INFO [] 1 --- [DOCKin-spring] [           main] o.apache.catalina.core.StandardEngine    : Starting Servlet engine: [Apache Tomcat/11.0.15]
2026-08-13T02:38:31.491+09:00  INFO [] 1 --- [DOCKin-spring] [           main] b.w.c.s.WebApplicationContextInitializer : Root WebApplicationContext: initialization completed in 4792 ms
2026-08-13T02:38:32.714+09:00  INFO [] 1 --- [DOCKin-spring] [           main] com.zaxxer.hikari.HikariDataSource       : HikariPool-1 - Starting...
2026-08-13T02:38:33.019+09:00  INFO [] 1 --- [DOCKin-spring] [           main] com.zaxxer.hikari.pool.HikariPool        : HikariPool-1 - Added connection org.postgresql.jdbc.PgConnection@394e504d
2026-08-13T02:38:33.021+09:00  INFO [] 1 --- [DOCKin-spring] [           main] com.zaxxer.hikari.HikariDataSource       : HikariPool-1 - Start completed.
2026-08-13T02:38:33.100+09:00  INFO [] 1 --- [DOCKin-spring] [           main] org.flywaydb.core.FlywayExecutor         : Database: jdbc:postgresql://DOCKin-DB:5432/dockindb (PostgreSQL 17.10)
2026-08-13T02:38:33.292+09:00  INFO [] 1 --- [DOCKin-spring] [           main] o.f.core.internal.command.DbValidate     : Successfully validated 6 migrations (execution time 00:00.172s)
2026-08-13T02:38:33.303+09:00  INFO [] 1 --- [DOCKin-spring] [           main] o.f.core.internal.command.DbMigrate      : Current version of schema "public": 5
2026-08-13T02:38:33.306+09:00  INFO [] 1 --- [DOCKin-spring] [           main] o.f.core.internal.command.DbMigrate      : Schema "public" is up to date. No migration necessary.
2026-08-13T02:38:33.489+09:00  INFO [] 1 --- [DOCKin-spring] [           main] org.hibernate.orm.jpa                    : HHH008540: Processing PersistenceUnitInfo [name: default]
2026-08-13T02:38:33.598+09:00  INFO [] 1 --- [DOCKin-spring] [           main] org.hibernate.orm.core                   : HHH000001: Hibernate ORM core version 7.2.0.Final
2026-08-13T02:38:34.316+09:00  INFO [] 1 --- [DOCKin-spring] [           main] org.hibernate.orm.connections.pooling    : HHH10001005: Database info:
	Database JDBC URL [jdbc:postgresql://DOCKin-DB:5432/dockindb]
	Database driver: PostgreSQL JDBC Driver
	Database dialect: PostgreSQLDialect
	Database version: 17.10
	Default catalog/schema: dockindb/public
	Autocommit mode: undefined/unknown
	Isolation level: READ_COMMITTED [default READ_COMMITTED]
	JDBC fetch size: none
	Pool: DataSourceConnectionProvider
	Minimum pool size: undefined/unknown
	Maximum pool size: undefined/unknown
2026-08-13T02:38:34.810+09:00  INFO [] 1 --- [DOCKin-spring] [           main] o.s.o.j.p.SpringPersistenceUnitInfo      : No LoadTimeWeaver setup: ignoring JPA class transformer
2026-08-13T02:38:37.515+09:00  INFO [] 1 --- [DOCKin-spring] [           main] org.hibernate.orm.core                   : HHH000489: No JTA platform available (set 'hibernate.transaction.jta.platform' to enable JTA platform integration)
2026-08-13T02:38:37.519+09:00  INFO [] 1 --- [DOCKin-spring] [           main] org.hibernate.orm.jdbc.batch             : HHH100501: Automatic JDBC statement batching enabled (maximum batch size 100)
2026-08-13T02:38:37.599+09:00  INFO [] 1 --- [DOCKin-spring] [           main] j.LocalContainerEntityManagerFactoryBean : Initialized JPA EntityManagerFactory for persistence unit 'default'
2026-08-13T02:38:37.785+09:00  INFO [] 1 --- [DOCKin-spring] [           main] o.s.d.j.r.query.QueryEnhancerFactories   : Hibernate is in classpath; If applicable, HQL parser will be used.
2026-08-13T02:38:40.996+09:00  INFO [] 1 --- [DOCKin-spring] [           main] org.redisson.Version                     : Redisson 3.37.0
2026-08-13T02:38:41.504+09:00  INFO [] 1 --- [DOCKin-spring] [isson-netty-1-5] o.redisson.connection.ConnectionsHolder  : 1 connections initialized for dockin-redis/172.18.0.2:6379
2026-08-13T02:38:41.505+09:00  INFO [] 1 --- [DOCKin-spring] [isson-netty-1-6] o.redisson.connection.ConnectionsHolder  : 1 connections initialized for dockin-redis/172.18.0.2:6379
2026-08-13T02:38:42.812+09:00  WARN [] 1 --- [DOCKin-spring] [           main] JpaBaseConfiguration$JpaWebConfiguration : spring.jpa.open-in-view is enabled by default. Therefore, database queries may be performed during view rendering. Explicitly configure spring.jpa.open-in-view to disable this warning
2026-08-13T02:38:43.097+09:00  INFO [] 1 --- [DOCKin-spring] [           main] r$InitializeUserDetailsManagerConfigurer : Global AuthenticationManager configured with UserDetailsService bean with name customUserDetailsService
2026-08-13T02:38:43.882+09:00  INFO [] 1 --- [DOCKin-spring] [           main] o.s.b.a.e.web.EndpointLinksResolver      : Exposing 3 endpoints beneath base path '/actuator'
2026-08-13T02:38:44.601+09:00  INFO [] 1 --- [DOCKin-spring] [           main] o.s.m.s.b.SimpleBrokerMessageHandler     : Starting...
2026-08-13T02:38:44.602+09:00  INFO [] 1 --- [DOCKin-spring] [           main] o.s.m.s.b.SimpleBrokerMessageHandler     : BrokerAvailabilityEvent[available=true, SimpleBrokerMessageHandler [org.springframework.messaging.simp.broker.DefaultSubscriptionRegistry@1cfa2146]]
2026-08-13T02:38:44.602+09:00  INFO [] 1 --- [DOCKin-spring] [           main] o.s.m.s.b.SimpleBrokerMessageHandler     : Started.
2026-08-13T02:38:44.684+09:00  INFO [] 1 --- [DOCKin-spring] [           main] o.s.boot.tomcat.TomcatWebServer          : Tomcat started on port 8080 (http) with context path '/'
2026-08-13T02:38:44.695+09:00  INFO [] 1 --- [DOCKin-spring] [           main] com.DOCKin.DocKinSpringApplication       : Started DocKinSpringApplication in 18.995 seconds (process running for 20.293)
2026-08-13T02:38:44.702+09:00  INFO [] 1 --- [DOCKin-spring] [           main] c.DOCKin.rag.service.SeedIndexingRunner  : [RAG] seed 프로파일 - 기동 직후 색인을 시작합니다. (rag.indexing.on-startup=true)
2026-08-13T02:38:54.737+09:00  INFO [] 1 --- [DOCKin-spring] [nio-8080-exec-1] o.a.c.c.C.[Tomcat].[localhost].[/]       : Initializing Spring DispatcherServlet 'dispatcherServlet'
2026-08-13T02:38:54.737+09:00  INFO [] 1 --- [DOCKin-spring] [nio-8080-exec-1] o.s.web.servlet.DispatcherServlet        : Initializing Servlet 'dispatcherServlet'
2026-08-13T02:38:54.739+09:00  INFO [] 1 --- [DOCKin-spring] [nio-8080-exec-1] o.s.web.servlet.DispatcherServlet        : Completed initialization in 2 ms
2026-08-13T02:38:54.787+09:00  WARN [3ffeaddfb68f45b0] 1 --- [DOCKin-spring] [nio-8080-exec-1] o.s.w.s.h.HandlerMappingIntrospector     : Cache miss for REQUEST dispatch to '/actuator/health' (previous null). Performing CorsConfiguration lookup. This is logged once only at WARN level, and every time at TRACE.
2026-08-13T02:39:44.519+09:00  INFO [] 1 --- [DOCKin-spring] [MessageBroker-1] o.s.w.s.c.WebSocketMessageBrokerStats    : WebSocketSession[0 current WS(0)-HttpStream(0)-HttpPoll(0), 0 total, 0 closed abnormally (0 connect failure, 0 send limit, 0 transport error)], stompSubProtocol[processed CONNECT(0)-CONNECTED(0)-DISCONNECT(0)], stompBrokerRelay[null], inboundChannel[pool size = 0, active threads = 0, queued tasks = 0, completed tasks = 0], outboundChannel[pool size = 0, active threads = 0, queued tasks = 0, completed tasks = 0], sockJsScheduler[pool size = 1, active threads = 1, queued tasks = 3, completed tasks = 1]
2026-08-13T02:44:06.064+09:00  INFO [] 1 --- [DOCKin-spring] [ionShutdownHook] o.s.boot.tomcat.GracefulShutdown         : Commencing graceful shutdown. Waiting for active requests to complete
2026-08-13T02:44:06.066+09:00  INFO [] 1 --- [DOCKin-spring] [tomcat-shutdown] o.s.boot.tomcat.GracefulShutdown         : Graceful shutdown complete
2026-08-13T02:44:06.069+09:00  INFO [] 1 --- [DOCKin-spring] [ionShutdownHook] o.s.m.s.b.SimpleBrokerMessageHandler     : Stopping...
2026-08-13T02:44:06.069+09:00  INFO [] 1 --- [DOCKin-spring] [ionShutdownHook] o.s.m.s.b.SimpleBrokerMessageHandler     : BrokerAvailabilityEvent[available=false, SimpleBrokerMessageHandler [org.springframework.messaging.simp.broker.DefaultSubscriptionRegistry@1cfa2146]]
2026-08-13T02:44:06.069+09:00  INFO [] 1 --- [DOCKin-spring] [ionShutdownHook] o.s.m.s.b.SimpleBrokerMessageHandler     : Stopped.
2026-08-13T02:44:06.182+09:00  WARN [] 1 --- [DOCKin-spring] [or-http-epoll-1] r.netty.http.client.HttpClientConnect    : [5cc6ca3d-84, L:/172.18.0.5:57976 ! R:dockin-embedding/172.18.0.4:80] The connection observed an error

reactor.netty.http.client.PrematureCloseException: Connection prematurely closed BEFORE response

2026-08-13T02:44:06.200+09:00 ERROR [] 1 --- [DOCKin-spring] [           main] com.DOCKin.rag.service.EmbeddingClient   : 임베딩 서버 호출 실패 [WebClientRequestException]: Connection prematurely closed BEFORE response
2026-08-13T02:44:06.202+09:00 ERROR [] 1 --- [DOCKin-spring] [           main] com.DOCKin.rag.service.IndexingService   : [RAG] 인덱싱 중단 - 신규 임베딩 4907건까지 반영됨: 임베딩 서버 호출에 실패했습니다.

com.DOCKin.global.error.BusinessException: 임베딩 서버 호출에 실패했습니다.
	at com.DOCKin.rag.service.EmbeddingClient.call(EmbeddingClient.java:119) ~[!/:0.0.1-SNAPSHOT]
	at com.DOCKin.rag.service.EmbeddingClient.embedPassages(EmbeddingClient.java:82) ~[!/:0.0.1-SNAPSHOT]
	at com.DOCKin.rag.service.ChunkIndexWriter.flush(ChunkIndexWriter.java:96) ~[!/:0.0.1-SNAPSHOT]
	at com.DOCKin.rag.service.ChunkIndexWriter.writePage(ChunkIndexWriter.java:56) ~[!/:0.0.1-SNAPSHOT]
	at java.base/jdk.internal.reflect.DirectMethodHandleAccessor.invoke(DirectMethodHandleAccessor.java:103) ~[na:na]
	at java.base/java.lang.reflect.Method.invoke(Method.java:580) ~[na:na]
	at org.springframework.aop.support.AopUtils.invokeJoinpointUsingReflection(AopUtils.java:359) ~[spring-aop-7.0.2.jar!/:7.0.2]
	at org.springframework.aop.framework.ReflectiveMethodInvocation.invokeJoinpoint(ReflectiveMethodInvocation.java:190) ~[spring-aop-7.0.2.jar!/:7.0.2]
	at org.springframework.aop.framework.ReflectiveMethodInvocation.proceed(ReflectiveMethodInvocation.java:158) ~[spring-aop-7.0.2.jar!/:7.0.2]
	at org.springframework.transaction.interceptor.TransactionAspectSupport.invokeWithinTransaction(TransactionAspectSupport.java:370) ~[spring-tx-7.0.2.jar!/:7.0.2]
	at org.springframework.transaction.interceptor.TransactionInterceptor.invoke(TransactionInterceptor.java:118) ~[spring-tx-7.0.2.jar!/:7.0.2]
	at org.springframework.aop.framework.ReflectiveMethodInvocation.proceed(ReflectiveMethodInvocation.java:179) ~[spring-aop-7.0.2.jar!/:7.0.2]
	at org.springframework.aop.framework.CglibAopProxy$DynamicAdvisedInterceptor.intercept(CglibAopProxy.java:719) ~[spring-aop-7.0.2.jar!/:7.0.2]
	at com.DOCKin.rag.service.ChunkIndexWriter$$SpringCGLIB$$0.writePage(<generated>) ~[!/:0.0.1-SNAPSHOT]
	at com.DOCKin.rag.service.IndexingService.indexWorkLogs(IndexingService.java:152) ~[!/:0.0.1-SNAPSHOT]
	at com.DOCKin.rag.service.IndexingService.indexAll(IndexingService.java:117) ~[!/:0.0.1-SNAPSHOT]
	at com.DOCKin.rag.service.SeedIndexingRunner.run(SeedIndexingRunner.java:51) ~[!/:0.0.1-SNAPSHOT]
	at org.springframework.boot.SpringApplication.lambda$callRunner$0(SpringApplication.java:788) ~[spring-boot-4.0.1.jar!/:4.0.1]
	at org.springframework.util.function.ThrowingConsumer$1.acceptWithException(ThrowingConsumer.java:82) ~[spring-core-7.0.2.jar!/:7.0.2]
	at org.springframework.util.function.ThrowingConsumer.accept(ThrowingConsumer.java:60) ~[spring-core-7.0.2.jar!/:7.0.2]
	at org.springframework.util.function.ThrowingConsumer$1.accept(ThrowingConsumer.java:86) ~[spring-core-7.0.2.jar!/:7.0.2]
	at org.springframework.boot.SpringApplication.callRunner(SpringApplication.java:800) ~[spring-boot-4.0.1.jar!/:4.0.1]
	at org.springframework.boot.SpringApplication.callRunner(SpringApplication.java:788) ~[spring-boot-4.0.1.jar!/:4.0.1]
	at org.springframework.boot.SpringApplication.lambda$callRunners$0(SpringApplication.java:776) ~[spring-boot-4.0.1.jar!/:4.0.1]
	at java.base/java.util.stream.ForEachOps$ForEachOp$OfRef.accept(ForEachOps.java:184) ~[na:na]
	at java.base/java.util.stream.SortedOps$SizedRefSortingSink.end(SortedOps.java:357) ~[na:na]
	at java.base/java.util.stream.AbstractPipeline.copyInto(AbstractPipeline.java:510) ~[na:na]
	at java.base/java.util.stream.AbstractPipeline.wrapAndCopyInto(AbstractPipeline.java:499) ~[na:na]
	at java.base/java.util.stream.ForEachOps$ForEachOp.evaluateSequential(ForEachOps.java:151) ~[na:na]
	at java.base/java.util.stream.ForEachOps$ForEachOp$OfRef.evaluateSequential(ForEachOps.java:174) ~[na:na]
	at java.base/java.util.stream.AbstractPipeline.evaluate(AbstractPipeline.java:234) ~[na:na]
	at java.base/java.util.stream.ReferencePipeline.forEach(ReferencePipeline.java:596) ~[na:na]
	at org.springframework.boot.SpringApplication.callRunners(SpringApplication.java:776) ~[spring-boot-4.0.1.jar!/:4.0.1]
	at org.springframework.boot.SpringApplication.run(SpringApplication.java:328) ~[spring-boot-4.0.1.jar!/:4.0.1]
	at org.springframework.boot.SpringApplication.run(SpringApplication.java:1365) ~[spring-boot-4.0.1.jar!/:4.0.1]
	at org.springframework.boot.SpringApplication.run(SpringApplication.java:1354) ~[spring-boot-4.0.1.jar!/:4.0.1]
	at com.DOCKin.DocKinSpringApplication.main(DocKinSpringApplication.java:23) ~[!/:0.0.1-SNAPSHOT]
	at java.base/jdk.internal.reflect.DirectMethodHandleAccessor.invoke(DirectMethodHandleAccessor.java:103) ~[na:na]
	at java.base/java.lang.reflect.Method.invoke(Method.java:580) ~[na:na]
	at org.springframework.boot.loader.launch.Launcher.launch(Launcher.java:106) ~[app.jar:0.0.1-SNAPSHOT]
	at org.springframework.boot.loader.launch.Launcher.launch(Launcher.java:64) ~[app.jar:0.0.1-SNAPSHOT]
	at org.springframework.boot.loader.launch.JarLauncher.main(JarLauncher.java:40) ~[app.jar:0.0.1-SNAPSHOT]

2026-08-13T02:44:06.229+09:00  INFO [] 1 --- [DOCKin-spring] [           main] com.DOCKin.rag.service.IndexingService   : [RAG] 인덱싱 종료 - 신규 임베딩 4907건 / 전체 청크 30722건 / 321527ms
2026-08-13T02:44:06.229+09:00  INFO [] 1 --- [DOCKin-spring] [           main] c.DOCKin.rag.service.SeedIndexingRunner  : [RAG] 기동 직후 색인 완료 - 신규 임베딩 4907건
2026-08-13T02:44:06.230+09:00  WARN [] 1 --- [DOCKin-spring] [           main] o.s.core.events.SpringDocAppInitializer  : SpringDoc /v3/api-docs endpoint is enabled by default. To disable it in production, set the property 'springdoc.api-docs.enabled=false'
2026-08-13T02:44:06.231+09:00  WARN [] 1 --- [DOCKin-spring] [           main] o.s.core.events.SpringDocAppInitializer  : SpringDoc /swagger-ui.html endpoint is enabled by default. To disable it in production, set the property 'springdoc.swagger-ui.enabled=false'
2026-08-13T02:44:08.219+09:00  INFO [] 1 --- [DOCKin-spring] [ionShutdownHook] j.LocalContainerEntityManagerFactoryBean : Closing JPA EntityManagerFactory for persistence unit 'default'
2026-08-13T02:44:08.221+09:00  INFO [] 1 --- [DOCKin-spring] [ionShutdownHook] com.zaxxer.hikari.HikariDataSource       : HikariPool-1 - Shutdown initiated...
2026-08-13T02:44:08.225+09:00  INFO [] 1 --- [DOCKin-spring] [ionShutdownHook] com.zaxxer.hikari.HikariDataSource       : HikariPool-1 - Shutdown completed.

  .   ____          _            __ _ _
 /\\ / ___'_ __ _ _(_)_ __  __ _ \ \ \ \
( ( )\___ | '_ | '_| | '_ \/ _` | \ \ \ \
 \\/  ___)| |_)| | | | | || (_| |  ) ) ) )
  '  |____| .__|_| |_|_| |_\__, | / / / /
 =========|_|==============|___/=/_/_/_/

 :: Spring Boot ::                (v4.0.1)

2026-08-13T02:45:30.386+09:00  INFO [] 1 --- [DOCKin-spring] [           main] com.DOCKin.DocKinSpringApplication       : Starting DocKinSpringApplication v0.0.1-SNAPSHOT using Java 21.0.12 with PID 1 (/app.jar started by root in /)
2026-08-13T02:45:30.390+09:00  INFO [] 1 --- [DOCKin-spring] [           main] com.DOCKin.DocKinSpringApplication       : The following 2 profiles are active: "secret", "seed"
2026-08-13T02:45:32.606+09:00  INFO [] 1 --- [DOCKin-spring] [           main] .s.d.r.c.RepositoryConfigurationDelegate : Bootstrapping Spring Data JPA repositories in DEFAULT mode.
2026-08-13T02:45:33.090+09:00  INFO [] 1 --- [DOCKin-spring] [           main] .s.d.r.c.RepositoryConfigurationDelegate : Finished Spring Data repository scanning in 477 ms. Found 20 JPA repository interfaces.
2026-08-13T02:45:34.888+09:00  INFO [] 1 --- [DOCKin-spring] [           main] o.s.boot.tomcat.TomcatWebServer          : Tomcat initialized with port 8080 (http)
2026-08-13T02:45:34.902+09:00  INFO [] 1 --- [DOCKin-spring] [           main] o.apache.catalina.core.StandardService   : Starting service [Tomcat]
2026-08-13T02:45:34.902+09:00  INFO [] 1 --- [DOCKin-spring] [           main] o.apache.catalina.core.StandardEngine    : Starting Servlet engine: [Apache Tomcat/11.0.15]
2026-08-13T02:45:35.022+09:00  INFO [] 1 --- [DOCKin-spring] [           main] b.w.c.s.WebApplicationContextInitializer : Root WebApplicationContext: initialization completed in 4533 ms
2026-08-13T02:45:36.387+09:00  INFO [] 1 --- [DOCKin-spring] [           main] com.zaxxer.hikari.HikariDataSource       : HikariPool-1 - Starting...
2026-08-13T02:45:36.709+09:00  INFO [] 1 --- [DOCKin-spring] [           main] com.zaxxer.hikari.pool.HikariPool        : HikariPool-1 - Added connection org.postgresql.jdbc.PgConnection@394e504d
2026-08-13T02:45:36.710+09:00  INFO [] 1 --- [DOCKin-spring] [           main] com.zaxxer.hikari.HikariDataSource       : HikariPool-1 - Start completed.
2026-08-13T02:45:36.795+09:00  INFO [] 1 --- [DOCKin-spring] [           main] org.flywaydb.core.FlywayExecutor         : Database: jdbc:postgresql://DOCKin-DB:5432/dockindb (PostgreSQL 17.10)
2026-08-13T02:45:36.988+09:00  INFO [] 1 --- [DOCKin-spring] [           main] o.f.core.internal.command.DbValidate     : Successfully validated 6 migrations (execution time 00:00.174s)
2026-08-13T02:45:36.998+09:00  INFO [] 1 --- [DOCKin-spring] [           main] o.f.core.internal.command.DbMigrate      : Current version of schema "public": 5
2026-08-13T02:45:37.000+09:00  INFO [] 1 --- [DOCKin-spring] [           main] o.f.core.internal.command.DbMigrate      : Schema "public" is up to date. No migration necessary.
2026-08-13T02:45:37.114+09:00  INFO [] 1 --- [DOCKin-spring] [           main] org.hibernate.orm.jpa                    : HHH008540: Processing PersistenceUnitInfo [name: default]
2026-08-13T02:45:37.286+09:00  INFO [] 1 --- [DOCKin-spring] [           main] org.hibernate.orm.core                   : HHH000001: Hibernate ORM core version 7.2.0.Final
2026-08-13T02:45:38.083+09:00  INFO [] 1 --- [DOCKin-spring] [           main] org.hibernate.orm.connections.pooling    : HHH10001005: Database info:
	Database JDBC URL [jdbc:postgresql://DOCKin-DB:5432/dockindb]
	Database driver: PostgreSQL JDBC Driver
	Database dialect: PostgreSQLDialect
	Database version: 17.10
	Default catalog/schema: dockindb/public
	Autocommit mode: undefined/unknown
	Isolation level: READ_COMMITTED [default READ_COMMITTED]
	JDBC fetch size: none
	Pool: DataSourceConnectionProvider
	Minimum pool size: undefined/unknown
	Maximum pool size: undefined/unknown
2026-08-13T02:45:38.510+09:00  INFO [] 1 --- [DOCKin-spring] [           main] o.s.o.j.p.SpringPersistenceUnitInfo      : No LoadTimeWeaver setup: ignoring JPA class transformer
2026-08-13T02:45:40.892+09:00  INFO [] 1 --- [DOCKin-spring] [           main] org.hibernate.orm.core                   : HHH000489: No JTA platform available (set 'hibernate.transaction.jta.platform' to enable JTA platform integration)
2026-08-13T02:45:40.895+09:00  INFO [] 1 --- [DOCKin-spring] [           main] org.hibernate.orm.jdbc.batch             : HHH100501: Automatic JDBC statement batching enabled (maximum batch size 100)
2026-08-13T02:45:40.926+09:00  INFO [] 1 --- [DOCKin-spring] [           main] j.LocalContainerEntityManagerFactoryBean : Initialized JPA EntityManagerFactory for persistence unit 'default'
2026-08-13T02:45:41.102+09:00  INFO [] 1 --- [DOCKin-spring] [           main] o.s.d.j.r.query.QueryEnhancerFactories   : Hibernate is in classpath; If applicable, HQL parser will be used.
2026-08-13T02:45:44.238+09:00  INFO [] 1 --- [DOCKin-spring] [           main] org.redisson.Version                     : Redisson 3.37.0
2026-08-13T02:45:44.726+09:00  INFO [] 1 --- [DOCKin-spring] [isson-netty-1-5] o.redisson.connection.ConnectionsHolder  : 1 connections initialized for dockin-redis/172.18.0.2:6379
2026-08-13T02:45:44.782+09:00  INFO [] 1 --- [DOCKin-spring] [isson-netty-1-6] o.redisson.connection.ConnectionsHolder  : 1 connections initialized for dockin-redis/172.18.0.2:6379
2026-08-13T02:45:45.911+09:00  WARN [] 1 --- [DOCKin-spring] [           main] JpaBaseConfiguration$JpaWebConfiguration : spring.jpa.open-in-view is enabled by default. Therefore, database queries may be performed during view rendering. Explicitly configure spring.jpa.open-in-view to disable this warning
2026-08-13T02:45:46.191+09:00  INFO [] 1 --- [DOCKin-spring] [           main] r$InitializeUserDetailsManagerConfigurer : Global AuthenticationManager configured with UserDetailsService bean with name customUserDetailsService
2026-08-13T02:45:46.826+09:00  INFO [] 1 --- [DOCKin-spring] [           main] o.s.b.a.e.web.EndpointLinksResolver      : Exposing 3 endpoints beneath base path '/actuator'
2026-08-13T02:45:47.606+09:00  INFO [] 1 --- [DOCKin-spring] [           main] o.s.m.s.b.SimpleBrokerMessageHandler     : Starting...
2026-08-13T02:45:47.606+09:00  INFO [] 1 --- [DOCKin-spring] [           main] o.s.m.s.b.SimpleBrokerMessageHandler     : BrokerAvailabilityEvent[available=true, SimpleBrokerMessageHandler [org.springframework.messaging.simp.broker.DefaultSubscriptionRegistry@1cfa2146]]
2026-08-13T02:45:47.607+09:00  INFO [] 1 --- [DOCKin-spring] [           main] o.s.m.s.b.SimpleBrokerMessageHandler     : Started.
2026-08-13T02:45:47.621+09:00  INFO [] 1 --- [DOCKin-spring] [           main] o.s.boot.tomcat.TomcatWebServer          : Tomcat started on port 8080 (http) with context path '/'
2026-08-13T02:45:47.682+09:00  INFO [] 1 --- [DOCKin-spring] [           main] com.DOCKin.DocKinSpringApplication       : Started DocKinSpringApplication in 18.049 seconds (process running for 19.32)
2026-08-13T02:45:47.690+09:00  INFO [] 1 --- [DOCKin-spring] [           main] c.DOCKin.rag.service.SeedIndexingRunner  : [RAG] seed 프로파일 - 기동 직후 색인을 시작합니다. (rag.indexing.on-startup=true)
2026-08-13T02:45:48.899+09:00  INFO [] 1 --- [DOCKin-spring] [nio-8080-exec-2] o.a.c.c.C.[Tomcat].[localhost].[/]       : Initializing Spring DispatcherServlet 'dispatcherServlet'
2026-08-13T02:45:48.899+09:00  INFO [] 1 --- [DOCKin-spring] [nio-8080-exec-2] o.s.web.servlet.DispatcherServlet        : Initializing Servlet 'dispatcherServlet'
2026-08-13T02:45:48.902+09:00  INFO [] 1 --- [DOCKin-spring] [nio-8080-exec-2] o.s.web.servlet.DispatcherServlet        : Completed initialization in 3 ms
2026-08-13T02:45:48.998+09:00  WARN [9d842e03e7094860] 1 --- [DOCKin-spring] [nio-8080-exec-2] o.s.w.s.h.HandlerMappingIntrospector     : Cache miss for REQUEST dispatch to '/actuator/health' (previous null). Performing CorsConfiguration lookup. This is logged once only at WARN level, and every time at TRACE.
2026-08-13T02:46:47.524+09:00  INFO [] 1 --- [DOCKin-spring] [MessageBroker-1] o.s.w.s.c.WebSocketMessageBrokerStats    : WebSocketSession[0 current WS(0)-HttpStream(0)-HttpPoll(0), 0 total, 0 closed abnormally (0 connect failure, 0 send limit, 0 transport error)], stompSubProtocol[processed CONNECT(0)-CONNECTED(0)-DISCONNECT(0)], stompBrokerRelay[null], inboundChannel[pool size = 0, active threads = 0, queued tasks = 0, completed tasks = 0], outboundChannel[pool size = 0, active threads = 0, queued tasks = 0, completed tasks = 0], sockJsScheduler[pool size = 1, active threads = 1, queued tasks = 3, completed tasks = 1]
2026-08-13T02:51:10.111+09:00  INFO [] 1 --- [DOCKin-spring] [ionShutdownHook] o.s.boot.tomcat.GracefulShutdown         : Commencing graceful shutdown. Waiting for active requests to complete
2026-08-13T02:51:10.112+09:00  INFO [] 1 --- [DOCKin-spring] [tomcat-shutdown] o.s.boot.tomcat.GracefulShutdown         : Graceful shutdown complete
2026-08-13T02:51:10.114+09:00  INFO [] 1 --- [DOCKin-spring] [ionShutdownHook] o.s.m.s.b.SimpleBrokerMessageHandler     : Stopping...
2026-08-13T02:51:10.114+09:00  INFO [] 1 --- [DOCKin-spring] [ionShutdownHook] o.s.m.s.b.SimpleBrokerMessageHandler     : BrokerAvailabilityEvent[available=false, SimpleBrokerMessageHandler [org.springframework.messaging.simp.broker.DefaultSubscriptionRegistry@1cfa2146]]
2026-08-13T02:51:10.114+09:00  INFO [] 1 --- [DOCKin-spring] [ionShutdownHook] o.s.m.s.b.SimpleBrokerMessageHandler     : Stopped.
2026-08-13T02:51:10.223+09:00  WARN [] 1 --- [DOCKin-spring] [or-http-epoll-1] r.netty.http.client.HttpClientConnect    : [a185b280-83, L:/172.18.0.5:58038 ! R:dockin-embedding/172.18.0.4:80] The connection observed an error

reactor.netty.http.client.PrematureCloseException: Connection prematurely closed BEFORE response

2026-08-13T02:51:10.234+09:00 ERROR [] 1 --- [DOCKin-spring] [           main] com.DOCKin.rag.service.EmbeddingClient   : 임베딩 서버 호출 실패 [WebClientRequestException]: Connection prematurely closed BEFORE response
2026-08-13T02:51:10.237+09:00 ERROR [] 1 --- [DOCKin-spring] [           main] com.DOCKin.rag.service.IndexingService   : [RAG] 인덱싱 중단 - 신규 임베딩 4907건까지 반영됨: 임베딩 서버 호출에 실패했습니다.

com.DOCKin.global.error.BusinessException: 임베딩 서버 호출에 실패했습니다.
	at com.DOCKin.rag.service.EmbeddingClient.call(EmbeddingClient.java:119) ~[!/:0.0.1-SNAPSHOT]
	at com.DOCKin.rag.service.EmbeddingClient.embedPassages(EmbeddingClient.java:82) ~[!/:0.0.1-SNAPSHOT]
	at com.DOCKin.rag.service.ChunkIndexWriter.flush(ChunkIndexWriter.java:96) ~[!/:0.0.1-SNAPSHOT]
	at com.DOCKin.rag.service.ChunkIndexWriter.writePage(ChunkIndexWriter.java:56) ~[!/:0.0.1-SNAPSHOT]
	at java.base/jdk.internal.reflect.DirectMethodHandleAccessor.invoke(DirectMethodHandleAccessor.java:103) ~[na:na]
	at java.base/java.lang.reflect.Method.invoke(Method.java:580) ~[na:na]
	at org.springframework.aop.support.AopUtils.invokeJoinpointUsingReflection(AopUtils.java:359) ~[spring-aop-7.0.2.jar!/:7.0.2]
	at org.springframework.aop.framework.ReflectiveMethodInvocation.invokeJoinpoint(ReflectiveMethodInvocation.java:190) ~[spring-aop-7.0.2.jar!/:7.0.2]
	at org.springframework.aop.framework.ReflectiveMethodInvocation.proceed(ReflectiveMethodInvocation.java:158) ~[spring-aop-7.0.2.jar!/:7.0.2]
	at org.springframework.transaction.interceptor.TransactionAspectSupport.invokeWithinTransaction(TransactionAspectSupport.java:370) ~[spring-tx-7.0.2.jar!/:7.0.2]
	at org.springframework.transaction.interceptor.TransactionInterceptor.invoke(TransactionInterceptor.java:118) ~[spring-tx-7.0.2.jar!/:7.0.2]
	at org.springframework.aop.framework.ReflectiveMethodInvocation.proceed(ReflectiveMethodInvocation.java:179) ~[spring-aop-7.0.2.jar!/:7.0.2]
	at org.springframework.aop.framework.CglibAopProxy$DynamicAdvisedInterceptor.intercept(CglibAopProxy.java:719) ~[spring-aop-7.0.2.jar!/:7.0.2]
	at com.DOCKin.rag.service.ChunkIndexWriter$$SpringCGLIB$$0.writePage(<generated>) ~[!/:0.0.1-SNAPSHOT]
	at com.DOCKin.rag.service.IndexingService.indexWorkLogs(IndexingService.java:152) ~[!/:0.0.1-SNAPSHOT]
	at com.DOCKin.rag.service.IndexingService.indexAll(IndexingService.java:117) ~[!/:0.0.1-SNAPSHOT]
	at com.DOCKin.rag.service.SeedIndexingRunner.run(SeedIndexingRunner.java:51) ~[!/:0.0.1-SNAPSHOT]
	at org.springframework.boot.SpringApplication.lambda$callRunner$0(SpringApplication.java:788) ~[spring-boot-4.0.1.jar!/:4.0.1]
	at org.springframework.util.function.ThrowingConsumer$1.acceptWithException(ThrowingConsumer.java:82) ~[spring-core-7.0.2.jar!/:7.0.2]
	at org.springframework.util.function.ThrowingConsumer.accept(ThrowingConsumer.java:60) ~[spring-core-7.0.2.jar!/:7.0.2]
	at org.springframework.util.function.ThrowingConsumer$1.accept(ThrowingConsumer.java:86) ~[spring-core-7.0.2.jar!/:7.0.2]
	at org.springframework.boot.SpringApplication.callRunner(SpringApplication.java:800) ~[spring-boot-4.0.1.jar!/:4.0.1]
	at org.springframework.boot.SpringApplication.callRunner(SpringApplication.java:788) ~[spring-boot-4.0.1.jar!/:4.0.1]
	at org.springframework.boot.SpringApplication.lambda$callRunners$0(SpringApplication.java:776) ~[spring-boot-4.0.1.jar!/:4.0.1]
	at java.base/java.util.stream.ForEachOps$ForEachOp$OfRef.accept(ForEachOps.java:184) ~[na:na]
	at java.base/java.util.stream.SortedOps$SizedRefSortingSink.end(SortedOps.java:357) ~[na:na]
	at java.base/java.util.stream.AbstractPipeline.copyInto(AbstractPipeline.java:510) ~[na:na]
	at java.base/java.util.stream.AbstractPipeline.wrapAndCopyInto(AbstractPipeline.java:499) ~[na:na]
	at java.base/java.util.stream.ForEachOps$ForEachOp.evaluateSequential(ForEachOps.java:151) ~[na:na]
	at java.base/java.util.stream.ForEachOps$ForEachOp$OfRef.evaluateSequential(ForEachOps.java:174) ~[na:na]
	at java.base/java.util.stream.AbstractPipeline.evaluate(AbstractPipeline.java:234) ~[na:na]
	at java.base/java.util.stream.ReferencePipeline.forEach(ReferencePipeline.java:596) ~[na:na]
	at org.springframework.boot.SpringApplication.callRunners(SpringApplication.java:776) ~[spring-boot-4.0.1.jar!/:4.0.1]
	at org.springframework.boot.SpringApplication.run(SpringApplication.java:328) ~[spring-boot-4.0.1.jar!/:4.0.1]
	at org.springframework.boot.SpringApplication.run(SpringApplication.java:1365) ~[spring-boot-4.0.1.jar!/:4.0.1]
	at org.springframework.boot.SpringApplication.run(SpringApplication.java:1354) ~[spring-boot-4.0.1.jar!/:4.0.1]
	at com.DOCKin.DocKinSpringApplication.main(DocKinSpringApplication.java:23) ~[!/:0.0.1-SNAPSHOT]
	at java.base/jdk.internal.reflect.DirectMethodHandleAccessor.invoke(DirectMethodHandleAccessor.java:103) ~[na:na]
	at java.base/java.lang.reflect.Method.invoke(Method.java:580) ~[na:na]
	at org.springframework.boot.loader.launch.Launcher.launch(Launcher.java:106) ~[app.jar:0.0.1-SNAPSHOT]
	at org.springframework.boot.loader.launch.Launcher.launch(Launcher.java:64) ~[app.jar:0.0.1-SNAPSHOT]
	at org.springframework.boot.loader.launch.JarLauncher.main(JarLauncher.java:40) ~[app.jar:0.0.1-SNAPSHOT]

2026-08-13T02:51:10.304+09:00  INFO [] 1 --- [DOCKin-spring] [           main] com.DOCKin.rag.service.IndexingService   : [RAG] 인덱싱 종료 - 신규 임베딩 4907건 / 전체 청크 30722건 / 322614ms
2026-08-13T02:51:10.305+09:00  INFO [] 1 --- [DOCKin-spring] [           main] c.DOCKin.rag.service.SeedIndexingRunner  : [RAG] 기동 직후 색인 완료 - 신규 임베딩 4907건
2026-08-13T02:51:10.306+09:00  WARN [] 1 --- [DOCKin-spring] [           main] o.s.core.events.SpringDocAppInitializer  : SpringDoc /v3/api-docs endpoint is enabled by default. To disable it in production, set the property 'springdoc.api-docs.enabled=false'
2026-08-13T02:51:10.306+09:00  WARN [] 1 --- [DOCKin-spring] [           main] o.s.core.events.SpringDocAppInitializer  : SpringDoc /swagger-ui.html endpoint is enabled by default. To disable it in production, set the property 'springdoc.swagger-ui.enabled=false'
2026-08-13T02:51:12.251+09:00  INFO [] 1 --- [DOCKin-spring] [ionShutdownHook] j.LocalContainerEntityManagerFactoryBean : Closing JPA EntityManagerFactory for persistence unit 'default'
2026-08-13T02:51:12.253+09:00  INFO [] 1 --- [DOCKin-spring] [ionShutdownHook] com.zaxxer.hikari.HikariDataSource       : HikariPool-1 - Shutdown initiated...
2026-08-13T02:51:12.256+09:00  INFO [] 1 --- [DOCKin-spring] [ionShutdownHook] com.zaxxer.hikari.HikariDataSource       : HikariPool-1 - Shutdown completed.

  .   ____          _            __ _ _
 /\\ / ___'_ __ _ _(_)_ __  __ _ \ \ \ \
( ( )\___ | '_ | '_| | '_ \/ _` | \ \ \ \
 \\/  ___)| |_)| | | | | || (_| |  ) ) ) )
  '  |____| .__|_| |_|_| |_\__, | / / / /
 =========|_|==============|___/=/_/_/_/

 :: Spring Boot ::                (v4.0.1)

2026-08-13T02:52:35.298+09:00  INFO [] 1 --- [DOCKin-spring] [           main] com.DOCKin.DocKinSpringApplication       : Starting DocKinSpringApplication v0.0.1-SNAPSHOT using Java 21.0.12 with PID 1 (/app.jar started by root in /)
2026-08-13T02:52:35.302+09:00  INFO [] 1 --- [DOCKin-spring] [           main] com.DOCKin.DocKinSpringApplication       : The following 2 profiles are active: "secret", "seed"
2026-08-13T02:52:37.585+09:00  INFO [] 1 --- [DOCKin-spring] [           main] .s.d.r.c.RepositoryConfigurationDelegate : Bootstrapping Spring Data JPA repositories in DEFAULT mode.
2026-08-13T02:52:38.013+09:00  INFO [] 1 --- [DOCKin-spring] [           main] .s.d.r.c.RepositoryConfigurationDelegate : Finished Spring Data repository scanning in 420 ms. Found 20 JPA repository interfaces.
2026-08-13T02:52:39.893+09:00  INFO [] 1 --- [DOCKin-spring] [           main] o.s.boot.tomcat.TomcatWebServer          : Tomcat initialized with port 8080 (http)
2026-08-13T02:52:39.906+09:00  INFO [] 1 --- [DOCKin-spring] [           main] o.apache.catalina.core.StandardService   : Starting service [Tomcat]
2026-08-13T02:52:39.906+09:00  INFO [] 1 --- [DOCKin-spring] [           main] o.apache.catalina.core.StandardEngine    : Starting Servlet engine: [Apache Tomcat/11.0.15]
2026-08-13T02:52:40.018+09:00  INFO [] 1 --- [DOCKin-spring] [           main] b.w.c.s.WebApplicationContextInitializer : Root WebApplicationContext: initialization completed in 4608 ms
2026-08-13T02:52:41.311+09:00  INFO [] 1 --- [DOCKin-spring] [           main] com.zaxxer.hikari.HikariDataSource       : HikariPool-1 - Starting...
2026-08-13T02:52:41.614+09:00  INFO [] 1 --- [DOCKin-spring] [           main] com.zaxxer.hikari.pool.HikariPool        : HikariPool-1 - Added connection org.postgresql.jdbc.PgConnection@394e504d
2026-08-13T02:52:41.616+09:00  INFO [] 1 --- [DOCKin-spring] [           main] com.zaxxer.hikari.HikariDataSource       : HikariPool-1 - Start completed.
2026-08-13T02:52:41.699+09:00  INFO [] 1 --- [DOCKin-spring] [           main] org.flywaydb.core.FlywayExecutor         : Database: jdbc:postgresql://DOCKin-DB:5432/dockindb (PostgreSQL 17.10)
2026-08-13T02:52:41.893+09:00  INFO [] 1 --- [DOCKin-spring] [           main] o.f.core.internal.command.DbValidate     : Successfully validated 6 migrations (execution time 00:00.177s)
2026-08-13T02:52:41.904+09:00  INFO [] 1 --- [DOCKin-spring] [           main] o.f.core.internal.command.DbMigrate      : Current version of schema "public": 5
2026-08-13T02:52:41.906+09:00  INFO [] 1 --- [DOCKin-spring] [           main] o.f.core.internal.command.DbMigrate      : Schema "public" is up to date. No migration necessary.
2026-08-13T02:52:42.089+09:00  INFO [] 1 --- [DOCKin-spring] [           main] org.hibernate.orm.jpa                    : HHH008540: Processing PersistenceUnitInfo [name: default]
2026-08-13T02:52:42.195+09:00  INFO [] 1 --- [DOCKin-spring] [           main] org.hibernate.orm.core                   : HHH000001: Hibernate ORM core version 7.2.0.Final
2026-08-13T02:52:42.906+09:00  INFO [] 1 --- [DOCKin-spring] [           main] org.hibernate.orm.connections.pooling    : HHH10001005: Database info:
	Database JDBC URL [jdbc:postgresql://DOCKin-DB:5432/dockindb]
	Database driver: PostgreSQL JDBC Driver
	Database dialect: PostgreSQLDialect
	Database version: 17.10
	Default catalog/schema: dockindb/public
	Autocommit mode: undefined/unknown
	Isolation level: READ_COMMITTED [default READ_COMMITTED]
	JDBC fetch size: none
	Pool: DataSourceConnectionProvider
	Minimum pool size: undefined/unknown
	Maximum pool size: undefined/unknown
2026-08-13T02:52:43.321+09:00  INFO [] 1 --- [DOCKin-spring] [           main] o.s.o.j.p.SpringPersistenceUnitInfo      : No LoadTimeWeaver setup: ignoring JPA class transformer
2026-08-13T02:52:45.894+09:00  INFO [] 1 --- [DOCKin-spring] [           main] org.hibernate.orm.core                   : HHH000489: No JTA platform available (set 'hibernate.transaction.jta.platform' to enable JTA platform integration)
2026-08-13T02:52:45.897+09:00  INFO [] 1 --- [DOCKin-spring] [           main] org.hibernate.orm.jdbc.batch             : HHH100501: Automatic JDBC statement batching enabled (maximum batch size 100)
2026-08-13T02:52:45.987+09:00  INFO [] 1 --- [DOCKin-spring] [           main] j.LocalContainerEntityManagerFactoryBean : Initialized JPA EntityManagerFactory for persistence unit 'default'
2026-08-13T02:52:46.189+09:00  INFO [] 1 --- [DOCKin-spring] [           main] o.s.d.j.r.query.QueryEnhancerFactories   : Hibernate is in classpath; If applicable, HQL parser will be used.
2026-08-13T02:52:49.395+09:00  INFO [] 1 --- [DOCKin-spring] [           main] org.redisson.Version                     : Redisson 3.37.0
2026-08-13T02:52:49.896+09:00  INFO [] 1 --- [DOCKin-spring] [isson-netty-1-5] o.redisson.connection.ConnectionsHolder  : 1 connections initialized for dockin-redis/172.18.0.2:6379
2026-08-13T02:52:49.897+09:00  INFO [] 1 --- [DOCKin-spring] [isson-netty-1-6] o.redisson.connection.ConnectionsHolder  : 1 connections initialized for dockin-redis/172.18.0.2:6379
2026-08-13T02:52:51.194+09:00  WARN [] 1 --- [DOCKin-spring] [           main] JpaBaseConfiguration$JpaWebConfiguration : spring.jpa.open-in-view is enabled by default. Therefore, database queries may be performed during view rendering. Explicitly configure spring.jpa.open-in-view to disable this warning
2026-08-13T02:52:51.426+09:00  INFO [] 1 --- [DOCKin-spring] [           main] r$InitializeUserDetailsManagerConfigurer : Global AuthenticationManager configured with UserDetailsService bean with name customUserDetailsService
2026-08-13T02:52:52.183+09:00  INFO [] 1 --- [DOCKin-spring] [           main] o.s.b.a.e.web.EndpointLinksResolver      : Exposing 3 endpoints beneath base path '/actuator'
2026-08-13T02:52:52.896+09:00  INFO [] 1 --- [DOCKin-spring] [           main] o.s.m.s.b.SimpleBrokerMessageHandler     : Starting...
2026-08-13T02:52:52.897+09:00  INFO [] 1 --- [DOCKin-spring] [           main] o.s.m.s.b.SimpleBrokerMessageHandler     : BrokerAvailabilityEvent[available=true, SimpleBrokerMessageHandler [org.springframework.messaging.simp.broker.DefaultSubscriptionRegistry@1cfa2146]]
2026-08-13T02:52:52.897+09:00  INFO [] 1 --- [DOCKin-spring] [           main] o.s.m.s.b.SimpleBrokerMessageHandler     : Started.
2026-08-13T02:52:52.913+09:00  INFO [] 1 --- [DOCKin-spring] [           main] o.s.boot.tomcat.TomcatWebServer          : Tomcat started on port 8080 (http) with context path '/'
2026-08-13T02:52:52.982+09:00  INFO [] 1 --- [DOCKin-spring] [           main] com.DOCKin.DocKinSpringApplication       : Started DocKinSpringApplication in 18.581 seconds (process running for 19.76)
2026-08-13T02:52:52.989+09:00  INFO [] 1 --- [DOCKin-spring] [           main] c.DOCKin.rag.service.SeedIndexingRunner  : [RAG] seed 프로파일 - 기동 직후 색인을 시작합니다. (rag.indexing.on-startup=true)
2026-08-13T02:52:53.799+09:00  INFO [] 1 --- [DOCKin-spring] [nio-8080-exec-3] o.a.c.c.C.[Tomcat].[localhost].[/]       : Initializing Spring DispatcherServlet 'dispatcherServlet'
2026-08-13T02:52:53.799+09:00  INFO [] 1 --- [DOCKin-spring] [nio-8080-exec-3] o.s.web.servlet.DispatcherServlet        : Initializing Servlet 'dispatcherServlet'
2026-08-13T02:52:53.801+09:00  INFO [] 1 --- [DOCKin-spring] [nio-8080-exec-3] o.s.web.servlet.DispatcherServlet        : Completed initialization in 2 ms
2026-08-13T02:52:53.896+09:00  WARN [011ac4732d00403b] 1 --- [DOCKin-spring] [nio-8080-exec-3] o.s.w.s.h.HandlerMappingIntrospector     : Cache miss for REQUEST dispatch to '/actuator/health' (previous null). Performing CorsConfiguration lookup. This is logged once only at WARN level, and every time at TRACE.
2026-08-13T02:53:52.813+09:00  INFO [] 1 --- [DOCKin-spring] [MessageBroker-1] o.s.w.s.c.WebSocketMessageBrokerStats    : WebSocketSession[0 current WS(0)-HttpStream(0)-HttpPoll(0), 0 total, 0 closed abnormally (0 connect failure, 0 send limit, 0 transport error)], stompSubProtocol[processed CONNECT(0)-CONNECTED(0)-DISCONNECT(0)], stompBrokerRelay[null], inboundChannel[pool size = 0, active threads = 0, queued tasks = 0, completed tasks = 0], outboundChannel[pool size = 0, active threads = 0, queued tasks = 0, completed tasks = 0], sockJsScheduler[pool size = 1, active threads = 1, queued tasks = 3, completed tasks = 1]
2026-08-13T02:58:14.990+09:00  INFO [] 1 --- [DOCKin-spring] [ionShutdownHook] o.s.boot.tomcat.GracefulShutdown         : Commencing graceful shutdown. Waiting for active requests to complete
2026-08-13T02:58:14.992+09:00  INFO [] 1 --- [DOCKin-spring] [tomcat-shutdown] o.s.boot.tomcat.GracefulShutdown         : Graceful shutdown complete
2026-08-13T02:58:14.995+09:00  INFO [] 1 --- [DOCKin-spring] [ionShutdownHook] o.s.m.s.b.SimpleBrokerMessageHandler     : Stopping...
2026-08-13T02:58:14.995+09:00  INFO [] 1 --- [DOCKin-spring] [ionShutdownHook] o.s.m.s.b.SimpleBrokerMessageHandler     : BrokerAvailabilityEvent[available=false, SimpleBrokerMessageHandler [org.springframework.messaging.simp.broker.DefaultSubscriptionRegistry@1cfa2146]]
2026-08-13T02:58:14.995+09:00  INFO [] 1 --- [DOCKin-spring] [ionShutdownHook] o.s.m.s.b.SimpleBrokerMessageHandler     : Stopped.
2026-08-13T02:58:15.105+09:00  WARN [] 1 --- [DOCKin-spring] [or-http-epoll-1] r.netty.http.client.HttpClientConnect    : [eb9df7bc-83, L:/172.18.0.5:49518 ! R:dockin-embedding/172.18.0.4:80] The connection observed an error

reactor.netty.http.client.PrematureCloseException: Connection prematurely closed BEFORE response

2026-08-13T02:58:15.119+09:00 ERROR [] 1 --- [DOCKin-spring] [           main] com.DOCKin.rag.service.EmbeddingClient   : 임베딩 서버 호출 실패 [WebClientRequestException]: Connection prematurely closed BEFORE response
2026-08-13T02:58:15.121+09:00 ERROR [] 1 --- [DOCKin-spring] [           main] com.DOCKin.rag.service.IndexingService   : [RAG] 인덱싱 중단 - 신규 임베딩 4907건까지 반영됨: 임베딩 서버 호출에 실패했습니다.

com.DOCKin.global.error.BusinessException: 임베딩 서버 호출에 실패했습니다.
	at com.DOCKin.rag.service.EmbeddingClient.call(EmbeddingClient.java:119) ~[!/:0.0.1-SNAPSHOT]
	at com.DOCKin.rag.service.EmbeddingClient.embedPassages(EmbeddingClient.java:82) ~[!/:0.0.1-SNAPSHOT]
	at com.DOCKin.rag.service.ChunkIndexWriter.flush(ChunkIndexWriter.java:96) ~[!/:0.0.1-SNAPSHOT]
	at com.DOCKin.rag.service.ChunkIndexWriter.writePage(ChunkIndexWriter.java:56) ~[!/:0.0.1-SNAPSHOT]
	at java.base/jdk.internal.reflect.DirectMethodHandleAccessor.invoke(DirectMethodHandleAccessor.java:103) ~[na:na]
	at java.base/java.lang.reflect.Method.invoke(Method.java:580) ~[na:na]
	at org.springframework.aop.support.AopUtils.invokeJoinpointUsingReflection(AopUtils.java:359) ~[spring-aop-7.0.2.jar!/:7.0.2]
	at org.springframework.aop.framework.ReflectiveMethodInvocation.invokeJoinpoint(ReflectiveMethodInvocation.java:190) ~[spring-aop-7.0.2.jar!/:7.0.2]
	at org.springframework.aop.framework.ReflectiveMethodInvocation.proceed(ReflectiveMethodInvocation.java:158) ~[spring-aop-7.0.2.jar!/:7.0.2]
	at org.springframework.transaction.interceptor.TransactionAspectSupport.invokeWithinTransaction(TransactionAspectSupport.java:370) ~[spring-tx-7.0.2.jar!/:7.0.2]
	at org.springframework.transaction.interceptor.TransactionInterceptor.invoke(TransactionInterceptor.java:118) ~[spring-tx-7.0.2.jar!/:7.0.2]
	at org.springframework.aop.framework.ReflectiveMethodInvocation.proceed(ReflectiveMethodInvocation.java:179) ~[spring-aop-7.0.2.jar!/:7.0.2]
	at org.springframework.aop.framework.CglibAopProxy$DynamicAdvisedInterceptor.intercept(CglibAopProxy.java:719) ~[spring-aop-7.0.2.jar!/:7.0.2]
	at com.DOCKin.rag.service.ChunkIndexWriter$$SpringCGLIB$$0.writePage(<generated>) ~[!/:0.0.1-SNAPSHOT]
	at com.DOCKin.rag.service.IndexingService.indexWorkLogs(IndexingService.java:152) ~[!/:0.0.1-SNAPSHOT]
	at com.DOCKin.rag.service.IndexingService.indexAll(IndexingService.java:117) ~[!/:0.0.1-SNAPSHOT]
	at com.DOCKin.rag.service.SeedIndexingRunner.run(SeedIndexingRunner.java:51) ~[!/:0.0.1-SNAPSHOT]
	at org.springframework.boot.SpringApplication.lambda$callRunner$0(SpringApplication.java:788) ~[spring-boot-4.0.1.jar!/:4.0.1]
	at org.springframework.util.function.ThrowingConsumer$1.acceptWithException(ThrowingConsumer.java:82) ~[spring-core-7.0.2.jar!/:7.0.2]
	at org.springframework.util.function.ThrowingConsumer.accept(ThrowingConsumer.java:60) ~[spring-core-7.0.2.jar!/:7.0.2]
	at org.springframework.util.function.ThrowingConsumer$1.accept(ThrowingConsumer.java:86) ~[spring-core-7.0.2.jar!/:7.0.2]
	at org.springframework.boot.SpringApplication.callRunner(SpringApplication.java:800) ~[spring-boot-4.0.1.jar!/:4.0.1]
	at org.springframework.boot.SpringApplication.callRunner(SpringApplication.java:788) ~[spring-boot-4.0.1.jar!/:4.0.1]
	at org.springframework.boot.SpringApplication.lambda$callRunners$0(SpringApplication.java:776) ~[spring-boot-4.0.1.jar!/:4.0.1]
	at java.base/java.util.stream.ForEachOps$ForEachOp$OfRef.accept(ForEachOps.java:184) ~[na:na]
	at java.base/java.util.stream.SortedOps$SizedRefSortingSink.end(SortedOps.java:357) ~[na:na]
	at java.base/java.util.stream.AbstractPipeline.copyInto(AbstractPipeline.java:510) ~[na:na]
	at java.base/java.util.stream.AbstractPipeline.wrapAndCopyInto(AbstractPipeline.java:499) ~[na:na]
	at java.base/java.util.stream.ForEachOps$ForEachOp.evaluateSequential(ForEachOps.java:151) ~[na:na]
	at java.base/java.util.stream.ForEachOps$ForEachOp$OfRef.evaluateSequential(ForEachOps.java:174) ~[na:na]
	at java.base/java.util.stream.AbstractPipeline.evaluate(AbstractPipeline.java:234) ~[na:na]
	at java.base/java.util.stream.ReferencePipeline.forEach(ReferencePipeline.java:596) ~[na:na]
	at org.springframework.boot.SpringApplication.callRunners(SpringApplication.java:776) ~[spring-boot-4.0.1.jar!/:4.0.1]
	at org.springframework.boot.SpringApplication.run(SpringApplication.java:328) ~[spring-boot-4.0.1.jar!/:4.0.1]
	at org.springframework.boot.SpringApplication.run(SpringApplication.java:1365) ~[spring-boot-4.0.1.jar!/:4.0.1]
	at org.springframework.boot.SpringApplication.run(SpringApplication.java:1354) ~[spring-boot-4.0.1.jar!/:4.0.1]
	at com.DOCKin.DocKinSpringApplication.main(DocKinSpringApplication.java:23) ~[!/:0.0.1-SNAPSHOT]
	at java.base/jdk.internal.reflect.DirectMethodHandleAccessor.invoke(DirectMethodHandleAccessor.java:103) ~[na:na]
	at java.base/java.lang.reflect.Method.invoke(Method.java:580) ~[na:na]
	at org.springframework.boot.loader.launch.Launcher.launch(Launcher.java:106) ~[app.jar:0.0.1-SNAPSHOT]
	at org.springframework.boot.loader.launch.Launcher.launch(Launcher.java:64) ~[app.jar:0.0.1-SNAPSHOT]
	at org.springframework.boot.loader.launch.JarLauncher.main(JarLauncher.java:40) ~[app.jar:0.0.1-SNAPSHOT]

2026-08-13T02:58:15.143+09:00  INFO [] 1 --- [DOCKin-spring] [           main] com.DOCKin.rag.service.IndexingService   : [RAG] 인덱싱 종료 - 신규 임베딩 4907건 / 전체 청크 30722건 / 322154ms
2026-08-13T02:58:15.144+09:00  INFO [] 1 --- [DOCKin-spring] [           main] c.DOCKin.rag.service.SeedIndexingRunner  : [RAG] 기동 직후 색인 완료 - 신규 임베딩 4907건
2026-08-13T02:58:15.145+09:00  WARN [] 1 --- [DOCKin-spring] [           main] o.s.core.events.SpringDocAppInitializer  : SpringDoc /v3/api-docs endpoint is enabled by default. To disable it in production, set the property 'springdoc.api-docs.enabled=false'
2026-08-13T02:58:15.145+09:00  WARN [] 1 --- [DOCKin-spring] [           main] o.s.core.events.SpringDocAppInitializer  : SpringDoc /swagger-ui.html endpoint is enabled by default. To disable it in production, set the property 'springdoc.swagger-ui.enabled=false'
2026-08-13T02:58:17.138+09:00  INFO [] 1 --- [DOCKin-spring] [ionShutdownHook] j.LocalContainerEntityManagerFactoryBean : Closing JPA EntityManagerFactory for persistence unit 'default'
2026-08-13T02:58:17.139+09:00  INFO [] 1 --- [DOCKin-spring] [ionShutdownHook] com.zaxxer.hikari.HikariDataSource       : HikariPool-1 - Shutdown initiated...
2026-08-13T02:58:17.143+09:00  INFO [] 1 --- [DOCKin-spring] [ionShutdownHook] com.zaxxer.hikari.HikariDataSource       : HikariPool-1 - Shutdown completed.

  .   ____          _            __ _ _
 /\\ / ___'_ __ _ _(_)_ __  __ _ \ \ \ \
( ( )\___ | '_ | '_| | '_ \/ _` | \ \ \ \
 \\/  ___)| |_)| | | | | || (_| |  ) ) ) )
  '  |____| .__|_| |_|_| |_\__, | / / / /
 =========|_|==============|___/=/_/_/_/

 :: Spring Boot ::                (v4.0.1)

2026-08-13T02:59:39.208+09:00  INFO [] 1 --- [DOCKin-spring] [           main] com.DOCKin.DocKinSpringApplication       : Starting DocKinSpringApplication v0.0.1-SNAPSHOT using Java 21.0.12 with PID 1 (/app.jar started by root in /)
2026-08-13T02:59:39.212+09:00  INFO [] 1 --- [DOCKin-spring] [           main] com.DOCKin.DocKinSpringApplication       : The following 2 profiles are active: "secret", "seed"
2026-08-13T02:59:41.514+09:00  INFO [] 1 --- [DOCKin-spring] [           main] .s.d.r.c.RepositoryConfigurationDelegate : Bootstrapping Spring Data JPA repositories in DEFAULT mode.
2026-08-13T02:59:42.094+09:00  INFO [] 1 --- [DOCKin-spring] [           main] .s.d.r.c.RepositoryConfigurationDelegate : Finished Spring Data repository scanning in 572 ms. Found 20 JPA repository interfaces.
2026-08-13T02:59:43.883+09:00  INFO [] 1 --- [DOCKin-spring] [           main] o.s.boot.tomcat.TomcatWebServer          : Tomcat initialized with port 8080 (http)
2026-08-13T02:59:43.896+09:00  INFO [] 1 --- [DOCKin-spring] [           main] o.apache.catalina.core.StandardService   : Starting service [Tomcat]
2026-08-13T02:59:43.897+09:00  INFO [] 1 --- [DOCKin-spring] [           main] o.apache.catalina.core.StandardEngine    : Starting Servlet engine: [Apache Tomcat/11.0.15]
2026-08-13T02:59:44.018+09:00  INFO [] 1 --- [DOCKin-spring] [           main] b.w.c.s.WebApplicationContextInitializer : Root WebApplicationContext: initialization completed in 4700 ms
2026-08-13T02:59:45.313+09:00  INFO [] 1 --- [DOCKin-spring] [           main] com.zaxxer.hikari.HikariDataSource       : HikariPool-1 - Starting...
2026-08-13T02:59:45.694+09:00  INFO [] 1 --- [DOCKin-spring] [           main] com.zaxxer.hikari.pool.HikariPool        : HikariPool-1 - Added connection org.postgresql.jdbc.PgConnection@3c34c491
2026-08-13T02:59:45.695+09:00  INFO [] 1 --- [DOCKin-spring] [           main] com.zaxxer.hikari.HikariDataSource       : HikariPool-1 - Start completed.
2026-08-13T02:59:45.719+09:00  INFO [] 1 --- [DOCKin-spring] [           main] org.flywaydb.core.FlywayExecutor         : Database: jdbc:postgresql://DOCKin-DB:5432/dockindb (PostgreSQL 17.10)
2026-08-13T02:59:45.900+09:00  INFO [] 1 --- [DOCKin-spring] [           main] o.f.core.internal.command.DbValidate     : Successfully validated 6 migrations (execution time 00:00.111s)
2026-08-13T02:59:45.986+09:00  INFO [] 1 --- [DOCKin-spring] [           main] o.f.core.internal.command.DbMigrate      : Current version of schema "public": 5
2026-08-13T02:59:45.989+09:00  INFO [] 1 --- [DOCKin-spring] [           main] o.f.core.internal.command.DbMigrate      : Schema "public" is up to date. No migration necessary.
2026-08-13T02:59:46.190+09:00  INFO [] 1 --- [DOCKin-spring] [           main] org.hibernate.orm.jpa                    : HHH008540: Processing PersistenceUnitInfo [name: default]
2026-08-13T02:59:46.286+09:00  INFO [] 1 --- [DOCKin-spring] [           main] org.hibernate.orm.core                   : HHH000001: Hibernate ORM core version 7.2.0.Final
2026-08-13T02:59:47.021+09:00  INFO [] 1 --- [DOCKin-spring] [           main] org.hibernate.orm.connections.pooling    : HHH10001005: Database info:
	Database JDBC URL [jdbc:postgresql://DOCKin-DB:5432/dockindb]
	Database driver: PostgreSQL JDBC Driver
	Database dialect: PostgreSQLDialect
	Database version: 17.10
	Default catalog/schema: dockindb/public
	Autocommit mode: undefined/unknown
	Isolation level: READ_COMMITTED [default READ_COMMITTED]
	JDBC fetch size: none
	Pool: DataSourceConnectionProvider
	Minimum pool size: undefined/unknown
	Maximum pool size: undefined/unknown
2026-08-13T02:59:47.491+09:00  INFO [] 1 --- [DOCKin-spring] [           main] o.s.o.j.p.SpringPersistenceUnitInfo      : No LoadTimeWeaver setup: ignoring JPA class transformer
2026-08-13T02:59:49.808+09:00  INFO [] 1 --- [DOCKin-spring] [           main] org.hibernate.orm.core                   : HHH000489: No JTA platform available (set 'hibernate.transaction.jta.platform' to enable JTA platform integration)
2026-08-13T02:59:49.811+09:00  INFO [] 1 --- [DOCKin-spring] [           main] org.hibernate.orm.jdbc.batch             : HHH100501: Automatic JDBC statement batching enabled (maximum batch size 100)
2026-08-13T02:59:49.911+09:00  INFO [] 1 --- [DOCKin-spring] [           main] j.LocalContainerEntityManagerFactoryBean : Initialized JPA EntityManagerFactory for persistence unit 'default'
2026-08-13T02:59:50.024+09:00  INFO [] 1 --- [DOCKin-spring] [           main] o.s.d.j.r.query.QueryEnhancerFactories   : Hibernate is in classpath; If applicable, HQL parser will be used.
2026-08-13T02:59:53.335+09:00  INFO [] 1 --- [DOCKin-spring] [           main] org.redisson.Version                     : Redisson 3.37.0
2026-08-13T02:59:53.890+09:00  INFO [] 1 --- [DOCKin-spring] [isson-netty-1-5] o.redisson.connection.ConnectionsHolder  : 1 connections initialized for dockin-redis/172.18.0.2:6379
2026-08-13T02:59:53.890+09:00  INFO [] 1 --- [DOCKin-spring] [isson-netty-1-6] o.redisson.connection.ConnectionsHolder  : 1 connections initialized for dockin-redis/172.18.0.2:6379
2026-08-13T02:59:55.196+09:00  WARN [] 1 --- [DOCKin-spring] [           main] JpaBaseConfiguration$JpaWebConfiguration : spring.jpa.open-in-view is enabled by default. Therefore, database queries may be performed during view rendering. Explicitly configure spring.jpa.open-in-view to disable this warning
2026-08-13T02:59:55.425+09:00  INFO [] 1 --- [DOCKin-spring] [           main] r$InitializeUserDetailsManagerConfigurer : Global AuthenticationManager configured with UserDetailsService bean with name customUserDetailsService
2026-08-13T02:59:56.205+09:00  INFO [] 1 --- [DOCKin-spring] [           main] o.s.b.a.e.web.EndpointLinksResolver      : Exposing 3 endpoints beneath base path '/actuator'
2026-08-13T02:59:57.002+09:00  INFO [] 1 --- [DOCKin-spring] [           main] o.s.m.s.b.SimpleBrokerMessageHandler     : Starting...
2026-08-13T02:59:57.002+09:00  INFO [] 1 --- [DOCKin-spring] [           main] o.s.m.s.b.SimpleBrokerMessageHandler     : BrokerAvailabilityEvent[available=true, SimpleBrokerMessageHandler [org.springframework.messaging.simp.broker.DefaultSubscriptionRegistry@66e61106]]
2026-08-13T02:59:57.003+09:00  INFO [] 1 --- [DOCKin-spring] [           main] o.s.m.s.b.SimpleBrokerMessageHandler     : Started.
2026-08-13T02:59:57.020+09:00  INFO [] 1 --- [DOCKin-spring] [           main] o.s.boot.tomcat.TomcatWebServer          : Tomcat started on port 8080 (http) with context path '/'
2026-08-13T02:59:57.084+09:00  INFO [] 1 --- [DOCKin-spring] [           main] com.DOCKin.DocKinSpringApplication       : Started DocKinSpringApplication in 18.677 seconds (process running for 19.941)
2026-08-13T02:59:57.092+09:00  INFO [] 1 --- [DOCKin-spring] [           main] c.DOCKin.rag.service.SeedIndexingRunner  : [RAG] seed 프로파일 - 기동 직후 색인을 시작합니다. (rag.indexing.on-startup=true)
2026-08-13T02:59:57.496+09:00  INFO [] 1 --- [DOCKin-spring] [nio-8080-exec-2] o.a.c.c.C.[Tomcat].[localhost].[/]       : Initializing Spring DispatcherServlet 'dispatcherServlet'
2026-08-13T02:59:57.497+09:00  INFO [] 1 --- [DOCKin-spring] [nio-8080-exec-2] o.s.web.servlet.DispatcherServlet        : Initializing Servlet 'dispatcherServlet'
2026-08-13T02:59:57.498+09:00  INFO [] 1 --- [DOCKin-spring] [nio-8080-exec-2] o.s.web.servlet.DispatcherServlet        : Completed initialization in 1 ms
2026-08-13T02:59:57.588+09:00  WARN [5f840e6205ad4b7f] 1 --- [DOCKin-spring] [nio-8080-exec-2] o.s.w.s.h.HandlerMappingIntrospector     : Cache miss for REQUEST dispatch to '/actuator/health' (previous null). Performing CorsConfiguration lookup. This is logged once only at WARN level, and every time at TRACE.
2026-08-13T03:00:26.706+09:00  INFO [] 1 --- [DOCKin-spring] [MessageBroker-1] org.hibernate.orm.jdbc.batch             : HHH100503: JDBC batch still contained JDBC statements on release
2026-08-13T03:00:26.710+09:00  WARN [] 1 --- [DOCKin-spring] [MessageBroker-1] org.hibernate.orm.jdbc.error             : HHH000247: ErrorCode: 0, SQLState: 23505
2026-08-13T03:00:26.710+09:00  WARN [] 1 --- [DOCKin-spring] [MessageBroker-1] org.hibernate.orm.jdbc.error             : Batch entry 0 insert into document_chunks (chunk_index,content,content_hash,created_at,embedding,embedding_dim,embedding_model,language_code,owner_user_id,source_id,source_type,updated_at,visibility,chunk_id) values (('0'::int4),('[생성] 겐트리 크레인 5호기 베어링부 점검 결과
겐트리 크레인 5호기 베어링부에서 동작이 지연되었다. 점검 결과 베어링 마모가 원인으로 확인되었다. 개스킷을 신품으로 교체했다. 조치 후 44분간 시운전하여 정상 동작을 확인했다. 측정값은 62.2이며 기준 범위 이내였다. 작업 표준서에 이 절차가 빠져 있어 추가를 요청했다.'),('35a0aecf3a76d2f2ee71450dc4fdcfce96d9f58d637a499b47003eee4f45f81b'),('2026-08-13 03:00:26.677085+09'::timestamp),cast(? as vector),('384'::int4),('intfloat/multilingual-e5-small'),('ko'),('gen0071'),('21601'::int8),('WORK_LOG'),('2026-08-13 03:00:26.677085+09'::timestamp),('OWNER'),('61369'::int8)) was aborted: ERROR: duplicate key value violates unique constraint "uk_chunk_source"
  Detail: Key (source_type, source_id, chunk_index, embedding_model)=(WORK_LOG, 21601, 0, intfloat/multilingual-e5-small) already exists.  Call getNextException to see other errors in the batch.
2026-08-13T03:00:26.710+09:00  WARN [] 1 --- [DOCKin-spring] [MessageBroker-1] org.hibernate.orm.jdbc.error             : HHH000247: ErrorCode: 0, SQLState: 23505
2026-08-13T03:00:26.710+09:00  WARN [] 1 --- [DOCKin-spring] [MessageBroker-1] org.hibernate.orm.jdbc.error             : Batch entry 0 insert into document_chunks (chunk_index,content,content_hash,created_at,embedding,embedding_dim,embedding_model,language_code,owner_user_id,source_id,source_type,updated_at,visibility,chunk_id) values (('0'::int4),('[생성] 겐트리 크레인 5호기 베어링부 점검 결과
겐트리 크레인 5호기 베어링부에서 동작이 지연되었다. 점검 결과 베어링 마모가 원인으로 확인되었다. 개스킷을 신품으로 교체했다. 조치 후 44분간 시운전하여 정상 동작을 확인했다. 측정값은 62.2이며 기준 범위 이내였다. 작업 표준서에 이 절차가 빠져 있어 추가를 요청했다.'),('35a0aecf3a76d2f2ee71450dc4fdcfce96d9f58d637a499b47003eee4f45f81b'),('2026-08-13 03:00:26.677085+09'::timestamp),cast(? as vector),('384'::int4),('intfloat/multilingual-e5-small'),('ko'),('gen0071'),('21601'::int8),('WORK_LOG'),('2026-08-13 03:00:26.677085+09'::timestamp),('OWNER'),('61369'::int8)) was aborted: ERROR: duplicate key value violates unique constraint "uk_chunk_source"
  Detail: Key (source_type, source_id, chunk_index, embedding_model)=(WORK_LOG, 21601, 0, intfloat/multilingual-e5-small) already exists.  Call getNextException to see other errors in the batch.
2026-08-13T03:00:26.719+09:00 ERROR [] 1 --- [DOCKin-spring] [MessageBroker-1] com.DOCKin.rag.service.IndexingService   : [RAG] 인덱싱 중단 - 신규 임베딩 0건까지 반영됨: could not execute batch [Batch entry 0 insert into document_chunks (chunk_index,content,content_hash,created_at,embedding,embedding_dim,embedding_model,language_code,owner_user_id,source_id,source_type,updated_at,visibility,chunk_id) values (('0'::int4),('[생성] 겐트리 크레인 5호기 베어링부 점검 결과
겐트리 크레인 5호기 베어링부에서 동작이 지연되었다. 점검 결과 베어링 마모가 원인으로 확인되었다. 개스킷을 신품으로 교체했다. 조치 후 44분간 시운전하여 정상 동작을 확인했다. 측정값은 62.2이며 기준 범위 이내였다. 작업 표준서에 이 절차가 빠져 있어 추가를 요청했다.'),('35a0aecf3a76d2f2ee71450dc4fdcfce96d9f58d637a499b47003eee4f45f81b'),('2026-08-13 03:00:26.677085+09'::timestamp),cast(? as vector),('384'::int4),('intfloat/multilingual-e5-small'),('ko'),('gen0071'),('21601'::int8),('WORK_LOG'),('2026-08-13 03:00:26.677085+09'::timestamp),('OWNER'),('61369'::int8)) was aborted: ERROR: duplicate key value violates unique constraint "uk_chunk_source"
  Detail: Key (source_type, source_id, chunk_index, embedding_model)=(WORK_LOG, 21601, 0, intfloat/multilingual-e5-small) already exists.  Call getNextException to see other errors in the batch.] [insert into document_chunks (chunk_index,content,content_hash,created_at,embedding,embedding_dim,embedding_model,language_code,owner_user_id,source_id,source_type,updated_at,visibility,chunk_id) values (?,?,?,?,cast(? as vector),?,?,?,?,?,?,?,?,?)]; SQL [insert into document_chunks (chunk_index,content,content_hash,created_at,embedding,embedding_dim,embedding_model,language_code,owner_user_id,source_id,source_type,updated_at,visibility,chunk_id) values (?,?,?,?,cast(? as vector),?,?,?,?,?,?,?,?,?)]; constraint [uk_chunk_source]

org.springframework.dao.DataIntegrityViolationException: could not execute batch [Batch entry 0 insert into document_chunks (chunk_index,content,content_hash,created_at,embedding,embedding_dim,embedding_model,language_code,owner_user_id,source_id,source_type,updated_at,visibility,chunk_id) values (('0'::int4),('[생성] 겐트리 크레인 5호기 베어링부 점검 결과
겐트리 크레인 5호기 베어링부에서 동작이 지연되었다. 점검 결과 베어링 마모가 원인으로 확인되었다. 개스킷을 신품으로 교체했다. 조치 후 44분간 시운전하여 정상 동작을 확인했다. 측정값은 62.2이며 기준 범위 이내였다. 작업 표준서에 이 절차가 빠져 있어 추가를 요청했다.'),('35a0aecf3a76d2f2ee71450dc4fdcfce96d9f58d637a499b47003eee4f45f81b'),('2026-08-13 03:00:26.677085+09'::timestamp),cast(? as vector),('384'::int4),('intfloat/multilingual-e5-small'),('ko'),('gen0071'),('21601'::int8),('WORK_LOG'),('2026-08-13 03:00:26.677085+09'::timestamp),('OWNER'),('61369'::int8)) was aborted: ERROR: duplicate key value violates unique constraint "uk_chunk_source"
  Detail: Key (source_type, source_id, chunk_index, embedding_model)=(WORK_LOG, 21601, 0, intfloat/multilingual-e5-small) already exists.  Call getNextException to see other errors in the batch.] [insert into document_chunks (chunk_index,content,content_hash,created_at,embedding,embedding_dim,embedding_model,language_code,owner_user_id,source_id,source_type,updated_at,visibility,chunk_id) values (?,?,?,?,cast(? as vector),?,?,?,?,?,?,?,?,?)]; SQL [insert into document_chunks (chunk_index,content,content_hash,created_at,embedding,embedding_dim,embedding_model,language_code,owner_user_id,source_id,source_type,updated_at,visibility,chunk_id) values (?,?,?,?,cast(? as vector),?,?,?,?,?,?,?,?,?)]; constraint [uk_chunk_source]
	at org.springframework.orm.jpa.hibernate.HibernateExceptionTranslator.convertHibernateAccessException(HibernateExceptionTranslator.java:169) ~[spring-orm-7.0.2.jar!/:7.0.2]
	at org.springframework.orm.jpa.hibernate.HibernateExceptionTranslator.convertHibernateAccessException(HibernateExceptionTranslator.java:131) ~[spring-orm-7.0.2.jar!/:7.0.2]
	at org.springframework.orm.jpa.hibernate.HibernateExceptionTranslator.translateExceptionIfPossible(HibernateExceptionTranslator.java:105) ~[spring-orm-7.0.2.jar!/:7.0.2]
	at org.springframework.orm.jpa.vendor.HibernateJpaDialect.translateExceptionIfPossible(HibernateJpaDialect.java:199) ~[spring-orm-7.0.2.jar!/:7.0.2]
	at org.springframework.orm.jpa.JpaTransactionManager.doCommit(JpaTransactionManager.java:557) ~[spring-orm-7.0.2.jar!/:7.0.2]
	at org.springframework.transaction.support.AbstractPlatformTransactionManager.processCommit(AbstractPlatformTransactionManager.java:794) ~[spring-tx-7.0.2.jar!/:7.0.2]
	at org.springframework.transaction.support.AbstractPlatformTransactionManager.commit(AbstractPlatformTransactionManager.java:757) ~[spring-tx-7.0.2.jar!/:7.0.2]
	at org.springframework.transaction.interceptor.TransactionAspectSupport.commitTransactionAfterReturning(TransactionAspectSupport.java:684) ~[spring-tx-7.0.2.jar!/:7.0.2]
	at org.springframework.transaction.interceptor.TransactionAspectSupport.invokeWithinTransaction(TransactionAspectSupport.java:406) ~[spring-tx-7.0.2.jar!/:7.0.2]
	at org.springframework.transaction.interceptor.TransactionInterceptor.invoke(TransactionInterceptor.java:118) ~[spring-tx-7.0.2.jar!/:7.0.2]
	at org.springframework.aop.framework.ReflectiveMethodInvocation.proceed(ReflectiveMethodInvocation.java:179) ~[spring-aop-7.0.2.jar!/:7.0.2]
	at org.springframework.aop.framework.CglibAopProxy$DynamicAdvisedInterceptor.intercept(CglibAopProxy.java:719) ~[spring-aop-7.0.2.jar!/:7.0.2]
	at com.DOCKin.rag.service.ChunkIndexWriter$$SpringCGLIB$$0.writePage(<generated>) ~[!/:0.0.1-SNAPSHOT]
	at com.DOCKin.rag.service.IndexingService.indexWorkLogs(IndexingService.java:152) ~[!/:0.0.1-SNAPSHOT]
	at com.DOCKin.rag.service.IndexingService.indexAll(IndexingService.java:117) ~[!/:0.0.1-SNAPSHOT]
	at com.DOCKin.rag.service.IndexingService.scheduledIndexing(IndexingService.java:96) ~[!/:0.0.1-SNAPSHOT]
	at java.base/jdk.internal.reflect.DirectMethodHandleAccessor.invoke(DirectMethodHandleAccessor.java:103) ~[na:na]
	at java.base/java.lang.reflect.Method.invoke(Method.java:580) ~[na:na]
	at org.springframework.scheduling.support.ScheduledMethodRunnable.runInternal(ScheduledMethodRunnable.java:128) ~[spring-context-7.0.2.jar!/:7.0.2]
	at org.springframework.scheduling.support.ScheduledMethodRunnable.lambda$run$1(ScheduledMethodRunnable.java:122) ~[spring-context-7.0.2.jar!/:7.0.2]
	at io.micrometer.observation.Observation.observe(Observation.java:498) ~[micrometer-observation-1.16.1.jar!/:1.16.1]
	at org.springframework.scheduling.support.ScheduledMethodRunnable.run(ScheduledMethodRunnable.java:122) ~[spring-context-7.0.2.jar!/:7.0.2]
	at org.springframework.scheduling.config.Task$OutcomeTrackingRunnable.run(Task.java:88) ~[spring-context-7.0.2.jar!/:7.0.2]
	at org.springframework.scheduling.support.DelegatingErrorHandlingRunnable.run(DelegatingErrorHandlingRunnable.java:54) ~[spring-context-7.0.2.jar!/:7.0.2]
	at org.springframework.scheduling.concurrent.ReschedulingRunnable.run(ReschedulingRunnable.java:94) ~[spring-context-7.0.2.jar!/:7.0.2]
	at java.base/java.util.concurrent.Executors$RunnableAdapter.call(Executors.java:572) ~[na:na]
	at java.base/java.util.concurrent.FutureTask.run(FutureTask.java:317) ~[na:na]
	at java.base/java.util.concurrent.ScheduledThreadPoolExecutor$ScheduledFutureTask.run(ScheduledThreadPoolExecutor.java:304) ~[na:na]
	at java.base/java.util.concurrent.ThreadPoolExecutor.runWorker(ThreadPoolExecutor.java:1144) ~[na:na]
	at java.base/java.util.concurrent.ThreadPoolExecutor$Worker.run(ThreadPoolExecutor.java:642) ~[na:na]
	at java.base/java.lang.Thread.run(Thread.java:1583) ~[na:na]
Caused by: org.hibernate.exception.ConstraintViolationException: could not execute batch [Batch entry 0 insert into document_chunks (chunk_index,content,content_hash,created_at,embedding,embedding_dim,embedding_model,language_code,owner_user_id,source_id,source_type,updated_at,visibility,chunk_id) values (('0'::int4),('[생성] 겐트리 크레인 5호기 베어링부 점검 결과
겐트리 크레인 5호기 베어링부에서 동작이 지연되었다. 점검 결과 베어링 마모가 원인으로 확인되었다. 개스킷을 신품으로 교체했다. 조치 후 44분간 시운전하여 정상 동작을 확인했다. 측정값은 62.2이며 기준 범위 이내였다. 작업 표준서에 이 절차가 빠져 있어 추가를 요청했다.'),('35a0aecf3a76d2f2ee71450dc4fdcfce96d9f58d637a499b47003eee4f45f81b'),('2026-08-13 03:00:26.677085+09'::timestamp),cast(? as vector),('384'::int4),('intfloat/multilingual-e5-small'),('ko'),('gen0071'),('21601'::int8),('WORK_LOG'),('2026-08-13 03:00:26.677085+09'::timestamp),('OWNER'),('61369'::int8)) was aborted: ERROR: duplicate key value violates unique constraint "uk_chunk_source"
  Detail: Key (source_type, source_id, chunk_index, embedding_model)=(WORK_LOG, 21601, 0, intfloat/multilingual-e5-small) already exists.  Call getNextException to see other errors in the batch.] [insert into document_chunks (chunk_index,content,content_hash,created_at,embedding,embedding_dim,embedding_model,language_code,owner_user_id,source_id,source_type,updated_at,visibility,chunk_id) values (?,?,?,?,cast(? as vector),?,?,?,?,?,?,?,?,?)]
	at org.hibernate.exception.internal.SQLStateConversionDelegate.convert(SQLStateConversionDelegate.java:73) ~[hibernate-core-7.2.0.Final.jar!/:7.2.0.Final]
	at org.hibernate.exception.internal.StandardSQLExceptionConverter.convert(StandardSQLExceptionConverter.java:34) ~[hibernate-core-7.2.0.Final.jar!/:7.2.0.Final]
	at org.hibernate.engine.jdbc.spi.SqlExceptionHelper.convert(SqlExceptionHelper.java:115) ~[hibernate-core-7.2.0.Final.jar!/:7.2.0.Final]
	at org.hibernate.engine.jdbc.batch.internal.BatchImpl.lambda$performExecution$0(BatchImpl.java:270) ~[hibernate-core-7.2.0.Final.jar!/:7.2.0.Final]
	at org.hibernate.engine.jdbc.mutation.internal.PreparedStatementGroupSingleTable.forEachStatement(PreparedStatementGroupSingleTable.java:63) ~[hibernate-core-7.2.0.Final.jar!/:7.2.0.Final]
	at org.hibernate.engine.jdbc.batch.internal.BatchImpl.performExecution(BatchImpl.java:245) ~[hibernate-core-7.2.0.Final.jar!/:7.2.0.Final]
	at org.hibernate.engine.jdbc.batch.internal.BatchImpl.addToBatch(BatchImpl.java:158) ~[hibernate-core-7.2.0.Final.jar!/:7.2.0.Final]
	at org.hibernate.engine.jdbc.batch.internal.BatchImpl.addToBatch(BatchImpl.java:99) ~[hibernate-core-7.2.0.Final.jar!/:7.2.0.Final]
	at org.hibernate.engine.jdbc.mutation.internal.MutationExecutorSingleBatched.performBatchedOperations(MutationExecutorSingleBatched.java:61) ~[hibernate-core-7.2.0.Final.jar!/:7.2.0.Final]
	at org.hibernate.engine.jdbc.mutation.internal.AbstractMutationExecutor.execute(AbstractMutationExecutor.java:74) ~[hibernate-core-7.2.0.Final.jar!/:7.2.0.Final]
	at org.hibernate.engine.jdbc.mutation.internal.AbstractMutationExecutor.execute(AbstractMutationExecutor.java:55) ~[hibernate-core-7.2.0.Final.jar!/:7.2.0.Final]
	at org.hibernate.persister.entity.mutation.InsertCoordinatorStandard.doStaticInserts(InsertCoordinatorStandard.java:180) ~[hibernate-core-7.2.0.Final.jar!/:7.2.0.Final]
	at org.hibernate.persister.entity.mutation.InsertCoordinatorStandard.coordinateInsert(InsertCoordinatorStandard.java:120) ~[hibernate-core-7.2.0.Final.jar!/:7.2.0.Final]
	at org.hibernate.persister.entity.mutation.InsertCoordinatorStandard.insert(InsertCoordinatorStandard.java:93) ~[hibernate-core-7.2.0.Final.jar!/:7.2.0.Final]
	at org.hibernate.action.internal.EntityInsertAction.execute(EntityInsertAction.java:108) ~[hibernate-core-7.2.0.Final.jar!/:7.2.0.Final]
	at org.hibernate.engine.spi.ActionQueue.executeActions(ActionQueue.java:634) ~[hibernate-core-7.2.0.Final.jar!/:7.2.0.Final]
	at org.hibernate.engine.spi.ActionQueue.executeActions(ActionQueue.java:505) ~[hibernate-core-7.2.0.Final.jar!/:7.2.0.Final]
	at org.hibernate.event.internal.AbstractFlushingEventListener.performExecutions(AbstractFlushingEventListener.java:381) ~[hibernate-core-7.2.0.Final.jar!/:7.2.0.Final]
	at org.hibernate.event.internal.DefaultFlushEventListener.onFlush(DefaultFlushEventListener.java:40) ~[hibernate-core-7.2.0.Final.jar!/:7.2.0.Final]
	at org.hibernate.event.service.internal.EventListenerGroupImpl.fireEventOnEachListener(EventListenerGroupImpl.java:138) ~[hibernate-core-7.2.0.Final.jar!/:7.2.0.Final]
	at org.hibernate.internal.SessionImpl.fireFlush(SessionImpl.java:1489) ~[hibernate-core-7.2.0.Final.jar!/:7.2.0.Final]
	at org.hibernate.internal.SessionImpl.managedFlush(SessionImpl.java:481) ~[hibernate-core-7.2.0.Final.jar!/:7.2.0.Final]
	at org.hibernate.internal.SessionImpl.flushBeforeTransactionCompletion(SessionImpl.java:2116) ~[hibernate-core-7.2.0.Final.jar!/:7.2.0.Final]
	at org.hibernate.internal.SessionImpl.beforeTransactionCompletion(SessionImpl.java:2038) ~[hibernate-core-7.2.0.Final.jar!/:7.2.0.Final]
	at org.hibernate.engine.jdbc.internal.JdbcCoordinatorImpl.beforeTransactionCompletion(JdbcCoordinatorImpl.java:410) ~[hibernate-core-7.2.0.Final.jar!/:7.2.0.Final]
	at org.hibernate.resource.transaction.backend.jdbc.internal.JdbcResourceLocalTransactionCoordinatorImpl.beforeCompletionCallback(JdbcResourceLocalTransactionCoordinatorImpl.java:166) ~[hibernate-core-7.2.0.Final.jar!/:7.2.0.Final]
	at org.hibernate.resource.transaction.backend.jdbc.internal.JdbcResourceLocalTransactionCoordinatorImpl$TransactionDriverControlImpl.commitNoRollbackOnly(JdbcResourceLocalTransactionCoordinatorImpl.java:248) ~[hibernate-core-7.2.0.Final.jar!/:7.2.0.Final]
	at org.hibernate.resource.transaction.backend.jdbc.internal.JdbcResourceLocalTransactionCoordinatorImpl$TransactionDriverControlImpl.commit(JdbcResourceLocalTransactionCoordinatorImpl.java:242) ~[hibernate-core-7.2.0.Final.jar!/:7.2.0.Final]
	at org.hibernate.engine.transaction.internal.TransactionImpl.commit(TransactionImpl.java:89) ~[hibernate-core-7.2.0.Final.jar!/:7.2.0.Final]
	at org.springframework.orm.jpa.JpaTransactionManager.doCommit(JpaTransactionManager.java:553) ~[spring-orm-7.0.2.jar!/:7.0.2]
	... 26 common frames omitted
Caused by: java.sql.BatchUpdateException: Batch entry 0 insert into document_chunks (chunk_index,content,content_hash,created_at,embedding,embedding_dim,embedding_model,language_code,owner_user_id,source_id,source_type,updated_at,visibility,chunk_id) values (('0'::int4),('[생성] 겐트리 크레인 5호기 베어링부 점검 결과
겐트리 크레인 5호기 베어링부에서 동작이 지연되었다. 점검 결과 베어링 마모가 원인으로 확인되었다. 개스킷을 신품으로 교체했다. 조치 후 44분간 시운전하여 정상 동작을 확인했다. 측정값은 62.2이며 기준 범위 이내였다. 작업 표준서에 이 절차가 빠져 있어 추가를 요청했다.'),('35a0aecf3a76d2f2ee71450dc4fdcfce96d9f58d637a499b47003eee4f45f81b'),('2026-08-13 03:00:26.677085+09'::timestamp),cast(? as vector),('384'::int4),('intfloat/multilingual-e5-small'),('ko'),('gen0071'),('21601'::int8),('WORK_LOG'),('2026-08-13 03:00:26.677085+09'::timestamp),('OWNER'),('61369'::int8)) was aborted: ERROR: duplicate key value violates unique constraint "uk_chunk_source"
  Detail: Key (source_type, source_id, chunk_index, embedding_model)=(WORK_LOG, 21601, 0, intfloat/multilingual-e5-small) already exists.  Call getNextException to see other errors in the batch.
	at org.postgresql.jdbc.BatchResultHandler.handleError(BatchResultHandler.java:165) ~[postgresql-42.7.8.jar!/:42.7.8]
	at org.postgresql.core.v3.QueryExecutorImpl.processResults(QueryExecutorImpl.java:2422) ~[postgresql-42.7.8.jar!/:42.7.8]
	at org.postgresql.core.v3.QueryExecutorImpl.execute(QueryExecutorImpl.java:580) ~[postgresql-42.7.8.jar!/:42.7.8]
	at org.postgresql.jdbc.PgStatement.internalExecuteBatch(PgStatement.java:891) ~[postgresql-42.7.8.jar!/:42.7.8]
	at org.postgresql.jdbc.PgStatement.executeBatch(PgStatement.java:915) ~[postgresql-42.7.8.jar!/:42.7.8]
	at org.postgresql.jdbc.PgPreparedStatement.executeBatch(PgPreparedStatement.java:1778) ~[postgresql-42.7.8.jar!/:42.7.8]
	at com.zaxxer.hikari.pool.ProxyStatement.executeBatch(ProxyStatement.java:128) ~[HikariCP-7.0.2.jar!/:na]
	at com.zaxxer.hikari.pool.HikariProxyPreparedStatement.executeBatch(HikariProxyPreparedStatement.java) ~[HikariCP-7.0.2.jar!/:na]
	at org.hibernate.engine.jdbc.batch.internal.BatchImpl.lambda$performExecution$0(BatchImpl.java:256) ~[hibernate-core-7.2.0.Final.jar!/:7.2.0.Final]
	... 52 common frames omitted
Caused by: org.postgresql.util.PSQLException: ERROR: duplicate key value violates unique constraint "uk_chunk_source"
  Detail: Key (source_type, source_id, chunk_index, embedding_model)=(WORK_LOG, 21601, 0, intfloat/multilingual-e5-small) already exists.
	at org.postgresql.core.v3.QueryExecutorImpl.receiveErrorResponse(QueryExecutorImpl.java:2736) ~[postgresql-42.7.8.jar!/:42.7.8]
	at org.postgresql.core.v3.QueryExecutorImpl.processResults(QueryExecutorImpl.java:2421) ~[postgresql-42.7.8.jar!/:42.7.8]
	... 59 common frames omitted

2026-08-13T03:00:26.749+09:00  INFO [] 1 --- [DOCKin-spring] [MessageBroker-1] com.DOCKin.rag.service.IndexingService   : [RAG] 인덱싱 종료 - 신규 임베딩 0건 / 전체 청크 25932건 / 26749ms
2026-08-13T03:00:56.919+09:00  INFO [] 1 --- [DOCKin-spring] [MessageBroker-1] o.s.w.s.c.WebSocketMessageBrokerStats    : WebSocketSession[0 current WS(0)-HttpStream(0)-HttpPoll(0), 0 total, 0 closed abnormally (0 connect failure, 0 send limit, 0 transport error)], stompSubProtocol[processed CONNECT(0)-CONNECTED(0)-DISCONNECT(0)], stompBrokerRelay[null], inboundChannel[pool size = 0, active threads = 0, queued tasks = 0, completed tasks = 0], outboundChannel[pool size = 0, active threads = 0, queued tasks = 0, completed tasks = 0], sockJsScheduler[pool size = 1, active threads = 1, queued tasks = 3, completed tasks = 2]
2026-08-13T03:01:53.400+09:00  INFO [] 1 --- [DOCKin-spring] [ionShutdownHook] o.s.boot.tomcat.GracefulShutdown         : Commencing graceful shutdown. Waiting for active requests to complete
2026-08-13T03:01:53.403+09:00  INFO [] 1 --- [DOCKin-spring] [tomcat-shutdown] o.s.boot.tomcat.GracefulShutdown         : Graceful shutdown complete
2026-08-13T03:01:53.405+09:00  INFO [] 1 --- [DOCKin-spring] [ionShutdownHook] o.s.m.s.b.SimpleBrokerMessageHandler     : Stopping...
2026-08-13T03:01:53.405+09:00  INFO [] 1 --- [DOCKin-spring] [ionShutdownHook] o.s.m.s.b.SimpleBrokerMessageHandler     : BrokerAvailabilityEvent[available=false, SimpleBrokerMessageHandler [org.springframework.messaging.simp.broker.DefaultSubscriptionRegistry@66e61106]]
2026-08-13T03:01:53.405+09:00  INFO [] 1 --- [DOCKin-spring] [ionShutdownHook] o.s.m.s.b.SimpleBrokerMessageHandler     : Stopped.
2026-08-13T03:01:53.527+09:00 ERROR [] 1 --- [DOCKin-spring] [           main] com.DOCKin.rag.service.EmbeddingClient   : 임베딩 서버 호출 실패 [WebClientRequestException]: finishConnect(..) failed with error(-111): Connection refused: dockin-embedding/172.18.0.4:80
2026-08-13T03:01:53.528+09:00  WARN [] 1 --- [DOCKin-spring] [           main] com.zaxxer.hikari.pool.ProxyConnection   : HikariPool-1 - Connection org.postgresql.jdbc.PgConnection@3c34c491 marked as broken because of SQLSTATE(57P01), ErrorCode(0)

org.postgresql.util.PSQLException: FATAL: terminating connection due to administrator command
	at org.postgresql.core.v3.QueryExecutorImpl.receiveErrorResponse(QueryExecutorImpl.java:2736) ~[postgresql-42.7.8.jar!/:42.7.8]
	at org.postgresql.core.v3.QueryExecutorImpl.processResults(QueryExecutorImpl.java:2421) ~[postgresql-42.7.8.jar!/:42.7.8]
	at org.postgresql.core.v3.QueryExecutorImpl.execute(QueryExecutorImpl.java:372) ~[postgresql-42.7.8.jar!/:42.7.8]
	at org.postgresql.core.v3.QueryExecutorImpl.execute(QueryExecutorImpl.java:330) ~[postgresql-42.7.8.jar!/:42.7.8]
	at org.postgresql.jdbc.PgConnection.executeTransactionCommand(PgConnection.java:987) ~[postgresql-42.7.8.jar!/:42.7.8]
	at org.postgresql.jdbc.PgConnection.rollback(PgConnection.java:1030) ~[postgresql-42.7.8.jar!/:42.7.8]
	at com.zaxxer.hikari.pool.ProxyConnection.rollback(ProxyConnection.java:386) ~[HikariCP-7.0.2.jar!/:na]
	at com.zaxxer.hikari.pool.HikariProxyConnection.rollback(HikariProxyConnection.java) ~[HikariCP-7.0.2.jar!/:na]
	at org.hibernate.resource.jdbc.internal.AbstractLogicalConnectionImplementor.rollback(AbstractLogicalConnectionImplementor.java:123) ~[hibernate-core-7.2.0.Final.jar!/:7.2.0.Final]
	at org.hibernate.resource.transaction.backend.jdbc.internal.JdbcResourceLocalTransactionCoordinatorImpl$TransactionDriverControlImpl.rollback(JdbcResourceLocalTransactionCoordinatorImpl.java:282) ~[hibernate-core-7.2.0.Final.jar!/:7.2.0.Final]
	at org.hibernate.engine.transaction.internal.TransactionImpl.rollback(TransactionImpl.java:123) ~[hibernate-core-7.2.0.Final.jar!/:7.2.0.Final]
	at org.springframework.orm.jpa.JpaTransactionManager.doRollback(JpaTransactionManager.java:580) ~[spring-orm-7.0.2.jar!/:7.0.2]
	at org.springframework.transaction.support.AbstractPlatformTransactionManager.processRollback(AbstractPlatformTransactionManager.java:896) ~[spring-tx-7.0.2.jar!/:7.0.2]
	at org.springframework.transaction.support.AbstractPlatformTransactionManager.rollback(AbstractPlatformTransactionManager.java:865) ~[spring-tx-7.0.2.jar!/:7.0.2]
	at org.springframework.transaction.interceptor.TransactionAspectSupport.completeTransactionAfterThrowing(TransactionAspectSupport.java:702) ~[spring-tx-7.0.2.jar!/:7.0.2]
	at org.springframework.transaction.interceptor.TransactionAspectSupport.invokeWithinTransaction(TransactionAspectSupport.java:374) ~[spring-tx-7.0.2.jar!/:7.0.2]
	at org.springframework.transaction.interceptor.TransactionInterceptor.invoke(TransactionInterceptor.java:118) ~[spring-tx-7.0.2.jar!/:7.0.2]
	at org.springframework.aop.framework.ReflectiveMethodInvocation.proceed(ReflectiveMethodInvocation.java:179) ~[spring-aop-7.0.2.jar!/:7.0.2]
	at org.springframework.aop.framework.CglibAopProxy$DynamicAdvisedInterceptor.intercept(CglibAopProxy.java:719) ~[spring-aop-7.0.2.jar!/:7.0.2]
	at com.DOCKin.rag.service.ChunkIndexWriter$$SpringCGLIB$$0.writePage(<generated>) ~[!/:0.0.1-SNAPSHOT]
	at com.DOCKin.rag.service.IndexingService.indexWorkLogs(IndexingService.java:152) ~[!/:0.0.1-SNAPSHOT]
	at com.DOCKin.rag.service.IndexingService.indexAll(IndexingService.java:117) ~[!/:0.0.1-SNAPSHOT]
	at com.DOCKin.rag.service.SeedIndexingRunner.run(SeedIndexingRunner.java:51) ~[!/:0.0.1-SNAPSHOT]
	at org.springframework.boot.SpringApplication.lambda$callRunner$0(SpringApplication.java:788) ~[spring-boot-4.0.1.jar!/:4.0.1]
	at org.springframework.util.function.ThrowingConsumer$1.acceptWithException(ThrowingConsumer.java:82) ~[spring-core-7.0.2.jar!/:7.0.2]
	at org.springframework.util.function.ThrowingConsumer.accept(ThrowingConsumer.java:60) ~[spring-core-7.0.2.jar!/:7.0.2]
	at org.springframework.util.function.ThrowingConsumer$1.accept(ThrowingConsumer.java:86) ~[spring-core-7.0.2.jar!/:7.0.2]
	at org.springframework.boot.SpringApplication.callRunner(SpringApplication.java:800) ~[spring-boot-4.0.1.jar!/:4.0.1]
	at org.springframework.boot.SpringApplication.callRunner(SpringApplication.java:788) ~[spring-boot-4.0.1.jar!/:4.0.1]
	at org.springframework.boot.SpringApplication.lambda$callRunners$0(SpringApplication.java:776) ~[spring-boot-4.0.1.jar!/:4.0.1]
	at java.base/java.util.stream.ForEachOps$ForEachOp$OfRef.accept(ForEachOps.java:184) ~[na:na]
	at java.base/java.util.stream.SortedOps$SizedRefSortingSink.end(SortedOps.java:357) ~[na:na]
	at java.base/java.util.stream.AbstractPipeline.copyInto(AbstractPipeline.java:510) ~[na:na]
	at java.base/java.util.stream.AbstractPipeline.wrapAndCopyInto(AbstractPipeline.java:499) ~[na:na]
	at java.base/java.util.stream.ForEachOps$ForEachOp.evaluateSequential(ForEachOps.java:151) ~[na:na]
	at java.base/java.util.stream.ForEachOps$ForEachOp$OfRef.evaluateSequential(ForEachOps.java:174) ~[na:na]
	at java.base/java.util.stream.AbstractPipeline.evaluate(AbstractPipeline.java:234) ~[na:na]
	at java.base/java.util.stream.ReferencePipeline.forEach(ReferencePipeline.java:596) ~[na:na]
	at org.springframework.boot.SpringApplication.callRunners(SpringApplication.java:776) ~[spring-boot-4.0.1.jar!/:4.0.1]
	at org.springframework.boot.SpringApplication.run(SpringApplication.java:328) ~[spring-boot-4.0.1.jar!/:4.0.1]
	at org.springframework.boot.SpringApplication.run(SpringApplication.java:1365) ~[spring-boot-4.0.1.jar!/:4.0.1]
	at org.springframework.boot.SpringApplication.run(SpringApplication.java:1354) ~[spring-boot-4.0.1.jar!/:4.0.1]
	at com.DOCKin.DocKinSpringApplication.main(DocKinSpringApplication.java:23) ~[!/:0.0.1-SNAPSHOT]
	at java.base/jdk.internal.reflect.DirectMethodHandleAccessor.invoke(DirectMethodHandleAccessor.java:103) ~[na:na]
	at java.base/java.lang.reflect.Method.invoke(Method.java:580) ~[na:na]
	at org.springframework.boot.loader.launch.Launcher.launch(Launcher.java:106) ~[app.jar:0.0.1-SNAPSHOT]
	at org.springframework.boot.loader.launch.Launcher.launch(Launcher.java:64) ~[app.jar:0.0.1-SNAPSHOT]
	at org.springframework.boot.loader.launch.JarLauncher.main(JarLauncher.java:40) ~[app.jar:0.0.1-SNAPSHOT]

2026-08-13T03:01:53.530+09:00 ERROR [] 1 --- [DOCKin-spring] [           main] o.s.t.i.TransactionInterceptor           : Application exception overridden by rollback exception

com.DOCKin.global.error.BusinessException: 임베딩 서버 호출에 실패했습니다.
	at com.DOCKin.rag.service.EmbeddingClient.call(EmbeddingClient.java:119) ~[!/:0.0.1-SNAPSHOT]
	at com.DOCKin.rag.service.EmbeddingClient.embedPassages(EmbeddingClient.java:82) ~[!/:0.0.1-SNAPSHOT]
	at com.DOCKin.rag.service.ChunkIndexWriter.flush(ChunkIndexWriter.java:96) ~[!/:0.0.1-SNAPSHOT]
	at com.DOCKin.rag.service.ChunkIndexWriter.writePage(ChunkIndexWriter.java:56) ~[!/:0.0.1-SNAPSHOT]
	at java.base/jdk.internal.reflect.DirectMethodHandleAccessor.invoke(DirectMethodHandleAccessor.java:103) ~[na:na]
	at java.base/java.lang.reflect.Method.invoke(Method.java:580) ~[na:na]
	at org.springframework.aop.support.AopUtils.invokeJoinpointUsingReflection(AopUtils.java:359) ~[spring-aop-7.0.2.jar!/:7.0.2]
	at org.springframework.aop.framework.ReflectiveMethodInvocation.invokeJoinpoint(ReflectiveMethodInvocation.java:190) ~[spring-aop-7.0.2.jar!/:7.0.2]
	at org.springframework.aop.framework.ReflectiveMethodInvocation.proceed(ReflectiveMethodInvocation.java:158) ~[spring-aop-7.0.2.jar!/:7.0.2]
	at org.springframework.transaction.interceptor.TransactionAspectSupport.invokeWithinTransaction(TransactionAspectSupport.java:370) ~[spring-tx-7.0.2.jar!/:7.0.2]
	at org.springframework.transaction.interceptor.TransactionInterceptor.invoke(TransactionInterceptor.java:118) ~[spring-tx-7.0.2.jar!/:7.0.2]
	at org.springframework.aop.framework.ReflectiveMethodInvocation.proceed(ReflectiveMethodInvocation.java:179) ~[spring-aop-7.0.2.jar!/:7.0.2]
	at org.springframework.aop.framework.CglibAopProxy$DynamicAdvisedInterceptor.intercept(CglibAopProxy.java:719) ~[spring-aop-7.0.2.jar!/:7.0.2]
	at com.DOCKin.rag.service.ChunkIndexWriter$$SpringCGLIB$$0.writePage(<generated>) ~[!/:0.0.1-SNAPSHOT]
	at com.DOCKin.rag.service.IndexingService.indexWorkLogs(IndexingService.java:152) ~[!/:0.0.1-SNAPSHOT]
	at com.DOCKin.rag.service.IndexingService.indexAll(IndexingService.java:117) ~[!/:0.0.1-SNAPSHOT]
	at com.DOCKin.rag.service.SeedIndexingRunner.run(SeedIndexingRunner.java:51) ~[!/:0.0.1-SNAPSHOT]
	at org.springframework.boot.SpringApplication.lambda$callRunner$0(SpringApplication.java:788) ~[spring-boot-4.0.1.jar!/:4.0.1]
	at org.springframework.util.function.ThrowingConsumer$1.acceptWithException(ThrowingConsumer.java:82) ~[spring-core-7.0.2.jar!/:7.0.2]
	at org.springframework.util.function.ThrowingConsumer.accept(ThrowingConsumer.java:60) ~[spring-core-7.0.2.jar!/:7.0.2]
	at org.springframework.util.function.ThrowingConsumer$1.accept(ThrowingConsumer.java:86) ~[spring-core-7.0.2.jar!/:7.0.2]
	at org.springframework.boot.SpringApplication.callRunner(SpringApplication.java:800) ~[spring-boot-4.0.1.jar!/:4.0.1]
	at org.springframework.boot.SpringApplication.callRunner(SpringApplication.java:788) ~[spring-boot-4.0.1.jar!/:4.0.1]
	at org.springframework.boot.SpringApplication.lambda$callRunners$0(SpringApplication.java:776) ~[spring-boot-4.0.1.jar!/:4.0.1]
	at java.base/java.util.stream.ForEachOps$ForEachOp$OfRef.accept(ForEachOps.java:184) ~[na:na]
	at java.base/java.util.stream.SortedOps$SizedRefSortingSink.end(SortedOps.java:357) ~[na:na]
	at java.base/java.util.stream.AbstractPipeline.copyInto(AbstractPipeline.java:510) ~[na:na]
	at java.base/java.util.stream.AbstractPipeline.wrapAndCopyInto(AbstractPipeline.java:499) ~[na:na]
	at java.base/java.util.stream.ForEachOps$ForEachOp.evaluateSequential(ForEachOps.java:151) ~[na:na]
	at java.base/java.util.stream.ForEachOps$ForEachOp$OfRef.evaluateSequential(ForEachOps.java:174) ~[na:na]
	at java.base/java.util.stream.AbstractPipeline.evaluate(AbstractPipeline.java:234) ~[na:na]
	at java.base/java.util.stream.ReferencePipeline.forEach(ReferencePipeline.java:596) ~[na:na]
	at org.springframework.boot.SpringApplication.callRunners(SpringApplication.java:776) ~[spring-boot-4.0.1.jar!/:4.0.1]
	at org.springframework.boot.SpringApplication.run(SpringApplication.java:328) ~[spring-boot-4.0.1.jar!/:4.0.1]
	at org.springframework.boot.SpringApplication.run(SpringApplication.java:1365) ~[spring-boot-4.0.1.jar!/:4.0.1]
	at org.springframework.boot.SpringApplication.run(SpringApplication.java:1354) ~[spring-boot-4.0.1.jar!/:4.0.1]
	at com.DOCKin.DocKinSpringApplication.main(DocKinSpringApplication.java:23) ~[!/:0.0.1-SNAPSHOT]
	at java.base/jdk.internal.reflect.DirectMethodHandleAccessor.invoke(DirectMethodHandleAccessor.java:103) ~[na:na]
	at java.base/java.lang.reflect.Method.invoke(Method.java:580) ~[na:na]
	at org.springframework.boot.loader.launch.Launcher.launch(Launcher.java:106) ~[app.jar:0.0.1-SNAPSHOT]
	at org.springframework.boot.loader.launch.Launcher.launch(Launcher.java:64) ~[app.jar:0.0.1-SNAPSHOT]
	at org.springframework.boot.loader.launch.JarLauncher.main(JarLauncher.java:40) ~[app.jar:0.0.1-SNAPSHOT]

2026-08-13T03:01:53.530+09:00 ERROR [] 1 --- [DOCKin-spring] [           main] com.DOCKin.rag.service.IndexingService   : [RAG] 인덱싱 중단 - 신규 임베딩 1436건까지 반영됨: Hibernate transaction: Unable to rollback against JDBC Connection; FATAL: terminating connection due to administrator command

org.springframework.dao.DataAccessResourceFailureException: Hibernate transaction: Unable to rollback against JDBC Connection; FATAL: terminating connection due to administrator command
	at org.springframework.jdbc.support.SQLStateSQLExceptionTranslator.doTranslate(SQLStateSQLExceptionTranslator.java:152) ~[spring-jdbc-7.0.2.jar!/:7.0.2]
	at org.springframework.jdbc.support.AbstractFallbackSQLExceptionTranslator.translate(AbstractFallbackSQLExceptionTranslator.java:102) ~[spring-jdbc-7.0.2.jar!/:7.0.2]
	at org.springframework.jdbc.support.AbstractFallbackSQLExceptionTranslator.translate(AbstractFallbackSQLExceptionTranslator.java:111) ~[spring-jdbc-7.0.2.jar!/:7.0.2]
	at org.springframework.orm.jpa.hibernate.HibernateExceptionTranslator.convertHibernateAccessException(HibernateExceptionTranslator.java:144) ~[spring-orm-7.0.2.jar!/:7.0.2]
	at org.springframework.orm.jpa.hibernate.HibernateExceptionTranslator.convertHibernateAccessException(HibernateExceptionTranslator.java:131) ~[spring-orm-7.0.2.jar!/:7.0.2]
	at org.springframework.orm.jpa.hibernate.HibernateExceptionTranslator.translateExceptionIfPossible(HibernateExceptionTranslator.java:105) ~[spring-orm-7.0.2.jar!/:7.0.2]
	at org.springframework.orm.jpa.vendor.HibernateJpaDialect.translateExceptionIfPossible(HibernateJpaDialect.java:199) ~[spring-orm-7.0.2.jar!/:7.0.2]
	at org.springframework.orm.jpa.JpaTransactionManager.doRollback(JpaTransactionManager.java:584) ~[spring-orm-7.0.2.jar!/:7.0.2]
	at org.springframework.transaction.support.AbstractPlatformTransactionManager.processRollback(AbstractPlatformTransactionManager.java:896) ~[spring-tx-7.0.2.jar!/:7.0.2]
	at org.springframework.transaction.support.AbstractPlatformTransactionManager.rollback(AbstractPlatformTransactionManager.java:865) ~[spring-tx-7.0.2.jar!/:7.0.2]
	at org.springframework.transaction.interceptor.TransactionAspectSupport.completeTransactionAfterThrowing(TransactionAspectSupport.java:702) ~[spring-tx-7.0.2.jar!/:7.0.2]
	at org.springframework.transaction.interceptor.TransactionAspectSupport.invokeWithinTransaction(TransactionAspectSupport.java:374) ~[spring-tx-7.0.2.jar!/:7.0.2]
	at org.springframework.transaction.interceptor.TransactionInterceptor.invoke(TransactionInterceptor.java:118) ~[spring-tx-7.0.2.jar!/:7.0.2]
	at org.springframework.aop.framework.ReflectiveMethodInvocation.proceed(ReflectiveMethodInvocation.java:179) ~[spring-aop-7.0.2.jar!/:7.0.2]
	at org.springframework.aop.framework.CglibAopProxy$DynamicAdvisedInterceptor.intercept(CglibAopProxy.java:719) ~[spring-aop-7.0.2.jar!/:7.0.2]
	at com.DOCKin.rag.service.ChunkIndexWriter$$SpringCGLIB$$0.writePage(<generated>) ~[!/:0.0.1-SNAPSHOT]
	at com.DOCKin.rag.service.IndexingService.indexWorkLogs(IndexingService.java:152) ~[!/:0.0.1-SNAPSHOT]
	at com.DOCKin.rag.service.IndexingService.indexAll(IndexingService.java:117) ~[!/:0.0.1-SNAPSHOT]
	at com.DOCKin.rag.service.SeedIndexingRunner.run(SeedIndexingRunner.java:51) ~[!/:0.0.1-SNAPSHOT]
	at org.springframework.boot.SpringApplication.lambda$callRunner$0(SpringApplication.java:788) ~[spring-boot-4.0.1.jar!/:4.0.1]
	at org.springframework.util.function.ThrowingConsumer$1.acceptWithException(ThrowingConsumer.java:82) ~[spring-core-7.0.2.jar!/:7.0.2]
	at org.springframework.util.function.ThrowingConsumer.accept(ThrowingConsumer.java:60) ~[spring-core-7.0.2.jar!/:7.0.2]
	at org.springframework.util.function.ThrowingConsumer$1.accept(ThrowingConsumer.java:86) ~[spring-core-7.0.2.jar!/:7.0.2]
	at org.springframework.boot.SpringApplication.callRunner(SpringApplication.java:800) ~[spring-boot-4.0.1.jar!/:4.0.1]
	at org.springframework.boot.SpringApplication.callRunner(SpringApplication.java:788) ~[spring-boot-4.0.1.jar!/:4.0.1]
	at org.springframework.boot.SpringApplication.lambda$callRunners$0(SpringApplication.java:776) ~[spring-boot-4.0.1.jar!/:4.0.1]
	at java.base/java.util.stream.ForEachOps$ForEachOp$OfRef.accept(ForEachOps.java:184) ~[na:na]
	at java.base/java.util.stream.SortedOps$SizedRefSortingSink.end(SortedOps.java:357) ~[na:na]
	at java.base/java.util.stream.AbstractPipeline.copyInto(AbstractPipeline.java:510) ~[na:na]
	at java.base/java.util.stream.AbstractPipeline.wrapAndCopyInto(AbstractPipeline.java:499) ~[na:na]
	at java.base/java.util.stream.ForEachOps$ForEachOp.evaluateSequential(ForEachOps.java:151) ~[na:na]
	at java.base/java.util.stream.ForEachOps$ForEachOp$OfRef.evaluateSequential(ForEachOps.java:174) ~[na:na]
	at java.base/java.util.stream.AbstractPipeline.evaluate(AbstractPipeline.java:234) ~[na:na]
	at java.base/java.util.stream.ReferencePipeline.forEach(ReferencePipeline.java:596) ~[na:na]
	at org.springframework.boot.SpringApplication.callRunners(SpringApplication.java:776) ~[spring-boot-4.0.1.jar!/:4.0.1]
	at org.springframework.boot.SpringApplication.run(SpringApplication.java:328) ~[spring-boot-4.0.1.jar!/:4.0.1]
	at org.springframework.boot.SpringApplication.run(SpringApplication.java:1365) ~[spring-boot-4.0.1.jar!/:4.0.1]
	at org.springframework.boot.SpringApplication.run(SpringApplication.java:1354) ~[spring-boot-4.0.1.jar!/:4.0.1]
	at com.DOCKin.DocKinSpringApplication.main(DocKinSpringApplication.java:23) ~[!/:0.0.1-SNAPSHOT]
	at java.base/jdk.internal.reflect.DirectMethodHandleAccessor.invoke(DirectMethodHandleAccessor.java:103) ~[na:na]
	at java.base/java.lang.reflect.Method.invoke(Method.java:580) ~[na:na]
	at org.springframework.boot.loader.launch.Launcher.launch(Launcher.java:106) ~[app.jar:0.0.1-SNAPSHOT]
	at org.springframework.boot.loader.launch.Launcher.launch(Launcher.java:64) ~[app.jar:0.0.1-SNAPSHOT]
	at org.springframework.boot.loader.launch.JarLauncher.main(JarLauncher.java:40) ~[app.jar:0.0.1-SNAPSHOT]
Caused by: org.postgresql.util.PSQLException: FATAL: terminating connection due to administrator command
	at org.postgresql.core.v3.QueryExecutorImpl.receiveErrorResponse(QueryExecutorImpl.java:2736) ~[postgresql-42.7.8.jar!/:42.7.8]
	at org.postgresql.core.v3.QueryExecutorImpl.processResults(QueryExecutorImpl.java:2421) ~[postgresql-42.7.8.jar!/:42.7.8]
	at org.postgresql.core.v3.QueryExecutorImpl.execute(QueryExecutorImpl.java:372) ~[postgresql-42.7.8.jar!/:42.7.8]
	at org.postgresql.core.v3.QueryExecutorImpl.execute(QueryExecutorImpl.java:330) ~[postgresql-42.7.8.jar!/:42.7.8]
	at org.postgresql.jdbc.PgConnection.executeTransactionCommand(PgConnection.java:987) ~[postgresql-42.7.8.jar!/:42.7.8]
	at org.postgresql.jdbc.PgConnection.rollback(PgConnection.java:1030) ~[postgresql-42.7.8.jar!/:42.7.8]
	at com.zaxxer.hikari.pool.ProxyConnection.rollback(ProxyConnection.java:386) ~[HikariCP-7.0.2.jar!/:na]
	at com.zaxxer.hikari.pool.HikariProxyConnection.rollback(HikariProxyConnection.java) ~[HikariCP-7.0.2.jar!/:na]
	at org.hibernate.resource.jdbc.internal.AbstractLogicalConnectionImplementor.rollback(AbstractLogicalConnectionImplementor.java:123) ~[hibernate-core-7.2.0.Final.jar!/:7.2.0.Final]
	at org.hibernate.resource.transaction.backend.jdbc.internal.JdbcResourceLocalTransactionCoordinatorImpl$TransactionDriverControlImpl.rollback(JdbcResourceLocalTransactionCoordinatorImpl.java:282) ~[hibernate-core-7.2.0.Final.jar!/:7.2.0.Final]
	at org.hibernate.engine.transaction.internal.TransactionImpl.rollback(TransactionImpl.java:123) ~[hibernate-core-7.2.0.Final.jar!/:7.2.0.Final]
	at org.springframework.orm.jpa.JpaTransactionManager.doRollback(JpaTransactionManager.java:580) ~[spring-orm-7.0.2.jar!/:7.0.2]
	... 36 common frames omitted

2026-08-13T03:01:53.532+09:00  WARN [] 1 --- [DOCKin-spring] [           main] com.zaxxer.hikari.pool.PoolBase          : HikariPool-1 - Failed to validate connection org.postgresql.jdbc.PgConnection@6236d0fb (This connection has been closed.). Possibly consider using a shorter maxLifetime value.
2026-08-13T03:01:53.532+09:00  WARN [] 1 --- [DOCKin-spring] [           main] com.zaxxer.hikari.pool.PoolBase          : HikariPool-1 - Failed to validate connection org.postgresql.jdbc.PgConnection@15145c98 (This connection has been closed.). Possibly consider using a shorter maxLifetime value.
2026-08-13T03:01:53.532+09:00  WARN [] 1 --- [DOCKin-spring] [           main] com.zaxxer.hikari.pool.PoolBase          : HikariPool-1 - Failed to validate connection org.postgresql.jdbc.PgConnection@618bb294 (This connection has been closed.). Possibly consider using a shorter maxLifetime value.
2026-08-13T03:01:53.532+09:00  WARN [] 1 --- [DOCKin-spring] [           main] com.zaxxer.hikari.pool.PoolBase          : HikariPool-1 - Failed to validate connection org.postgresql.jdbc.PgConnection@381a28d5 (This connection has been closed.). Possibly consider using a shorter maxLifetime value.
2026-08-13T03:01:53.532+09:00  WARN [] 1 --- [DOCKin-spring] [           main] com.zaxxer.hikari.pool.PoolBase          : HikariPool-1 - Failed to validate connection org.postgresql.jdbc.PgConnection@6c7f9625 (This connection has been closed.). Possibly consider using a shorter maxLifetime value.
2026-08-13T03:01:53.533+09:00  WARN [] 1 --- [DOCKin-spring] [           main] com.zaxxer.hikari.pool.PoolBase          : HikariPool-1 - Failed to validate connection org.postgresql.jdbc.PgConnection@5b38e7ae (This connection has been closed.). Possibly consider using a shorter maxLifetime value.
2026-08-13T03:01:53.533+09:00  WARN [] 1 --- [DOCKin-spring] [           main] com.zaxxer.hikari.pool.PoolBase          : HikariPool-1 - Failed to validate connection org.postgresql.jdbc.PgConnection@671be14f (This connection has been closed.). Possibly consider using a shorter maxLifetime value.
2026-08-13T03:01:53.533+09:00  WARN [] 1 --- [DOCKin-spring] [           main] com.zaxxer.hikari.pool.PoolBase          : HikariPool-1 - Failed to validate connection org.postgresql.jdbc.PgConnection@eae31f9 (This connection has been closed.). Possibly consider using a shorter maxLifetime value.
2026-08-13T03:01:53.533+09:00  WARN [] 1 --- [DOCKin-spring] [           main] com.zaxxer.hikari.pool.PoolBase          : HikariPool-1 - Failed to validate connection org.postgresql.jdbc.PgConnection@1e7050b7 (This connection has been closed.). Possibly consider using a shorter maxLifetime value.
2026-08-13T03:01:55.529+09:00  INFO [] 1 --- [DOCKin-spring] [ionShutdownHook] j.LocalContainerEntityManagerFactoryBean : Closing JPA EntityManagerFactory for persistence unit 'default'
2026-08-13T03:01:55.531+09:00  INFO [] 1 --- [DOCKin-spring] [ionShutdownHook] com.zaxxer.hikari.HikariDataSource       : HikariPool-1 - Shutdown initiated...
2026-08-13T03:01:56.087+09:00  INFO [] 1 --- [DOCKin-spring] [ionShutdownHook] com.zaxxer.hikari.HikariDataSource       : HikariPool-1 - Shutdown completed.

  .   ____          _            __ _ _
 /\\ / ___'_ __ _ _(_)_ __  __ _ \ \ \ \
( ( )\___ | '_ | '_| | '_ \/ _` | \ \ \ \
 \\/  ___)| |_)| | | | | || (_| |  ) ) ) )
  '  |____| .__|_| |_|_| |_\__, | / / / /
 =========|_|==============|___/=/_/_/_/

 :: Spring Boot ::                (v4.0.1)

2026-08-13T11:38:44.898+09:00  INFO [] 1 --- [DOCKin-spring] [           main] com.DOCKin.DocKinSpringApplication       : Starting DocKinSpringApplication v0.0.1-SNAPSHOT using Java 21.0.12 with PID 1 (/app.jar started by root in /)
2026-08-13T11:38:44.902+09:00  INFO [] 1 --- [DOCKin-spring] [           main] com.DOCKin.DocKinSpringApplication       : The following 2 profiles are active: "secret", "seed"
2026-08-13T11:38:48.630+09:00  INFO [] 1 --- [DOCKin-spring] [           main] .s.d.r.c.RepositoryConfigurationDelegate : Bootstrapping Spring Data JPA repositories in DEFAULT mode.
2026-08-13T11:38:49.030+09:00  INFO [] 1 --- [DOCKin-spring] [           main] .s.d.r.c.RepositoryConfigurationDelegate : Finished Spring Data repository scanning in 389 ms. Found 20 JPA repository interfaces.
2026-08-13T11:38:51.030+09:00  INFO [] 1 --- [DOCKin-spring] [           main] o.s.boot.tomcat.TomcatWebServer          : Tomcat initialized with port 8080 (http)
2026-08-13T11:38:51.048+09:00  INFO [] 1 --- [DOCKin-spring] [           main] o.apache.catalina.core.StandardService   : Starting service [Tomcat]
2026-08-13T11:38:51.049+09:00  INFO [] 1 --- [DOCKin-spring] [           main] o.apache.catalina.core.StandardEngine    : Starting Servlet engine: [Apache Tomcat/11.0.15]
2026-08-13T11:38:51.236+09:00  INFO [] 1 --- [DOCKin-spring] [           main] b.w.c.s.WebApplicationContextInitializer : Root WebApplicationContext: initialization completed in 6218 ms
2026-08-13T11:38:52.651+09:00  INFO [] 1 --- [DOCKin-spring] [           main] com.zaxxer.hikari.HikariDataSource       : HikariPool-1 - Starting...
2026-08-13T11:39:22.855+09:00  WARN [] 1 --- [DOCKin-spring] [           main] ConfigServletWebServerApplicationContext : Exception encountered during context initialization - cancelling refresh attempt: org.springframework.beans.factory.BeanCreationException: Error creating bean with name 'entityManagerFactory' defined in class path resource [org/springframework/boot/hibernate/autoconfigure/HibernateJpaConfiguration.class]: Failed to initialize dependency 'flywayInitializer' of LoadTimeWeaverAware bean 'entityManagerFactory': Error creating bean with name 'flywayInitializer' defined in class path resource [org/springframework/boot/flyway/autoconfigure/FlywayAutoConfiguration$FlywayConfiguration.class]: Unable to obtain connection from database: The connection attempt failed.
-------------------------------------------------------------------------
SQL State  : 08001
Error Code : 0
Message    : The connection attempt failed.

2026-08-13T11:39:22.859+09:00  INFO [] 1 --- [DOCKin-spring] [           main] o.apache.catalina.core.StandardService   : Stopping service [Tomcat]
2026-08-13T11:39:22.876+09:00  INFO [] 1 --- [DOCKin-spring] [           main] .s.b.a.l.ConditionEvaluationReportLogger : 

Error starting ApplicationContext. To display the condition evaluation report re-run your application with 'debug' enabled.
2026-08-13T11:39:22.893+09:00 ERROR [] 1 --- [DOCKin-spring] [           main] o.s.boot.SpringApplication               : Application run failed

org.springframework.beans.factory.BeanCreationException: Error creating bean with name 'entityManagerFactory' defined in class path resource [org/springframework/boot/hibernate/autoconfigure/HibernateJpaConfiguration.class]: Failed to initialize dependency 'flywayInitializer' of LoadTimeWeaverAware bean 'entityManagerFactory': Error creating bean with name 'flywayInitializer' defined in class path resource [org/springframework/boot/flyway/autoconfigure/FlywayAutoConfiguration$FlywayConfiguration.class]: Unable to obtain connection from database: The connection attempt failed.
-------------------------------------------------------------------------
SQL State  : 08001
Error Code : 0
Message    : The connection attempt failed.

	at org.springframework.beans.factory.support.AbstractBeanFactory.doGetBean(AbstractBeanFactory.java:322) ~[spring-beans-7.0.2.jar!/:7.0.2]
	at org.springframework.beans.factory.support.AbstractBeanFactory.getBean(AbstractBeanFactory.java:201) ~[spring-beans-7.0.2.jar!/:7.0.2]
	at org.springframework.context.support.AbstractApplicationContext.finishBeanFactoryInitialization(AbstractApplicationContext.java:976) ~[spring-context-7.0.2.jar!/:7.0.2]
	at org.springframework.context.support.AbstractApplicationContext.refresh(AbstractApplicationContext.java:620) ~[spring-context-7.0.2.jar!/:7.0.2]
	at org.springframework.boot.web.server.servlet.context.ServletWebServerApplicationContext.refresh(ServletWebServerApplicationContext.java:143) ~[spring-boot-web-server-4.0.1.jar!/:4.0.1]
	at org.springframework.boot.SpringApplication.refresh(SpringApplication.java:756) ~[spring-boot-4.0.1.jar!/:4.0.1]
	at org.springframework.boot.SpringApplication.refreshContext(SpringApplication.java:445) ~[spring-boot-4.0.1.jar!/:4.0.1]
	at org.springframework.boot.SpringApplication.run(SpringApplication.java:321) ~[spring-boot-4.0.1.jar!/:4.0.1]
	at org.springframework.boot.SpringApplication.run(SpringApplication.java:1365) ~[spring-boot-4.0.1.jar!/:4.0.1]
	at org.springframework.boot.SpringApplication.run(SpringApplication.java:1354) ~[spring-boot-4.0.1.jar!/:4.0.1]
	at com.DOCKin.DocKinSpringApplication.main(DocKinSpringApplication.java:23) ~[!/:0.0.1-SNAPSHOT]
	at java.base/jdk.internal.reflect.DirectMethodHandleAccessor.invoke(DirectMethodHandleAccessor.java:103) ~[na:na]
	at java.base/java.lang.reflect.Method.invoke(Method.java:580) ~[na:na]
	at org.springframework.boot.loader.launch.Launcher.launch(Launcher.java:106) ~[app.jar:0.0.1-SNAPSHOT]
	at org.springframework.boot.loader.launch.Launcher.launch(Launcher.java:64) ~[app.jar:0.0.1-SNAPSHOT]
	at org.springframework.boot.loader.launch.JarLauncher.main(JarLauncher.java:40) ~[app.jar:0.0.1-SNAPSHOT]
Caused by: org.springframework.beans.factory.BeanCreationException: Error creating bean with name 'flywayInitializer' defined in class path resource [org/springframework/boot/flyway/autoconfigure/FlywayAutoConfiguration$FlywayConfiguration.class]: Unable to obtain connection from database: The connection attempt failed.
-------------------------------------------------------------------------
SQL State  : 08001
Error Code : 0
Message    : The connection attempt failed.

	at org.springframework.beans.factory.support.AbstractAutowireCapableBeanFactory.initializeBean(AbstractAutowireCapableBeanFactory.java:1817) ~[spring-beans-7.0.2.jar!/:7.0.2]
	at org.springframework.beans.factory.support.AbstractAutowireCapableBeanFactory.doCreateBean(AbstractAutowireCapableBeanFactory.java:603) ~[spring-beans-7.0.2.jar!/:7.0.2]
	at org.springframework.beans.factory.support.AbstractAutowireCapableBeanFactory.createBean(AbstractAutowireCapableBeanFactory.java:525) ~[spring-beans-7.0.2.jar!/:7.0.2]
	at org.springframework.beans.factory.support.AbstractBeanFactory.lambda$doGetBean$0(AbstractBeanFactory.java:333) ~[spring-beans-7.0.2.jar!/:7.0.2]
	at org.springframework.beans.factory.support.DefaultSingletonBeanRegistry.getSingleton(DefaultSingletonBeanRegistry.java:371) ~[spring-beans-7.0.2.jar!/:7.0.2]
	at org.springframework.beans.factory.support.AbstractBeanFactory.doGetBean(AbstractBeanFactory.java:331) ~[spring-beans-7.0.2.jar!/:7.0.2]
	at org.springframework.beans.factory.support.AbstractBeanFactory.getBean(AbstractBeanFactory.java:196) ~[spring-beans-7.0.2.jar!/:7.0.2]
	at org.springframework.beans.factory.support.AbstractBeanFactory.doGetBean(AbstractBeanFactory.java:309) ~[spring-beans-7.0.2.jar!/:7.0.2]
	... 15 common frames omitted
Caused by: org.flywaydb.core.internal.exception.sqlExceptions.FlywaySqlUnableToConnectToDbException: Unable to obtain connection from database: The connection attempt failed.
-------------------------------------------------------------------------
SQL State  : 08001
Error Code : 0
Message    : The connection attempt failed.

	at org.flywaydb.core.internal.jdbc.JdbcUtils.openConnection(JdbcUtils.java:70) ~[flyway-core-11.14.1.jar!/:na]
	at org.flywaydb.core.internal.jdbc.JdbcConnectionFactory.<init>(JdbcConnectionFactory.java:76) ~[flyway-core-11.14.1.jar!/:na]
	at org.flywaydb.core.FlywayExecutor.execute(FlywayExecutor.java:142) ~[flyway-core-11.14.1.jar!/:na]
	at org.flywaydb.core.Flyway.migrate(Flyway.java:186) ~[flyway-core-11.14.1.jar!/:na]
	at org.springframework.boot.flyway.autoconfigure.FlywayMigrationInitializer.afterPropertiesSet(FlywayMigrationInitializer.java:67) ~[spring-boot-flyway-4.0.1.jar!/:4.0.1]
	at org.springframework.beans.factory.support.AbstractAutowireCapableBeanFactory.invokeInitMethods(AbstractAutowireCapableBeanFactory.java:1864) ~[spring-beans-7.0.2.jar!/:7.0.2]
	at org.springframework.beans.factory.support.AbstractAutowireCapableBeanFactory.initializeBean(AbstractAutowireCapableBeanFactory.java:1813) ~[spring-beans-7.0.2.jar!/:7.0.2]
	... 22 common frames omitted
Caused by: org.postgresql.util.PSQLException: The connection attempt failed.
	at org.postgresql.core.v3.ConnectionFactoryImpl.openConnectionImpl(ConnectionFactoryImpl.java:385) ~[postgresql-42.7.8.jar!/:42.7.8]
	at org.postgresql.core.ConnectionFactory.openConnection(ConnectionFactory.java:57) ~[postgresql-42.7.8.jar!/:42.7.8]
	at org.postgresql.jdbc.PgConnection.<init>(PgConnection.java:279) ~[postgresql-42.7.8.jar!/:42.7.8]
	at org.postgresql.Driver.makeConnection(Driver.java:448) ~[postgresql-42.7.8.jar!/:42.7.8]
	at org.postgresql.Driver.connect(Driver.java:298) ~[postgresql-42.7.8.jar!/:42.7.8]
	at com.zaxxer.hikari.util.DriverDataSource.getConnection(DriverDataSource.java:144) ~[HikariCP-7.0.2.jar!/:na]
	at com.zaxxer.hikari.pool.PoolBase.newConnection(PoolBase.java:373) ~[HikariCP-7.0.2.jar!/:na]
	at com.zaxxer.hikari.pool.PoolBase.newPoolEntry(PoolBase.java:210) ~[HikariCP-7.0.2.jar!/:na]
	at com.zaxxer.hikari.pool.HikariPool.createPoolEntry(HikariPool.java:488) ~[HikariCP-7.0.2.jar!/:na]
	at com.zaxxer.hikari.pool.HikariPool.checkFailFast(HikariPool.java:576) ~[HikariCP-7.0.2.jar!/:na]
	at com.zaxxer.hikari.pool.HikariPool.<init>(HikariPool.java:97) ~[HikariCP-7.0.2.jar!/:na]
	at com.zaxxer.hikari.HikariDataSource.getConnection(HikariDataSource.java:111) ~[HikariCP-7.0.2.jar!/:na]
	at org.flywaydb.core.internal.jdbc.JdbcUtils.openConnection(JdbcUtils.java:65) ~[flyway-core-11.14.1.jar!/:na]
	... 28 common frames omitted
Caused by: java.net.UnknownHostException: DOCKin-DB
	at java.base/sun.nio.ch.NioSocketImpl.connect(NioSocketImpl.java:567) ~[na:na]
	at java.base/java.net.SocksSocketImpl.connect(SocksSocketImpl.java:327) ~[na:na]
	at java.base/java.net.Socket.connect(Socket.java:751) ~[na:na]
	at org.postgresql.core.PGStream.createSocket(PGStream.java:261) ~[postgresql-42.7.8.jar!/:42.7.8]
	at org.postgresql.core.PGStream.<init>(PGStream.java:122) ~[postgresql-42.7.8.jar!/:42.7.8]
	at org.postgresql.core.v3.ConnectionFactoryImpl.tryConnect(ConnectionFactoryImpl.java:146) ~[postgresql-42.7.8.jar!/:42.7.8]
	at org.postgresql.core.v3.ConnectionFactoryImpl.openConnectionImpl(ConnectionFactoryImpl.java:289) ~[postgresql-42.7.8.jar!/:42.7.8]
	... 40 common frames omitted


  .   ____          _            __ _ _
 /\\ / ___'_ __ _ _(_)_ __  __ _ \ \ \ \
( ( )\___ | '_ | '_| | '_ \/ _` | \ \ \ \
 \\/  ___)| |_)| | | | | || (_| |  ) ) ) )
  '  |____| .__|_| |_|_| |_\__, | / / / /
 =========|_|==============|___/=/_/_/_/

 :: Spring Boot ::                (v4.0.1)

2026-08-13T11:39:26.142+09:00  INFO [] 1 --- [DOCKin-spring] [           main] com.DOCKin.DocKinSpringApplication       : Starting DocKinSpringApplication v0.0.1-SNAPSHOT using Java 21.0.12 with PID 1 (/app.jar started by root in /)
2026-08-13T11:39:26.148+09:00  INFO [] 1 --- [DOCKin-spring] [           main] com.DOCKin.DocKinSpringApplication       : The following 2 profiles are active: "secret", "seed"
2026-08-13T11:39:28.350+09:00  INFO [] 1 --- [DOCKin-spring] [           main] .s.d.r.c.RepositoryConfigurationDelegate : Bootstrapping Spring Data JPA repositories in DEFAULT mode.
2026-08-13T11:39:28.834+09:00  INFO [] 1 --- [DOCKin-spring] [           main] .s.d.r.c.RepositoryConfigurationDelegate : Finished Spring Data repository scanning in 477 ms. Found 20 JPA repository interfaces.
2026-08-13T11:39:30.645+09:00  INFO [] 1 --- [DOCKin-spring] [           main] o.s.boot.tomcat.TomcatWebServer          : Tomcat initialized with port 8080 (http)
2026-08-13T11:39:30.657+09:00  INFO [] 1 --- [DOCKin-spring] [           main] o.apache.catalina.core.StandardService   : Starting service [Tomcat]
2026-08-13T11:39:30.658+09:00  INFO [] 1 --- [DOCKin-spring] [           main] o.apache.catalina.core.StandardEngine    : Starting Servlet engine: [Apache Tomcat/11.0.15]
2026-08-13T11:39:30.831+09:00  INFO [] 1 --- [DOCKin-spring] [           main] b.w.c.s.WebApplicationContextInitializer : Root WebApplicationContext: initialization completed in 4578 ms
2026-08-13T11:39:32.034+09:00  INFO [] 1 --- [DOCKin-spring] [           main] com.zaxxer.hikari.HikariDataSource       : HikariPool-1 - Starting...
2026-08-13T11:40:02.147+09:00  WARN [] 1 --- [DOCKin-spring] [           main] ConfigServletWebServerApplicationContext : Exception encountered during context initialization - cancelling refresh attempt: org.springframework.beans.factory.BeanCreationException: Error creating bean with name 'entityManagerFactory' defined in class path resource [org/springframework/boot/hibernate/autoconfigure/HibernateJpaConfiguration.class]: Failed to initialize dependency 'flywayInitializer' of LoadTimeWeaverAware bean 'entityManagerFactory': Error creating bean with name 'flywayInitializer' defined in class path resource [org/springframework/boot/flyway/autoconfigure/FlywayAutoConfiguration$FlywayConfiguration.class]: Unable to obtain connection from database: The connection attempt failed.
-------------------------------------------------------------------------
SQL State  : 08001
Error Code : 0
Message    : The connection attempt failed.

2026-08-13T11:40:02.150+09:00  INFO [] 1 --- [DOCKin-spring] [           main] o.apache.catalina.core.StandardService   : Stopping service [Tomcat]
2026-08-13T11:40:02.159+09:00  INFO [] 1 --- [DOCKin-spring] [           main] .s.b.a.l.ConditionEvaluationReportLogger : 

Error starting ApplicationContext. To display the condition evaluation report re-run your application with 'debug' enabled.
2026-08-13T11:40:02.169+09:00 ERROR [] 1 --- [DOCKin-spring] [           main] o.s.boot.SpringApplication               : Application run failed

org.springframework.beans.factory.BeanCreationException: Error creating bean with name 'entityManagerFactory' defined in class path resource [org/springframework/boot/hibernate/autoconfigure/HibernateJpaConfiguration.class]: Failed to initialize dependency 'flywayInitializer' of LoadTimeWeaverAware bean 'entityManagerFactory': Error creating bean with name 'flywayInitializer' defined in class path resource [org/springframework/boot/flyway/autoconfigure/FlywayAutoConfiguration$FlywayConfiguration.class]: Unable to obtain connection from database: The connection attempt failed.
-------------------------------------------------------------------------
SQL State  : 08001
Error Code : 0
Message    : The connection attempt failed.

	at org.springframework.beans.factory.support.AbstractBeanFactory.doGetBean(AbstractBeanFactory.java:322) ~[spring-beans-7.0.2.jar!/:7.0.2]
	at org.springframework.beans.factory.support.AbstractBeanFactory.getBean(AbstractBeanFactory.java:201) ~[spring-beans-7.0.2.jar!/:7.0.2]
	at org.springframework.context.support.AbstractApplicationContext.finishBeanFactoryInitialization(AbstractApplicationContext.java:976) ~[spring-context-7.0.2.jar!/:7.0.2]
	at org.springframework.context.support.AbstractApplicationContext.refresh(AbstractApplicationContext.java:620) ~[spring-context-7.0.2.jar!/:7.0.2]
	at org.springframework.boot.web.server.servlet.context.ServletWebServerApplicationContext.refresh(ServletWebServerApplicationContext.java:143) ~[spring-boot-web-server-4.0.1.jar!/:4.0.1]
	at org.springframework.boot.SpringApplication.refresh(SpringApplication.java:756) ~[spring-boot-4.0.1.jar!/:4.0.1]
	at org.springframework.boot.SpringApplication.refreshContext(SpringApplication.java:445) ~[spring-boot-4.0.1.jar!/:4.0.1]
	at org.springframework.boot.SpringApplication.run(SpringApplication.java:321) ~[spring-boot-4.0.1.jar!/:4.0.1]
	at org.springframework.boot.SpringApplication.run(SpringApplication.java:1365) ~[spring-boot-4.0.1.jar!/:4.0.1]
	at org.springframework.boot.SpringApplication.run(SpringApplication.java:1354) ~[spring-boot-4.0.1.jar!/:4.0.1]
	at com.DOCKin.DocKinSpringApplication.main(DocKinSpringApplication.java:23) ~[!/:0.0.1-SNAPSHOT]
	at java.base/jdk.internal.reflect.DirectMethodHandleAccessor.invoke(DirectMethodHandleAccessor.java:103) ~[na:na]
	at java.base/java.lang.reflect.Method.invoke(Method.java:580) ~[na:na]
	at org.springframework.boot.loader.launch.Launcher.launch(Launcher.java:106) ~[app.jar:0.0.1-SNAPSHOT]
	at org.springframework.boot.loader.launch.Launcher.launch(Launcher.java:64) ~[app.jar:0.0.1-SNAPSHOT]
	at org.springframework.boot.loader.launch.JarLauncher.main(JarLauncher.java:40) ~[app.jar:0.0.1-SNAPSHOT]
Caused by: org.springframework.beans.factory.BeanCreationException: Error creating bean with name 'flywayInitializer' defined in class path resource [org/springframework/boot/flyway/autoconfigure/FlywayAutoConfiguration$FlywayConfiguration.class]: Unable to obtain connection from database: The connection attempt failed.
-------------------------------------------------------------------------
SQL State  : 08001
Error Code : 0
Message    : The connection attempt failed.

	at org.springframework.beans.factory.support.AbstractAutowireCapableBeanFactory.initializeBean(AbstractAutowireCapableBeanFactory.java:1817) ~[spring-beans-7.0.2.jar!/:7.0.2]
	at org.springframework.beans.factory.support.AbstractAutowireCapableBeanFactory.doCreateBean(AbstractAutowireCapableBeanFactory.java:603) ~[spring-beans-7.0.2.jar!/:7.0.2]
	at org.springframework.beans.factory.support.AbstractAutowireCapableBeanFactory.createBean(AbstractAutowireCapableBeanFactory.java:525) ~[spring-beans-7.0.2.jar!/:7.0.2]
	at org.springframework.beans.factory.support.AbstractBeanFactory.lambda$doGetBean$0(AbstractBeanFactory.java:333) ~[spring-beans-7.0.2.jar!/:7.0.2]
	at org.springframework.beans.factory.support.DefaultSingletonBeanRegistry.getSingleton(DefaultSingletonBeanRegistry.java:371) ~[spring-beans-7.0.2.jar!/:7.0.2]
	at org.springframework.beans.factory.support.AbstractBeanFactory.doGetBean(AbstractBeanFactory.java:331) ~[spring-beans-7.0.2.jar!/:7.0.2]
	at org.springframework.beans.factory.support.AbstractBeanFactory.getBean(AbstractBeanFactory.java:196) ~[spring-beans-7.0.2.jar!/:7.0.2]
	at org.springframework.beans.factory.support.AbstractBeanFactory.doGetBean(AbstractBeanFactory.java:309) ~[spring-beans-7.0.2.jar!/:7.0.2]
	... 15 common frames omitted
Caused by: org.flywaydb.core.internal.exception.sqlExceptions.FlywaySqlUnableToConnectToDbException: Unable to obtain connection from database: The connection attempt failed.
-------------------------------------------------------------------------
SQL State  : 08001
Error Code : 0
Message    : The connection attempt failed.

	at org.flywaydb.core.internal.jdbc.JdbcUtils.openConnection(JdbcUtils.java:70) ~[flyway-core-11.14.1.jar!/:na]
	at org.flywaydb.core.internal.jdbc.JdbcConnectionFactory.<init>(JdbcConnectionFactory.java:76) ~[flyway-core-11.14.1.jar!/:na]
	at org.flywaydb.core.FlywayExecutor.execute(FlywayExecutor.java:142) ~[flyway-core-11.14.1.jar!/:na]
	at org.flywaydb.core.Flyway.migrate(Flyway.java:186) ~[flyway-core-11.14.1.jar!/:na]
	at org.springframework.boot.flyway.autoconfigure.FlywayMigrationInitializer.afterPropertiesSet(FlywayMigrationInitializer.java:67) ~[spring-boot-flyway-4.0.1.jar!/:4.0.1]
	at org.springframework.beans.factory.support.AbstractAutowireCapableBeanFactory.invokeInitMethods(AbstractAutowireCapableBeanFactory.java:1864) ~[spring-beans-7.0.2.jar!/:7.0.2]
	at org.springframework.beans.factory.support.AbstractAutowireCapableBeanFactory.initializeBean(AbstractAutowireCapableBeanFactory.java:1813) ~[spring-beans-7.0.2.jar!/:7.0.2]
	... 22 common frames omitted
Caused by: org.postgresql.util.PSQLException: The connection attempt failed.
	at org.postgresql.core.v3.ConnectionFactoryImpl.openConnectionImpl(ConnectionFactoryImpl.java:385) ~[postgresql-42.7.8.jar!/:42.7.8]
	at org.postgresql.core.ConnectionFactory.openConnection(ConnectionFactory.java:57) ~[postgresql-42.7.8.jar!/:42.7.8]
	at org.postgresql.jdbc.PgConnection.<init>(PgConnection.java:279) ~[postgresql-42.7.8.jar!/:42.7.8]
	at org.postgresql.Driver.makeConnection(Driver.java:448) ~[postgresql-42.7.8.jar!/:42.7.8]
	at org.postgresql.Driver.connect(Driver.java:298) ~[postgresql-42.7.8.jar!/:42.7.8]
	at com.zaxxer.hikari.util.DriverDataSource.getConnection(DriverDataSource.java:144) ~[HikariCP-7.0.2.jar!/:na]
	at com.zaxxer.hikari.pool.PoolBase.newConnection(PoolBase.java:373) ~[HikariCP-7.0.2.jar!/:na]
	at com.zaxxer.hikari.pool.PoolBase.newPoolEntry(PoolBase.java:210) ~[HikariCP-7.0.2.jar!/:na]
	at com.zaxxer.hikari.pool.HikariPool.createPoolEntry(HikariPool.java:488) ~[HikariCP-7.0.2.jar!/:na]
	at com.zaxxer.hikari.pool.HikariPool.checkFailFast(HikariPool.java:576) ~[HikariCP-7.0.2.jar!/:na]
	at com.zaxxer.hikari.pool.HikariPool.<init>(HikariPool.java:97) ~[HikariCP-7.0.2.jar!/:na]
	at com.zaxxer.hikari.HikariDataSource.getConnection(HikariDataSource.java:111) ~[HikariCP-7.0.2.jar!/:na]
	at org.flywaydb.core.internal.jdbc.JdbcUtils.openConnection(JdbcUtils.java:65) ~[flyway-core-11.14.1.jar!/:na]
	... 28 common frames omitted
Caused by: java.net.UnknownHostException: DOCKin-DB
	at java.base/sun.nio.ch.NioSocketImpl.connect(NioSocketImpl.java:567) ~[na:na]
	at java.base/java.net.SocksSocketImpl.connect(SocksSocketImpl.java:327) ~[na:na]
	at java.base/java.net.Socket.connect(Socket.java:751) ~[na:na]
	at org.postgresql.core.PGStream.createSocket(PGStream.java:261) ~[postgresql-42.7.8.jar!/:42.7.8]
	at org.postgresql.core.PGStream.<init>(PGStream.java:122) ~[postgresql-42.7.8.jar!/:42.7.8]
	at org.postgresql.core.v3.ConnectionFactoryImpl.tryConnect(ConnectionFactoryImpl.java:146) ~[postgresql-42.7.8.jar!/:42.7.8]
	at org.postgresql.core.v3.ConnectionFactoryImpl.openConnectionImpl(ConnectionFactoryImpl.java:289) ~[postgresql-42.7.8.jar!/:42.7.8]
	... 40 common frames omitted


  .   ____          _            __ _ _
 /\\ / ___'_ __ _ _(_)_ __  __ _ \ \ \ \
( ( )\___ | '_ | '_| | '_ \/ _` | \ \ \ \
 \\/  ___)| |_)| | | | | || (_| |  ) ) ) )
  '  |____| .__|_| |_|_| |_\__, | / / / /
 =========|_|==============|___/=/_/_/_/

 :: Spring Boot ::                (v4.0.1)

2026-08-13T11:40:05.446+09:00  INFO [] 1 --- [DOCKin-spring] [           main] com.DOCKin.DocKinSpringApplication       : Starting DocKinSpringApplication v0.0.1-SNAPSHOT using Java 21.0.12 with PID 1 (/app.jar started by root in /)
2026-08-13T11:40:05.450+09:00  INFO [] 1 --- [DOCKin-spring] [           main] com.DOCKin.DocKinSpringApplication       : The following 2 profiles are active: "secret", "seed"
2026-08-13T11:40:07.731+09:00  INFO [] 1 --- [DOCKin-spring] [           main] .s.d.r.c.RepositoryConfigurationDelegate : Bootstrapping Spring Data JPA repositories in DEFAULT mode.
2026-08-13T11:40:08.219+09:00  INFO [] 1 --- [DOCKin-spring] [           main] .s.d.r.c.RepositoryConfigurationDelegate : Finished Spring Data repository scanning in 479 ms. Found 20 JPA repository interfaces.
2026-08-13T11:40:10.025+09:00  INFO [] 1 --- [DOCKin-spring] [           main] o.s.boot.tomcat.TomcatWebServer          : Tomcat initialized with port 8080 (http)
2026-08-13T11:40:10.039+09:00  INFO [] 1 --- [DOCKin-spring] [           main] o.apache.catalina.core.StandardService   : Starting service [Tomcat]
2026-08-13T11:40:10.039+09:00  INFO [] 1 --- [DOCKin-spring] [           main] o.apache.catalina.core.StandardEngine    : Starting Servlet engine: [Apache Tomcat/11.0.15]
2026-08-13T11:40:10.223+09:00  INFO [] 1 --- [DOCKin-spring] [           main] b.w.c.s.WebApplicationContextInitializer : Root WebApplicationContext: initialization completed in 4671 ms
2026-08-13T11:40:11.451+09:00  INFO [] 1 --- [DOCKin-spring] [           main] com.zaxxer.hikari.HikariDataSource       : HikariPool-1 - Starting...
2026-08-13T11:40:41.576+09:00  WARN [] 1 --- [DOCKin-spring] [           main] ConfigServletWebServerApplicationContext : Exception encountered during context initialization - cancelling refresh attempt: org.springframework.beans.factory.BeanCreationException: Error creating bean with name 'entityManagerFactory' defined in class path resource [org/springframework/boot/hibernate/autoconfigure/HibernateJpaConfiguration.class]: Failed to initialize dependency 'flywayInitializer' of LoadTimeWeaverAware bean 'entityManagerFactory': Error creating bean with name 'flywayInitializer' defined in class path resource [org/springframework/boot/flyway/autoconfigure/FlywayAutoConfiguration$FlywayConfiguration.class]: Unable to obtain connection from database: The connection attempt failed.
-------------------------------------------------------------------------
SQL State  : 08001
Error Code : 0
Message    : The connection attempt failed.

2026-08-13T11:40:41.579+09:00  INFO [] 1 --- [DOCKin-spring] [           main] o.apache.catalina.core.StandardService   : Stopping service [Tomcat]
2026-08-13T11:40:41.589+09:00  INFO [] 1 --- [DOCKin-spring] [           main] .s.b.a.l.ConditionEvaluationReportLogger : 

Error starting ApplicationContext. To display the condition evaluation report re-run your application with 'debug' enabled.
2026-08-13T11:40:41.600+09:00 ERROR [] 1 --- [DOCKin-spring] [           main] o.s.boot.SpringApplication               : Application run failed

org.springframework.beans.factory.BeanCreationException: Error creating bean with name 'entityManagerFactory' defined in class path resource [org/springframework/boot/hibernate/autoconfigure/HibernateJpaConfiguration.class]: Failed to initialize dependency 'flywayInitializer' of LoadTimeWeaverAware bean 'entityManagerFactory': Error creating bean with name 'flywayInitializer' defined in class path resource [org/springframework/boot/flyway/autoconfigure/FlywayAutoConfiguration$FlywayConfiguration.class]: Unable to obtain connection from database: The connection attempt failed.
-------------------------------------------------------------------------
SQL State  : 08001
Error Code : 0
Message    : The connection attempt failed.

	at org.springframework.beans.factory.support.AbstractBeanFactory.doGetBean(AbstractBeanFactory.java:322) ~[spring-beans-7.0.2.jar!/:7.0.2]
	at org.springframework.beans.factory.support.AbstractBeanFactory.getBean(AbstractBeanFactory.java:201) ~[spring-beans-7.0.2.jar!/:7.0.2]
	at org.springframework.context.support.AbstractApplicationContext.finishBeanFactoryInitialization(AbstractApplicationContext.java:976) ~[spring-context-7.0.2.jar!/:7.0.2]
	at org.springframework.context.support.AbstractApplicationContext.refresh(AbstractApplicationContext.java:620) ~[spring-context-7.0.2.jar!/:7.0.2]
	at org.springframework.boot.web.server.servlet.context.ServletWebServerApplicationContext.refresh(ServletWebServerApplicationContext.java:143) ~[spring-boot-web-server-4.0.1.jar!/:4.0.1]
	at org.springframework.boot.SpringApplication.refresh(SpringApplication.java:756) ~[spring-boot-4.0.1.jar!/:4.0.1]
	at org.springframework.boot.SpringApplication.refreshContext(SpringApplication.java:445) ~[spring-boot-4.0.1.jar!/:4.0.1]
	at org.springframework.boot.SpringApplication.run(SpringApplication.java:321) ~[spring-boot-4.0.1.jar!/:4.0.1]
	at org.springframework.boot.SpringApplication.run(SpringApplication.java:1365) ~[spring-boot-4.0.1.jar!/:4.0.1]
	at org.springframework.boot.SpringApplication.run(SpringApplication.java:1354) ~[spring-boot-4.0.1.jar!/:4.0.1]
	at com.DOCKin.DocKinSpringApplication.main(DocKinSpringApplication.java:23) ~[!/:0.0.1-SNAPSHOT]
	at java.base/jdk.internal.reflect.DirectMethodHandleAccessor.invoke(DirectMethodHandleAccessor.java:103) ~[na:na]
	at java.base/java.lang.reflect.Method.invoke(Method.java:580) ~[na:na]
	at org.springframework.boot.loader.launch.Launcher.launch(Launcher.java:106) ~[app.jar:0.0.1-SNAPSHOT]
	at org.springframework.boot.loader.launch.Launcher.launch(Launcher.java:64) ~[app.jar:0.0.1-SNAPSHOT]
	at org.springframework.boot.loader.launch.JarLauncher.main(JarLauncher.java:40) ~[app.jar:0.0.1-SNAPSHOT]
Caused by: org.springframework.beans.factory.BeanCreationException: Error creating bean with name 'flywayInitializer' defined in class path resource [org/springframework/boot/flyway/autoconfigure/FlywayAutoConfiguration$FlywayConfiguration.class]: Unable to obtain connection from database: The connection attempt failed.
-------------------------------------------------------------------------
SQL State  : 08001
Error Code : 0
Message    : The connection attempt failed.

	at org.springframework.beans.factory.support.AbstractAutowireCapableBeanFactory.initializeBean(AbstractAutowireCapableBeanFactory.java:1817) ~[spring-beans-7.0.2.jar!/:7.0.2]
	at org.springframework.beans.factory.support.AbstractAutowireCapableBeanFactory.doCreateBean(AbstractAutowireCapableBeanFactory.java:603) ~[spring-beans-7.0.2.jar!/:7.0.2]
	at org.springframework.beans.factory.support.AbstractAutowireCapableBeanFactory.createBean(AbstractAutowireCapableBeanFactory.java:525) ~[spring-beans-7.0.2.jar!/:7.0.2]
	at org.springframework.beans.factory.support.AbstractBeanFactory.lambda$doGetBean$0(AbstractBeanFactory.java:333) ~[spring-beans-7.0.2.jar!/:7.0.2]
	at org.springframework.beans.factory.support.DefaultSingletonBeanRegistry.getSingleton(DefaultSingletonBeanRegistry.java:371) ~[spring-beans-7.0.2.jar!/:7.0.2]
	at org.springframework.beans.factory.support.AbstractBeanFactory.doGetBean(AbstractBeanFactory.java:331) ~[spring-beans-7.0.2.jar!/:7.0.2]
	at org.springframework.beans.factory.support.AbstractBeanFactory.getBean(AbstractBeanFactory.java:196) ~[spring-beans-7.0.2.jar!/:7.0.2]
	at org.springframework.beans.factory.support.AbstractBeanFactory.doGetBean(AbstractBeanFactory.java:309) ~[spring-beans-7.0.2.jar!/:7.0.2]
	... 15 common frames omitted
Caused by: org.flywaydb.core.internal.exception.sqlExceptions.FlywaySqlUnableToConnectToDbException: Unable to obtain connection from database: The connection attempt failed.
-------------------------------------------------------------------------
SQL State  : 08001
Error Code : 0
Message    : The connection attempt failed.

	at org.flywaydb.core.internal.jdbc.JdbcUtils.openConnection(JdbcUtils.java:70) ~[flyway-core-11.14.1.jar!/:na]
	at org.flywaydb.core.internal.jdbc.JdbcConnectionFactory.<init>(JdbcConnectionFactory.java:76) ~[flyway-core-11.14.1.jar!/:na]
	at org.flywaydb.core.FlywayExecutor.execute(FlywayExecutor.java:142) ~[flyway-core-11.14.1.jar!/:na]
	at org.flywaydb.core.Flyway.migrate(Flyway.java:186) ~[flyway-core-11.14.1.jar!/:na]
	at org.springframework.boot.flyway.autoconfigure.FlywayMigrationInitializer.afterPropertiesSet(FlywayMigrationInitializer.java:67) ~[spring-boot-flyway-4.0.1.jar!/:4.0.1]
	at org.springframework.beans.factory.support.AbstractAutowireCapableBeanFactory.invokeInitMethods(AbstractAutowireCapableBeanFactory.java:1864) ~[spring-beans-7.0.2.jar!/:7.0.2]
	at org.springframework.beans.factory.support.AbstractAutowireCapableBeanFactory.initializeBean(AbstractAutowireCapableBeanFactory.java:1813) ~[spring-beans-7.0.2.jar!/:7.0.2]
	... 22 common frames omitted
Caused by: org.postgresql.util.PSQLException: The connection attempt failed.
	at org.postgresql.core.v3.ConnectionFactoryImpl.openConnectionImpl(ConnectionFactoryImpl.java:385) ~[postgresql-42.7.8.jar!/:42.7.8]
	at org.postgresql.core.ConnectionFactory.openConnection(ConnectionFactory.java:57) ~[postgresql-42.7.8.jar!/:42.7.8]
	at org.postgresql.jdbc.PgConnection.<init>(PgConnection.java:279) ~[postgresql-42.7.8.jar!/:42.7.8]
	at org.postgresql.Driver.makeConnection(Driver.java:448) ~[postgresql-42.7.8.jar!/:42.7.8]
	at org.postgresql.Driver.connect(Driver.java:298) ~[postgresql-42.7.8.jar!/:42.7.8]
	at com.zaxxer.hikari.util.DriverDataSource.getConnection(DriverDataSource.java:144) ~[HikariCP-7.0.2.jar!/:na]
	at com.zaxxer.hikari.pool.PoolBase.newConnection(PoolBase.java:373) ~[HikariCP-7.0.2.jar!/:na]
	at com.zaxxer.hikari.pool.PoolBase.newPoolEntry(PoolBase.java:210) ~[HikariCP-7.0.2.jar!/:na]
	at com.zaxxer.hikari.pool.HikariPool.createPoolEntry(HikariPool.java:488) ~[HikariCP-7.0.2.jar!/:na]
	at com.zaxxer.hikari.pool.HikariPool.checkFailFast(HikariPool.java:576) ~[HikariCP-7.0.2.jar!/:na]
	at com.zaxxer.hikari.pool.HikariPool.<init>(HikariPool.java:97) ~[HikariCP-7.0.2.jar!/:na]
	at com.zaxxer.hikari.HikariDataSource.getConnection(HikariDataSource.java:111) ~[HikariCP-7.0.2.jar!/:na]
	at org.flywaydb.core.internal.jdbc.JdbcUtils.openConnection(JdbcUtils.java:65) ~[flyway-core-11.14.1.jar!/:na]
	... 28 common frames omitted
Caused by: java.net.UnknownHostException: DOCKin-DB
	at java.base/sun.nio.ch.NioSocketImpl.connect(NioSocketImpl.java:567) ~[na:na]
	at java.base/java.net.SocksSocketImpl.connect(SocksSocketImpl.java:327) ~[na:na]
	at java.base/java.net.Socket.connect(Socket.java:751) ~[na:na]
	at org.postgresql.core.PGStream.createSocket(PGStream.java:261) ~[postgresql-42.7.8.jar!/:42.7.8]
	at org.postgresql.core.PGStream.<init>(PGStream.java:122) ~[postgresql-42.7.8.jar!/:42.7.8]
	at org.postgresql.core.v3.ConnectionFactoryImpl.tryConnect(ConnectionFactoryImpl.java:146) ~[postgresql-42.7.8.jar!/:42.7.8]
	at org.postgresql.core.v3.ConnectionFactoryImpl.openConnectionImpl(ConnectionFactoryImpl.java:289) ~[postgresql-42.7.8.jar!/:42.7.8]
	... 40 common frames omitted


  .   ____          _            __ _ _
 /\\ / ___'_ __ _ _(_)_ __  __ _ \ \ \ \
( ( )\___ | '_ | '_| | '_ \/ _` | \ \ \ \
 \\/  ___)| |_)| | | | | || (_| |  ) ) ) )
  '  |____| .__|_| |_|_| |_\__, | / / / /
 =========|_|==============|___/=/_/_/_/

 :: Spring Boot ::                (v4.0.1)

2026-08-13T11:40:44.736+09:00  INFO [] 1 --- [DOCKin-spring] [           main] com.DOCKin.DocKinSpringApplication       : Starting DocKinSpringApplication v0.0.1-SNAPSHOT using Java 21.0.12 with PID 1 (/app.jar started by root in /)
2026-08-13T11:40:44.739+09:00  INFO [] 1 --- [DOCKin-spring] [           main] com.DOCKin.DocKinSpringApplication       : The following 2 profiles are active: "secret", "seed"
2026-08-13T11:40:47.123+09:00  INFO [] 1 --- [DOCKin-spring] [           main] .s.d.r.c.RepositoryConfigurationDelegate : Bootstrapping Spring Data JPA repositories in DEFAULT mode.
2026-08-13T11:40:47.630+09:00  INFO [] 1 --- [DOCKin-spring] [           main] .s.d.r.c.RepositoryConfigurationDelegate : Finished Spring Data repository scanning in 496 ms. Found 20 JPA repository interfaces.
2026-08-13T11:40:49.467+09:00  INFO [] 1 --- [DOCKin-spring] [           main] o.s.boot.tomcat.TomcatWebServer          : Tomcat initialized with port 8080 (http)
2026-08-13T11:40:49.531+09:00  INFO [] 1 --- [DOCKin-spring] [           main] o.apache.catalina.core.StandardService   : Starting service [Tomcat]
2026-08-13T11:40:49.531+09:00  INFO [] 1 --- [DOCKin-spring] [           main] o.apache.catalina.core.StandardEngine    : Starting Servlet engine: [Apache Tomcat/11.0.15]
2026-08-13T11:40:49.652+09:00  INFO [] 1 --- [DOCKin-spring] [           main] b.w.c.s.WebApplicationContextInitializer : Root WebApplicationContext: initialization completed in 4805 ms
2026-08-13T11:40:50.931+09:00  INFO [] 1 --- [DOCKin-spring] [           main] com.zaxxer.hikari.HikariDataSource       : HikariPool-1 - Starting...
2026-08-13T11:41:21.053+09:00  WARN [] 1 --- [DOCKin-spring] [           main] ConfigServletWebServerApplicationContext : Exception encountered during context initialization - cancelling refresh attempt: org.springframework.beans.factory.BeanCreationException: Error creating bean with name 'entityManagerFactory' defined in class path resource [org/springframework/boot/hibernate/autoconfigure/HibernateJpaConfiguration.class]: Failed to initialize dependency 'flywayInitializer' of LoadTimeWeaverAware bean 'entityManagerFactory': Error creating bean with name 'flywayInitializer' defined in class path resource [org/springframework/boot/flyway/autoconfigure/FlywayAutoConfiguration$FlywayConfiguration.class]: Unable to obtain connection from database: The connection attempt failed.
-------------------------------------------------------------------------
SQL State  : 08001
Error Code : 0
Message    : The connection attempt failed.

2026-08-13T11:41:21.056+09:00  INFO [] 1 --- [DOCKin-spring] [           main] o.apache.catalina.core.StandardService   : Stopping service [Tomcat]
2026-08-13T11:41:21.066+09:00  INFO [] 1 --- [DOCKin-spring] [           main] .s.b.a.l.ConditionEvaluationReportLogger : 

Error starting ApplicationContext. To display the condition evaluation report re-run your application with 'debug' enabled.
2026-08-13T11:41:21.077+09:00 ERROR [] 1 --- [DOCKin-spring] [           main] o.s.boot.SpringApplication               : Application run failed

org.springframework.beans.factory.BeanCreationException: Error creating bean with name 'entityManagerFactory' defined in class path resource [org/springframework/boot/hibernate/autoconfigure/HibernateJpaConfiguration.class]: Failed to initialize dependency 'flywayInitializer' of LoadTimeWeaverAware bean 'entityManagerFactory': Error creating bean with name 'flywayInitializer' defined in class path resource [org/springframework/boot/flyway/autoconfigure/FlywayAutoConfiguration$FlywayConfiguration.class]: Unable to obtain connection from database: The connection attempt failed.
-------------------------------------------------------------------------
SQL State  : 08001
Error Code : 0
Message    : The connection attempt failed.

	at org.springframework.beans.factory.support.AbstractBeanFactory.doGetBean(AbstractBeanFactory.java:322) ~[spring-beans-7.0.2.jar!/:7.0.2]
	at org.springframework.beans.factory.support.AbstractBeanFactory.getBean(AbstractBeanFactory.java:201) ~[spring-beans-7.0.2.jar!/:7.0.2]
	at org.springframework.context.support.AbstractApplicationContext.finishBeanFactoryInitialization(AbstractApplicationContext.java:976) ~[spring-context-7.0.2.jar!/:7.0.2]
	at org.springframework.context.support.AbstractApplicationContext.refresh(AbstractApplicationContext.java:620) ~[spring-context-7.0.2.jar!/:7.0.2]
	at org.springframework.boot.web.server.servlet.context.ServletWebServerApplicationContext.refresh(ServletWebServerApplicationContext.java:143) ~[spring-boot-web-server-4.0.1.jar!/:4.0.1]
	at org.springframework.boot.SpringApplication.refresh(SpringApplication.java:756) ~[spring-boot-4.0.1.jar!/:4.0.1]
	at org.springframework.boot.SpringApplication.refreshContext(SpringApplication.java:445) ~[spring-boot-4.0.1.jar!/:4.0.1]
	at org.springframework.boot.SpringApplication.run(SpringApplication.java:321) ~[spring-boot-4.0.1.jar!/:4.0.1]
	at org.springframework.boot.SpringApplication.run(SpringApplication.java:1365) ~[spring-boot-4.0.1.jar!/:4.0.1]
	at org.springframework.boot.SpringApplication.run(SpringApplication.java:1354) ~[spring-boot-4.0.1.jar!/:4.0.1]
	at com.DOCKin.DocKinSpringApplication.main(DocKinSpringApplication.java:23) ~[!/:0.0.1-SNAPSHOT]
	at java.base/jdk.internal.reflect.DirectMethodHandleAccessor.invoke(DirectMethodHandleAccessor.java:103) ~[na:na]
	at java.base/java.lang.reflect.Method.invoke(Method.java:580) ~[na:na]
	at org.springframework.boot.loader.launch.Launcher.launch(Launcher.java:106) ~[app.jar:0.0.1-SNAPSHOT]
	at org.springframework.boot.loader.launch.Launcher.launch(Launcher.java:64) ~[app.jar:0.0.1-SNAPSHOT]
	at org.springframework.boot.loader.launch.JarLauncher.main(JarLauncher.java:40) ~[app.jar:0.0.1-SNAPSHOT]
Caused by: org.springframework.beans.factory.BeanCreationException: Error creating bean with name 'flywayInitializer' defined in class path resource [org/springframework/boot/flyway/autoconfigure/FlywayAutoConfiguration$FlywayConfiguration.class]: Unable to obtain connection from database: The connection attempt failed.
-------------------------------------------------------------------------
SQL State  : 08001
Error Code : 0
Message    : The connection attempt failed.

	at org.springframework.beans.factory.support.AbstractAutowireCapableBeanFactory.initializeBean(AbstractAutowireCapableBeanFactory.java:1817) ~[spring-beans-7.0.2.jar!/:7.0.2]
	at org.springframework.beans.factory.support.AbstractAutowireCapableBeanFactory.doCreateBean(AbstractAutowireCapableBeanFactory.java:603) ~[spring-beans-7.0.2.jar!/:7.0.2]
	at org.springframework.beans.factory.support.AbstractAutowireCapableBeanFactory.createBean(AbstractAutowireCapableBeanFactory.java:525) ~[spring-beans-7.0.2.jar!/:7.0.2]
	at org.springframework.beans.factory.support.AbstractBeanFactory.lambda$doGetBean$0(AbstractBeanFactory.java:333) ~[spring-beans-7.0.2.jar!/:7.0.2]
	at org.springframework.beans.factory.support.DefaultSingletonBeanRegistry.getSingleton(DefaultSingletonBeanRegistry.java:371) ~[spring-beans-7.0.2.jar!/:7.0.2]
	at org.springframework.beans.factory.support.AbstractBeanFactory.doGetBean(AbstractBeanFactory.java:331) ~[spring-beans-7.0.2.jar!/:7.0.2]
	at org.springframework.beans.factory.support.AbstractBeanFactory.getBean(AbstractBeanFactory.java:196) ~[spring-beans-7.0.2.jar!/:7.0.2]
	at org.springframework.beans.factory.support.AbstractBeanFactory.doGetBean(AbstractBeanFactory.java:309) ~[spring-beans-7.0.2.jar!/:7.0.2]
	... 15 common frames omitted
Caused by: org.flywaydb.core.internal.exception.sqlExceptions.FlywaySqlUnableToConnectToDbException: Unable to obtain connection from database: The connection attempt failed.
-------------------------------------------------------------------------
SQL State  : 08001
Error Code : 0
Message    : The connection attempt failed.

	at org.flywaydb.core.internal.jdbc.JdbcUtils.openConnection(JdbcUtils.java:70) ~[flyway-core-11.14.1.jar!/:na]
	at org.flywaydb.core.internal.jdbc.JdbcConnectionFactory.<init>(JdbcConnectionFactory.java:76) ~[flyway-core-11.14.1.jar!/:na]
	at org.flywaydb.core.FlywayExecutor.execute(FlywayExecutor.java:142) ~[flyway-core-11.14.1.jar!/:na]
	at org.flywaydb.core.Flyway.migrate(Flyway.java:186) ~[flyway-core-11.14.1.jar!/:na]
	at org.springframework.boot.flyway.autoconfigure.FlywayMigrationInitializer.afterPropertiesSet(FlywayMigrationInitializer.java:67) ~[spring-boot-flyway-4.0.1.jar!/:4.0.1]
	at org.springframework.beans.factory.support.AbstractAutowireCapableBeanFactory.invokeInitMethods(AbstractAutowireCapableBeanFactory.java:1864) ~[spring-beans-7.0.2.jar!/:7.0.2]
	at org.springframework.beans.factory.support.AbstractAutowireCapableBeanFactory.initializeBean(AbstractAutowireCapableBeanFactory.java:1813) ~[spring-beans-7.0.2.jar!/:7.0.2]
	... 22 common frames omitted
Caused by: org.postgresql.util.PSQLException: The connection attempt failed.
	at org.postgresql.core.v3.ConnectionFactoryImpl.openConnectionImpl(ConnectionFactoryImpl.java:385) ~[postgresql-42.7.8.jar!/:42.7.8]
	at org.postgresql.core.ConnectionFactory.openConnection(ConnectionFactory.java:57) ~[postgresql-42.7.8.jar!/:42.7.8]
	at org.postgresql.jdbc.PgConnection.<init>(PgConnection.java:279) ~[postgresql-42.7.8.jar!/:42.7.8]
	at org.postgresql.Driver.makeConnection(Driver.java:448) ~[postgresql-42.7.8.jar!/:42.7.8]
	at org.postgresql.Driver.connect(Driver.java:298) ~[postgresql-42.7.8.jar!/:42.7.8]
	at com.zaxxer.hikari.util.DriverDataSource.getConnection(DriverDataSource.java:144) ~[HikariCP-7.0.2.jar!/:na]
	at com.zaxxer.hikari.pool.PoolBase.newConnection(PoolBase.java:373) ~[HikariCP-7.0.2.jar!/:na]
	at com.zaxxer.hikari.pool.PoolBase.newPoolEntry(PoolBase.java:210) ~[HikariCP-7.0.2.jar!/:na]
	at com.zaxxer.hikari.pool.HikariPool.createPoolEntry(HikariPool.java:488) ~[HikariCP-7.0.2.jar!/:na]
	at com.zaxxer.hikari.pool.HikariPool.checkFailFast(HikariPool.java:576) ~[HikariCP-7.0.2.jar!/:na]
	at com.zaxxer.hikari.pool.HikariPool.<init>(HikariPool.java:97) ~[HikariCP-7.0.2.jar!/:na]
	at com.zaxxer.hikari.HikariDataSource.getConnection(HikariDataSource.java:111) ~[HikariCP-7.0.2.jar!/:na]
	at org.flywaydb.core.internal.jdbc.JdbcUtils.openConnection(JdbcUtils.java:65) ~[flyway-core-11.14.1.jar!/:na]
	... 28 common frames omitted
Caused by: java.net.UnknownHostException: DOCKin-DB
	at java.base/sun.nio.ch.NioSocketImpl.connect(NioSocketImpl.java:567) ~[na:na]
	at java.base/java.net.SocksSocketImpl.connect(SocksSocketImpl.java:327) ~[na:na]
	at java.base/java.net.Socket.connect(Socket.java:751) ~[na:na]
	at org.postgresql.core.PGStream.createSocket(PGStream.java:261) ~[postgresql-42.7.8.jar!/:42.7.8]
	at org.postgresql.core.PGStream.<init>(PGStream.java:122) ~[postgresql-42.7.8.jar!/:42.7.8]
	at org.postgresql.core.v3.ConnectionFactoryImpl.tryConnect(ConnectionFactoryImpl.java:146) ~[postgresql-42.7.8.jar!/:42.7.8]
	at org.postgresql.core.v3.ConnectionFactoryImpl.openConnectionImpl(ConnectionFactoryImpl.java:289) ~[postgresql-42.7.8.jar!/:42.7.8]
	... 40 common frames omitted


  .   ____          _            __ _ _
 /\\ / ___'_ __ _ _(_)_ __  __ _ \ \ \ \
( ( )\___ | '_ | '_| | '_ \/ _` | \ \ \ \
 \\/  ___)| |_)| | | | | || (_| |  ) ) ) )
  '  |____| .__|_| |_|_| |_\__, | / / / /
 =========|_|==============|___/=/_/_/_/

 :: Spring Boot ::                (v4.0.1)

2026-08-13T11:41:24.328+09:00  INFO [] 1 --- [DOCKin-spring] [           main] com.DOCKin.DocKinSpringApplication       : Starting DocKinSpringApplication v0.0.1-SNAPSHOT using Java 21.0.12 with PID 1 (/app.jar started by root in /)
2026-08-13T11:41:24.332+09:00  INFO [] 1 --- [DOCKin-spring] [           main] com.DOCKin.DocKinSpringApplication       : The following 2 profiles are active: "secret", "seed"
2026-08-13T11:41:26.721+09:00  INFO [] 1 --- [DOCKin-spring] [           main] .s.d.r.c.RepositoryConfigurationDelegate : Bootstrapping Spring Data JPA repositories in DEFAULT mode.
2026-08-13T11:41:27.220+09:00  INFO [] 1 --- [DOCKin-spring] [           main] .s.d.r.c.RepositoryConfigurationDelegate : Finished Spring Data repository scanning in 489 ms. Found 20 JPA repository interfaces.
2026-08-13T11:41:29.041+09:00  INFO [] 1 --- [DOCKin-spring] [           main] o.s.boot.tomcat.TomcatWebServer          : Tomcat initialized with port 8080 (http)
2026-08-13T11:41:29.053+09:00  INFO [] 1 --- [DOCKin-spring] [           main] o.apache.catalina.core.StandardService   : Starting service [Tomcat]
2026-08-13T11:41:29.054+09:00  INFO [] 1 --- [DOCKin-spring] [           main] o.apache.catalina.core.StandardEngine    : Starting Servlet engine: [Apache Tomcat/11.0.15]
2026-08-13T11:41:29.225+09:00  INFO [] 1 --- [DOCKin-spring] [           main] b.w.c.s.WebApplicationContextInitializer : Root WebApplicationContext: initialization completed in 4785 ms
2026-08-13T11:41:30.540+09:00  INFO [] 1 --- [DOCKin-spring] [           main] com.zaxxer.hikari.HikariDataSource       : HikariPool-1 - Starting...
2026-08-13T11:42:00.657+09:00  WARN [] 1 --- [DOCKin-spring] [           main] ConfigServletWebServerApplicationContext : Exception encountered during context initialization - cancelling refresh attempt: org.springframework.beans.factory.BeanCreationException: Error creating bean with name 'entityManagerFactory' defined in class path resource [org/springframework/boot/hibernate/autoconfigure/HibernateJpaConfiguration.class]: Failed to initialize dependency 'flywayInitializer' of LoadTimeWeaverAware bean 'entityManagerFactory': Error creating bean with name 'flywayInitializer' defined in class path resource [org/springframework/boot/flyway/autoconfigure/FlywayAutoConfiguration$FlywayConfiguration.class]: Unable to obtain connection from database: The connection attempt failed.
-------------------------------------------------------------------------
SQL State  : 08001
Error Code : 0
Message    : The connection attempt failed.

2026-08-13T11:42:00.660+09:00  INFO [] 1 --- [DOCKin-spring] [           main] o.apache.catalina.core.StandardService   : Stopping service [Tomcat]
2026-08-13T11:42:00.669+09:00  INFO [] 1 --- [DOCKin-spring] [           main] .s.b.a.l.ConditionEvaluationReportLogger : 

Error starting ApplicationContext. To display the condition evaluation report re-run your application with 'debug' enabled.
2026-08-13T11:42:00.679+09:00 ERROR [] 1 --- [DOCKin-spring] [           main] o.s.boot.SpringApplication               : Application run failed

org.springframework.beans.factory.BeanCreationException: Error creating bean with name 'entityManagerFactory' defined in class path resource [org/springframework/boot/hibernate/autoconfigure/HibernateJpaConfiguration.class]: Failed to initialize dependency 'flywayInitializer' of LoadTimeWeaverAware bean 'entityManagerFactory': Error creating bean with name 'flywayInitializer' defined in class path resource [org/springframework/boot/flyway/autoconfigure/FlywayAutoConfiguration$FlywayConfiguration.class]: Unable to obtain connection from database: The connection attempt failed.
-------------------------------------------------------------------------
SQL State  : 08001
Error Code : 0
Message    : The connection attempt failed.

	at org.springframework.beans.factory.support.AbstractBeanFactory.doGetBean(AbstractBeanFactory.java:322) ~[spring-beans-7.0.2.jar!/:7.0.2]
	at org.springframework.beans.factory.support.AbstractBeanFactory.getBean(AbstractBeanFactory.java:201) ~[spring-beans-7.0.2.jar!/:7.0.2]
	at org.springframework.context.support.AbstractApplicationContext.finishBeanFactoryInitialization(AbstractApplicationContext.java:976) ~[spring-context-7.0.2.jar!/:7.0.2]
	at org.springframework.context.support.AbstractApplicationContext.refresh(AbstractApplicationContext.java:620) ~[spring-context-7.0.2.jar!/:7.0.2]
	at org.springframework.boot.web.server.servlet.context.ServletWebServerApplicationContext.refresh(ServletWebServerApplicationContext.java:143) ~[spring-boot-web-server-4.0.1.jar!/:4.0.1]
	at org.springframework.boot.SpringApplication.refresh(SpringApplication.java:756) ~[spring-boot-4.0.1.jar!/:4.0.1]
	at org.springframework.boot.SpringApplication.refreshContext(SpringApplication.java:445) ~[spring-boot-4.0.1.jar!/:4.0.1]
	at org.springframework.boot.SpringApplication.run(SpringApplication.java:321) ~[spring-boot-4.0.1.jar!/:4.0.1]
	at org.springframework.boot.SpringApplication.run(SpringApplication.java:1365) ~[spring-boot-4.0.1.jar!/:4.0.1]
	at org.springframework.boot.SpringApplication.run(SpringApplication.java:1354) ~[spring-boot-4.0.1.jar!/:4.0.1]
	at com.DOCKin.DocKinSpringApplication.main(DocKinSpringApplication.java:23) ~[!/:0.0.1-SNAPSHOT]
	at java.base/jdk.internal.reflect.DirectMethodHandleAccessor.invoke(DirectMethodHandleAccessor.java:103) ~[na:na]
	at java.base/java.lang.reflect.Method.invoke(Method.java:580) ~[na:na]
	at org.springframework.boot.loader.launch.Launcher.launch(Launcher.java:106) ~[app.jar:0.0.1-SNAPSHOT]
	at org.springframework.boot.loader.launch.Launcher.launch(Launcher.java:64) ~[app.jar:0.0.1-SNAPSHOT]
	at org.springframework.boot.loader.launch.JarLauncher.main(JarLauncher.java:40) ~[app.jar:0.0.1-SNAPSHOT]
Caused by: org.springframework.beans.factory.BeanCreationException: Error creating bean with name 'flywayInitializer' defined in class path resource [org/springframework/boot/flyway/autoconfigure/FlywayAutoConfiguration$FlywayConfiguration.class]: Unable to obtain connection from database: The connection attempt failed.
-------------------------------------------------------------------------
SQL State  : 08001
Error Code : 0
Message    : The connection attempt failed.

	at org.springframework.beans.factory.support.AbstractAutowireCapableBeanFactory.initializeBean(AbstractAutowireCapableBeanFactory.java:1817) ~[spring-beans-7.0.2.jar!/:7.0.2]
	at org.springframework.beans.factory.support.AbstractAutowireCapableBeanFactory.doCreateBean(AbstractAutowireCapableBeanFactory.java:603) ~[spring-beans-7.0.2.jar!/:7.0.2]
	at org.springframework.beans.factory.support.AbstractAutowireCapableBeanFactory.createBean(AbstractAutowireCapableBeanFactory.java:525) ~[spring-beans-7.0.2.jar!/:7.0.2]
	at org.springframework.beans.factory.support.AbstractBeanFactory.lambda$doGetBean$0(AbstractBeanFactory.java:333) ~[spring-beans-7.0.2.jar!/:7.0.2]
	at org.springframework.beans.factory.support.DefaultSingletonBeanRegistry.getSingleton(DefaultSingletonBeanRegistry.java:371) ~[spring-beans-7.0.2.jar!/:7.0.2]
	at org.springframework.beans.factory.support.AbstractBeanFactory.doGetBean(AbstractBeanFactory.java:331) ~[spring-beans-7.0.2.jar!/:7.0.2]
	at org.springframework.beans.factory.support.AbstractBeanFactory.getBean(AbstractBeanFactory.java:196) ~[spring-beans-7.0.2.jar!/:7.0.2]
	at org.springframework.beans.factory.support.AbstractBeanFactory.doGetBean(AbstractBeanFactory.java:309) ~[spring-beans-7.0.2.jar!/:7.0.2]
	... 15 common frames omitted
Caused by: org.flywaydb.core.internal.exception.sqlExceptions.FlywaySqlUnableToConnectToDbException: Unable to obtain connection from database: The connection attempt failed.
-------------------------------------------------------------------------
SQL State  : 08001
Error Code : 0
Message    : The connection attempt failed.

	at org.flywaydb.core.internal.jdbc.JdbcUtils.openConnection(JdbcUtils.java:70) ~[flyway-core-11.14.1.jar!/:na]
	at org.flywaydb.core.internal.jdbc.JdbcConnectionFactory.<init>(JdbcConnectionFactory.java:76) ~[flyway-core-11.14.1.jar!/:na]
	at org.flywaydb.core.FlywayExecutor.execute(FlywayExecutor.java:142) ~[flyway-core-11.14.1.jar!/:na]
	at org.flywaydb.core.Flyway.migrate(Flyway.java:186) ~[flyway-core-11.14.1.jar!/:na]
	at org.springframework.boot.flyway.autoconfigure.FlywayMigrationInitializer.afterPropertiesSet(FlywayMigrationInitializer.java:67) ~[spring-boot-flyway-4.0.1.jar!/:4.0.1]
	at org.springframework.beans.factory.support.AbstractAutowireCapableBeanFactory.invokeInitMethods(AbstractAutowireCapableBeanFactory.java:1864) ~[spring-beans-7.0.2.jar!/:7.0.2]
	at org.springframework.beans.factory.support.AbstractAutowireCapableBeanFactory.initializeBean(AbstractAutowireCapableBeanFactory.java:1813) ~[spring-beans-7.0.2.jar!/:7.0.2]
	... 22 common frames omitted
Caused by: org.postgresql.util.PSQLException: The connection attempt failed.
	at org.postgresql.core.v3.ConnectionFactoryImpl.openConnectionImpl(ConnectionFactoryImpl.java:385) ~[postgresql-42.7.8.jar!/:42.7.8]
	at org.postgresql.core.ConnectionFactory.openConnection(ConnectionFactory.java:57) ~[postgresql-42.7.8.jar!/:42.7.8]
	at org.postgresql.jdbc.PgConnection.<init>(PgConnection.java:279) ~[postgresql-42.7.8.jar!/:42.7.8]
	at org.postgresql.Driver.makeConnection(Driver.java:448) ~[postgresql-42.7.8.jar!/:42.7.8]
	at org.postgresql.Driver.connect(Driver.java:298) ~[postgresql-42.7.8.jar!/:42.7.8]
	at com.zaxxer.hikari.util.DriverDataSource.getConnection(DriverDataSource.java:144) ~[HikariCP-7.0.2.jar!/:na]
	at com.zaxxer.hikari.pool.PoolBase.newConnection(PoolBase.java:373) ~[HikariCP-7.0.2.jar!/:na]
	at com.zaxxer.hikari.pool.PoolBase.newPoolEntry(PoolBase.java:210) ~[HikariCP-7.0.2.jar!/:na]
	at com.zaxxer.hikari.pool.HikariPool.createPoolEntry(HikariPool.java:488) ~[HikariCP-7.0.2.jar!/:na]
	at com.zaxxer.hikari.pool.HikariPool.checkFailFast(HikariPool.java:576) ~[HikariCP-7.0.2.jar!/:na]
	at com.zaxxer.hikari.pool.HikariPool.<init>(HikariPool.java:97) ~[HikariCP-7.0.2.jar!/:na]
	at com.zaxxer.hikari.HikariDataSource.getConnection(HikariDataSource.java:111) ~[HikariCP-7.0.2.jar!/:na]
	at org.flywaydb.core.internal.jdbc.JdbcUtils.openConnection(JdbcUtils.java:65) ~[flyway-core-11.14.1.jar!/:na]
	... 28 common frames omitted
Caused by: java.net.UnknownHostException: DOCKin-DB
	at java.base/sun.nio.ch.NioSocketImpl.connect(NioSocketImpl.java:567) ~[na:na]
	at java.base/java.net.SocksSocketImpl.connect(SocksSocketImpl.java:327) ~[na:na]
	at java.base/java.net.Socket.connect(Socket.java:751) ~[na:na]
	at org.postgresql.core.PGStream.createSocket(PGStream.java:261) ~[postgresql-42.7.8.jar!/:42.7.8]
	at org.postgresql.core.PGStream.<init>(PGStream.java:122) ~[postgresql-42.7.8.jar!/:42.7.8]
	at org.postgresql.core.v3.ConnectionFactoryImpl.tryConnect(ConnectionFactoryImpl.java:146) ~[postgresql-42.7.8.jar!/:42.7.8]
	at org.postgresql.core.v3.ConnectionFactoryImpl.openConnectionImpl(ConnectionFactoryImpl.java:289) ~[postgresql-42.7.8.jar!/:42.7.8]
	... 40 common frames omitted


  .   ____          _            __ _ _
 /\\ / ___'_ __ _ _(_)_ __  __ _ \ \ \ \
( ( )\___ | '_ | '_| | '_ \/ _` | \ \ \ \
 \\/  ___)| |_)| | | | | || (_| |  ) ) ) )
  '  |____| .__|_| |_|_| |_\__, | / / / /
 =========|_|==============|___/=/_/_/_/

 :: Spring Boot ::                (v4.0.1)

2026-08-13T11:42:03.959+09:00  INFO [] 1 --- [DOCKin-spring] [           main] com.DOCKin.DocKinSpringApplication       : Starting DocKinSpringApplication v0.0.1-SNAPSHOT using Java 21.0.12 with PID 1 (/app.jar started by root in /)
2026-08-13T11:42:04.019+09:00  INFO [] 1 --- [DOCKin-spring] [           main] com.DOCKin.DocKinSpringApplication       : The following 2 profiles are active: "secret", "seed"
2026-08-13T11:42:06.224+09:00  INFO [] 1 --- [DOCKin-spring] [           main] .s.d.r.c.RepositoryConfigurationDelegate : Bootstrapping Spring Data JPA repositories in DEFAULT mode.
2026-08-13T11:42:06.649+09:00  INFO [] 1 --- [DOCKin-spring] [           main] .s.d.r.c.RepositoryConfigurationDelegate : Finished Spring Data repository scanning in 416 ms. Found 20 JPA repository interfaces.
2026-08-13T11:42:08.423+09:00  INFO [] 1 --- [DOCKin-spring] [           main] o.s.boot.tomcat.TomcatWebServer          : Tomcat initialized with port 8080 (http)
2026-08-13T11:42:08.436+09:00  INFO [] 1 --- [DOCKin-spring] [           main] o.apache.catalina.core.StandardService   : Starting service [Tomcat]
2026-08-13T11:42:08.436+09:00  INFO [] 1 --- [DOCKin-spring] [           main] o.apache.catalina.core.StandardEngine    : Starting Servlet engine: [Apache Tomcat/11.0.15]
2026-08-13T11:42:08.555+09:00  INFO [] 1 --- [DOCKin-spring] [           main] b.w.c.s.WebApplicationContextInitializer : Root WebApplicationContext: initialization completed in 4431 ms
2026-08-13T11:42:09.926+09:00  INFO [] 1 --- [DOCKin-spring] [           main] com.zaxxer.hikari.HikariDataSource       : HikariPool-1 - Starting...
2026-08-13T11:42:39.988+09:00  WARN [] 1 --- [DOCKin-spring] [           main] ConfigServletWebServerApplicationContext : Exception encountered during context initialization - cancelling refresh attempt: org.springframework.beans.factory.BeanCreationException: Error creating bean with name 'entityManagerFactory' defined in class path resource [org/springframework/boot/hibernate/autoconfigure/HibernateJpaConfiguration.class]: Failed to initialize dependency 'flywayInitializer' of LoadTimeWeaverAware bean 'entityManagerFactory': Error creating bean with name 'flywayInitializer' defined in class path resource [org/springframework/boot/flyway/autoconfigure/FlywayAutoConfiguration$FlywayConfiguration.class]: Unable to obtain connection from database: The connection attempt failed.
-------------------------------------------------------------------------
SQL State  : 08001
Error Code : 0
Message    : The connection attempt failed.

2026-08-13T11:42:39.991+09:00  INFO [] 1 --- [DOCKin-spring] [           main] o.apache.catalina.core.StandardService   : Stopping service [Tomcat]
2026-08-13T11:42:40.000+09:00  INFO [] 1 --- [DOCKin-spring] [           main] .s.b.a.l.ConditionEvaluationReportLogger : 

Error starting ApplicationContext. To display the condition evaluation report re-run your application with 'debug' enabled.
2026-08-13T11:42:40.011+09:00 ERROR [] 1 --- [DOCKin-spring] [           main] o.s.boot.SpringApplication               : Application run failed

org.springframework.beans.factory.BeanCreationException: Error creating bean with name 'entityManagerFactory' defined in class path resource [org/springframework/boot/hibernate/autoconfigure/HibernateJpaConfiguration.class]: Failed to initialize dependency 'flywayInitializer' of LoadTimeWeaverAware bean 'entityManagerFactory': Error creating bean with name 'flywayInitializer' defined in class path resource [org/springframework/boot/flyway/autoconfigure/FlywayAutoConfiguration$FlywayConfiguration.class]: Unable to obtain connection from database: The connection attempt failed.
-------------------------------------------------------------------------
SQL State  : 08001
Error Code : 0
Message    : The connection attempt failed.

	at org.springframework.beans.factory.support.AbstractBeanFactory.doGetBean(AbstractBeanFactory.java:322) ~[spring-beans-7.0.2.jar!/:7.0.2]
	at org.springframework.beans.factory.support.AbstractBeanFactory.getBean(AbstractBeanFactory.java:201) ~[spring-beans-7.0.2.jar!/:7.0.2]
	at org.springframework.context.support.AbstractApplicationContext.finishBeanFactoryInitialization(AbstractApplicationContext.java:976) ~[spring-context-7.0.2.jar!/:7.0.2]
	at org.springframework.context.support.AbstractApplicationContext.refresh(AbstractApplicationContext.java:620) ~[spring-context-7.0.2.jar!/:7.0.2]
	at org.springframework.boot.web.server.servlet.context.ServletWebServerApplicationContext.refresh(ServletWebServerApplicationContext.java:143) ~[spring-boot-web-server-4.0.1.jar!/:4.0.1]
	at org.springframework.boot.SpringApplication.refresh(SpringApplication.java:756) ~[spring-boot-4.0.1.jar!/:4.0.1]
	at org.springframework.boot.SpringApplication.refreshContext(SpringApplication.java:445) ~[spring-boot-4.0.1.jar!/:4.0.1]
	at org.springframework.boot.SpringApplication.run(SpringApplication.java:321) ~[spring-boot-4.0.1.jar!/:4.0.1]
	at org.springframework.boot.SpringApplication.run(SpringApplication.java:1365) ~[spring-boot-4.0.1.jar!/:4.0.1]
	at org.springframework.boot.SpringApplication.run(SpringApplication.java:1354) ~[spring-boot-4.0.1.jar!/:4.0.1]
	at com.DOCKin.DocKinSpringApplication.main(DocKinSpringApplication.java:23) ~[!/:0.0.1-SNAPSHOT]
	at java.base/jdk.internal.reflect.DirectMethodHandleAccessor.invoke(DirectMethodHandleAccessor.java:103) ~[na:na]
	at java.base/java.lang.reflect.Method.invoke(Method.java:580) ~[na:na]
	at org.springframework.boot.loader.launch.Launcher.launch(Launcher.java:106) ~[app.jar:0.0.1-SNAPSHOT]
	at org.springframework.boot.loader.launch.Launcher.launch(Launcher.java:64) ~[app.jar:0.0.1-SNAPSHOT]
	at org.springframework.boot.loader.launch.JarLauncher.main(JarLauncher.java:40) ~[app.jar:0.0.1-SNAPSHOT]
Caused by: org.springframework.beans.factory.BeanCreationException: Error creating bean with name 'flywayInitializer' defined in class path resource [org/springframework/boot/flyway/autoconfigure/FlywayAutoConfiguration$FlywayConfiguration.class]: Unable to obtain connection from database: The connection attempt failed.
-------------------------------------------------------------------------
SQL State  : 08001
Error Code : 0
Message    : The connection attempt failed.

	at org.springframework.beans.factory.support.AbstractAutowireCapableBeanFactory.initializeBean(AbstractAutowireCapableBeanFactory.java:1817) ~[spring-beans-7.0.2.jar!/:7.0.2]
	at org.springframework.beans.factory.support.AbstractAutowireCapableBeanFactory.doCreateBean(AbstractAutowireCapableBeanFactory.java:603) ~[spring-beans-7.0.2.jar!/:7.0.2]
	at org.springframework.beans.factory.support.AbstractAutowireCapableBeanFactory.createBean(AbstractAutowireCapableBeanFactory.java:525) ~[spring-beans-7.0.2.jar!/:7.0.2]
	at org.springframework.beans.factory.support.AbstractBeanFactory.lambda$doGetBean$0(AbstractBeanFactory.java:333) ~[spring-beans-7.0.2.jar!/:7.0.2]
	at org.springframework.beans.factory.support.DefaultSingletonBeanRegistry.getSingleton(DefaultSingletonBeanRegistry.java:371) ~[spring-beans-7.0.2.jar!/:7.0.2]
	at org.springframework.beans.factory.support.AbstractBeanFactory.doGetBean(AbstractBeanFactory.java:331) ~[spring-beans-7.0.2.jar!/:7.0.2]
	at org.springframework.beans.factory.support.AbstractBeanFactory.getBean(AbstractBeanFactory.java:196) ~[spring-beans-7.0.2.jar!/:7.0.2]
	at org.springframework.beans.factory.support.AbstractBeanFactory.doGetBean(AbstractBeanFactory.java:309) ~[spring-beans-7.0.2.jar!/:7.0.2]
	... 15 common frames omitted
Caused by: org.flywaydb.core.internal.exception.sqlExceptions.FlywaySqlUnableToConnectToDbException: Unable to obtain connection from database: The connection attempt failed.
-------------------------------------------------------------------------
SQL State  : 08001
Error Code : 0
Message    : The connection attempt failed.

	at org.flywaydb.core.internal.jdbc.JdbcUtils.openConnection(JdbcUtils.java:70) ~[flyway-core-11.14.1.jar!/:na]
	at org.flywaydb.core.internal.jdbc.JdbcConnectionFactory.<init>(JdbcConnectionFactory.java:76) ~[flyway-core-11.14.1.jar!/:na]
	at org.flywaydb.core.FlywayExecutor.execute(FlywayExecutor.java:142) ~[flyway-core-11.14.1.jar!/:na]
	at org.flywaydb.core.Flyway.migrate(Flyway.java:186) ~[flyway-core-11.14.1.jar!/:na]
	at org.springframework.boot.flyway.autoconfigure.FlywayMigrationInitializer.afterPropertiesSet(FlywayMigrationInitializer.java:67) ~[spring-boot-flyway-4.0.1.jar!/:4.0.1]
	at org.springframework.beans.factory.support.AbstractAutowireCapableBeanFactory.invokeInitMethods(AbstractAutowireCapableBeanFactory.java:1864) ~[spring-beans-7.0.2.jar!/:7.0.2]
	at org.springframework.beans.factory.support.AbstractAutowireCapableBeanFactory.initializeBean(AbstractAutowireCapableBeanFactory.java:1813) ~[spring-beans-7.0.2.jar!/:7.0.2]
	... 22 common frames omitted
Caused by: org.postgresql.util.PSQLException: The connection attempt failed.
	at org.postgresql.core.v3.ConnectionFactoryImpl.openConnectionImpl(ConnectionFactoryImpl.java:385) ~[postgresql-42.7.8.jar!/:42.7.8]
	at org.postgresql.core.ConnectionFactory.openConnection(ConnectionFactory.java:57) ~[postgresql-42.7.8.jar!/:42.7.8]
	at org.postgresql.jdbc.PgConnection.<init>(PgConnection.java:279) ~[postgresql-42.7.8.jar!/:42.7.8]
	at org.postgresql.Driver.makeConnection(Driver.java:448) ~[postgresql-42.7.8.jar!/:42.7.8]
	at org.postgresql.Driver.connect(Driver.java:298) ~[postgresql-42.7.8.jar!/:42.7.8]
	at com.zaxxer.hikari.util.DriverDataSource.getConnection(DriverDataSource.java:144) ~[HikariCP-7.0.2.jar!/:na]
	at com.zaxxer.hikari.pool.PoolBase.newConnection(PoolBase.java:373) ~[HikariCP-7.0.2.jar!/:na]
	at com.zaxxer.hikari.pool.PoolBase.newPoolEntry(PoolBase.java:210) ~[HikariCP-7.0.2.jar!/:na]
	at com.zaxxer.hikari.pool.HikariPool.createPoolEntry(HikariPool.java:488) ~[HikariCP-7.0.2.jar!/:na]
	at com.zaxxer.hikari.pool.HikariPool.checkFailFast(HikariPool.java:576) ~[HikariCP-7.0.2.jar!/:na]
	at com.zaxxer.hikari.pool.HikariPool.<init>(HikariPool.java:97) ~[HikariCP-7.0.2.jar!/:na]
	at com.zaxxer.hikari.HikariDataSource.getConnection(HikariDataSource.java:111) ~[HikariCP-7.0.2.jar!/:na]
	at org.flywaydb.core.internal.jdbc.JdbcUtils.openConnection(JdbcUtils.java:65) ~[flyway-core-11.14.1.jar!/:na]
	... 28 common frames omitted
Caused by: java.net.UnknownHostException: DOCKin-DB
	at java.base/sun.nio.ch.NioSocketImpl.connect(NioSocketImpl.java:567) ~[na:na]
	at java.base/java.net.SocksSocketImpl.connect(SocksSocketImpl.java:327) ~[na:na]
	at java.base/java.net.Socket.connect(Socket.java:751) ~[na:na]
	at org.postgresql.core.PGStream.createSocket(PGStream.java:261) ~[postgresql-42.7.8.jar!/:42.7.8]
	at org.postgresql.core.PGStream.<init>(PGStream.java:122) ~[postgresql-42.7.8.jar!/:42.7.8]
	at org.postgresql.core.v3.ConnectionFactoryImpl.tryConnect(ConnectionFactoryImpl.java:146) ~[postgresql-42.7.8.jar!/:42.7.8]
	at org.postgresql.core.v3.ConnectionFactoryImpl.openConnectionImpl(ConnectionFactoryImpl.java:289) ~[postgresql-42.7.8.jar!/:42.7.8]
	... 40 common frames omitted


  .   ____          _            __ _ _
 /\\ / ___'_ __ _ _(_)_ __  __ _ \ \ \ \
( ( )\___ | '_ | '_| | '_ \/ _` | \ \ \ \
 \\/  ___)| |_)| | | | | || (_| |  ) ) ) )
  '  |____| .__|_| |_|_| |_\__, | / / / /
 =========|_|==============|___/=/_/_/_/

 :: Spring Boot ::                (v4.0.1)

2026-08-13T11:42:43.158+09:00  INFO [] 1 --- [DOCKin-spring] [           main] com.DOCKin.DocKinSpringApplication       : Starting DocKinSpringApplication v0.0.1-SNAPSHOT using Java 21.0.12 with PID 1 (/app.jar started by root in /)
2026-08-13T11:42:43.161+09:00  INFO [] 1 --- [DOCKin-spring] [           main] com.DOCKin.DocKinSpringApplication       : The following 2 profiles are active: "secret", "seed"
2026-08-13T11:42:45.424+09:00  INFO [] 1 --- [DOCKin-spring] [           main] .s.d.r.c.RepositoryConfigurationDelegate : Bootstrapping Spring Data JPA repositories in DEFAULT mode.
2026-08-13T11:42:45.867+09:00  INFO [] 1 --- [DOCKin-spring] [           main] .s.d.r.c.RepositoryConfigurationDelegate : Finished Spring Data repository scanning in 435 ms. Found 20 JPA repository interfaces.
2026-08-13T11:42:47.731+09:00  INFO [] 1 --- [DOCKin-spring] [           main] o.s.boot.tomcat.TomcatWebServer          : Tomcat initialized with port 8080 (http)
2026-08-13T11:42:47.744+09:00  INFO [] 1 --- [DOCKin-spring] [           main] o.apache.catalina.core.StandardService   : Starting service [Tomcat]
2026-08-13T11:42:47.744+09:00  INFO [] 1 --- [DOCKin-spring] [           main] o.apache.catalina.core.StandardEngine    : Starting Servlet engine: [Apache Tomcat/11.0.15]
2026-08-13T11:42:47.924+09:00  INFO [] 1 --- [DOCKin-spring] [           main] b.w.c.s.WebApplicationContextInitializer : Root WebApplicationContext: initialization completed in 4601 ms
2026-08-13T11:42:49.122+09:00  INFO [] 1 --- [DOCKin-spring] [           main] com.zaxxer.hikari.HikariDataSource       : HikariPool-1 - Starting...
2026-08-13T11:43:19.183+09:00  WARN [] 1 --- [DOCKin-spring] [           main] ConfigServletWebServerApplicationContext : Exception encountered during context initialization - cancelling refresh attempt: org.springframework.beans.factory.BeanCreationException: Error creating bean with name 'entityManagerFactory' defined in class path resource [org/springframework/boot/hibernate/autoconfigure/HibernateJpaConfiguration.class]: Failed to initialize dependency 'flywayInitializer' of LoadTimeWeaverAware bean 'entityManagerFactory': Error creating bean with name 'flywayInitializer' defined in class path resource [org/springframework/boot/flyway/autoconfigure/FlywayAutoConfiguration$FlywayConfiguration.class]: Unable to obtain connection from database: The connection attempt failed.
-------------------------------------------------------------------------
SQL State  : 08001
Error Code : 0
Message    : The connection attempt failed.

2026-08-13T11:43:19.186+09:00  INFO [] 1 --- [DOCKin-spring] [           main] o.apache.catalina.core.StandardService   : Stopping service [Tomcat]
2026-08-13T11:43:19.196+09:00  INFO [] 1 --- [DOCKin-spring] [           main] .s.b.a.l.ConditionEvaluationReportLogger : 

Error starting ApplicationContext. To display the condition evaluation report re-run your application with 'debug' enabled.
2026-08-13T11:43:19.206+09:00 ERROR [] 1 --- [DOCKin-spring] [           main] o.s.boot.SpringApplication               : Application run failed

org.springframework.beans.factory.BeanCreationException: Error creating bean with name 'entityManagerFactory' defined in class path resource [org/springframework/boot/hibernate/autoconfigure/HibernateJpaConfiguration.class]: Failed to initialize dependency 'flywayInitializer' of LoadTimeWeaverAware bean 'entityManagerFactory': Error creating bean with name 'flywayInitializer' defined in class path resource [org/springframework/boot/flyway/autoconfigure/FlywayAutoConfiguration$FlywayConfiguration.class]: Unable to obtain connection from database: The connection attempt failed.
-------------------------------------------------------------------------
SQL State  : 08001
Error Code : 0
Message    : The connection attempt failed.

	at org.springframework.beans.factory.support.AbstractBeanFactory.doGetBean(AbstractBeanFactory.java:322) ~[spring-beans-7.0.2.jar!/:7.0.2]
	at org.springframework.beans.factory.support.AbstractBeanFactory.getBean(AbstractBeanFactory.java:201) ~[spring-beans-7.0.2.jar!/:7.0.2]
	at org.springframework.context.support.AbstractApplicationContext.finishBeanFactoryInitialization(AbstractApplicationContext.java:976) ~[spring-context-7.0.2.jar!/:7.0.2]
	at org.springframework.context.support.AbstractApplicationContext.refresh(AbstractApplicationContext.java:620) ~[spring-context-7.0.2.jar!/:7.0.2]
	at org.springframework.boot.web.server.servlet.context.ServletWebServerApplicationContext.refresh(ServletWebServerApplicationContext.java:143) ~[spring-boot-web-server-4.0.1.jar!/:4.0.1]
	at org.springframework.boot.SpringApplication.refresh(SpringApplication.java:756) ~[spring-boot-4.0.1.jar!/:4.0.1]
	at org.springframework.boot.SpringApplication.refreshContext(SpringApplication.java:445) ~[spring-boot-4.0.1.jar!/:4.0.1]
	at org.springframework.boot.SpringApplication.run(SpringApplication.java:321) ~[spring-boot-4.0.1.jar!/:4.0.1]
	at org.springframework.boot.SpringApplication.run(SpringApplication.java:1365) ~[spring-boot-4.0.1.jar!/:4.0.1]
	at org.springframework.boot.SpringApplication.run(SpringApplication.java:1354) ~[spring-boot-4.0.1.jar!/:4.0.1]
	at com.DOCKin.DocKinSpringApplication.main(DocKinSpringApplication.java:23) ~[!/:0.0.1-SNAPSHOT]
	at java.base/jdk.internal.reflect.DirectMethodHandleAccessor.invoke(DirectMethodHandleAccessor.java:103) ~[na:na]
	at java.base/java.lang.reflect.Method.invoke(Method.java:580) ~[na:na]
	at org.springframework.boot.loader.launch.Launcher.launch(Launcher.java:106) ~[app.jar:0.0.1-SNAPSHOT]
	at org.springframework.boot.loader.launch.Launcher.launch(Launcher.java:64) ~[app.jar:0.0.1-SNAPSHOT]
	at org.springframework.boot.loader.launch.JarLauncher.main(JarLauncher.java:40) ~[app.jar:0.0.1-SNAPSHOT]
Caused by: org.springframework.beans.factory.BeanCreationException: Error creating bean with name 'flywayInitializer' defined in class path resource [org/springframework/boot/flyway/autoconfigure/FlywayAutoConfiguration$FlywayConfiguration.class]: Unable to obtain connection from database: The connection attempt failed.
-------------------------------------------------------------------------
SQL State  : 08001
Error Code : 0
Message    : The connection attempt failed.

	at org.springframework.beans.factory.support.AbstractAutowireCapableBeanFactory.initializeBean(AbstractAutowireCapableBeanFactory.java:1817) ~[spring-beans-7.0.2.jar!/:7.0.2]
	at org.springframework.beans.factory.support.AbstractAutowireCapableBeanFactory.doCreateBean(AbstractAutowireCapableBeanFactory.java:603) ~[spring-beans-7.0.2.jar!/:7.0.2]
	at org.springframework.beans.factory.support.AbstractAutowireCapableBeanFactory.createBean(AbstractAutowireCapableBeanFactory.java:525) ~[spring-beans-7.0.2.jar!/:7.0.2]
	at org.springframework.beans.factory.support.AbstractBeanFactory.lambda$doGetBean$0(AbstractBeanFactory.java:333) ~[spring-beans-7.0.2.jar!/:7.0.2]
	at org.springframework.beans.factory.support.DefaultSingletonBeanRegistry.getSingleton(DefaultSingletonBeanRegistry.java:371) ~[spring-beans-7.0.2.jar!/:7.0.2]
	at org.springframework.beans.factory.support.AbstractBeanFactory.doGetBean(AbstractBeanFactory.java:331) ~[spring-beans-7.0.2.jar!/:7.0.2]
	at org.springframework.beans.factory.support.AbstractBeanFactory.getBean(AbstractBeanFactory.java:196) ~[spring-beans-7.0.2.jar!/:7.0.2]
	at org.springframework.beans.factory.support.AbstractBeanFactory.doGetBean(AbstractBeanFactory.java:309) ~[spring-beans-7.0.2.jar!/:7.0.2]
	... 15 common frames omitted
Caused by: org.flywaydb.core.internal.exception.sqlExceptions.FlywaySqlUnableToConnectToDbException: Unable to obtain connection from database: The connection attempt failed.
-------------------------------------------------------------------------
SQL State  : 08001
Error Code : 0
Message    : The connection attempt failed.

	at org.flywaydb.core.internal.jdbc.JdbcUtils.openConnection(JdbcUtils.java:70) ~[flyway-core-11.14.1.jar!/:na]
	at org.flywaydb.core.internal.jdbc.JdbcConnectionFactory.<init>(JdbcConnectionFactory.java:76) ~[flyway-core-11.14.1.jar!/:na]
	at org.flywaydb.core.FlywayExecutor.execute(FlywayExecutor.java:142) ~[flyway-core-11.14.1.jar!/:na]
	at org.flywaydb.core.Flyway.migrate(Flyway.java:186) ~[flyway-core-11.14.1.jar!/:na]
	at org.springframework.boot.flyway.autoconfigure.FlywayMigrationInitializer.afterPropertiesSet(FlywayMigrationInitializer.java:67) ~[spring-boot-flyway-4.0.1.jar!/:4.0.1]
	at org.springframework.beans.factory.support.AbstractAutowireCapableBeanFactory.invokeInitMethods(AbstractAutowireCapableBeanFactory.java:1864) ~[spring-beans-7.0.2.jar!/:7.0.2]
	at org.springframework.beans.factory.support.AbstractAutowireCapableBeanFactory.initializeBean(AbstractAutowireCapableBeanFactory.java:1813) ~[spring-beans-7.0.2.jar!/:7.0.2]
	... 22 common frames omitted
Caused by: org.postgresql.util.PSQLException: The connection attempt failed.
	at org.postgresql.core.v3.ConnectionFactoryImpl.openConnectionImpl(ConnectionFactoryImpl.java:385) ~[postgresql-42.7.8.jar!/:42.7.8]
	at org.postgresql.core.ConnectionFactory.openConnection(ConnectionFactory.java:57) ~[postgresql-42.7.8.jar!/:42.7.8]
	at org.postgresql.jdbc.PgConnection.<init>(PgConnection.java:279) ~[postgresql-42.7.8.jar!/:42.7.8]
	at org.postgresql.Driver.makeConnection(Driver.java:448) ~[postgresql-42.7.8.jar!/:42.7.8]
	at org.postgresql.Driver.connect(Driver.java:298) ~[postgresql-42.7.8.jar!/:42.7.8]
	at com.zaxxer.hikari.util.DriverDataSource.getConnection(DriverDataSource.java:144) ~[HikariCP-7.0.2.jar!/:na]
	at com.zaxxer.hikari.pool.PoolBase.newConnection(PoolBase.java:373) ~[HikariCP-7.0.2.jar!/:na]
	at com.zaxxer.hikari.pool.PoolBase.newPoolEntry(PoolBase.java:210) ~[HikariCP-7.0.2.jar!/:na]
	at com.zaxxer.hikari.pool.HikariPool.createPoolEntry(HikariPool.java:488) ~[HikariCP-7.0.2.jar!/:na]
	at com.zaxxer.hikari.pool.HikariPool.checkFailFast(HikariPool.java:576) ~[HikariCP-7.0.2.jar!/:na]
	at com.zaxxer.hikari.pool.HikariPool.<init>(HikariPool.java:97) ~[HikariCP-7.0.2.jar!/:na]
	at com.zaxxer.hikari.HikariDataSource.getConnection(HikariDataSource.java:111) ~[HikariCP-7.0.2.jar!/:na]
	at org.flywaydb.core.internal.jdbc.JdbcUtils.openConnection(JdbcUtils.java:65) ~[flyway-core-11.14.1.jar!/:na]
	... 28 common frames omitted
Caused by: java.net.UnknownHostException: DOCKin-DB
	at java.base/sun.nio.ch.NioSocketImpl.connect(NioSocketImpl.java:567) ~[na:na]
	at java.base/java.net.SocksSocketImpl.connect(SocksSocketImpl.java:327) ~[na:na]
	at java.base/java.net.Socket.connect(Socket.java:751) ~[na:na]
	at org.postgresql.core.PGStream.createSocket(PGStream.java:261) ~[postgresql-42.7.8.jar!/:42.7.8]
	at org.postgresql.core.PGStream.<init>(PGStream.java:122) ~[postgresql-42.7.8.jar!/:42.7.8]
	at org.postgresql.core.v3.ConnectionFactoryImpl.tryConnect(ConnectionFactoryImpl.java:146) ~[postgresql-42.7.8.jar!/:42.7.8]
	at org.postgresql.core.v3.ConnectionFactoryImpl.openConnectionImpl(ConnectionFactoryImpl.java:289) ~[postgresql-42.7.8.jar!/:42.7.8]
	... 40 common frames omitted


  .   ____          _            __ _ _
 /\\ / ___'_ __ _ _(_)_ __  __ _ \ \ \ \
( ( )\___ | '_ | '_| | '_ \/ _` | \ \ \ \
 \\/  ___)| |_)| | | | | || (_| |  ) ) ) )
  '  |____| .__|_| |_|_| |_\__, | / / / /
 =========|_|==============|___/=/_/_/_/

 :: Spring Boot ::                (v4.0.1)

2026-08-13T11:43:22.221+09:00  INFO [] 1 --- [DOCKin-spring] [           main] com.DOCKin.DocKinSpringApplication       : Starting DocKinSpringApplication v0.0.1-SNAPSHOT using Java 21.0.12 with PID 1 (/app.jar started by root in /)
2026-08-13T11:43:22.226+09:00  INFO [] 1 --- [DOCKin-spring] [           main] com.DOCKin.DocKinSpringApplication       : The following 2 profiles are active: "secret", "seed"
2026-08-13T11:43:24.640+09:00  INFO [] 1 --- [DOCKin-spring] [           main] .s.d.r.c.RepositoryConfigurationDelegate : Bootstrapping Spring Data JPA repositories in DEFAULT mode.
2026-08-13T11:43:25.155+09:00  INFO [] 1 --- [DOCKin-spring] [           main] .s.d.r.c.RepositoryConfigurationDelegate : Finished Spring Data repository scanning in 507 ms. Found 20 JPA repository interfaces.
2026-08-13T11:43:27.033+09:00  INFO [] 1 --- [DOCKin-spring] [           main] o.s.boot.tomcat.TomcatWebServer          : Tomcat initialized with port 8080 (http)
2026-08-13T11:43:27.046+09:00  INFO [] 1 --- [DOCKin-spring] [           main] o.apache.catalina.core.StandardService   : Starting service [Tomcat]
2026-08-13T11:43:27.046+09:00  INFO [] 1 --- [DOCKin-spring] [           main] o.apache.catalina.core.StandardEngine    : Starting Servlet engine: [Apache Tomcat/11.0.15]
2026-08-13T11:43:27.160+09:00  INFO [] 1 --- [DOCKin-spring] [           main] b.w.c.s.WebApplicationContextInitializer : Root WebApplicationContext: initialization completed in 4828 ms
2026-08-13T11:43:28.355+09:00  INFO [] 1 --- [DOCKin-spring] [           main] com.zaxxer.hikari.HikariDataSource       : HikariPool-1 - Starting...
2026-08-13T11:43:58.471+09:00  WARN [] 1 --- [DOCKin-spring] [           main] ConfigServletWebServerApplicationContext : Exception encountered during context initialization - cancelling refresh attempt: org.springframework.beans.factory.BeanCreationException: Error creating bean with name 'entityManagerFactory' defined in class path resource [org/springframework/boot/hibernate/autoconfigure/HibernateJpaConfiguration.class]: Failed to initialize dependency 'flywayInitializer' of LoadTimeWeaverAware bean 'entityManagerFactory': Error creating bean with name 'flywayInitializer' defined in class path resource [org/springframework/boot/flyway/autoconfigure/FlywayAutoConfiguration$FlywayConfiguration.class]: Unable to obtain connection from database: The connection attempt failed.
-------------------------------------------------------------------------
SQL State  : 08001
Error Code : 0
Message    : The connection attempt failed.

2026-08-13T11:43:58.473+09:00  INFO [] 1 --- [DOCKin-spring] [           main] o.apache.catalina.core.StandardService   : Stopping service [Tomcat]
2026-08-13T11:43:58.483+09:00  INFO [] 1 --- [DOCKin-spring] [           main] .s.b.a.l.ConditionEvaluationReportLogger : 

Error starting ApplicationContext. To display the condition evaluation report re-run your application with 'debug' enabled.
2026-08-13T11:43:58.494+09:00 ERROR [] 1 --- [DOCKin-spring] [           main] o.s.boot.SpringApplication               : Application run failed

org.springframework.beans.factory.BeanCreationException: Error creating bean with name 'entityManagerFactory' defined in class path resource [org/springframework/boot/hibernate/autoconfigure/HibernateJpaConfiguration.class]: Failed to initialize dependency 'flywayInitializer' of LoadTimeWeaverAware bean 'entityManagerFactory': Error creating bean with name 'flywayInitializer' defined in class path resource [org/springframework/boot/flyway/autoconfigure/FlywayAutoConfiguration$FlywayConfiguration.class]: Unable to obtain connection from database: The connection attempt failed.
-------------------------------------------------------------------------
SQL State  : 08001
Error Code : 0
Message    : The connection attempt failed.

	at org.springframework.beans.factory.support.AbstractBeanFactory.doGetBean(AbstractBeanFactory.java:322) ~[spring-beans-7.0.2.jar!/:7.0.2]
	at org.springframework.beans.factory.support.AbstractBeanFactory.getBean(AbstractBeanFactory.java:201) ~[spring-beans-7.0.2.jar!/:7.0.2]
	at org.springframework.context.support.AbstractApplicationContext.finishBeanFactoryInitialization(AbstractApplicationContext.java:976) ~[spring-context-7.0.2.jar!/:7.0.2]
	at org.springframework.context.support.AbstractApplicationContext.refresh(AbstractApplicationContext.java:620) ~[spring-context-7.0.2.jar!/:7.0.2]
	at org.springframework.boot.web.server.servlet.context.ServletWebServerApplicationContext.refresh(ServletWebServerApplicationContext.java:143) ~[spring-boot-web-server-4.0.1.jar!/:4.0.1]
	at org.springframework.boot.SpringApplication.refresh(SpringApplication.java:756) ~[spring-boot-4.0.1.jar!/:4.0.1]
	at org.springframework.boot.SpringApplication.refreshContext(SpringApplication.java:445) ~[spring-boot-4.0.1.jar!/:4.0.1]
	at org.springframework.boot.SpringApplication.run(SpringApplication.java:321) ~[spring-boot-4.0.1.jar!/:4.0.1]
	at org.springframework.boot.SpringApplication.run(SpringApplication.java:1365) ~[spring-boot-4.0.1.jar!/:4.0.1]
	at org.springframework.boot.SpringApplication.run(SpringApplication.java:1354) ~[spring-boot-4.0.1.jar!/:4.0.1]
	at com.DOCKin.DocKinSpringApplication.main(DocKinSpringApplication.java:23) ~[!/:0.0.1-SNAPSHOT]
	at java.base/jdk.internal.reflect.DirectMethodHandleAccessor.invoke(DirectMethodHandleAccessor.java:103) ~[na:na]
	at java.base/java.lang.reflect.Method.invoke(Method.java:580) ~[na:na]
	at org.springframework.boot.loader.launch.Launcher.launch(Launcher.java:106) ~[app.jar:0.0.1-SNAPSHOT]
	at org.springframework.boot.loader.launch.Launcher.launch(Launcher.java:64) ~[app.jar:0.0.1-SNAPSHOT]
	at org.springframework.boot.loader.launch.JarLauncher.main(JarLauncher.java:40) ~[app.jar:0.0.1-SNAPSHOT]
Caused by: org.springframework.beans.factory.BeanCreationException: Error creating bean with name 'flywayInitializer' defined in class path resource [org/springframework/boot/flyway/autoconfigure/FlywayAutoConfiguration$FlywayConfiguration.class]: Unable to obtain connection from database: The connection attempt failed.
-------------------------------------------------------------------------
SQL State  : 08001
Error Code : 0
Message    : The connection attempt failed.

	at org.springframework.beans.factory.support.AbstractAutowireCapableBeanFactory.initializeBean(AbstractAutowireCapableBeanFactory.java:1817) ~[spring-beans-7.0.2.jar!/:7.0.2]
	at org.springframework.beans.factory.support.AbstractAutowireCapableBeanFactory.doCreateBean(AbstractAutowireCapableBeanFactory.java:603) ~[spring-beans-7.0.2.jar!/:7.0.2]
	at org.springframework.beans.factory.support.AbstractAutowireCapableBeanFactory.createBean(AbstractAutowireCapableBeanFactory.java:525) ~[spring-beans-7.0.2.jar!/:7.0.2]
	at org.springframework.beans.factory.support.AbstractBeanFactory.lambda$doGetBean$0(AbstractBeanFactory.java:333) ~[spring-beans-7.0.2.jar!/:7.0.2]
	at org.springframework.beans.factory.support.DefaultSingletonBeanRegistry.getSingleton(DefaultSingletonBeanRegistry.java:371) ~[spring-beans-7.0.2.jar!/:7.0.2]
	at org.springframework.beans.factory.support.AbstractBeanFactory.doGetBean(AbstractBeanFactory.java:331) ~[spring-beans-7.0.2.jar!/:7.0.2]
	at org.springframework.beans.factory.support.AbstractBeanFactory.getBean(AbstractBeanFactory.java:196) ~[spring-beans-7.0.2.jar!/:7.0.2]
	at org.springframework.beans.factory.support.AbstractBeanFactory.doGetBean(AbstractBeanFactory.java:309) ~[spring-beans-7.0.2.jar!/:7.0.2]
	... 15 common frames omitted
Caused by: org.flywaydb.core.internal.exception.sqlExceptions.FlywaySqlUnableToConnectToDbException: Unable to obtain connection from database: The connection attempt failed.
-------------------------------------------------------------------------
SQL State  : 08001
Error Code : 0
Message    : The connection attempt failed.

	at org.flywaydb.core.internal.jdbc.JdbcUtils.openConnection(JdbcUtils.java:70) ~[flyway-core-11.14.1.jar!/:na]
	at org.flywaydb.core.internal.jdbc.JdbcConnectionFactory.<init>(JdbcConnectionFactory.java:76) ~[flyway-core-11.14.1.jar!/:na]
	at org.flywaydb.core.FlywayExecutor.execute(FlywayExecutor.java:142) ~[flyway-core-11.14.1.jar!/:na]
	at org.flywaydb.core.Flyway.migrate(Flyway.java:186) ~[flyway-core-11.14.1.jar!/:na]
	at org.springframework.boot.flyway.autoconfigure.FlywayMigrationInitializer.afterPropertiesSet(FlywayMigrationInitializer.java:67) ~[spring-boot-flyway-4.0.1.jar!/:4.0.1]
	at org.springframework.beans.factory.support.AbstractAutowireCapableBeanFactory.invokeInitMethods(AbstractAutowireCapableBeanFactory.java:1864) ~[spring-beans-7.0.2.jar!/:7.0.2]
	at org.springframework.beans.factory.support.AbstractAutowireCapableBeanFactory.initializeBean(AbstractAutowireCapableBeanFactory.java:1813) ~[spring-beans-7.0.2.jar!/:7.0.2]
	... 22 common frames omitted
Caused by: org.postgresql.util.PSQLException: The connection attempt failed.
	at org.postgresql.core.v3.ConnectionFactoryImpl.openConnectionImpl(ConnectionFactoryImpl.java:385) ~[postgresql-42.7.8.jar!/:42.7.8]
	at org.postgresql.core.ConnectionFactory.openConnection(ConnectionFactory.java:57) ~[postgresql-42.7.8.jar!/:42.7.8]
	at org.postgresql.jdbc.PgConnection.<init>(PgConnection.java:279) ~[postgresql-42.7.8.jar!/:42.7.8]
	at org.postgresql.Driver.makeConnection(Driver.java:448) ~[postgresql-42.7.8.jar!/:42.7.8]
	at org.postgresql.Driver.connect(Driver.java:298) ~[postgresql-42.7.8.jar!/:42.7.8]
	at com.zaxxer.hikari.util.DriverDataSource.getConnection(DriverDataSource.java:144) ~[HikariCP-7.0.2.jar!/:na]
	at com.zaxxer.hikari.pool.PoolBase.newConnection(PoolBase.java:373) ~[HikariCP-7.0.2.jar!/:na]
	at com.zaxxer.hikari.pool.PoolBase.newPoolEntry(PoolBase.java:210) ~[HikariCP-7.0.2.jar!/:na]
	at com.zaxxer.hikari.pool.HikariPool.createPoolEntry(HikariPool.java:488) ~[HikariCP-7.0.2.jar!/:na]
	at com.zaxxer.hikari.pool.HikariPool.checkFailFast(HikariPool.java:576) ~[HikariCP-7.0.2.jar!/:na]
	at com.zaxxer.hikari.pool.HikariPool.<init>(HikariPool.java:97) ~[HikariCP-7.0.2.jar!/:na]
	at com.zaxxer.hikari.HikariDataSource.getConnection(HikariDataSource.java:111) ~[HikariCP-7.0.2.jar!/:na]
	at org.flywaydb.core.internal.jdbc.JdbcUtils.openConnection(JdbcUtils.java:65) ~[flyway-core-11.14.1.jar!/:na]
	... 28 common frames omitted
Caused by: java.net.UnknownHostException: DOCKin-DB
	at java.base/sun.nio.ch.NioSocketImpl.connect(NioSocketImpl.java:567) ~[na:na]
	at java.base/java.net.SocksSocketImpl.connect(SocksSocketImpl.java:327) ~[na:na]
	at java.base/java.net.Socket.connect(Socket.java:751) ~[na:na]
	at org.postgresql.core.PGStream.createSocket(PGStream.java:261) ~[postgresql-42.7.8.jar!/:42.7.8]
	at org.postgresql.core.PGStream.<init>(PGStream.java:122) ~[postgresql-42.7.8.jar!/:42.7.8]
	at org.postgresql.core.v3.ConnectionFactoryImpl.tryConnect(ConnectionFactoryImpl.java:146) ~[postgresql-42.7.8.jar!/:42.7.8]
	at org.postgresql.core.v3.ConnectionFactoryImpl.openConnectionImpl(ConnectionFactoryImpl.java:289) ~[postgresql-42.7.8.jar!/:42.7.8]
	... 40 common frames omitted


  .   ____          _            __ _ _
 /\\ / ___'_ __ _ _(_)_ __  __ _ \ \ \ \
( ( )\___ | '_ | '_| | '_ \/ _` | \ \ \ \
 \\/  ___)| |_)| | | | | || (_| |  ) ) ) )
  '  |____| .__|_| |_|_| |_\__, | / / / /
 =========|_|==============|___/=/_/_/_/

 :: Spring Boot ::                (v4.0.1)

2026-08-13T11:44:01.452+09:00  INFO [] 1 --- [DOCKin-spring] [           main] com.DOCKin.DocKinSpringApplication       : Starting DocKinSpringApplication v0.0.1-SNAPSHOT using Java 21.0.12 with PID 1 (/app.jar started by root in /)
2026-08-13T11:44:01.456+09:00  INFO [] 1 --- [DOCKin-spring] [           main] com.DOCKin.DocKinSpringApplication       : The following 2 profiles are active: "secret", "seed"
2026-08-13T11:44:03.740+09:00  INFO [] 1 --- [DOCKin-spring] [           main] .s.d.r.c.RepositoryConfigurationDelegate : Bootstrapping Spring Data JPA repositories in DEFAULT mode.
2026-08-13T11:44:04.220+09:00  INFO [] 1 --- [DOCKin-spring] [           main] .s.d.r.c.RepositoryConfigurationDelegate : Finished Spring Data repository scanning in 472 ms. Found 20 JPA repository interfaces.
2026-08-13T11:44:06.024+09:00  INFO [] 1 --- [DOCKin-spring] [           main] o.s.boot.tomcat.TomcatWebServer          : Tomcat initialized with port 8080 (http)
2026-08-13T11:44:06.036+09:00  INFO [] 1 --- [DOCKin-spring] [           main] o.apache.catalina.core.StandardService   : Starting service [Tomcat]
2026-08-13T11:44:06.037+09:00  INFO [] 1 --- [DOCKin-spring] [           main] o.apache.catalina.core.StandardEngine    : Starting Servlet engine: [Apache Tomcat/11.0.15]
2026-08-13T11:44:06.153+09:00  INFO [] 1 --- [DOCKin-spring] [           main] b.w.c.s.WebApplicationContextInitializer : Root WebApplicationContext: initialization completed in 4518 ms
2026-08-13T11:44:07.439+09:00  INFO [] 1 --- [DOCKin-spring] [           main] com.zaxxer.hikari.HikariDataSource       : HikariPool-1 - Starting...
2026-08-13T11:44:37.504+09:00  WARN [] 1 --- [DOCKin-spring] [           main] ConfigServletWebServerApplicationContext : Exception encountered during context initialization - cancelling refresh attempt: org.springframework.beans.factory.BeanCreationException: Error creating bean with name 'entityManagerFactory' defined in class path resource [org/springframework/boot/hibernate/autoconfigure/HibernateJpaConfiguration.class]: Failed to initialize dependency 'flywayInitializer' of LoadTimeWeaverAware bean 'entityManagerFactory': Error creating bean with name 'flywayInitializer' defined in class path resource [org/springframework/boot/flyway/autoconfigure/FlywayAutoConfiguration$FlywayConfiguration.class]: Unable to obtain connection from database: The connection attempt failed.
-------------------------------------------------------------------------
SQL State  : 08001
Error Code : 0
Message    : The connection attempt failed.

2026-08-13T11:44:37.506+09:00  INFO [] 1 --- [DOCKin-spring] [           main] o.apache.catalina.core.StandardService   : Stopping service [Tomcat]
2026-08-13T11:44:37.517+09:00  INFO [] 1 --- [DOCKin-spring] [           main] .s.b.a.l.ConditionEvaluationReportLogger : 

Error starting ApplicationContext. To display the condition evaluation report re-run your application with 'debug' enabled.
2026-08-13T11:44:37.527+09:00 ERROR [] 1 --- [DOCKin-spring] [           main] o.s.boot.SpringApplication               : Application run failed

org.springframework.beans.factory.BeanCreationException: Error creating bean with name 'entityManagerFactory' defined in class path resource [org/springframework/boot/hibernate/autoconfigure/HibernateJpaConfiguration.class]: Failed to initialize dependency 'flywayInitializer' of LoadTimeWeaverAware bean 'entityManagerFactory': Error creating bean with name 'flywayInitializer' defined in class path resource [org/springframework/boot/flyway/autoconfigure/FlywayAutoConfiguration$FlywayConfiguration.class]: Unable to obtain connection from database: The connection attempt failed.
-------------------------------------------------------------------------
SQL State  : 08001
Error Code : 0
Message    : The connection attempt failed.

	at org.springframework.beans.factory.support.AbstractBeanFactory.doGetBean(AbstractBeanFactory.java:322) ~[spring-beans-7.0.2.jar!/:7.0.2]
	at org.springframework.beans.factory.support.AbstractBeanFactory.getBean(AbstractBeanFactory.java:201) ~[spring-beans-7.0.2.jar!/:7.0.2]
	at org.springframework.context.support.AbstractApplicationContext.finishBeanFactoryInitialization(AbstractApplicationContext.java:976) ~[spring-context-7.0.2.jar!/:7.0.2]
	at org.springframework.context.support.AbstractApplicationContext.refresh(AbstractApplicationContext.java:620) ~[spring-context-7.0.2.jar!/:7.0.2]
	at org.springframework.boot.web.server.servlet.context.ServletWebServerApplicationContext.refresh(ServletWebServerApplicationContext.java:143) ~[spring-boot-web-server-4.0.1.jar!/:4.0.1]
	at org.springframework.boot.SpringApplication.refresh(SpringApplication.java:756) ~[spring-boot-4.0.1.jar!/:4.0.1]
	at org.springframework.boot.SpringApplication.refreshContext(SpringApplication.java:445) ~[spring-boot-4.0.1.jar!/:4.0.1]
	at org.springframework.boot.SpringApplication.run(SpringApplication.java:321) ~[spring-boot-4.0.1.jar!/:4.0.1]
	at org.springframework.boot.SpringApplication.run(SpringApplication.java:1365) ~[spring-boot-4.0.1.jar!/:4.0.1]
	at org.springframework.boot.SpringApplication.run(SpringApplication.java:1354) ~[spring-boot-4.0.1.jar!/:4.0.1]
	at com.DOCKin.DocKinSpringApplication.main(DocKinSpringApplication.java:23) ~[!/:0.0.1-SNAPSHOT]
	at java.base/jdk.internal.reflect.DirectMethodHandleAccessor.invoke(DirectMethodHandleAccessor.java:103) ~[na:na]
	at java.base/java.lang.reflect.Method.invoke(Method.java:580) ~[na:na]
	at org.springframework.boot.loader.launch.Launcher.launch(Launcher.java:106) ~[app.jar:0.0.1-SNAPSHOT]
	at org.springframework.boot.loader.launch.Launcher.launch(Launcher.java:64) ~[app.jar:0.0.1-SNAPSHOT]
	at org.springframework.boot.loader.launch.JarLauncher.main(JarLauncher.java:40) ~[app.jar:0.0.1-SNAPSHOT]
Caused by: org.springframework.beans.factory.BeanCreationException: Error creating bean with name 'flywayInitializer' defined in class path resource [org/springframework/boot/flyway/autoconfigure/FlywayAutoConfiguration$FlywayConfiguration.class]: Unable to obtain connection from database: The connection attempt failed.
-------------------------------------------------------------------------
SQL State  : 08001
Error Code : 0
Message    : The connection attempt failed.

	at org.springframework.beans.factory.support.AbstractAutowireCapableBeanFactory.initializeBean(AbstractAutowireCapableBeanFactory.java:1817) ~[spring-beans-7.0.2.jar!/:7.0.2]
	at org.springframework.beans.factory.support.AbstractAutowireCapableBeanFactory.doCreateBean(AbstractAutowireCapableBeanFactory.java:603) ~[spring-beans-7.0.2.jar!/:7.0.2]
	at org.springframework.beans.factory.support.AbstractAutowireCapableBeanFactory.createBean(AbstractAutowireCapableBeanFactory.java:525) ~[spring-beans-7.0.2.jar!/:7.0.2]
	at org.springframework.beans.factory.support.AbstractBeanFactory.lambda$doGetBean$0(AbstractBeanFactory.java:333) ~[spring-beans-7.0.2.jar!/:7.0.2]
	at org.springframework.beans.factory.support.DefaultSingletonBeanRegistry.getSingleton(DefaultSingletonBeanRegistry.java:371) ~[spring-beans-7.0.2.jar!/:7.0.2]
	at org.springframework.beans.factory.support.AbstractBeanFactory.doGetBean(AbstractBeanFactory.java:331) ~[spring-beans-7.0.2.jar!/:7.0.2]
	at org.springframework.beans.factory.support.AbstractBeanFactory.getBean(AbstractBeanFactory.java:196) ~[spring-beans-7.0.2.jar!/:7.0.2]
	at org.springframework.beans.factory.support.AbstractBeanFactory.doGetBean(AbstractBeanFactory.java:309) ~[spring-beans-7.0.2.jar!/:7.0.2]
	... 15 common frames omitted
Caused by: org.flywaydb.core.internal.exception.sqlExceptions.FlywaySqlUnableToConnectToDbException: Unable to obtain connection from database: The connection attempt failed.
-------------------------------------------------------------------------
SQL State  : 08001
Error Code : 0
Message    : The connection attempt failed.

	at org.flywaydb.core.internal.jdbc.JdbcUtils.openConnection(JdbcUtils.java:70) ~[flyway-core-11.14.1.jar!/:na]
	at org.flywaydb.core.internal.jdbc.JdbcConnectionFactory.<init>(JdbcConnectionFactory.java:76) ~[flyway-core-11.14.1.jar!/:na]
	at org.flywaydb.core.FlywayExecutor.execute(FlywayExecutor.java:142) ~[flyway-core-11.14.1.jar!/:na]
	at org.flywaydb.core.Flyway.migrate(Flyway.java:186) ~[flyway-core-11.14.1.jar!/:na]
	at org.springframework.boot.flyway.autoconfigure.FlywayMigrationInitializer.afterPropertiesSet(FlywayMigrationInitializer.java:67) ~[spring-boot-flyway-4.0.1.jar!/:4.0.1]
	at org.springframework.beans.factory.support.AbstractAutowireCapableBeanFactory.invokeInitMethods(AbstractAutowireCapableBeanFactory.java:1864) ~[spring-beans-7.0.2.jar!/:7.0.2]
	at org.springframework.beans.factory.support.AbstractAutowireCapableBeanFactory.initializeBean(AbstractAutowireCapableBeanFactory.java:1813) ~[spring-beans-7.0.2.jar!/:7.0.2]
	... 22 common frames omitted
Caused by: org.postgresql.util.PSQLException: The connection attempt failed.
	at org.postgresql.core.v3.ConnectionFactoryImpl.openConnectionImpl(ConnectionFactoryImpl.java:385) ~[postgresql-42.7.8.jar!/:42.7.8]
	at org.postgresql.core.ConnectionFactory.openConnection(ConnectionFactory.java:57) ~[postgresql-42.7.8.jar!/:42.7.8]
	at org.postgresql.jdbc.PgConnection.<init>(PgConnection.java:279) ~[postgresql-42.7.8.jar!/:42.7.8]
	at org.postgresql.Driver.makeConnection(Driver.java:448) ~[postgresql-42.7.8.jar!/:42.7.8]
	at org.postgresql.Driver.connect(Driver.java:298) ~[postgresql-42.7.8.jar!/:42.7.8]
	at com.zaxxer.hikari.util.DriverDataSource.getConnection(DriverDataSource.java:144) ~[HikariCP-7.0.2.jar!/:na]
	at com.zaxxer.hikari.pool.PoolBase.newConnection(PoolBase.java:373) ~[HikariCP-7.0.2.jar!/:na]
	at com.zaxxer.hikari.pool.PoolBase.newPoolEntry(PoolBase.java:210) ~[HikariCP-7.0.2.jar!/:na]
	at com.zaxxer.hikari.pool.HikariPool.createPoolEntry(HikariPool.java:488) ~[HikariCP-7.0.2.jar!/:na]
	at com.zaxxer.hikari.pool.HikariPool.checkFailFast(HikariPool.java:576) ~[HikariCP-7.0.2.jar!/:na]
	at com.zaxxer.hikari.pool.HikariPool.<init>(HikariPool.java:97) ~[HikariCP-7.0.2.jar!/:na]
	at com.zaxxer.hikari.HikariDataSource.getConnection(HikariDataSource.java:111) ~[HikariCP-7.0.2.jar!/:na]
	at org.flywaydb.core.internal.jdbc.JdbcUtils.openConnection(JdbcUtils.java:65) ~[flyway-core-11.14.1.jar!/:na]
	... 28 common frames omitted
Caused by: java.net.UnknownHostException: DOCKin-DB
	at java.base/sun.nio.ch.NioSocketImpl.connect(NioSocketImpl.java:567) ~[na:na]
	at java.base/java.net.SocksSocketImpl.connect(SocksSocketImpl.java:327) ~[na:na]
	at java.base/java.net.Socket.connect(Socket.java:751) ~[na:na]
	at org.postgresql.core.PGStream.createSocket(PGStream.java:261) ~[postgresql-42.7.8.jar!/:42.7.8]
	at org.postgresql.core.PGStream.<init>(PGStream.java:122) ~[postgresql-42.7.8.jar!/:42.7.8]
	at org.postgresql.core.v3.ConnectionFactoryImpl.tryConnect(ConnectionFactoryImpl.java:146) ~[postgresql-42.7.8.jar!/:42.7.8]
	at org.postgresql.core.v3.ConnectionFactoryImpl.openConnectionImpl(ConnectionFactoryImpl.java:289) ~[postgresql-42.7.8.jar!/:42.7.8]
	... 40 common frames omitted


  .   ____          _            __ _ _
 /\\ / ___'_ __ _ _(_)_ __  __ _ \ \ \ \
( ( )\___ | '_ | '_| | '_ \/ _` | \ \ \ \
 \\/  ___)| |_)| | | | | || (_| |  ) ) ) )
  '  |____| .__|_| |_|_| |_\__, | / / / /
 =========|_|==============|___/=/_/_/_/

 :: Spring Boot ::                (v4.0.1)

2026-08-13T11:44:40.656+09:00  INFO [] 1 --- [DOCKin-spring] [           main] com.DOCKin.DocKinSpringApplication       : Starting DocKinSpringApplication v0.0.1-SNAPSHOT using Java 21.0.12 with PID 1 (/app.jar started by root in /)
2026-08-13T11:44:40.720+09:00  INFO [] 1 --- [DOCKin-spring] [           main] com.DOCKin.DocKinSpringApplication       : The following 2 profiles are active: "secret", "seed"
2026-08-13T11:44:42.949+09:00  INFO [] 1 --- [DOCKin-spring] [           main] .s.d.r.c.RepositoryConfigurationDelegate : Bootstrapping Spring Data JPA repositories in DEFAULT mode.
2026-08-13T11:44:43.431+09:00  INFO [] 1 --- [DOCKin-spring] [           main] .s.d.r.c.RepositoryConfigurationDelegate : Finished Spring Data repository scanning in 474 ms. Found 20 JPA repository interfaces.
2026-08-13T11:44:45.234+09:00  INFO [] 1 --- [DOCKin-spring] [           main] o.s.boot.tomcat.TomcatWebServer          : Tomcat initialized with port 8080 (http)
2026-08-13T11:44:45.247+09:00  INFO [] 1 --- [DOCKin-spring] [           main] o.apache.catalina.core.StandardService   : Starting service [Tomcat]
2026-08-13T11:44:45.248+09:00  INFO [] 1 --- [DOCKin-spring] [           main] o.apache.catalina.core.StandardEngine    : Starting Servlet engine: [Apache Tomcat/11.0.15]
2026-08-13T11:44:45.425+09:00  INFO [] 1 --- [DOCKin-spring] [           main] b.w.c.s.WebApplicationContextInitializer : Root WebApplicationContext: initialization completed in 4596 ms
2026-08-13T11:44:46.659+09:00  INFO [] 1 --- [DOCKin-spring] [           main] com.zaxxer.hikari.HikariDataSource       : HikariPool-1 - Starting...

  .   ____          _            __ _ _
 /\\ / ___'_ __ _ _(_)_ __  __ _ \ \ \ \
( ( )\___ | '_ | '_| | '_ \/ _` | \ \ \ \
 \\/  ___)| |_)| | | | | || (_| |  ) ) ) )
  '  |____| .__|_| |_|_| |_\__, | / / / /
 =========|_|==============|___/=/_/_/_/

 :: Spring Boot ::                (v4.0.1)

2026-08-13T11:51:02.087+09:00  INFO [] 1 --- [DOCKin-spring] [           main] com.DOCKin.DocKinSpringApplication       : Starting DocKinSpringApplication v0.0.1-SNAPSHOT using Java 21.0.12 with PID 1 (/app.jar started by root in /)
2026-08-13T11:51:02.090+09:00  INFO [] 1 --- [DOCKin-spring] [           main] com.DOCKin.DocKinSpringApplication       : The following 2 profiles are active: "secret", "seed"
2026-08-13T11:51:06.239+09:00  INFO [] 1 --- [DOCKin-spring] [           main] .s.d.r.c.RepositoryConfigurationDelegate : Bootstrapping Spring Data JPA repositories in DEFAULT mode.
2026-08-13T11:51:06.629+09:00  INFO [] 1 --- [DOCKin-spring] [           main] .s.d.r.c.RepositoryConfigurationDelegate : Finished Spring Data repository scanning in 380 ms. Found 20 JPA repository interfaces.
2026-08-13T11:51:08.535+09:00  INFO [] 1 --- [DOCKin-spring] [           main] o.s.boot.tomcat.TomcatWebServer          : Tomcat initialized with port 8080 (http)
2026-08-13T11:51:08.553+09:00  INFO [] 1 --- [DOCKin-spring] [           main] o.apache.catalina.core.StandardService   : Starting service [Tomcat]
2026-08-13T11:51:08.553+09:00  INFO [] 1 --- [DOCKin-spring] [           main] o.apache.catalina.core.StandardEngine    : Starting Servlet engine: [Apache Tomcat/11.0.15]
2026-08-13T11:51:08.740+09:00  INFO [] 1 --- [DOCKin-spring] [           main] b.w.c.s.WebApplicationContextInitializer : Root WebApplicationContext: initialization completed in 6543 ms
2026-08-13T11:51:10.113+09:00  INFO [] 1 --- [DOCKin-spring] [           main] com.zaxxer.hikari.HikariDataSource       : HikariPool-1 - Starting...
2026-08-13T11:51:40.268+09:00  WARN [] 1 --- [DOCKin-spring] [           main] ConfigServletWebServerApplicationContext : Exception encountered during context initialization - cancelling refresh attempt: org.springframework.beans.factory.BeanCreationException: Error creating bean with name 'entityManagerFactory' defined in class path resource [org/springframework/boot/hibernate/autoconfigure/HibernateJpaConfiguration.class]: Failed to initialize dependency 'flywayInitializer' of LoadTimeWeaverAware bean 'entityManagerFactory': Error creating bean with name 'flywayInitializer' defined in class path resource [org/springframework/boot/flyway/autoconfigure/FlywayAutoConfiguration$FlywayConfiguration.class]: Unable to obtain connection from database: The connection attempt failed.
-------------------------------------------------------------------------
SQL State  : 08001
Error Code : 0
Message    : The connection attempt failed.

2026-08-13T11:51:40.271+09:00  INFO [] 1 --- [DOCKin-spring] [           main] o.apache.catalina.core.StandardService   : Stopping service [Tomcat]
2026-08-13T11:51:40.285+09:00  INFO [] 1 --- [DOCKin-spring] [           main] .s.b.a.l.ConditionEvaluationReportLogger : 

Error starting ApplicationContext. To display the condition evaluation report re-run your application with 'debug' enabled.
2026-08-13T11:51:40.295+09:00 ERROR [] 1 --- [DOCKin-spring] [           main] o.s.boot.SpringApplication               : Application run failed

org.springframework.beans.factory.BeanCreationException: Error creating bean with name 'entityManagerFactory' defined in class path resource [org/springframework/boot/hibernate/autoconfigure/HibernateJpaConfiguration.class]: Failed to initialize dependency 'flywayInitializer' of LoadTimeWeaverAware bean 'entityManagerFactory': Error creating bean with name 'flywayInitializer' defined in class path resource [org/springframework/boot/flyway/autoconfigure/FlywayAutoConfiguration$FlywayConfiguration.class]: Unable to obtain connection from database: The connection attempt failed.
-------------------------------------------------------------------------
SQL State  : 08001
Error Code : 0
Message    : The connection attempt failed.

	at org.springframework.beans.factory.support.AbstractBeanFactory.doGetBean(AbstractBeanFactory.java:322) ~[spring-beans-7.0.2.jar!/:7.0.2]
	at org.springframework.beans.factory.support.AbstractBeanFactory.getBean(AbstractBeanFactory.java:201) ~[spring-beans-7.0.2.jar!/:7.0.2]
	at org.springframework.context.support.AbstractApplicationContext.finishBeanFactoryInitialization(AbstractApplicationContext.java:976) ~[spring-context-7.0.2.jar!/:7.0.2]
	at org.springframework.context.support.AbstractApplicationContext.refresh(AbstractApplicationContext.java:620) ~[spring-context-7.0.2.jar!/:7.0.2]
	at org.springframework.boot.web.server.servlet.context.ServletWebServerApplicationContext.refresh(ServletWebServerApplicationContext.java:143) ~[spring-boot-web-server-4.0.1.jar!/:4.0.1]
	at org.springframework.boot.SpringApplication.refresh(SpringApplication.java:756) ~[spring-boot-4.0.1.jar!/:4.0.1]
	at org.springframework.boot.SpringApplication.refreshContext(SpringApplication.java:445) ~[spring-boot-4.0.1.jar!/:4.0.1]
	at org.springframework.boot.SpringApplication.run(SpringApplication.java:321) ~[spring-boot-4.0.1.jar!/:4.0.1]
	at org.springframework.boot.SpringApplication.run(SpringApplication.java:1365) ~[spring-boot-4.0.1.jar!/:4.0.1]
	at org.springframework.boot.SpringApplication.run(SpringApplication.java:1354) ~[spring-boot-4.0.1.jar!/:4.0.1]
	at com.DOCKin.DocKinSpringApplication.main(DocKinSpringApplication.java:23) ~[!/:0.0.1-SNAPSHOT]
	at java.base/jdk.internal.reflect.DirectMethodHandleAccessor.invoke(DirectMethodHandleAccessor.java:103) ~[na:na]
	at java.base/java.lang.reflect.Method.invoke(Method.java:580) ~[na:na]
	at org.springframework.boot.loader.launch.Launcher.launch(Launcher.java:106) ~[app.jar:0.0.1-SNAPSHOT]
	at org.springframework.boot.loader.launch.Launcher.launch(Launcher.java:64) ~[app.jar:0.0.1-SNAPSHOT]
	at org.springframework.boot.loader.launch.JarLauncher.main(JarLauncher.java:40) ~[app.jar:0.0.1-SNAPSHOT]
Caused by: org.springframework.beans.factory.BeanCreationException: Error creating bean with name 'flywayInitializer' defined in class path resource [org/springframework/boot/flyway/autoconfigure/FlywayAutoConfiguration$FlywayConfiguration.class]: Unable to obtain connection from database: The connection attempt failed.
-------------------------------------------------------------------------
SQL State  : 08001
Error Code : 0
Message    : The connection attempt failed.

	at org.springframework.beans.factory.support.AbstractAutowireCapableBeanFactory.initializeBean(AbstractAutowireCapableBeanFactory.java:1817) ~[spring-beans-7.0.2.jar!/:7.0.2]
	at org.springframework.beans.factory.support.AbstractAutowireCapableBeanFactory.doCreateBean(AbstractAutowireCapableBeanFactory.java:603) ~[spring-beans-7.0.2.jar!/:7.0.2]
	at org.springframework.beans.factory.support.AbstractAutowireCapableBeanFactory.createBean(AbstractAutowireCapableBeanFactory.java:525) ~[spring-beans-7.0.2.jar!/:7.0.2]
	at org.springframework.beans.factory.support.AbstractBeanFactory.lambda$doGetBean$0(AbstractBeanFactory.java:333) ~[spring-beans-7.0.2.jar!/:7.0.2]
	at org.springframework.beans.factory.support.DefaultSingletonBeanRegistry.getSingleton(DefaultSingletonBeanRegistry.java:371) ~[spring-beans-7.0.2.jar!/:7.0.2]
	at org.springframework.beans.factory.support.AbstractBeanFactory.doGetBean(AbstractBeanFactory.java:331) ~[spring-beans-7.0.2.jar!/:7.0.2]
	at org.springframework.beans.factory.support.AbstractBeanFactory.getBean(AbstractBeanFactory.java:196) ~[spring-beans-7.0.2.jar!/:7.0.2]
	at org.springframework.beans.factory.support.AbstractBeanFactory.doGetBean(AbstractBeanFactory.java:309) ~[spring-beans-7.0.2.jar!/:7.0.2]
	... 15 common frames omitted
Caused by: org.flywaydb.core.internal.exception.sqlExceptions.FlywaySqlUnableToConnectToDbException: Unable to obtain connection from database: The connection attempt failed.
-------------------------------------------------------------------------
SQL State  : 08001
Error Code : 0
Message    : The connection attempt failed.

	at org.flywaydb.core.internal.jdbc.JdbcUtils.openConnection(JdbcUtils.java:70) ~[flyway-core-11.14.1.jar!/:na]
	at org.flywaydb.core.internal.jdbc.JdbcConnectionFactory.<init>(JdbcConnectionFactory.java:76) ~[flyway-core-11.14.1.jar!/:na]
	at org.flywaydb.core.FlywayExecutor.execute(FlywayExecutor.java:142) ~[flyway-core-11.14.1.jar!/:na]
	at org.flywaydb.core.Flyway.migrate(Flyway.java:186) ~[flyway-core-11.14.1.jar!/:na]
	at org.springframework.boot.flyway.autoconfigure.FlywayMigrationInitializer.afterPropertiesSet(FlywayMigrationInitializer.java:67) ~[spring-boot-flyway-4.0.1.jar!/:4.0.1]
	at org.springframework.beans.factory.support.AbstractAutowireCapableBeanFactory.invokeInitMethods(AbstractAutowireCapableBeanFactory.java:1864) ~[spring-beans-7.0.2.jar!/:7.0.2]
	at org.springframework.beans.factory.support.AbstractAutowireCapableBeanFactory.initializeBean(AbstractAutowireCapableBeanFactory.java:1813) ~[spring-beans-7.0.2.jar!/:7.0.2]
	... 22 common frames omitted
Caused by: org.postgresql.util.PSQLException: The connection attempt failed.
	at org.postgresql.core.v3.ConnectionFactoryImpl.openConnectionImpl(ConnectionFactoryImpl.java:385) ~[postgresql-42.7.8.jar!/:42.7.8]
	at org.postgresql.core.ConnectionFactory.openConnection(ConnectionFactory.java:57) ~[postgresql-42.7.8.jar!/:42.7.8]
	at org.postgresql.jdbc.PgConnection.<init>(PgConnection.java:279) ~[postgresql-42.7.8.jar!/:42.7.8]
	at org.postgresql.Driver.makeConnection(Driver.java:448) ~[postgresql-42.7.8.jar!/:42.7.8]
	at org.postgresql.Driver.connect(Driver.java:298) ~[postgresql-42.7.8.jar!/:42.7.8]
	at com.zaxxer.hikari.util.DriverDataSource.getConnection(DriverDataSource.java:144) ~[HikariCP-7.0.2.jar!/:na]
	at com.zaxxer.hikari.pool.PoolBase.newConnection(PoolBase.java:373) ~[HikariCP-7.0.2.jar!/:na]
	at com.zaxxer.hikari.pool.PoolBase.newPoolEntry(PoolBase.java:210) ~[HikariCP-7.0.2.jar!/:na]
	at com.zaxxer.hikari.pool.HikariPool.createPoolEntry(HikariPool.java:488) ~[HikariCP-7.0.2.jar!/:na]
	at com.zaxxer.hikari.pool.HikariPool.checkFailFast(HikariPool.java:576) ~[HikariCP-7.0.2.jar!/:na]
	at com.zaxxer.hikari.pool.HikariPool.<init>(HikariPool.java:97) ~[HikariCP-7.0.2.jar!/:na]
	at com.zaxxer.hikari.HikariDataSource.getConnection(HikariDataSource.java:111) ~[HikariCP-7.0.2.jar!/:na]
	at org.flywaydb.core.internal.jdbc.JdbcUtils.openConnection(JdbcUtils.java:65) ~[flyway-core-11.14.1.jar!/:na]
	... 28 common frames omitted
Caused by: java.net.UnknownHostException: DOCKin-DB
	at java.base/sun.nio.ch.NioSocketImpl.connect(NioSocketImpl.java:567) ~[na:na]
	at java.base/java.net.SocksSocketImpl.connect(SocksSocketImpl.java:327) ~[na:na]
	at java.base/java.net.Socket.connect(Socket.java:751) ~[na:na]
	at org.postgresql.core.PGStream.createSocket(PGStream.java:261) ~[postgresql-42.7.8.jar!/:42.7.8]
	at org.postgresql.core.PGStream.<init>(PGStream.java:122) ~[postgresql-42.7.8.jar!/:42.7.8]
	at org.postgresql.core.v3.ConnectionFactoryImpl.tryConnect(ConnectionFactoryImpl.java:146) ~[postgresql-42.7.8.jar!/:42.7.8]
	at org.postgresql.core.v3.ConnectionFactoryImpl.openConnectionImpl(ConnectionFactoryImpl.java:289) ~[postgresql-42.7.8.jar!/:42.7.8]
	... 40 common frames omitted


  .   ____          _            __ _ _
 /\\ / ___'_ __ _ _(_)_ __  __ _ \ \ \ \
( ( )\___ | '_ | '_| | '_ \/ _` | \ \ \ \
 \\/  ___)| |_)| | | | | || (_| |  ) ) ) )
  '  |____| .__|_| |_|_| |_\__, | / / / /
 =========|_|==============|___/=/_/_/_/

 :: Spring Boot ::                (v4.0.1)

2026-08-13T11:51:43.438+09:00  INFO [] 1 --- [DOCKin-spring] [           main] com.DOCKin.DocKinSpringApplication       : Starting DocKinSpringApplication v0.0.1-SNAPSHOT using Java 21.0.12 with PID 1 (/app.jar started by root in /)
2026-08-13T11:51:43.442+09:00  INFO [] 1 --- [DOCKin-spring] [           main] com.DOCKin.DocKinSpringApplication       : The following 2 profiles are active: "secret", "seed"
2026-08-13T11:51:45.805+09:00  INFO [] 1 --- [DOCKin-spring] [           main] .s.d.r.c.RepositoryConfigurationDelegate : Bootstrapping Spring Data JPA repositories in DEFAULT mode.
2026-08-13T11:51:46.323+09:00  INFO [] 1 --- [DOCKin-spring] [           main] .s.d.r.c.RepositoryConfigurationDelegate : Finished Spring Data repository scanning in 509 ms. Found 20 JPA repository interfaces.
2026-08-13T11:51:48.025+09:00  INFO [] 1 --- [DOCKin-spring] [           main] o.s.boot.tomcat.TomcatWebServer          : Tomcat initialized with port 8080 (http)
2026-08-13T11:51:48.036+09:00  INFO [] 1 --- [DOCKin-spring] [           main] o.apache.catalina.core.StandardService   : Starting service [Tomcat]
2026-08-13T11:51:48.036+09:00  INFO [] 1 --- [DOCKin-spring] [           main] o.apache.catalina.core.StandardEngine    : Starting Servlet engine: [Apache Tomcat/11.0.15]
2026-08-13T11:51:48.210+09:00  INFO [] 1 --- [DOCKin-spring] [           main] b.w.c.s.WebApplicationContextInitializer : Root WebApplicationContext: initialization completed in 4603 ms
2026-08-13T11:51:49.341+09:00  INFO [] 1 --- [DOCKin-spring] [           main] com.zaxxer.hikari.HikariDataSource       : HikariPool-1 - Starting...
